,time,healthy_cells,infected_cells,mean_c_substrate,mean_c_phage,mean_c_quorum
0,0.0,0,0,0.0,0.0,0.0
1,0.0002777777777777778,300,0,1.9996820052721232e-06,9.999444444444443e-07,1.0000000000000023e-13
2,0.0005555555555555556,301,0,1.9993747945073606e-06,9.998888919753085e-07,1.0000000000000046e-13
3,0.0008333333333333333,301,0,1.9990650077532417e-06,9.998333425924205e-07,1.0000000000000055e-13
4,0.0011111111111111111,301,0,1.9987670346341324e-06,9.9977779629561e-07,1.0000000000000068e-13
5,0.001388888888888889,301,0,1.9984464113767036e-06,9.99722253084705e-07,1.0000000000000084e-13
6,0.0016666666666666668,301,0,1.9981356868043764e-06,9.996667129595332e-07,1.00000000000001e-13
7,0.0019444444444444446,301,0,1.9978154230913304e-06,9.99611175919924e-07,1.0000000000000114e-13
8,0.0022222222222222222,302,0,1.9974941776142254e-06,9.995556419657066e-07,1.0000000000000127e-13
9,0.0025,303,0,1.9971874240048105e-06,9.995001110967087e-07,1.0000000000000139e-13
10,0.002777777777777778,304,0,1.99687748178026e-06,9.99444583312759e-07,1.0000000000000153e-13
11,0.0030555555555555557,306,0,1.9965580398434636e-06,9.99389058613686e-07,1.0000000000000168e-13
12,0.0033333333333333335,306,0,1.9962356470779345e-06,9.993335369993185e-07,1.0000000000000187e-13
13,0.0036111111111111114,307,0,1.995925707712509e-06,9.99278018469485e-07,1.0000000000000204e-13
14,0.003888888888888889,307,0,1.9956256182771513e-06,9.992225030240148e-07,1.0000000000000217e-13
15,0.004166666666666667,307,0,1.995319225696086e-06,9.99166990662736e-07,1.000000000000023e-13
16,0.0044444444444444444,307,0,1.9950117764475992e-06,9.991114813854766e-07,1.000000000000024e-13
17,0.004722222222222222,307,0,1.9946973359116233e-06,9.990559751920664e-07,1.0000000000000255e-13
18,0.005,307,0,1.9943860938438834e-06,9.99000472082333e-07,1.0000000000000268e-13
19,0.005277777777777778,307,0,1.9940709789595702e-06,9.989449720561066e-07,1.0000000000000279e-13
20,0.005555555555555556,307,0,1.9937551916373983e-06,9.988894751132143e-07,1.0000000000000294e-13
21,0.005833333333333334,307,0,1.993437817302429e-06,9.988339812534865e-07,1.0000000000000307e-13
22,0.006111111111111111,307,0,1.993124756417453e-06,9.987784904767501e-07,1.0000000000000323e-13
23,0.006388888888888889,307,0,1.9928066420461865e-06,9.987230027828347e-07,1.0000000000000342e-13
24,0.006666666666666667,307,0,1.992475765288218e-06,9.986675181715695e-07,1.0000000000000354e-13
25,0.006944444444444445,307,0,1.992162110462467e-06,9.986120366427816e-07,1.0000000000000366e-13
26,0.007222222222222223,307,0,1.991841822744263e-06,9.985565581963018e-07,1.0000000000000379e-13
27,0.007500000000000001,307,0,1.9915173389610062e-06,9.98501082831958e-07,1.0000000000000394e-13
28,0.007777777777777778,308,0,1.9912055097499813e-06,9.984456105495784e-07,1.0000000000000405e-13
29,0.008055555555555555,308,0,1.990891914369016e-06,9.983901413489921e-07,1.000000000000042e-13
30,0.008333333333333333,308,0,1.9905790347349387e-06,9.983346752300287e-07,1.0000000000000433e-13
31,0.008611111111111111,308,0,1.990268624949238e-06,9.982792121925156e-07,1.0000000000000446e-13
32,0.008888888888888889,308,0,1.9899561712475716e-06,9.982237522362826e-07,1.0000000000000457e-13
33,0.009166666666666667,309,0,1.9896590448430153e-06,9.981682953611587e-07,1.0000000000000472e-13
34,0.009444444444444445,311,0,1.989346001220853e-06,9.981128415669718e-07,1.0000000000000485e-13
35,0.009722222222222222,311,0,1.9890380396811042e-06,9.980573908535511e-07,1.0000000000000499e-13
36,0.01,311,0,1.9887339211188707e-06,9.980019432207266e-07,1.0000000000000514e-13
37,0.010277777777777778,311,0,1.9884315425639577e-06,9.979464986683252e-07,1.0000000000000528e-13
38,0.010555555555555556,312,0,1.9881209420379255e-06,9.97891057196177e-07,1.000000000000054e-13
39,0.010833333333333334,312,0,1.9878010526847087e-06,9.978356188041106e-07,1.000000000000055e-13
40,0.011111111111111112,312,0,1.98748436403091e-06,9.977801834919544e-07,1.0000000000000566e-13
41,0.01138888888888889,312,0,1.9871656453215045e-06,9.977247512595382e-07,1.000000000000058e-13
42,0.011666666666666667,314,0,1.9868507810695745e-06,9.976693221066902e-07,1.0000000000000594e-13
43,0.011944444444444445,314,0,1.9865330924432135e-06,9.976138960332401e-07,1.0000000000000606e-13
44,0.012222222222222223,314,0,1.98621904102552e-06,9.97558473039016e-07,1.0000000000000619e-13
45,0.0125,314,0,1.9858959873909924e-06,9.975030531238478e-07,1.0000000000000634e-13
46,0.012777777777777779,314,0,1.9855787132637566e-06,9.974476362875626e-07,1.0000000000000645e-13
47,0.013055555555555556,314,0,1.9852539537537217e-06,9.973922225299918e-07,1.0000000000000658e-13
48,0.013333333333333334,314,0,1.984930733990903e-06,9.97336811850962e-07,1.0000000000000673e-13
49,0.013611111111111112,314,0,1.984611543826351e-06,9.972814042503038e-07,1.0000000000000686e-13
50,0.01388888888888889,314,0,1.9842993208438924e-06,9.972259997278456e-07,1.0000000000000697e-13
51,0.014166666666666668,314,0,1.983987459890906e-06,9.971705982834166e-07,1.000000000000071e-13
52,0.014444444444444446,314,0,1.983681026892148e-06,9.971151999168453e-07,1.0000000000000725e-13
53,0.014722222222222223,314,0,1.983377238603104e-06,9.97059804627961e-07,1.0000000000000737e-13
54,0.015000000000000001,314,0,1.9830699992393273e-06,9.97004412416593e-07,1.0000000000000751e-13
55,0.015277777777777779,314,0,1.9827492261200853e-06,9.9694902328257e-07,1.0000000000000765e-13
56,0.015555555555555557,314,0,1.9824379804040034e-06,9.968936372257206e-07,1.000000000000078e-13
57,0.015833333333333335,314,0,1.9821187798202316e-06,9.96838254245875e-07,1.0000000000000793e-13
58,0.01611111111111111,314,0,1.9817923967518266e-06,9.967828743428623e-07,1.0000000000000806e-13
59,0.016388888888888887,314,0,1.981477210193456e-06,9.9672749751651e-07,1.0000000000000817e-13
60,0.016666666666666663,314,0,1.9811594247103912e-06,9.966721237666482e-07,1.000000000000083e-13
61,0.01694444444444444,314,0,1.9808384170271348e-06,9.966167530931059e-07,1.0000000000000842e-13
62,0.017222222222222215,314,0,1.9805193513447216e-06,9.96561385495712e-07,1.0000000000000857e-13
63,0.01749999999999999,315,0,1.980206578981005e-06,9.965060209742953e-07,1.0000000000000869e-13
64,0.017777777777777767,315,0,1.9798997421092393e-06,9.964506595286855e-07,1.0000000000000884e-13
65,0.018055555555555543,315,0,1.9795860676087825e-06,9.963953011587116e-07,1.00000000000009e-13
66,0.01833333333333332,315,0,1.979273663019997e-06,9.963399458642036e-07,1.0000000000000914e-13
67,0.018611111111111096,316,0,1.9789451573670876e-06,9.962845936449885e-07,1.0000000000000929e-13
68,0.018888888888888872,316,0,1.9786341419557294e-06,9.962292445008973e-07,1.0000000000000943e-13
69,0.019166666666666648,317,0,1.978307391945984e-06,9.961738984317588e-07,1.0000000000000958e-13
70,0.019444444444444424,317,0,1.9779837847663844e-06,9.961185554374016e-07,1.0000000000000971e-13
71,0.0197222222222222,317,0,1.9776653531312928e-06,9.960632155176548e-07,1.0000000000000982e-13
72,0.019999999999999976,317,0,1.9773485638312156e-06,9.960078786723492e-07,1.0000000000001e-13
73,0.020277777777777752,317,0,1.9770179222308972e-06,9.959525449013113e-07,1.000000000000101e-13
74,0.02055555555555553,317,0,1.97669815610748e-06,9.95897214204372e-07,1.0000000000001024e-13
75,0.020833333333333304,317,0,1.976381804803071e-06,9.95841886581361e-07,1.0000000000001039e-13
76,0.02111111111111108,317,0,1.9760755594876652e-06,9.957865620321064e-07,1.0000000000001052e-13
77,0.021388888888888857,317,0,1.9757601561625364e-06,9.957312405564378e-07,1.0000000000001068e-13
78,0.021666666666666633,317,0,1.9754441878459865e-06,9.956759221541847e-07,1.0000000000001078e-13
79,0.02194444444444441,317,0,1.9751287135238423e-06,9.956206068251755e-07,1.0000000000001092e-13
80,0.022222222222222185,317,0,1.9748101954895088e-06,9.955652945692412e-07,1.0000000000001105e-13
81,0.02249999999999996,317,0,1.974488007260483e-06,9.955099853862095e-07,1.0000000000001117e-13
82,0.022777777777777737,317,0,1.9741581263122405e-06,9.9545467927591e-07,1.000000000000113e-13
83,0.023055555555555513,317,0,1.973838144253425e-06,9.953993762381722e-07,1.0000000000001144e-13
84,0.02333333333333329,317,0,1.9735226163515074e-06,9.953440762728257e-07,1.0000000000001159e-13
85,0.023611111111111065,317,0,1.9731978849460896e-06,9.952887793796995e-07,1.0000000000001173e-13
86,0.02388888888888884,319,0,1.972868067810943e-06,9.952334855586225e-07,1.0000000000001185e-13
87,0.024166666666666618,320,0,1.972541844123534e-06,9.951781948094256e-07,1.0000000000001201e-13
88,0.024444444444444394,320,0,1.972212066902525e-06,9.951229071319362e-07,1.0000000000001212e-13
89,0.02472222222222217,321,0,1.9718889970725737e-06,9.950676225259838e-07,1.0000000000001227e-13
90,0.024999999999999946,321,0,1.9715703861941076e-06,9.950123409913996e-07,1.0000000000001241e-13
91,0.025277777777777722,321,0,1.9712520926121193e-06,9.949570625280116e-07,1.0000000000001256e-13
92,0.025555555555555498,322,0,1.970929947482396e-06,9.949017871356487e-07,1.000000000000127e-13
93,0.025833333333333274,322,0,1.9706158906316342e-06,9.948465148141415e-07,1.0000000000001285e-13
94,0.02611111111111105,322,0,1.970289916431317e-06,9.94791245563318e-07,1.0000000000001298e-13
95,0.026388888888888826,322,0,1.9699660503115392e-06,9.94735979383009e-07,1.0000000000001309e-13
96,0.026666666666666602,322,0,1.969649752637936e-06,9.946807162730435e-07,1.0000000000001322e-13
97,0.02694444444444438,322,0,1.9693256858278166e-06,9.946254562332506e-07,1.0000000000001337e-13
98,0.027222222222222155,322,0,1.9689948392915976e-06,9.945701992634605e-07,1.0000000000001351e-13
99,0.02749999999999993,322,0,1.968674537900023e-06,9.94514945363501e-07,1.0000000000001363e-13
100,0.027777777777777707,322,0,1.9683557407695362e-06,9.94459694533203e-07,1.0000000000001376e-13
101,0.028055555555555483,322,0,1.968047961754605e-06,9.944044467723958e-07,1.0000000000001389e-13
102,0.02833333333333326,322,0,1.9677319462633187e-06,9.943492020809085e-07,1.0000000000001403e-13
103,0.028611111111111035,322,0,1.96741120384864e-06,9.942939604585706e-07,1.0000000000001415e-13
104,0.02888888888888881,323,0,1.9670899265277043e-06,9.942387219052117e-07,1.0000000000001428e-13
105,0.029166666666666587,323,0,1.9667726295654666e-06,9.941834864206617e-07,1.000000000000144e-13
106,0.029444444444444363,324,0,1.966447477551257e-06,9.941282540047486e-07,1.0000000000001452e-13
107,0.02972222222222214,324,0,1.9661183124094147e-06,9.940730246573043e-07,1.0000000000001467e-13
108,0.029999999999999916,324,0,1.965794496961162e-06,9.940177983781563e-07,1.000000000000148e-13
109,0.03027777777777769,324,0,1.9654631106129167e-06,9.939625751671357e-07,1.0000000000001496e-13
110,0.030555555555555468,324,0,1.9651433126518287e-06,9.939073550240714e-07,1.0000000000001509e-13
111,0.030833333333333244,324,0,1.9648187327539415e-06,9.93852137948792e-07,1.000000000000152e-13
112,0.03111111111111102,324,0,1.9645105957792305e-06,9.937969239411282e-07,1.0000000000001533e-13
113,0.0313888888888888,324,0,1.96419201366037e-06,9.937417130009096e-07,1.0000000000001548e-13
114,0.03166666666666658,324,0,1.9638761774130936e-06,9.93686505127965e-07,1.000000000000156e-13
115,0.03194444444444436,324,0,1.9635604745644887e-06,9.936313003221247e-07,1.000000000000157e-13
116,0.03222222222222214,325,0,1.963238272733843e-06,9.935760985832178e-07,1.0000000000001584e-13
117,0.03249999999999992,325,0,1.962926765247972e-06,9.935208999110741e-07,1.0000000000001597e-13
118,0.0327777777777777,325,0,1.962598460877884e-06,9.934657043055235e-07,1.000000000000161e-13
119,0.03305555555555548,325,0,1.9622725152346766e-06,9.934105117663956e-07,1.0000000000001623e-13
120,0.03333333333333326,325,0,1.9619466003032203e-06,9.933553222935194e-07,1.0000000000001636e-13
121,0.033611111111111036,325,0,1.9616253652855437e-06,9.933001358867254e-07,1.0000000000001651e-13
122,0.033888888888888816,325,0,1.961318830876269e-06,9.932449525458425e-07,1.0000000000001665e-13
123,0.034166666666666595,325,0,1.9610004523221824e-06,9.931897722707014e-07,1.0000000000001675e-13
124,0.034444444444444375,325,0,1.9606851712853483e-06,9.931345950611309e-07,1.0000000000001692e-13
125,0.034722222222222154,325,0,1.9603623822916784e-06,9.930794209169616e-07,1.0000000000001703e-13
126,0.034999999999999934,325,0,1.960043102711105e-06,9.930242498380216e-07,1.000000000000172e-13
127,0.035277777777777714,325,0,1.9597205736199265e-06,9.92969081824142e-07,1.0000000000001732e-13
128,0.03555555555555549,325,0,1.9594005929889383e-06,9.929139168751514e-07,1.0000000000001748e-13
129,0.03583333333333327,326,0,1.959080970492567e-06,9.92858754990881e-07,1.0000000000001762e-13
130,0.03611111111111105,326,0,1.9587542534075158e-06,9.928035961711595e-07,1.0000000000001777e-13
131,0.03638888888888883,326,0,1.9584343475900604e-06,9.927484404158159e-07,1.0000000000001789e-13
132,0.03666666666666661,326,0,1.958116803793445e-06,9.926932877246822e-07,1.0000000000001801e-13
133,0.03694444444444439,327,0,1.9577973490211124e-06,9.92638138097586e-07,1.0000000000001814e-13
134,0.03722222222222217,327,0,1.957478870063266e-06,9.925829915343582e-07,1.0000000000001827e-13
135,0.03749999999999995,327,0,1.9571659407587588e-06,9.925278480348292e-07,1.000000000000184e-13
136,0.03777777777777773,327,0,1.9568465305871718e-06,9.92472707598827e-07,1.0000000000001856e-13
137,0.03805555555555551,327,0,1.95652669541703e-06,9.924175702261826e-07,1.000000000000187e-13
138,0.03833333333333329,327,0,1.956210153475614e-06,9.923624359167258e-07,1.0000000000001885e-13
139,0.03861111111111107,327,0,1.9558787214026434e-06,9.923073046702856e-07,1.0000000000001899e-13
140,0.03888888888888885,327,0,1.9555659298885803e-06,9.922521764866932e-07,1.0000000000001914e-13
141,0.03916666666666663,327,0,1.9552397728912254e-06,9.921970513657772e-07,1.0000000000001928e-13
142,0.03944444444444441,327,0,1.954918997218265e-06,9.921419293073674e-07,1.0000000000001938e-13
143,0.03972222222222219,327,0,1.9546009730898244e-06,9.920868103112948e-07,1.0000000000001953e-13
144,0.039999999999999966,327,0,1.9542789937568222e-06,9.920316943773894e-07,1.0000000000001967e-13
145,0.040277777777777746,327,0,1.9539590802031258e-06,9.919765815054788e-07,1.000000000000198e-13
146,0.040555555555555525,327,0,1.953633064669192e-06,9.919214716953952e-07,1.0000000000001992e-13
147,0.040833333333333305,327,0,1.953305365034649e-06,9.918663649469677e-07,1.0000000000002007e-13
148,0.041111111111111084,327,0,1.952993925843724e-06,9.918112612600263e-07,1.0000000000002021e-13
149,0.041388888888888864,327,0,1.9526806118769646e-06,9.917561606344005e-07,1.0000000000002035e-13
150,0.041666666666666644,327,0,1.952358041905154e-06,9.917010630699212e-07,1.000000000000205e-13
151,0.04194444444444442,327,0,1.9520247611517888e-06,9.916459685664176e-07,1.0000000000002064e-13
152,0.0422222222222222,327,0,1.9517025427887774e-06,9.915908771237187e-07,1.0000000000002077e-13
153,0.04249999999999998,327,0,1.9513890967506926e-06,9.915357887416571e-07,1.0000000000002092e-13
154,0.04277777777777776,330,0,1.951062553652952e-06,9.914807034200603e-07,1.0000000000002108e-13
155,0.04305555555555554,330,0,1.9507289762903475e-06,9.914256211587592e-07,1.0000000000002121e-13
156,0.04333333333333332,330,0,1.950408105017519e-06,9.913705419575836e-07,1.0000000000002132e-13
157,0.0436111111111111,331,0,1.9500901560187898e-06,9.913154658163638e-07,1.0000000000002145e-13
158,0.04388888888888888,331,0,1.9497717830061814e-06,9.912603927349294e-07,1.0000000000002157e-13
159,0.04416666666666666,331,0,1.949454063862082e-06,9.91205322713111e-07,1.000000000000217e-13
160,0.04444444444444444,331,0,1.9491385436986195e-06,9.91150255750738e-07,1.0000000000002184e-13
161,0.04472222222222222,332,0,1.948826714056269e-06,9.910951918476409e-07,1.0000000000002199e-13
162,0.045,332,0,1.948499869366877e-06,9.910401310036498e-07,1.0000000000002213e-13
163,0.04527777777777778,332,0,1.9481731871498317e-06,9.909850732185937e-07,1.0000000000002226e-13
164,0.04555555555555556,332,0,1.9478513250087947e-06,9.90930018492304e-07,1.0000000000002241e-13
165,0.04583333333333334,332,0,1.947519821431918e-06,9.908749668246092e-07,1.0000000000002255e-13
166,0.04611111111111112,332,0,1.9471841699023355e-06,9.90819918215342e-07,1.0000000000002267e-13
167,0.046388888888888896,332,0,1.946872553764312e-06,9.907648726643296e-07,1.000000000000228e-13
168,0.046666666666666676,332,0,1.946563866578865e-06,9.907098301714034e-07,1.0000000000002292e-13
169,0.046944444444444455,332,0,1.94623611024142e-06,9.906547907363946e-07,1.0000000000002306e-13
170,0.047222222222222235,332,0,1.9459165459880034e-06,9.905997543591314e-07,1.0000000000002319e-13
171,0.047500000000000014,332,0,1.9455975408084574e-06,9.90544721039445e-07,1.0000000000002332e-13
172,0.047777777777777794,332,0,1.9452806726209057e-06,9.904896907771648e-07,1.0000000000002342e-13
173,0.048055555555555574,332,0,1.9449532541256896e-06,9.90434663572122e-07,1.0000000000002356e-13
174,0.04833333333333335,332,0,1.9446385914053043e-06,9.903796394241456e-07,1.0000000000002371e-13
175,0.04861111111111113,332,0,1.944314278875022e-06,9.903246183330663e-07,1.0000000000002381e-13
176,0.04888888888888891,332,0,1.943986646993121e-06,9.902696002987146e-07,1.0000000000002396e-13
177,0.04916666666666669,332,0,1.9436695072719765e-06,9.902145853209202e-07,1.0000000000002407e-13
178,0.04944444444444447,333,0,1.9433439669921197e-06,9.901595733995137e-07,1.000000000000242e-13
179,0.04972222222222225,333,0,1.943022713803523e-06,9.901045645343244e-07,1.0000000000002433e-13
180,0.05000000000000003,333,0,1.9427058211062424e-06,9.900495587251837e-07,1.0000000000002446e-13
181,0.05027777777777781,333,0,1.94237960452311e-06,9.899945559719213e-07,1.0000000000002458e-13
182,0.05055555555555559,333,0,1.9420554541726566e-06,9.899395562743675e-07,1.0000000000002474e-13
183,0.05083333333333337,333,0,1.941726374482042e-06,9.898845596323525e-07,1.0000000000002487e-13
184,0.05111111111111115,333,0,1.9413885364225797e-06,9.89829566045706e-07,1.0000000000002498e-13
185,0.05138888888888893,333,0,1.941078476622272e-06,9.89774575514259e-07,1.0000000000002511e-13
186,0.05166666666666671,334,0,1.940749339751858e-06,9.897195880378418e-07,1.0000000000002526e-13
187,0.05194444444444449,334,0,1.9404253623319738e-06,9.896646036162843e-07,1.0000000000002539e-13
188,0.05222222222222227,334,0,1.9401043988154817e-06,9.896096222494167e-07,1.0000000000002552e-13
189,0.05250000000000005,334,0,1.9397708901420874e-06,9.895546439370697e-07,1.0000000000002568e-13
190,0.052777777777777826,334,0,1.9394417988415486e-06,9.894996686790732e-07,1.0000000000002579e-13
191,0.053055555555555606,334,0,1.9391079940173296e-06,9.89444696475258e-07,1.0000000000002592e-13
192,0.053333333333333385,334,0,1.9387827096617524e-06,9.893897273254533e-07,1.0000000000002604e-13
193,0.053611111111111165,334,0,1.938466077998808e-06,9.89334761229491e-07,1.0000000000002617e-13
194,0.053888888888888944,334,0,1.938133924739027e-06,9.892797981872e-07,1.000000000000263e-13
195,0.054166666666666724,334,0,1.9378116981673866e-06,9.892248381984123e-07,1.0000000000002641e-13
196,0.054444444444444504,334,0,1.9374926995032913e-06,9.891698812629573e-07,1.0000000000002656e-13
197,0.05472222222222228,334,0,1.9371655273227097e-06,9.89114927380665e-07,1.0000000000002666e-13
198,0.05500000000000006,334,0,1.9368373929148802e-06,9.89059976551366e-07,1.0000000000002679e-13
199,0.05527777777777784,334,0,1.9365131660106698e-06,9.89005028774891e-07,1.0000000000002693e-13
200,0.05555555555555562,334,0,1.9361808104884448e-06,9.889500840510705e-07,1.0000000000002708e-13
201,0.0558333333333334,334,0,1.9358559688308088e-06,9.888951423797345e-07,1.0000000000002722e-13
202,0.05611111111111118,334,0,1.9355267228772077e-06,9.888402037607133e-07,1.0000000000002734e-13
203,0.05638888888888896,334,0,1.935206544737008e-06,9.88785268193838e-07,1.000000000000275e-13
204,0.05666666666666674,334,0,1.9348904952603163e-06,9.88730335678938e-07,1.0000000000002763e-13
205,0.05694444444444452,334,0,1.9345631425964514e-06,9.88675406215845e-07,1.0000000000002778e-13
206,0.0572222222222223,334,0,1.9342453113746683e-06,9.886204798043887e-07,1.000000000000279e-13
207,0.05750000000000008,334,0,1.9339223027829096e-06,9.885655564443996e-07,1.0000000000002802e-13
208,0.05777777777777786,334,0,1.9335991725976368e-06,9.885106361357078e-07,1.0000000000002812e-13
209,0.05805555555555564,334,0,1.9332665023722642e-06,9.884557188781453e-07,1.0000000000002828e-13
210,0.05833333333333342,334,0,1.9329462038255604e-06,9.884008046715405e-07,1.000000000000284e-13
211,0.0586111111111112,334,0,1.9326173138761628e-06,9.883458935157252e-07,1.0000000000002854e-13
212,0.05888888888888898,335,0,1.932296838372186e-06,9.882909854105303e-07,1.0000000000002864e-13
213,0.059166666666666756,335,0,1.93197534768087e-06,9.88236080355785e-07,1.0000000000002879e-13
214,0.059444444444444536,335,0,1.9316482235519144e-06,9.881811783513203e-07,1.0000000000002892e-13
215,0.059722222222222315,336,0,1.9313251635432327e-06,9.88126279396968e-07,1.0000000000002906e-13
216,0.060000000000000095,336,0,1.9310020829231346e-06,9.880713834925568e-07,1.0000000000002922e-13
217,0.060277777777777874,336,0,1.9306711527273446e-06,9.880164906379191e-07,1.0000000000002935e-13
218,0.060555555555555654,336,0,1.9303426965756134e-06,9.879616008328834e-07,1.0000000000002947e-13
219,0.060833333333333434,337,0,1.9300149159752654e-06,9.879067140772815e-07,1.000000000000296e-13
220,0.06111111111111121,337,0,1.929688449043645e-06,9.87851830370944e-07,1.0000000000002974e-13
221,0.06138888888888899,337,0,1.9293577110893625e-06,9.877969497137014e-07,1.0000000000002987e-13
222,0.06166666666666677,337,0,1.9290348335603416e-06,9.87742072105384e-07,1.0000000000002999e-13
223,0.06194444444444455,338,0,1.92870186911112e-06,9.876871975458224e-07,1.0000000000003013e-13
224,0.06222222222222233,338,0,1.9283669560790727e-06,9.87632326034848e-07,1.0000000000003028e-13
225,0.06250000000000011,338,0,1.928026393802111e-06,9.875774575722901e-07,1.0000000000003042e-13
226,0.06277777777777789,338,0,1.9276997463451777e-06,9.87522592157981e-07,1.0000000000003059e-13
227,0.06305555555555567,338,0,1.9273704446894186e-06,9.874677297917497e-07,1.0000000000003071e-13
228,0.06333333333333345,339,0,1.9270386771472045e-06,9.874128704734283e-07,1.0000000000003086e-13
229,0.06361111111111123,339,0,1.9267116730836017e-06,9.873580142028466e-07,1.00000000000031e-13
230,0.06388888888888901,340,0,1.9263789549178555e-06,9.873031609798345e-07,1.0000000000003113e-13
231,0.06416666666666679,340,0,1.92604511012323e-06,9.872483108042247e-07,1.0000000000003128e-13
232,0.06444444444444457,341,0,1.925708742441735e-06,9.871934636758465e-07,1.0000000000003142e-13
233,0.06472222222222235,341,0,1.9253747866228937e-06,9.871386195945314e-07,1.0000000000003154e-13
234,0.06500000000000013,341,0,1.925044158460072e-06,9.870837785601095e-07,1.0000000000003168e-13
235,0.0652777777777779,341,0,1.9247200473361827e-06,9.870289405724113e-07,1.0000000000003184e-13
236,0.06555555555555569,341,0,1.9243941699399225e-06,9.869741056312683e-07,1.0000000000003197e-13
237,0.06583333333333347,341,0,1.9240688926831526e-06,9.869192737365114e-07,1.000000000000321e-13
238,0.06611111111111125,341,0,1.923735215265663e-06,9.86864444887971e-07,1.0000000000003225e-13
239,0.06638888888888902,341,0,1.923415330273708e-06,9.86809619085477e-07,1.0000000000003237e-13
240,0.0666666666666668,341,0,1.9230893568935505e-06,9.867547963288613e-07,1.0000000000003249e-13
241,0.06694444444444458,341,0,1.922756013581789e-06,9.866999766179539e-07,1.0000000000003264e-13
242,0.06722222222222236,343,0,1.922423199815218e-06,9.866451599525864e-07,1.0000000000003276e-13
243,0.06750000000000014,343,0,1.9220954913999114e-06,9.865903463325895e-07,1.0000000000003288e-13
244,0.06777777777777792,343,0,1.9217681112507412e-06,9.865355357577926e-07,1.0000000000003303e-13
245,0.0680555555555557,343,0,1.921436565064756e-06,9.864807282280287e-07,1.0000000000003317e-13
246,0.06833333333333348,343,0,1.92111345599932e-06,9.86425923743127e-07,1.000000000000333e-13
247,0.06861111111111126,343,0,1.9207834473840342e-06,9.863711223029196e-07,1.0000000000003343e-13
248,0.06888888888888904,343,0,1.9204517379481977e-06,9.863163239072356e-07,1.0000000000003359e-13
249,0.06916666666666682,343,0,1.9201204748256767e-06,9.862615285559075e-07,1.0000000000003369e-13
250,0.0694444444444446,343,0,1.9197970974364513e-06,9.862067362487656e-07,1.0000000000003382e-13
251,0.06972222222222238,344,0,1.9194757723373167e-06,9.861519469856407e-07,1.0000000000003394e-13
252,0.07000000000000016,344,0,1.91915092454837e-06,9.860971607663641e-07,1.0000000000003407e-13
253,0.07027777777777794,344,0,1.9188277901233902e-06,9.86042377590766e-07,1.0000000000003423e-13
254,0.07055555555555572,344,0,1.918496539153811e-06,9.859875974586772e-07,1.0000000000003436e-13
255,0.0708333333333335,345,0,1.9181675509026783e-06,9.8593282036993e-07,1.000000000000345e-13
256,0.07111111111111128,345,0,1.9178338223396667e-06,9.858780463243538e-07,1.000000000000346e-13
257,0.07138888888888906,345,0,1.91750655577723e-06,9.858232753217804e-07,1.0000000000003475e-13
258,0.07166666666666684,345,0,1.917186098291663e-06,9.8576850736204e-07,1.0000000000003488e-13
259,0.07194444444444462,345,0,1.9168562918752453e-06,9.857137424449644e-07,1.0000000000003502e-13
260,0.0722222222222224,345,0,1.9165219014626667e-06,9.856589805703844e-07,1.0000000000003514e-13
261,0.07250000000000018,345,0,1.9161928014802812e-06,9.8560422173813e-07,1.0000000000003527e-13
262,0.07277777777777795,345,0,1.9158722225503003e-06,9.855494659480335e-07,1.000000000000354e-13
263,0.07305555555555573,346,0,1.915538386075384e-06,9.85494713199925e-07,1.0000000000003551e-13
264,0.07333333333333351,347,0,1.9151941648268307e-06,9.85439963493637e-07,1.0000000000003566e-13
265,0.0736111111111113,348,0,1.9148670512730547e-06,9.85385216828998e-07,1.0000000000003579e-13
266,0.07388888888888907,348,0,1.914533737148581e-06,9.853304732058413e-07,1.0000000000003592e-13
267,0.07416666666666685,348,0,1.914207019412362e-06,9.852757326239958e-07,1.0000000000003605e-13
268,0.07444444444444463,348,0,1.91387404298552e-06,9.85220995083295e-07,1.0000000000003618e-13
269,0.07472222222222241,348,0,1.9135357969620344e-06,9.85166260583568e-07,1.0000000000003632e-13
270,0.07500000000000019,348,0,1.9132116954642773e-06,9.851115291246467e-07,1.0000000000003642e-13
271,0.07527777777777797,349,0,1.9128872316757297e-06,9.850568007063618e-07,1.0000000000003654e-13
272,0.07555555555555575,349,0,1.9125603730779836e-06,9.850020753285445e-07,1.0000000000003667e-13
273,0.07583333333333353,350,0,1.9122269476527847e-06,9.849473529910263e-07,1.000000000000368e-13
274,0.07611111111111131,350,0,1.9118901401742072e-06,9.848926336936382e-07,1.0000000000003692e-13
275,0.07638888888888909,351,0,1.9115580127887e-06,9.848379174362106e-07,1.0000000000003705e-13
276,0.07666666666666687,351,0,1.911222818977084e-06,9.84783204218576e-07,1.0000000000003719e-13
277,0.07694444444444465,351,0,1.9108901629529242e-06,9.847284940405634e-07,1.0000000000003731e-13
278,0.07722222222222243,351,0,1.9105459788137173e-06,9.846737869020059e-07,1.0000000000003741e-13
279,0.07750000000000021,351,0,1.9102142254060305e-06,9.846190828027334e-07,1.0000000000003758e-13
280,0.07777777777777799,351,0,1.909877606477523e-06,9.845643817425778e-07,1.000000000000377e-13
281,0.07805555555555577,351,0,1.9095409946941036e-06,9.845096837213698e-07,1.0000000000003783e-13
282,0.07833333333333355,351,0,1.909215056830433e-06,9.844549887389412e-07,1.0000000000003797e-13
283,0.07861111111111133,351,0,1.9088733389291775e-06,9.844002967951222e-07,1.000000000000381e-13
284,0.0788888888888891,352,0,1.908527296408356e-06,9.843456078897452e-07,1.0000000000003825e-13
285,0.07916666666666689,352,0,1.9081848910808223e-06,9.842909220226403e-07,1.0000000000003836e-13
286,0.07944444444444466,353,0,1.9078509290675667e-06,9.842362391936386e-07,1.0000000000003851e-13
287,0.07972222222222244,353,0,1.9075120882718376e-06,9.841815594025723e-07,1.0000000000003864e-13
288,0.08000000000000022,353,0,1.9071798696988867e-06,9.841268826492723e-07,1.0000000000003878e-13
289,0.080277777777778,353,0,1.906851017512553e-06,9.840722089335697e-07,1.000000000000389e-13
290,0.08055555555555578,354,0,1.9065249239424823e-06,9.840175382552954e-07,1.0000000000003903e-13
291,0.08083333333333356,355,0,1.9061911864707604e-06,9.83962870614281e-07,1.0000000000003917e-13
292,0.08111111111111134,355,0,1.90584703063851e-06,9.839082060103587e-07,1.0000000000003932e-13
293,0.08138888888888912,355,0,1.9055051050366066e-06,9.838535444433583e-07,1.0000000000003945e-13
294,0.0816666666666669,356,0,1.9051661606584295e-06,9.837988859131116e-07,1.0000000000003957e-13
295,0.08194444444444468,356,0,1.9048291991429441e-06,9.837442304194492e-07,1.0000000000003969e-13
296,0.08222222222222246,356,0,1.904487117402165e-06,9.836895779622038e-07,1.0000000000003984e-13
297,0.08250000000000024,356,0,1.9041435581352976e-06,9.836349285412065e-07,1.0000000000003996e-13
298,0.08277777777777802,356,0,1.9038021381693367e-06,9.835802821562874e-07,1.000000000000401e-13
299,0.0830555555555558,356,0,1.9034497174983835e-06,9.835256388072788e-07,1.0000000000004025e-13
300,0.08333333333333358,356,0,1.903116959629267e-06,9.834709984940117e-07,1.0000000000004039e-13
301,0.08361111111111136,356,0,1.9027747387503836e-06,0.010000427860805655,1.0000000000004056e-13
302,0.08388888888888914,356,0,1.9024406012156457e-06,0.009999872281480056,1.0000000000004068e-13
303,0.08416666666666692,356,0,1.9021123167686286e-06,0.009999316733019977,1.0000000000004081e-13
304,0.0844444444444447,356,0,1.9017709601402657e-06,0.009998761215423691,1.0000000000004097e-13
305,0.08472222222222248,356,0,1.9014344300429646e-06,0.009998205728689508,1.0000000000004107e-13
306,0.08500000000000026,356,0,1.9010895197944708e-06,0.009997650272815685,1.0000000000004123e-13
307,0.08527777777777804,356,0,1.9007523056998658e-06,0.00999709484780053,1.0000000000004136e-13
308,0.08555555555555582,357,0,1.900415276917749e-06,0.00999653945364232,1.0000000000004149e-13
309,0.0858333333333336,360,0,1.9000802866317814e-06,0.00999598409033934,1.0000000000004159e-13
310,0.08611111111111137,360,0,1.8997429831246277e-06,0.00999542875788988,1.0250000000004178e-13
311,0.08638888888888915,359,1,1.8994086055218428e-06,0.009994873456292214,1.0500000000004195e-13
312,0.08666666666666693,359,1,1.8990743848424026e-06,0.009994318185544648,1.0750000000004212e-13
313,0.08694444444444471,359,1,1.8987408083910609e-06,0.009993762945645445,1.1000000000004228e-13
314,0.08722222222222249,359,1,1.8984071858445982e-06,0.009993207736592916,1.1250000000004245e-13
315,0.08750000000000027,359,1,1.898071472453721e-06,0.009992652558385325,1.1500000000004263e-13
316,0.08777777777777805,358,2,1.897738699810639e-06,0.009992097411020969,1.2000000000004283e-13
317,0.08805555555555583,357,3,1.8974020053875845e-06,0.009991542294498128,1.25000000000043e-13
318,0.08833333333333361,358,3,1.8970774555429778e-06,0.009990987208815106,1.3000000000004322e-13
319,0.08861111111111139,358,3,1.8967433514146008e-06,0.009990432153970176,1.3750000000004344e-13
320,0.08888888888888917,358,3,1.8964100278265938e-06,0.00998987712996162,1.4500000000004366e-13
321,0.08916666666666695,358,3,1.896067346221711e-06,0.009989322136787732,1.525000000000439e-13
322,0.08944444444444473,359,3,1.8957347703773287e-06,0.0099887671744468,1.6000000000004415e-13
323,0.08972222222222251,359,3,1.895398688428167e-06,0.009988212242937113,1.6750000000004442e-13
324,0.09000000000000029,359,3,1.8950575706288272e-06,0.009987657342256947,1.750000000000447e-13
325,0.09027777777777807,359,3,1.8947182251212746e-06,0.009987102472404601,1.80000000000045e-13
326,0.09055555555555585,359,3,1.8943859262552693e-06,0.009986547633378359,1.8500000000004526e-13
327,0.09083333333333363,359,3,1.8940637683502476e-06,0.009985992825176504,1.9250000000004555e-13
328,0.0911111111111114,360,3,1.8937229849524832e-06,0.009985438047797326,2.0000000000004587e-13
329,0.09138888888888919,360,3,1.8933887218609277e-06,0.009984883301239113,2.050000000000462e-13
330,0.09166666666666697,360,3,1.8930601984288483e-06,0.009984328585500156,2.1250000000004658e-13
331,0.09194444444444475,359,4,1.8927246126391717e-06,0.00998377390057874,2.2000000000004692e-13
332,0.09222222222222252,359,4,1.8923913690586645e-06,0.00998321924647315,2.2750000000004725e-13
333,0.0925000000000003,360,4,1.8920616366133285e-06,0.009982664623181687,2.375000000000476e-13
334,0.09277777777777808,360,4,1.8917375967644125e-06,0.009982110030702616,2.47500000000048e-13
335,0.09305555555555586,360,4,1.8914060842814236e-06,0.009981555469034245,2.5750000000004843e-13
336,0.09333333333333364,360,4,1.891072881151447e-06,0.009981000938174854,2.6750000000004884e-13
337,0.09361111111111142,360,4,1.8907394906040254e-06,0.009980446438122735,2.775000000000493e-13
338,0.0938888888888892,360,4,1.8904060494599588e-06,0.009979891968876175,2.875000000000497e-13
339,0.09416666666666698,361,4,1.890067301355967e-06,0.009979337530433455,2.975000000000502e-13
340,0.09444444444444476,361,4,1.889739153177531e-06,0.009978783122792878,3.075000000000507e-13
341,0.09472222222222254,361,4,1.8894044086210454e-06,0.009978228745952724,3.1750000000005115e-13
342,0.09500000000000032,361,4,1.8890705173099085e-06,0.009977674399911278,3.2750000000005167e-13
343,0.0952777777777781,361,4,1.8887338075117118e-06,0.009977120084666844,3.375000000000522e-13
344,0.09555555555555588,361,4,1.8883946756351757e-06,0.00997656580021769,3.475000000000527e-13
345,0.09583333333333366,361,4,1.8880605962428545e-06,0.009976011546562129,3.575000000000533e-13
346,0.09611111111111144,361,4,1.8877179702034375e-06,0.009975457323698428,3.6750000000005387e-13
347,0.09638888888888922,363,4,1.8873848800546086e-06,0.009974903131624892,3.7750000000005443e-13
348,0.096666666666667,364,4,1.8870495929658518e-06,0.009974348970339799,3.875000000000551e-13
349,0.09694444444444478,364,4,1.8867100052815746e-06,0.009973794839841451,3.9750000000005566e-13
350,0.09722222222222256,365,4,1.8863713150692878e-06,0.009973240740128127,4.075000000000563e-13
351,0.09750000000000034,365,4,1.886031254177061e-06,0.009972686671198118,4.150000000000569e-13
352,0.09777777777777812,365,4,1.8856945705827483e-06,0.00997213263304972,4.225000000000576e-13
353,0.0980555555555559,365,4,1.885359604609358e-06,0.009971578625681217,4.325000000000583e-13
354,0.09833333333333368,365,4,1.8850241693026314e-06,0.009971024649090901,4.4250000000005895e-13
355,0.09861111111111145,365,4,1.8846985730383259e-06,0.009970470703277064,4.525000000000597e-13
356,0.09888888888888923,365,4,1.8843595897921613e-06,0.009969916788237993,4.625000000000604e-13
357,0.09916666666666701,365,4,1.884017399378516e-06,0.00996936290397198,4.725000000000612e-13
358,0.0994444444444448,366,4,1.8836790218421022e-06,0.009968809050477317,4.82500000000062e-13
359,0.09972222222222257,366,4,1.883345569750893e-06,0.009968255227752288,4.925000000000627e-13
360,0.10000000000000035,366,4,1.8830103530451329e-06,0.009967701435795194,5.025000000000635e-13
361,0.10027777777777813,368,4,1.8826727622337498e-06,0.009967147674604314,5.125000000000642e-13
362,0.10055555555555591,368,4,1.8823317213893507e-06,0.009966593944177947,5.225000000000652e-13
363,0.10083333333333369,368,4,1.8819931620698825e-06,0.009966040244514385,5.350000000000659e-13
364,0.10111111111111147,367,5,1.8816575840103573e-06,0.009965486575611911,5.450000000000667e-13
365,0.10138888888888925,367,5,1.881322594256123e-06,0.009964932937468822,5.550000000000677e-13
366,0.10166666666666703,367,5,1.880992372328151e-06,0.009964379330083406,5.675000000000684e-13
367,0.10194444444444481,367,5,1.8806532782330596e-06,0.009963825753453958,5.800000000000695e-13
368,0.10222222222222259,367,5,1.8803244159351847e-06,0.009963272207578764,5.925000000000704e-13
369,0.10250000000000037,367,5,1.8799931807919536e-06,0.009962718692456126,6.050000000000712e-13
370,0.10277777777777815,367,5,1.879660629538138e-06,0.00996216520808432,6.175000000000722e-13
371,0.10305555555555593,367,5,1.8793299017203307e-06,0.00996161175446165,6.275000000000734e-13
372,0.10333333333333371,367,5,1.8789970188223065e-06,0.009961058331586404,6.375000000000744e-13
373,0.10361111111111149,367,5,1.8786541339834079e-06,0.00996050493945687,6.500000000000753e-13
374,0.10388888888888927,367,5,1.8783205458198855e-06,0.009959951578071344,6.625000000000764e-13
375,0.10416666666666705,366,6,1.8779907044857605e-06,0.009959398247428121,6.750000000000773e-13
376,0.10444444444444483,366,6,1.8776591845949974e-06,0.009958844947525485,6.875000000000784e-13
377,0.1047222222222226,366,6,1.8773282716376557e-06,0.009958291678361732,7.000000000000795e-13
378,0.10500000000000038,366,6,1.876988946625e-06,0.00995773843993516,7.125000000000806e-13
379,0.10527777777777816,366,6,1.8766646152563255e-06,0.00995718523224405,7.250000000000818e-13
380,0.10555555555555594,366,6,1.8763273499508709e-06,0.009956632055286704,7.375000000000831e-13
381,0.10583333333333372,366,6,1.8760017837037318e-06,0.00995607890906141,7.500000000000841e-13
382,0.1061111111111115,367,6,1.8756694671929564e-06,0.009955525793566464,7.625000000000855e-13
383,0.10638888888888928,367,6,1.8753295465456672e-06,0.009954972708800157,7.750000000000866e-13
384,0.10666666666666706,367,6,1.8749910455833817e-06,0.009954419654760778,7.87500000000088e-13
385,0.10694444444444484,367,6,1.8746493544646525e-06,0.009953866631446621,8.000000000000889e-13
386,0.10722222222222262,367,6,1.8743073574928475e-06,0.009953313638855989,8.125000000000903e-13
387,0.1075000000000004,367,6,1.8739694132685354e-06,0.009952760676987164,8.250000000000914e-13
388,0.10777777777777818,367,6,1.8736335994657196e-06,0.009952207745838444,8.37500000000093e-13
389,0.10805555555555596,366,7,1.8732934431558563e-06,0.009951654845408121,8.475000000000945e-13
390,0.10833333333333374,366,7,1.872952931905461e-06,0.009951101975694484,8.600000000000957e-13
391,0.10861111111111152,366,7,1.8726194177918973e-06,0.009950549136695836,8.75000000000097e-13
392,0.1088888888888893,366,7,1.8722821369346988e-06,0.009949996328410465,8.900000000000981e-13
393,0.10916666666666708,366,7,1.8719435423680811e-06,0.009949443550836662,9.050000000000997e-13
394,0.10944444444444486,367,7,1.8715954658004054e-06,0.009948890803972729,9.200000000001013e-13
395,0.10972222222222264,367,7,1.8712510390598445e-06,0.009948338087816951,9.325000000001027e-13
396,0.11000000000000042,367,7,1.8709086095408027e-06,0.00994778540236763,9.450000000001041e-13
397,0.1102777777777782,367,7,1.8705758312512582e-06,0.009947232747623052,9.550000000001055e-13
398,0.11055555555555598,367,7,1.8702315401937564e-06,0.009946680123581518,9.650000000001073e-13
399,0.11083333333333376,367,7,1.8698811733625812e-06,0.00994612753024132,9.775000000001087e-13
400,0.11111111111111154,367,7,1.8695545759067792e-06,0.009945574967600752,9.9000000000011e-13
401,0.11138888888888931,367,7,1.8692164594139415e-06,0.009945022435658108,1.005000000000112e-12
402,0.1116666666666671,367,7,1.8688740871692274e-06,0.00994446993441168,1.0200000000001134e-12
403,0.11194444444444487,367,7,1.8685364984081357e-06,0.009943917463859768,1.0350000000001148e-12
404,0.11222222222222265,367,7,1.8681892610081627e-06,0.009943365024000663,1.0500000000001167e-12
405,0.11250000000000043,367,7,1.867846996959614e-06,0.009942812614832666,1.0650000000001181e-12
406,0.11277777777777821,367,7,1.8675127305955594e-06,0.009942260236354068,1.0800000000001198e-12
407,0.11305555555555599,367,7,1.867166180325095e-06,0.009941707888563155,1.0950000000001217e-12
408,0.11333333333333377,367,7,1.8668247320227233e-06,0.009941155571458235,1.1100000000001235e-12
409,0.11361111111111155,367,7,1.8664852016921634e-06,0.0099406032850376,1.1225000000001251e-12
410,0.11388888888888933,367,7,1.8661478303619396e-06,0.009940051029299546,1.1350000000001267e-12
411,0.11416666666666711,367,7,1.8658111511414762e-06,0.00993949880424236,1.1500000000001286e-12
412,0.11444444444444489,367,7,1.8654765259990716e-06,0.009938946609864344,1.1625000000001304e-12
413,0.11472222222222267,367,7,1.8651504979590637e-06,0.009938394446163797,1.1750000000001322e-12
414,0.11500000000000045,367,7,1.8648183449243437e-06,0.009937842313139012,1.185000000000134e-12
415,0.11527777777777823,367,7,1.8644736236303247e-06,0.009937290210788282,1.1975000000001358e-12
416,0.11555555555555601,367,7,1.8641299398149774e-06,0.009936738139109906,1.2100000000001378e-12
417,0.11583333333333379,367,7,1.863787699376959e-06,0.009936186098102177,1.2250000000001397e-12
418,0.11611111111111157,367,7,1.863443525226191e-06,0.009935634087763394,1.2400000000001415e-12
419,0.11638888888888935,367,7,1.8630947107156677e-06,0.009935082108091853,1.2550000000001434e-12
420,0.11666666666666713,367,7,1.8627583166742918e-06,0.009934530159085847,1.2700000000001454e-12
421,0.1169444444444449,367,7,1.8624213361332256e-06,0.009933978240743675,1.2850000000001475e-12
422,0.11722222222222269,367,7,1.8620750217952867e-06,0.009933426353063634,1.2975000000001495e-12
423,0.11750000000000047,367,7,1.8617329688754605e-06,0.00993287449604402,1.3100000000001517e-12
424,0.11777777777777824,367,7,1.8613987178223282e-06,0.00993232266968313,1.3250000000001534e-12
425,0.11805555555555602,366,8,1.861069263882154e-06,0.00993177087397926,1.3400000000001558e-12
426,0.1183333333333338,366,8,1.8607339108980953e-06,0.009931219108930706,1.3575000000001577e-12
427,0.11861111111111158,366,8,1.8603925350017397e-06,0.009930667374535766,1.37500000000016e-12
428,0.11888888888888936,366,8,1.8600575557652827e-06,0.009930115670792737,1.3925000000001621e-12
429,0.11916666666666714,366,8,1.8597225020584335e-06,0.009929563997699913,1.4100000000001644e-12
430,0.11944444444444492,367,8,1.8593775988162551e-06,0.009929012355255598,1.4275000000001665e-12
431,0.1197222222222227,367,8,1.8590443373480178e-06,0.009928460743458085,1.4450000000001686e-12
432,0.12000000000000048,367,8,1.8587141786600511e-06,0.00992790916230567,1.462500000000171e-12
433,0.12027777777777826,367,8,1.8583831959295024e-06,0.009927357611796651,1.4800000000001734e-12
434,0.12055555555555604,367,8,1.8580406470422896e-06,0.00992680609192933,1.4975000000001753e-12
435,0.12083333333333382,368,8,1.8577034065001074e-06,0.009926254602702002,1.5150000000001776e-12
436,0.1211111111111116,368,8,1.8573621451616986e-06,0.009925703144112964,1.53250000000018e-12
437,0.12138888888888938,368,8,1.8570198542218773e-06,0.009925151716160513,1.5500000000001826e-12
438,0.12166666666666716,368,8,1.8566872267251663e-06,0.009924600318842949,1.5675000000001853e-12
439,0.12194444444444494,368,8,1.8563598012702127e-06,0.00992404895215857,1.5850000000001876e-12
440,0.12222222222222272,368,8,1.8560210919511897e-06,0.009923497616105675,1.60250000000019e-12
441,0.1225000000000005,368,8,1.8556851156482851e-06,0.00992294631068256,1.6200000000001924e-12
442,0.12277777777777828,368,8,1.855333756431368e-06,0.009922395035887517,1.6375000000001951e-12
443,0.12305555555555606,368,8,1.854988620565122e-06,0.009921843791718859,1.6550000000001978e-12
444,0.12333333333333384,369,8,1.854646197372915e-06,0.009921292578174876,1.6725000000002005e-12
445,0.12361111111111162,369,8,1.8543082108042126e-06,0.009920741395253866,1.6900000000002028e-12
446,0.1238888888888894,369,8,1.8539652461286902e-06,0.00992019024295413,1.7100000000002056e-12
447,0.12416666666666717,368,9,1.8536252155510267e-06,0.009919639121273964,1.7300000000002087e-12
448,0.12444444444444495,368,9,1.8532791168335416e-06,0.009919088030211675,1.7500000000002108e-12
449,0.12472222222222273,368,9,1.8529347255064592e-06,0.009918536969765551,1.770000000000214e-12
450,0.1250000000000005,368,9,1.8525930736530478e-06,0.009917985939933899,1.790000000000217e-12
451,0.12527777777777827,367,10,1.8522543186621931e-06,0.009917434940715014,1.8100000000002193e-12
452,0.12555555555555603,367,10,1.8519121684799103e-06,0.009916883972107195,1.8300000000002222e-12
453,0.1258333333333338,367,10,1.8515712319789064e-06,0.009916333034108746,1.850000000000225e-12
454,0.12611111111111156,367,10,1.8512321640159218e-06,0.009915782126717964,1.8675000000002277e-12
455,0.12638888888888933,367,10,1.8508924233730285e-06,0.009915231249933144,1.8875000000002312e-12
456,0.1266666666666671,367,11,1.8505525874843141e-06,0.009914680403752594,1.907500000000234e-12
457,0.12694444444444486,367,11,1.850208112953956e-06,0.009914129588174605,1.9275000000002367e-12
458,0.12722222222222263,367,11,1.84986915466939e-06,0.009913578803197487,1.94500000000024e-12
459,0.1275000000000004,367,11,1.849522791645936e-06,0.009913028048819533,1.960000000000243e-12
460,0.12777777777777816,367,11,1.849183100891623e-06,0.00991247732503904,1.977500000000246e-12
461,0.12805555555555592,367,11,1.848837939891522e-06,0.00991192663185432,1.9975000000002495e-12
462,0.1283333333333337,367,11,1.848509997401547e-06,0.00991137596926366,2.0150000000002526e-12
463,0.12861111111111145,367,11,1.8481790708799614e-06,0.009910825337265368,2.0350000000002554e-12
464,0.12888888888888922,366,12,1.847843998733401e-06,0.009910274735857741,2.0600000000002586e-12
465,0.12916666666666698,367,12,1.8475016173447891e-06,0.009909724165039085,2.087500000000262e-12
466,0.12944444444444475,366,13,1.847153031348882e-06,0.009909173624807694,2.112500000000265e-12
467,0.12972222222222252,366,13,1.846816132573284e-06,0.00990862311516187,2.1375000000002687e-12
468,0.13000000000000028,366,13,1.8464784703329236e-06,0.009908072636099918,2.165000000000272e-12
469,0.13027777777777805,366,13,1.8461379030609592e-06,0.009907522187620135,2.1925000000002757e-12
470,0.1305555555555558,366,13,1.8458048526914402e-06,0.009906971769720822,2.2200000000002785e-12
471,0.13083333333333358,366,13,1.8454709572764933e-06,0.009906421382400284,2.247500000000282e-12
472,0.13111111111111134,366,13,1.8451298013619176e-06,0.009905871025656817,2.275000000000286e-12
473,0.1313888888888891,366,13,1.8447956385739827e-06,0.009905320699488724,2.302500000000289e-12
474,0.13166666666666688,366,13,1.8444653710678716e-06,0.00990477040389431,2.3300000000002928e-12
475,0.13194444444444464,366,13,1.844117940022618e-06,0.009904220138871872,2.357500000000296e-12
476,0.1322222222222224,366,13,1.8437668065913625e-06,0.009903669904419715,2.3850000000003e-12
477,0.13250000000000017,366,13,1.843438872240772e-06,0.009903119700536134,2.412500000000304e-12
478,0.13277777777777794,366,13,1.8430979683256465e-06,0.009902569527219436,2.440000000000308e-12
479,0.1330555555555557,366,13,1.8427527101686304e-06,0.009902019384467928,2.4650000000003115e-12
480,0.13333333333333347,366,13,1.842413977171703e-06,0.0099014692722799,2.490000000000316e-12
481,0.13361111111111124,366,13,1.8420743788607097e-06,0.009900919190653664,2.515000000000319e-12
482,0.133888888888889,366,13,1.841740526729374e-06,0.009900369139587514,2.5425000000003232e-12
483,0.13416666666666677,366,13,1.8414050225530239e-06,0.00989981911907976,2.5700000000003273e-12
484,0.13444444444444453,366,13,1.8410684385291859e-06,0.009899269129128701,2.5950000000003318e-12
485,0.1347222222222223,366,13,1.8407209762787425e-06,0.009898719169732638,2.620000000000335e-12
486,0.13500000000000006,366,13,1.8403840014937576e-06,0.009898169240889878,2.6475000000003395e-12
487,0.13527777777777783,366,13,1.8400407382829727e-06,0.009897619342598718,2.672500000000344e-12
488,0.1355555555555556,366,13,1.8396996958493083e-06,0.009897069474857462,2.6975000000003475e-12
489,0.13583333333333336,366,13,1.8393641613354564e-06,0.009896519637664414,2.7200000000003523e-12
490,0.13611111111111113,366,13,1.8390210470468772e-06,0.009895969831017879,2.7450000000003564e-12
491,0.1363888888888889,366,13,1.8386801932512125e-06,0.009895420054916155,2.7700000000003608e-12
492,0.13666666666666666,367,13,1.8383319516803754e-06,0.009894870309357552,2.7950000000003652e-12
493,0.13694444444444442,367,13,1.8379855439949793e-06,0.009894320594340363,2.8225000000003697e-12
494,0.1372222222222222,367,13,1.8376500091190232e-06,0.009893770909862898,2.847500000000374e-12
495,0.13749999999999996,367,13,1.8373080522676056e-06,0.009893221255923464,2.872500000000378e-12
496,0.13777777777777772,367,13,1.8369637259281242e-06,0.009892671632520358,2.897500000000383e-12
497,0.1380555555555555,368,13,1.8366227245134887e-06,0.009892122039651884,2.922500000000387e-12
498,0.13833333333333325,368,13,1.8362809723834517e-06,0.009891572477316347,2.9475000000003923e-12
499,0.13861111111111102,368,13,1.8359330205590858e-06,0.009891022945512055,2.9750000000003964e-12
500,0.13888888888888878,368,13,1.835579799381687e-06,0.009890473444237304,3.0025000000004017e-12
501,0.13916666666666655,368,13,1.8352387653248898e-06,0.0098899239734904,3.0300000000004057e-12
502,0.13944444444444432,368,13,1.8348943362371108e-06,0.009889374533269652,3.0575000000004102e-12
503,0.13972222222222208,369,13,1.8345450006832902e-06,0.009888825123573359,3.085000000000416e-12
504,0.13999999999999985,369,13,1.8341983524860793e-06,0.009888275744399828,3.1125000000004204e-12
505,0.1402777777777776,369,13,1.8338558156741184e-06,0.009887726395747363,3.137500000000425e-12
506,0.14055555555555538,369,13,1.8335124133380245e-06,0.009887177077614266,3.16250000000043e-12
507,0.14083333333333314,369,13,1.8331672492898832e-06,0.009886627789998844,3.1900000000004353e-12
508,0.1411111111111109,370,13,1.8328163593531028e-06,0.009886078532899401,3.217500000000441e-12
509,0.14138888888888868,370,13,1.8324778059189358e-06,0.009885529306314242,3.2450000000004455e-12
510,0.14166666666666644,370,13,1.8321254627138474e-06,0.009884980110241665,3.2750000000004504e-12
511,0.1419444444444442,369,14,1.8317822037390935e-06,0.009884430944679988,3.3025000000004557e-12
512,0.14222222222222197,369,14,1.8314273487677814e-06,0.009883881809627503,3.3300000000004606e-12
513,0.14249999999999974,369,14,1.831098345426449e-06,0.009883332705082523,3.357500000000466e-12
514,0.1427777777777775,369,14,1.8307574753784765e-06,0.009882783631043357,3.3850000000004716e-12
515,0.14305555555555527,369,14,1.8304107187740668e-06,0.009882234587508294,3.4125000000004773e-12
516,0.14333333333333304,370,14,1.8300685886983275e-06,0.009881685574475657,3.442500000000482e-12
517,0.1436111111111108,370,14,1.8297305117075517e-06,0.009881136591943743,3.4750000000004875e-12
518,0.14388888888888857,369,15,1.8293854301092034e-06,0.009880587639910858,3.5075000000004925e-12
519,0.14416666666666633,369,15,1.8290377195404669e-06,0.00988003871837531,3.5400000000004983e-12
520,0.1444444444444441,369,15,1.828703323795828e-06,0.0098794898273354,3.5725000000005044e-12
521,0.14472222222222186,369,15,1.8283581736406099e-06,0.009878940966789434,3.605000000000509e-12
522,0.14499999999999963,369,15,1.8280166444562256e-06,0.009878392136735723,3.6375000000005156e-12
523,0.1452777777777774,369,15,1.8276667070343568e-06,0.009877843337172574,3.667500000000521e-12
524,0.14555555555555516,368,16,1.8273103524440815e-06,0.009877294568098284,3.692500000000526e-12
525,0.14583333333333293,369,16,1.8269729972384813e-06,0.009876745829511169,3.722500000000532e-12
526,0.1461111111111107,369,16,1.826625376715244e-06,0.00987619712140953,3.7525000000005384e-12
527,0.14638888888888846,369,16,1.8262873488694578e-06,0.009875648443791674,3.785000000000543e-12
528,0.14666666666666622,369,16,1.8259487043417486e-06,0.00987509979665591,3.817500000000549e-12
529,0.146944444444444,369,16,1.8256001290712305e-06,0.00987455118000054,3.850000000000556e-12
530,0.14722222222222175,369,16,1.8252630363007199e-06,0.009874002593823875,3.8825000000005615e-12
531,0.14749999999999952,369,16,1.8249147459935215e-06,0.009873454038124216,3.9175000000005685e-12
532,0.14777777777777729,369,16,1.8245742917592895e-06,0.009872905512899877,3.952500000000574e-12
533,0.14805555555555505,369,16,1.824230321344675e-06,0.00987235701814916,3.98500000000058e-12
534,0.14833333333333282,369,16,1.8238887205544101e-06,0.009871808553870376,4.017500000000586e-12
535,0.14861111111111058,369,16,1.8235525145546439e-06,0.009871260120061827,4.052500000000593e-12
536,0.14888888888888835,369,16,1.8232088683137998e-06,0.009870711716721823,4.082500000000598e-12
537,0.14916666666666611,369,16,1.822858745103711e-06,0.009870163343848671,4.112500000000605e-12
538,0.14944444444444388,369,16,1.8225167392802446e-06,0.00986961500144068,4.1450000000006105e-12
539,0.14972222222222165,369,16,1.8221801648852413e-06,0.009869066689496157,4.177500000000618e-12
540,0.1499999999999994,369,16,1.8218308842904422e-06,0.009868518408013406,4.2100000000006245e-12
541,0.15027777777777718,368,17,1.8214870242447508e-06,0.00986797015699074,4.245000000000631e-12
542,0.15055555555555494,368,17,1.8211443589604608e-06,0.009867421936426464,4.282500000000637e-12
543,0.1508333333333327,368,17,1.8208028721369485e-06,0.009866873746318887,4.320000000000644e-12
544,0.15111111111111047,369,17,1.8204545735782718e-06,0.009866325586666311,4.355000000000652e-12
545,0.15138888888888824,369,17,1.820104821364673e-06,0.009865777457467051,4.390000000000658e-12
546,0.151666666666666,369,17,1.8197601930935102e-06,0.009865229358719417,4.427500000000665e-12
547,0.15194444444444377,369,17,1.8194195577835487e-06,0.00986468129042171,4.465000000000671e-12
548,0.15222222222222154,369,17,1.8190705638997503e-06,0.00986413325257224,4.502500000000679e-12
549,0.1524999999999993,369,17,1.8187297976326254e-06,0.00986358524516932,4.5400000000006855e-12
550,0.15277777777777707,369,17,1.8183776948762613e-06,0.009863037268211253,4.5750000000006925e-12
551,0.15305555555555483,369,17,1.818037682781598e-06,0.009862489321696354,4.6100000000006995e-12
552,0.1533333333333326,370,17,1.8176950855651017e-06,0.009861941405622927,4.647500000000706e-12
553,0.15361111111111037,370,17,1.8173623799423178e-06,0.009861393519989282,4.685000000000714e-12
554,0.15388888888888813,370,17,1.81702555306977e-06,0.009860845664793727,4.72250000000072e-12
555,0.1541666666666659,370,17,1.81668007568627e-06,0.00986029784003457,4.7600000000007285e-12
556,0.15444444444444366,370,17,1.8163291840204356e-06,0.009859750045710125,4.797500000000736e-12
557,0.15472222222222143,371,17,1.815978465302736e-06,0.0098592022818187,4.8350000000007435e-12
558,0.1549999999999992,371,17,1.8156232144014212e-06,0.009858654548358601,4.870000000000751e-12
559,0.15527777777777696,371,17,1.815277935427712e-06,0.009858106845328134,4.905000000000758e-12
560,0.15555555555555473,370,18,1.8149421120654395e-06,0.009857559172725615,4.940000000000766e-12
561,0.1558333333333325,370,18,1.8145989051823714e-06,0.009857011530549353,4.977500000000774e-12
562,0.15611111111111026,369,19,1.814257937445155e-06,0.009856463918797655,5.017500000000782e-12
563,0.15638888888888802,369,19,1.8139210424416116e-06,0.009855916337468837,5.0575000000007894e-12
564,0.1566666666666658,369,19,1.8135764711150931e-06,0.0098553687865612,5.100000000000798e-12
565,0.15694444444444355,368,20,1.813227808782604e-06,0.009854821266073057,5.145000000000806e-12
566,0.15722222222222132,368,20,1.8128912864956718e-06,0.00985427377600272,5.192500000000813e-12
567,0.15749999999999909,367,21,1.8125486729793066e-06,0.009853726316348496,5.240000000000822e-12
568,0.15777777777777685,367,21,1.8122085868300345e-06,0.0098531788871087,5.28750000000083e-12
569,0.15805555555555462,367,21,1.8118678226963027e-06,0.009852631488281641,5.335000000000838e-12
570,0.15833333333333238,367,21,1.8115218995099838e-06,0.009852084119865623,5.3800000000008475e-12
571,0.15861111111111015,368,21,1.8111890254132187e-06,0.009851536781858966,5.425000000000855e-12
572,0.1588888888888879,368,21,1.8108505205940248e-06,0.009850989474259973,5.470000000000863e-12
573,0.15916666666666568,368,21,1.8105073726307627e-06,0.009850442197066957,5.515000000000872e-12
574,0.15944444444444344,368,21,1.8101642870203586e-06,0.009849894950278233,5.5575000000008806e-12
575,0.1597222222222212,368,21,1.8098269666148818e-06,0.009849347733892105,5.600000000000889e-12
576,0.15999999999999898,369,21,1.8094951709731397e-06,0.009848800547906891,5.647500000000898e-12
577,0.16027777777777674,369,22,1.8091508913103626e-06,0.009848253392320896,5.697500000000906e-12
578,0.1605555555555545,368,23,1.808814514935405e-06,0.009847706267132434,5.7450000000009155e-12
579,0.16083333333333227,369,23,1.8084806364416284e-06,0.009847159172339814,5.792500000000924e-12
580,0.16111111111111004,369,23,1.808135614140673e-06,0.009846612107941353,5.842500000000934e-12
581,0.1613888888888878,369,23,1.8077873493548348e-06,0.009846065073935355,5.892500000000943e-12
582,0.16166666666666557,369,23,1.8074472491802292e-06,0.009845518070320138,5.942500000000952e-12
583,0.16194444444444334,369,23,1.807110248495563e-06,0.00984497109709401,5.992500000000961e-12
584,0.1622222222222211,369,23,1.8067840987246328e-06,0.009844424154255283,6.040000000000971e-12
585,0.16249999999999887,369,23,1.8064400204570445e-06,0.009843877241802267,6.08750000000098e-12
586,0.16277777777777663,369,23,1.8060978358212286e-06,0.009843330359733279,6.14000000000099e-12
587,0.1630555555555544,369,23,1.805757886806187e-06,0.009842783508046626,6.192500000000999e-12
588,0.16333333333333216,369,23,1.805424344658893e-06,0.009842236686740623,6.242500000001009e-12
589,0.16361111111110993,369,23,1.8050852960855314e-06,0.009841689895813585,6.292500000001018e-12
590,0.1638888888888877,369,23,1.8047466720297007e-06,0.009841143135263818,6.3450000000010284e-12
591,0.16416666666666546,369,23,1.8044097421371408e-06,0.009840596405089637,6.3925000000010385e-12
592,0.16444444444444323,369,23,1.8040713963334095e-06,0.009840049705289355,6.437500000001049e-12
593,0.164722222222221,369,23,1.803741315632015e-06,0.009839503035861282,6.487500000001058e-12
594,0.16499999999999876,369,23,1.8034013161922484e-06,0.009838956396803733,6.537500000001068e-12
595,0.16527777777777652,369,23,1.8030664926036687e-06,0.009838409788115024,6.587500000001079e-12
596,0.1655555555555543,369,23,1.8027331321159336e-06,0.009837863209793461,6.640000000001089e-12
597,0.16583333333333206,369,23,1.802404090358603e-06,0.009837316661837363,6.6900000000010986e-12
598,0.16611111111110982,369,23,1.8020712774257465e-06,0.009836770144245038,6.74000000000111e-12
599,0.1663888888888876,368,24,1.8017305900940156e-06,0.009836223657014804,6.79000000000112e-12
600,0.16666666666666535,368,24,1.8013943800613237e-06,0.009835677200144968,6.840000000001131e-12
601,0.16694444444444312,369,24,1.8010542590202398e-06,0.00983513077363385,6.890000000001142e-12
602,0.16722222222222088,368,25,1.8007161305335279e-06,0.00983458437747976,6.940000000001153e-12
603,0.16749999999999865,368,25,1.8003815429080084e-06,0.00983403801168101,6.992500000001162e-12
604,0.16777777777777642,368,25,1.800044912085348e-06,0.009833491676235918,7.047500000001174e-12
605,0.16805555555555418,367,26,1.7997052043698302e-06,0.009832945371142793,7.102500000001185e-12
606,0.16833333333333195,367,26,1.799364850426386e-06,0.009832399096399954,7.157500000001195e-12
607,0.1686111111111097,367,26,1.7990282519351891e-06,0.00983185285200571,7.210000000001206e-12
608,0.16888888888888748,368,26,1.7986933089372668e-06,0.009831306637958377,7.2625000000012196e-12
609,0.16916666666666524,368,26,1.7983562289808138e-06,0.009830760454256267,7.31750000000123e-12
610,0.169444444444443,368,26,1.7980114680040421e-06,0.009830214300897698,7.370000000001242e-12
611,0.16972222222222078,368,26,1.7976655956044548e-06,0.009829668177880984,7.422500000001251e-12
612,0.16999999999999854,368,26,1.7973126124184342e-06,0.009829122085204435,7.475000000001264e-12
613,0.1702777777777763,368,26,1.79697184794781e-06,0.009828576022866367,7.527500000001276e-12
614,0.17055555555555407,369,26,1.7966350000846713e-06,0.009828029990865099,7.580000000001287e-12
615,0.17083333333333184,369,26,1.796289408461906e-06,0.009827483989198938,7.635000000001299e-12
616,0.1711111111111096,368,27,1.795954419596697e-06,0.009826938017866204,7.687500000001311e-12
617,0.17138888888888737,368,27,1.7956179195958908e-06,0.009826392076865212,7.740000000001322e-12
618,0.17166666666666514,368,27,1.7952734763603534e-06,0.009825846166194276,7.795000000001335e-12
619,0.1719444444444429,368,27,1.7949236313411584e-06,0.009825300285851709,7.852500000001347e-12
620,0.17222222222222067,368,27,1.7945828171493435e-06,0.009824754435835829,7.907500000001358e-12
621,0.17249999999999843,368,27,1.7942434608740436e-06,0.009824208616144952,7.960000000001371e-12
622,0.1727777777777762,368,27,1.793898396698152e-06,0.009823662826777387,8.015000000001382e-12
623,0.17305555555555396,368,27,1.7935520324868111e-06,0.009823117067731455,8.067500000001395e-12
624,0.17333333333333173,368,27,1.793212376225308e-06,0.00982257133900547,8.122500000001408e-12
625,0.1736111111111095,368,27,1.7928767961164604e-06,0.009822025640597748,8.180000000001421e-12
626,0.17388888888888726,368,27,1.7925370422270947e-06,0.009821479972506602,8.237500000001433e-12
627,0.17416666666666503,368,27,1.7921932441172542e-06,0.009820934334730353,8.292500000001446e-12
628,0.1744444444444428,370,27,1.7918480225818389e-06,0.009820388727267313,8.347500000001459e-12
629,0.17472222222222056,370,27,1.7915019335670475e-06,0.0098198431501158,8.402500000001472e-12
630,0.17499999999999832,371,27,1.7911599755146393e-06,0.009819297603274126,8.457500000001485e-12
631,0.1752777777777761,371,27,1.7908040819932848e-06,0.009818752086740611,8.507500000001497e-12
632,0.17555555555555385,371,27,1.7904668550910427e-06,0.009818206600513572,8.55750000000151e-12
633,0.17583333333333162,371,27,1.7901263285034607e-06,0.009817661144591322,8.610000000001525e-12
634,0.1761111111111094,372,27,1.7897923299428174e-06,0.009817115718972176,8.667500000001538e-12
635,0.17638888888888715,371,28,1.789454423941097e-06,0.009816570323654458,8.722500000001551e-12
636,0.17666666666666492,371,28,1.789108373125388e-06,0.009816024958636477,8.775000000001564e-12
637,0.17694444444444268,372,28,1.7887761162478161e-06,0.00981547962391655,8.830000000001579e-12
638,0.17722222222222045,372,28,1.7884418988647593e-06,0.009814934319493,8.88750000000159e-12
639,0.17749999999999821,372,28,1.788095944702357e-06,0.009814389045364141,8.945000000001605e-12
640,0.17777777777777598,372,28,1.7877519283087274e-06,0.009813843801528286,9.002500000001619e-12
641,0.17805555555555375,372,28,1.787417941928272e-06,0.009813298587983757,9.060000000001634e-12
642,0.1783333333333315,373,28,1.7870742809141242e-06,0.009812753404728872,9.117500000001647e-12
643,0.17861111111110928,373,28,1.7867414535789355e-06,0.009812208251761942,9.177500000001661e-12
644,0.17888888888888704,372,29,1.786398183455895e-06,0.009811663129081289,9.237500000001677e-12
645,0.1791666666666648,372,29,1.7860600397118797e-06,0.00981111803668523,9.29750000000169e-12
646,0.17944444444444257,372,29,1.7857242657657785e-06,0.00981057297457208,9.357500000001705e-12
647,0.17972222222222034,372,29,1.7853829931559071e-06,0.009810027942740161,9.417500000001718e-12
648,0.1799999999999981,372,29,1.7850587777179821e-06,0.009809482941187785,9.477500000001734e-12
649,0.18027777777777587,372,29,1.7847149208880746e-06,0.009808937969913275,9.53750000000175e-12
650,0.18055555555555364,372,29,1.7843779328288931e-06,0.009808393028914945,9.597500000001763e-12
651,0.1808333333333314,372,29,1.7840334388153428e-06,0.00980784811819112,9.657500000001777e-12
652,0.18111111111110917,372,29,1.783691547039023e-06,0.009807303237740107,9.715000000001794e-12
653,0.18138888888888693,371,30,1.7833487711381112e-06,0.009806758387560233,9.772500000001809e-12
654,0.1816666666666647,371,30,1.7830074540566763e-06,0.009806213567649814,9.832500000001823e-12
655,0.18194444444444247,371,30,1.7826553198203033e-06,0.009805668778007166,9.892500000001838e-12
656,0.18222222222222023,371,30,1.7823206279257442e-06,0.00980512401863061,9.950000000001853e-12
657,0.182499999999998,371,30,1.7819742779022894e-06,0.009804579289518466,1.0010000000001869e-11
658,0.18277777777777576,371,30,1.7816337593854343e-06,0.00980403459066905,1.0070000000001884e-11
659,0.18305555555555353,372,30,1.7812923532507214e-06,0.009803489922080678,1.01300000000019e-11
660,0.1833333333333313,372,30,1.7809541729707169e-06,0.009802945283751674,1.0190000000001917e-11
661,0.18361111111110906,372,30,1.7806164395539972e-06,0.009802400675680356,1.0250000000001932e-11
662,0.18388888888888683,373,30,1.7802660536376188e-06,0.009801856097865038,1.0312500000001947e-11
663,0.1841666666666646,373,30,1.7799223680371057e-06,0.009801311550304047,1.0375000000001964e-11
664,0.18444444444444236,373,30,1.7795768108401733e-06,0.009800767032995695,1.0437500000001979e-11
665,0.18472222222222012,373,30,1.7792352656693006e-06,0.00980022254593831,1.0497500000001996e-11
666,0.1849999999999979,373,30,1.7788858775203107e-06,0.0097996780891302,1.0557500000002011e-11
667,0.18527777777777565,373,30,1.7785422441116279e-06,0.009799133662569693,1.0620000000002029e-11
668,0.18555555555555342,373,30,1.7782097118548082e-06,0.009798589266255108,1.0680000000002044e-11
669,0.18583333333333119,373,30,1.7778695175622975e-06,0.00979804490018476,1.0737500000002061e-11
670,0.18611111111110895,373,30,1.7775214380238984e-06,0.009797500564356972,1.079250000000208e-11
671,0.18638888888888672,373,30,1.7771748482637188e-06,0.009796956258770063,1.0852500000002096e-11
672,0.18666666666666448,373,30,1.7768293252224281e-06,0.009796411983422355,1.0910000000002113e-11
673,0.18694444444444225,373,30,1.7764912611497211e-06,0.009795867738312165,1.0970000000002128e-11
674,0.18722222222222,372,31,1.7761468171655868e-06,0.009795323523437814,1.1027500000002146e-11
675,0.18749999999999778,373,31,1.7758032968782828e-06,0.009794779338797625,1.1085000000002163e-11
676,0.18777777777777555,373,31,1.7754632448718403e-06,0.009794235184389913,1.114500000000218e-11
677,0.1880555555555533,373,31,1.7751146493617524e-06,0.009793691060213003,1.1205000000002199e-11
678,0.18833333333333108,373,31,1.7747729470352416e-06,0.009793146966265213,1.1262500000002214e-11
679,0.18861111111110884,373,31,1.7744255189056715e-06,0.009792602902544868,1.1320000000002234e-11
680,0.1888888888888866,373,31,1.7740800923341196e-06,0.00979205886905028,1.138000000000225e-11
681,0.18916666666666437,373,31,1.7737408320337136e-06,0.009791514865779777,1.1440000000002268e-11
682,0.18944444444444214,373,31,1.7734020550614251e-06,0.009790970892731678,1.1502500000002286e-11
683,0.1897222222222199,372,32,1.773059807280494e-06,0.009790426949904306,1.1565000000002303e-11
684,0.18999999999999767,372,32,1.7727231386625194e-06,0.009789883037295976,1.1625000000002322e-11
685,0.19027777777777544,372,32,1.7723911082034453e-06,0.009789339154905017,1.1685000000002339e-11
686,0.1905555555555532,371,33,1.7720497593793252e-06,0.009788795302729745,1.1747500000002357e-11
687,0.19083333333333097,371,33,1.771719547091875e-06,0.009788251480768482,1.1810000000002377e-11
688,0.19111111111110873,371,33,1.771384707125337e-06,0.00978770768901955,1.1872500000002395e-11
689,0.1913888888888865,371,33,1.771042879676506e-06,0.00978716392748127,1.193500000000241e-11
690,0.19166666666666426,371,33,1.7707062873922888e-06,0.009786620196151969,1.1995000000002431e-11
691,0.19194444444444203,371,33,1.7703759893396501e-06,0.00978607649502996,1.2055000000002448e-11
692,0.1922222222222198,371,33,1.7700298901413975e-06,0.009785532824113569,1.2115000000002469e-11
693,0.19249999999999756,371,33,1.7696935113284504e-06,0.009784989183401118,1.2175000000002487e-11
694,0.19277777777777533,371,33,1.7693575136533302e-06,0.00978444557289093,1.2235000000002504e-11
695,0.1930555555555531,371,33,1.7690180286291893e-06,0.009783901992581326,1.2297500000002525e-11
696,0.19333333333333086,372,33,1.7686755999280317e-06,0.009783358442470627,1.2357500000002542e-11
697,0.19361111111110862,372,33,1.7683449973918884e-06,0.009782814922557155,1.2417500000002561e-11
698,0.1938888888888864,372,33,1.7680069108243417e-06,0.009782271432839237,1.2480000000002579e-11
699,0.19416666666666416,372,33,1.7676700954412615e-06,0.009781727973315193,1.25425000000026e-11
700,0.19444444444444192,373,33,1.7673342730707899e-06,0.009781184543983341,1.260250000000262e-11
701,0.1947222222222197,373,33,1.7670004138104372e-06,0.00978064114484201,1.266250000000264e-11
702,0.19499999999999745,372,34,1.7666638071391517e-06,0.009780097775889516,1.2725000000002661e-11
703,0.19527777777777522,372,34,1.7663214327729112e-06,0.00977955443712419,1.2787500000002678e-11
704,0.19555555555555298,373,34,1.7659732779785442e-06,0.009779011128544351,1.2850000000002696e-11
705,0.19583333333333075,373,34,1.7656152515539047e-06,0.009778467850148322,1.2912500000002717e-11
706,0.19611111111110852,373,34,1.7652768421907462e-06,0.009777924601934425,1.2977500000002738e-11
707,0.19638888888888628,373,35,1.7649408621728083e-06,0.009777381383900982,1.3040000000002756e-11
708,0.19666666666666405,373,35,1.7645983574373342e-06,0.009776838196046323,1.3102500000002776e-11
709,0.1969444444444418,373,35,1.764258421647765e-06,0.009776295038368766,1.3167500000002799e-11
710,0.19722222222221958,373,35,1.7639207915302457e-06,0.009775751910866631,1.3232500000002817e-11
711,0.19749999999999734,373,35,1.7635769962705355e-06,0.009775208813538251,1.3297500000002838e-11
712,0.1977777777777751,373,35,1.7632214189440984e-06,0.009774665746381942,1.336250000000286e-11
713,0.19805555555555288,373,35,1.762881438325862e-06,0.009774122709396035,1.3427500000002881e-11
714,0.19833333333333064,373,35,1.7625363427460094e-06,0.009773579702578845,1.34925000000029e-11
715,0.1986111111111084,373,35,1.7621871091593512e-06,0.009773036725928701,1.3555000000002921e-11
716,0.19888888888888617,373,35,1.7618412584204546e-06,0.009772493779443928,1.3617500000002942e-11
717,0.19916666666666394,373,35,1.7614995673210649e-06,0.009771950863122849,1.3682500000002963e-11
718,0.1994444444444417,372,36,1.7611581629192984e-06,0.009771407976963787,1.3747500000002983e-11
719,0.19972222222221947,373,36,1.7608131862343057e-06,0.009770865120965066,1.3812500000003007e-11
720,0.19999999999999724,373,36,1.7604596248022124e-06,0.009770322295125014,1.3875000000003028e-11
721,0.200277777777775,373,36,1.7601213493556161e-06,0.009769779499441952,1.3940000000003048e-11
722,0.20055555555555277,372,37,1.7597812478311853e-06,0.009769236733914206,1.4005000000003069e-11
723,0.20083333333333053,372,37,1.7594357949186082e-06,0.009768693998540101,1.407250000000309e-11
724,0.2011111111111083,371,38,1.7590942607868872e-06,0.00976815129331796,1.4142500000003111e-11
725,0.20138888888888606,370,39,1.758755130932007e-06,0.00976760861824611,1.4210000000003138e-11
726,0.20166666666666383,370,39,1.7584170334831152e-06,0.009767065973322874,1.4280000000003157e-11
727,0.2019444444444416,370,39,1.758077236620887e-06,0.009766523358546579,1.435000000000318e-11
728,0.20222222222221936,370,39,1.7577369720473898e-06,0.009765980773915547,1.44175000000032e-11
729,0.20249999999999713,370,39,1.7573852459166983e-06,0.009765438219428109,1.4487500000003223e-11
730,0.2027777777777749,370,39,1.7570356077957347e-06,0.009764895695082586,1.4557500000003245e-11
731,0.20305555555555266,370,39,1.7566886915539227e-06,0.009764353200877303,1.4625000000003268e-11
732,0.20333333333333042,371,39,1.7563444285458977e-06,0.00976381073681059,1.469500000000329e-11
733,0.2036111111111082,371,39,1.7560018856912214e-06,0.009763268302880764,1.476250000000331e-11
734,0.20388888888888596,370,40,1.755668393790344e-06,0.009762725899086163,1.4832500000003335e-11
735,0.20416666666666372,370,40,1.7553214169158806e-06,0.009762183525425102,1.490000000000336e-11
736,0.2044444444444415,370,40,1.7549763538411188e-06,0.009761641181895913,1.496750000000338e-11
737,0.20472222222221925,370,40,1.754638807590579e-06,0.009761098868496918,1.5037500000003404e-11
738,0.20499999999999702,370,40,1.754296029493168e-06,0.009760556585226446,1.510500000000343e-11
739,0.20527777777777478,370,40,1.753956629614547e-06,0.009760014332082822,1.5175000000003453e-11
740,0.20555555555555255,370,40,1.753623144335036e-06,0.009759472109064374,1.5247500000003474e-11
741,0.20583333333333032,370,40,1.7532748247675151e-06,0.009758929916169426,1.5320000000003495e-11
742,0.20611111111110808,370,40,1.7529377943024817e-06,0.009758387753396306,1.5392500000003522e-11
743,0.20638888888888585,371,40,1.7525986556135507e-06,0.00975784562074334,1.5465000000003546e-11
744,0.2066666666666636,371,40,1.7522618883824739e-06,0.009757303518208853,1.553500000000357e-11
745,0.20694444444444138,371,40,1.751932133441921e-06,0.009756761445791174,1.5605000000003594e-11
746,0.20722222222221914,372,40,1.7516027636297678e-06,0.009756219403488635,1.5677500000003618e-11
747,0.2074999999999969,372,40,1.7512460497545534e-06,0.009755677391299549,1.5747500000003643e-11
748,0.20777777777777467,372,40,1.7509060444118593e-06,0.009755135409222258,1.5817500000003665e-11
749,0.20805555555555244,372,41,1.7505722205764352e-06,0.00975459345725508,1.589000000000369e-11
750,0.2083333333333302,372,41,1.750236180110598e-06,0.009754051535396343,1.5960000000003718e-11
751,0.20861111111110797,372,41,1.749901307565961e-06,0.009753509643644376,1.603000000000374e-11
752,0.20888888888888574,372,41,1.7495641641839834e-06,0.009752967781997508,1.6102500000003768e-11
753,0.2091666666666635,371,42,1.7492299574424274e-06,0.009752425950454063,1.6175000000003792e-11
754,0.20944444444444127,371,42,1.7489045976637138e-06,0.00975188414901237,1.6250000000003815e-11
755,0.20972222222221903,371,42,1.7485832320566458e-06,0.00975134237767076,1.632500000000384e-11
756,0.2099999999999968,371,42,1.7482446040306826e-06,0.009750800636427557,1.6402500000003866e-11
757,0.21027777777777457,370,43,1.747898264820702e-06,0.009750258925281089,1.647750000000389e-11
758,0.21055555555555233,370,43,1.747563356010711e-06,0.009749717244229683,1.6555000000003917e-11
759,0.2108333333333301,369,44,1.7472247006068457e-06,0.009749175593271674,1.663500000000394e-11
760,0.21111111111110786,369,44,1.746889410777766e-06,0.00974863397240538,1.671500000000397e-11
761,0.21138888888888563,370,44,1.7465546132621285e-06,0.009748092381629136,1.6795000000003996e-11
762,0.2116666666666634,370,44,1.7462187100514784e-06,0.009747550820941267,1.687500000000402e-11
763,0.21194444444444116,370,44,1.745883049590861e-06,0.009747009290340104,1.6955000000004043e-11
764,0.21222222222221893,370,44,1.7455440722220993e-06,0.009746467789823975,1.7037500000004076e-11
765,0.2124999999999967,369,45,1.7452078805960063e-06,0.009745926319391205,1.71200000000041e-11
766,0.21277777777777446,368,46,1.7448706883990912e-06,0.00974538487904013,1.720250000000412e-11
767,0.21305555555555222,370,46,1.7445373157647385e-06,0.009744843468769072,1.7285000000004154e-11
768,0.21333333333333,370,46,1.7442031520230287e-06,0.009744302088576363,1.736750000000418e-11
769,0.21361111111110775,370,46,1.7438692473046933e-06,0.009743760738460332,1.7450000000004206e-11
770,0.21388888888888552,370,46,1.7435315545132755e-06,0.009743219418419305,1.753250000000423e-11
771,0.21416666666666329,370,46,1.7431976685555985e-06,0.009742678128451615,1.7615000000004257e-11
772,0.21444444444444105,371,46,1.742852516729251e-06,0.009742136868555592,1.7697500000004283e-11
773,0.21472222222221882,371,46,1.7425141404149927e-06,0.009741595638729561,1.777750000000431e-11
774,0.21499999999999658,371,46,1.742168098177572e-06,0.009741054438971854,1.7857500000004344e-11
775,0.21527777777777435,371,46,1.7418299205002129e-06,0.0097405132692808,1.7940000000004367e-11
776,0.21555555555555211,372,46,1.7414875267573144e-06,0.009739972129654731,1.8020000000004397e-11
777,0.21583333333332988,372,46,1.7411494880715007e-06,0.009739431020091971,1.810000000000442e-11
778,0.21611111111110765,372,46,1.7408111144232854e-06,0.009738889940590858,1.8182500000004447e-11
779,0.2163888888888854,372,46,1.7404744574201128e-06,0.009738348891149712,1.826500000000448e-11
780,0.21666666666666318,371,47,1.7401318410348646e-06,0.009737807871766872,1.834750000000451e-11
781,0.21694444444444094,371,47,1.7397974753557914e-06,0.009737266882440662,1.8430000000004535e-11
782,0.2172222222222187,371,47,1.7394653636956854e-06,0.009736725923169416,1.8520000000004563e-11
783,0.21749999999999647,369,49,1.7391273757957945e-06,0.009736184993951461,1.860750000000459e-11
784,0.21777777777777424,369,49,1.73878566171556e-06,0.009735644094785131,1.869500000000462e-11
785,0.218055555555552,369,49,1.7384534773227628e-06,0.009735103225668756,1.878250000000465e-11
786,0.21833333333332977,369,49,1.7381197642121746e-06,0.009734562386600662,1.8870000000004677e-11
787,0.21861111111110754,369,49,1.7377837919611502e-06,0.009734021577579183,1.8960000000004706e-11
788,0.2188888888888853,369,49,1.7374435535568143e-06,0.009733480798602654,1.9047500000004736e-11
789,0.21916666666666307,369,49,1.7371091986420277e-06,0.009732940049669396,1.9135000000004766e-11
790,0.21944444444444083,369,49,1.7367725194969985e-06,0.009732399330777752,1.9225000000004795e-11
791,0.2197222222222186,369,49,1.7364383730154871e-06,0.00973185864192604,1.9315000000004827e-11
792,0.21999999999999637,369,49,1.7361051735751108e-06,0.009731317983112601,1.9405000000004856e-11
793,0.22027777777777413,369,49,1.7357744812770325e-06,0.00973077735433576,1.9492500000004883e-11
794,0.2205555555555519,369,49,1.735434561324981e-06,0.009730236755593853,1.9580000000004913e-11
795,0.22083333333332966,369,49,1.7350943662082393e-06,0.009729696186885212,1.966750000000495e-11
796,0.22111111111110743,369,49,1.7347580537191675e-06,0.00972915564820816,1.9755000000004977e-11
797,0.2213888888888852,369,49,1.7344231953105873e-06,0.009728615139561041,1.984500000000501e-11
798,0.22166666666666296,369,49,1.734077678240534e-06,0.009728074660942176,1.9937500000005036e-11
799,0.22194444444444072,368,50,1.7337442427068877e-06,0.009727534212349901,2.0030000000005067e-11
800,0.2222222222222185,368,50,1.7334107002344022e-06,0.009726993793782548,2.01200000000051e-11
801,0.22249999999999626,368,50,1.7330707254338062e-06,0.00972645340523845,2.0207500000005133e-11
802,0.22277777777777402,368,50,1.7327200225185622e-06,0.009725913046715938,2.0297500000005165e-11
803,0.2230555555555518,368,50,1.7323866016593308e-06,0.00972537271821334,2.0387500000005194e-11
804,0.22333333333332955,368,50,1.7320456229727843e-06,0.009724832419728997,2.0480000000005228e-11
805,0.22361111111110732,368,50,1.73169774024607e-06,0.009724292151261233,2.0572500000005256e-11
806,0.22388888888888508,368,50,1.7313625126456255e-06,0.009723751912808385,2.066000000000529e-11
807,0.22416666666666285,368,50,1.7310301355793506e-06,0.009723211704368786,2.0747500000005322e-11
808,0.22444444444444062,368,50,1.73070279607691e-06,0.009722671525940765,2.0837500000005354e-11
809,0.22472222222221838,368,50,1.730360704802968e-06,0.00972213137752266,2.0927500000005383e-11
810,0.22499999999999615,368,50,1.73002304241237e-06,0.009721591259112797,2.1015000000005417e-11
811,0.2252777777777739,368,50,1.7296807423518606e-06,0.009721051170709514,2.110250000000545e-11
812,0.22555555555555168,368,50,1.729341292032128e-06,0.00972051111231114,2.1190000000005483e-11
813,0.22583333333332944,368,50,1.7290026376719032e-06,0.009719971083916012,2.1277500000005517e-11
814,0.2261111111111072,368,50,1.728663483018919e-06,0.009719431085522461,2.1365000000005547e-11
815,0.22638888888888498,368,50,1.7283264173001775e-06,0.00971889111712882,2.1447500000005582e-11
816,0.22666666666666274,368,50,1.727982740156314e-06,0.009718351178733427,2.1527500000005613e-11
817,0.2269444444444405,368,50,1.7276420696145794e-06,0.00971781127033461,2.1610000000005648e-11
818,0.22722222222221827,368,50,1.727304927474238e-06,0.009717271391930703,2.169500000000568e-11
819,0.22749999999999604,368,50,1.7269677353581083e-06,0.00971673154352004,2.1780000000005714e-11
820,0.2277777777777738,368,50,1.72662862945319e-06,0.009716191725100956,2.186500000000575e-11
821,0.22805555555555157,368,50,1.726301253848636e-06,0.009715651936671784,2.195000000000578e-11
822,0.22833333333332934,368,50,1.7259600821987128e-06,0.009715112178230859,2.2032500000005812e-11
823,0.2286111111111071,369,50,1.7256216127593412e-06,0.009714572449776512,2.2112500000005846e-11
824,0.22888888888888487,369,50,1.7252952089209565e-06,0.00971403275130708,2.219500000000588e-11
825,0.22916666666666263,369,50,1.7249718617729969e-06,0.009713493082820894,2.2277500000005917e-11
826,0.2294444444444404,369,51,1.7246365489015327e-06,0.009712953444316297,2.236000000000595e-11
827,0.22972222222221816,370,51,1.7243005384895143e-06,0.009712413835791611,2.2442500000005985e-11
828,0.22999999999999593,371,51,1.7239593530308305e-06,0.009711874257245179,2.252250000000602e-11
829,0.2302777777777737,371,51,1.7236278831898456e-06,0.009711334708675332,2.2600000000006057e-11
830,0.23055555555555146,371,51,1.723283948926876e-06,0.009710795190080404,2.268000000000609e-11
831,0.23083333333332923,371,51,1.722950011400087e-06,0.009710255701458734,2.2762500000006126e-11
832,0.231111111111107,371,51,1.72261189530197e-06,0.009709716242808654,2.2845000000006158e-11
833,0.23138888888888476,370,52,1.7222762699248897e-06,0.009709176814128497,2.2930000000006196e-11
834,0.23166666666666252,369,53,1.7219406865088313e-06,0.009708637415416603,2.301500000000623e-11
835,0.2319444444444403,370,53,1.7216003269874527e-06,0.009708098046671302,2.3100000000006268e-11
836,0.23222222222221806,370,53,1.721266760209958e-06,0.009707558707890931,2.31850000000063e-11
837,0.23249999999999582,370,53,1.7209316940820263e-06,0.009707019399073827,2.3270000000006337e-11
838,0.2327777777777736,370,53,1.7205981332186141e-06,0.009706480120218321,2.3355000000006375e-11
839,0.23305555555555135,370,53,1.7202552963804998e-06,0.009705940871322757,2.344000000000641e-11
840,0.23333333333332912,370,53,1.7199198320775058e-06,0.00970540165238546,2.3525000000006447e-11
841,0.23361111111110688,370,53,1.71957934941252e-06,0.009704862463404773,2.3610000000006485e-11
842,0.23388888888888465,370,53,1.7192338760315076e-06,0.00970432330437903,2.3697500000006518e-11
843,0.23416666666666242,369,54,1.7189001773486096e-06,0.009703784175306563,2.3785000000006558e-11
844,0.23444444444444018,369,54,1.7185618223493585e-06,0.009703245076185711,2.3872500000006594e-11
845,0.23472222222221795,369,54,1.7182303546075559e-06,0.009702706007014814,2.3960000000006628e-11
846,0.2349999999999957,369,54,1.7178978885056563e-06,0.009702166967792202,2.4047500000006667e-11
847,0.23527777777777348,370,54,1.7175598828253345e-06,0.009701627958516215,2.4132500000006705e-11
848,0.23555555555555124,372,54,1.717217914176324e-06,0.009701088979185184,2.4217500000006743e-11
849,0.235833333333329,372,54,1.7168796986420737e-06,0.009700550029797453,2.4300000000006775e-11
850,0.23611111111110678,372,54,1.716544241153787e-06,0.009700011110351353,2.4382500000006814e-11
851,0.23638888888888454,372,54,1.7162101638256743e-06,0.009699472220845225,2.447000000000685e-11
852,0.2366666666666623,372,54,1.7158756641380445e-06,0.009698933361277398,2.455750000000689e-11
853,0.23694444444444007,372,54,1.7155347303063245e-06,0.009698394531646217,2.4645000000006927e-11
854,0.23722222222221784,372,54,1.7151893273934373e-06,0.009697855731950016,2.4735000000006966e-11
855,0.2374999999999956,371,55,1.7148554602408537e-06,0.009697316962187128,2.4825000000007e-11
856,0.23777777777777337,371,55,1.7145123681765666e-06,0.009696778222355897,2.4915000000007043e-11
857,0.23805555555555113,371,55,1.7141727256536846e-06,0.009696239512454654,2.5002500000007082e-11
858,0.2383333333333289,371,55,1.7138417682163495e-06,0.009695700832481743,2.5090000000007122e-11
859,0.23861111111110667,371,55,1.7135130164548647e-06,0.009695162182435492,2.518000000000716e-11
860,0.23888888888888443,372,55,1.7131695306337149e-06,0.00969462356231425,2.5270000000007196e-11
861,0.2391666666666622,372,55,1.7128242592814393e-06,0.009694084972116341,2.5360000000007235e-11
862,0.23944444444443996,372,55,1.7124890210537627e-06,0.009693546411840115,2.5450000000007273e-11
863,0.23972222222221773,372,55,1.712154458090706e-06,0.009693007881483902,2.5540000000007312e-11
864,0.2399999999999955,372,55,1.7118235515990846e-06,0.009692469381046039,2.563000000000735e-11
865,0.24027777777777326,372,55,1.7114893374706577e-06,0.009691930910524872,2.5720000000007396e-11
866,0.24055555555555103,372,55,1.7111401291169628e-06,0.009691392469918732,2.5810000000007434e-11
867,0.2408333333333288,372,55,1.71080253780641e-06,0.00969085405922596,2.5900000000007473e-11
868,0.24111111111110656,372,55,1.7104699711582499e-06,0.00969031567844489,2.599000000000751e-11
869,0.24138888888888432,372,55,1.7101373047447632e-06,0.009689777327573866,2.608000000000755e-11
870,0.2416666666666621,372,55,1.7097954883700046e-06,0.009689239006611226,2.6165000000007594e-11
871,0.24194444444443985,372,55,1.7094646452726132e-06,0.0096887007155553,2.6250000000007632e-11
872,0.24222222222221762,372,55,1.7091294574357225e-06,0.009688162454404436,2.6337500000007675e-11
873,0.24249999999999539,372,55,1.7087874419892702e-06,0.009687624223156973,2.6425000000007715e-11
874,0.24277777777777315,372,55,1.7084452146788657e-06,0.009687086021811238,2.6510000000007756e-11
875,0.24305555555555092,372,55,1.7081126876470243e-06,0.009686547850365584,2.6595000000007796e-11
876,0.24333333333332868,372,55,1.7077838936205576e-06,0.009686009708818341,2.668250000000784e-11
877,0.24361111111110645,372,55,1.7074485387698147e-06,0.009685471597167853,2.676750000000788e-11
878,0.24388888888888421,372,55,1.7071141333069455e-06,0.009684933515412454,2.685000000000792e-11
879,0.24416666666666198,372,55,1.7067726158452815e-06,0.009684395463550486,2.6932500000007958e-11
880,0.24444444444443975,373,55,1.7064313345898196e-06,0.00968385744158029,2.7017500000008002e-11
881,0.2447222222222175,373,55,1.7060897838106215e-06,0.009683319449500202,2.7102500000008043e-11
882,0.24499999999999528,373,55,1.7057659703492118e-06,0.009682781487308566,2.7187500000008084e-11
883,0.24527777777777304,373,55,1.7054466963376894e-06,0.009682243555003715,2.7270000000008126e-11
884,0.2455555555555508,373,55,1.7051178026259033e-06,0.00968170565258399,2.735250000000817e-11
885,0.24583333333332857,373,55,1.7047850843369409e-06,0.00968116778004774,2.7435000000008214e-11
886,0.24611111111110634,373,55,1.704451443843542e-06,0.009680629937393293,2.7512500000008255e-11
887,0.2463888888888841,374,55,1.7041150643140137e-06,0.009680092124618993,2.7590000000008293e-11
888,0.24666666666666187,374,55,1.703786708025714e-06,0.009679554341723181,2.7670000000008343e-11
889,0.24694444444443964,374,55,1.7034469925681883e-06,0.009679016588704199,2.7752500000008378e-11
890,0.2472222222222174,374,55,1.7031185515605928e-06,0.009678478865560378,2.7837500000008423e-11
891,0.24749999999999517,373,56,1.7027799507008862e-06,0.00967794117229007,2.7922500000008467e-11
892,0.24777777777777293,374,56,1.7024477585825954e-06,0.009677403508891612,2.800750000000851e-11
893,0.2480555555555507,374,56,1.7021149958469578e-06,0.009676865875363342,2.8092500000008552e-11
894,0.24833333333332847,374,56,1.7017875600487835e-06,0.009676328271703599,2.8177500000008593e-11
895,0.24861111111110623,373,57,1.701452686432575e-06,0.009675790697910726,2.826250000000863e-11
896,0.248888888888884,373,57,1.7011141999229869e-06,0.009675253153983062,2.835000000000868e-11
897,0.24916666666666176,373,57,1.7007835709714657e-06,0.009674715639918955,2.8437500000008726e-11
898,0.24944444444443953,373,57,1.700433861088728e-06,0.009674178155716735,2.8525000000008772e-11
899,0.2497222222222173,374,57,1.7001023661374228e-06,0.009673640701374754,2.8612500000008815e-11
900,0.24999999999999506,373,58,1.6997665027764362e-06,0.009673103276891346,2.869750000000886e-11
901,0.2502777777777728,373,58,1.6994310854725025e-06,0.009672565882264849,2.87825000000089e-11
902,0.2505555555555506,373,58,1.6990942887292443e-06,0.009672028517493615,2.8870000000008947e-11
903,0.25083333333332836,372,59,1.698750351180148e-06,0.009671491182575974,2.895750000000899e-11
904,0.2511111111111061,372,59,1.6984185373529588e-06,0.009670953877510274,2.9045000000009033e-11
905,0.2513888888888839,372,59,1.6980851040188775e-06,0.00967041660229486,2.913250000000908e-11
906,0.25166666666666165,372,59,1.697751807075033e-06,0.009669879356928065,2.922000000000912e-11
907,0.2519444444444394,372,59,1.6974196100872544e-06,0.009669342141408237,2.930750000000917e-11
908,0.2522222222222172,372,59,1.6970787976367793e-06,0.009668804955733717,2.939250000000921e-11
909,0.25249999999999495,372,59,1.6967428472844208e-06,0.009668267799902841,2.947750000000926e-11
910,0.2527777777777727,372,59,1.6964015300241345e-06,0.009667730673913959,2.9562500000009294e-11
911,0.2530555555555505,372,59,1.6960671296461348e-06,0.009667193577765408,2.9647500000009345e-11
912,0.25333333333332825,372,59,1.6957270119009815e-06,0.009666656511455533,2.973250000000939e-11
913,0.253611111111106,372,59,1.6953896708271333e-06,0.009666119474982674,2.9820000000009435e-11
914,0.2538888888888838,372,59,1.6950548575218952e-06,0.009665582468345178,2.990750000000948e-11
915,0.25416666666666154,372,59,1.694718924893349e-06,0.009665045491541381,2.9995000000009534e-11
916,0.2544444444444393,372,59,1.6943881207187823e-06,0.009664508544569628,3.0082500000009574e-11
917,0.2547222222222171,372,59,1.6940649562234108e-06,0.00966397162742826,3.017250000000962e-11
918,0.25499999999999484,371,60,1.6937255779799164e-06,0.009663434740115627,3.026250000000967e-11
919,0.2552777777777726,371,60,1.6933852804877956e-06,0.009662897882630065,3.0350000000009717e-11
920,0.2555555555555504,371,60,1.6930409014183125e-06,0.009662361054969919,3.043750000000977e-11
921,0.25583333333332814,371,60,1.6927018482513846e-06,0.009661824257133533,3.0522500000009814e-11
922,0.2561111111111059,371,60,1.6923632652203733e-06,0.00966128748911925,3.060750000000986e-11
923,0.25638888888888367,371,60,1.6920214215309808e-06,0.009660750750925411,3.0690000000009906e-11
924,0.25666666666666144,371,60,1.6916686957672042e-06,0.009660214042550358,3.077000000000995e-11
925,0.2569444444444392,371,60,1.691327096341623e-06,0.00965967736399244,3.085250000001e-11
926,0.25722222222221697,371,60,1.6909819195129273e-06,0.009659140715249995,3.0930000000010046e-11
927,0.25749999999999473,371,60,1.6906478648441678e-06,0.009658604096321369,3.10100000000101e-11
928,0.2577777777777725,370,61,1.6903053196364085e-06,0.009658067507204911,3.109250000001015e-11
929,0.25805555555555026,370,61,1.6899707808403503e-06,0.009657530947898953,3.117500000001019e-11
930,0.25833333333332803,370,61,1.6896299030834239e-06,0.00965699441840185,3.1257500000010244e-11
931,0.2586111111111058,370,61,1.6892892441649931e-06,0.009656457918711938,3.134000000001029e-11
932,0.25888888888888356,370,61,1.6889525968133552e-06,0.009655921448827565,3.1422500000010335e-11
933,0.2591666666666613,370,61,1.688620264932797e-06,0.009655385008747075,3.150500000001039e-11
934,0.2594444444444391,370,61,1.6882837678338547e-06,0.009654848598468815,3.158750000001044e-11
935,0.25972222222221686,370,61,1.6879519860778126e-06,0.009654312217991122,3.167000000001048e-11
936,0.2599999999999946,370,61,1.6876155915439096e-06,0.009653775867312343,3.1750000000010534e-11
937,0.2602777777777724,370,61,1.687276014313514e-06,0.009653239546430827,3.182750000001058e-11
938,0.26055555555555016,371,61,1.6869420158531754e-06,0.009652703255344914,3.190500000001063e-11
939,0.2608333333333279,371,61,1.686604675031792e-06,0.009652166994052951,3.198250000001068e-11
940,0.2611111111111057,371,61,1.6862487665227628e-06,0.00965163076255328,3.206000000001073e-11
941,0.26138888888888345,371,61,1.685908753287128e-06,0.009651094560844252,3.2135000000010773e-11
942,0.2616666666666612,371,61,1.6855622942732761e-06,0.009650558388924204,3.221000000001083e-11
943,0.261944444444439,371,61,1.6852164148073963e-06,0.009650022246791486,3.228500000001088e-11
944,0.26222222222221675,371,61,1.6848694000617927e-06,0.009649486134444442,3.236250000001092e-11
945,0.2624999999999945,371,61,1.684535941861072e-06,0.009648950051881417,3.244000000001097e-11
946,0.2627777777777723,371,61,1.6841995936920319e-06,0.00964841399910076,3.2517500000011024e-11
947,0.26305555555555005,371,61,1.6838605690045571e-06,0.009647877976100807,3.259500000001107e-11
948,0.2633333333333278,372,61,1.683528086936386e-06,0.009647341982879915,3.2672500000011126e-11
949,0.2636111111111056,372,61,1.6831823341981565e-06,0.00964680601943642,3.2750000000011177e-11
950,0.26388888888888334,372,61,1.6828354242350546e-06,0.009646270085768675,3.282750000001123e-11
951,0.2641666666666611,372,61,1.6825000844153406e-06,0.009645734181875022,3.290500000001128e-11
952,0.2644444444444389,372,61,1.6821555306934223e-06,0.009645198307753807,3.2985000000011325e-11
953,0.26472222222221664,371,62,1.6818111383886523e-06,0.009644662463403376,3.306500000001138e-11
954,0.2649999999999944,372,62,1.6814660858553134e-06,0.009644126648822077,3.3145000000011424e-11
955,0.2652777777777722,372,62,1.6811209979133572e-06,0.009643590864008253,3.322500000001148e-11
956,0.26555555555554994,372,62,1.6807863913921046e-06,0.009643055108960252,3.3307500000011526e-11
957,0.2658333333333277,371,63,1.6804453287312782e-06,0.009642519383676421,3.339000000001158e-11
958,0.26611111111110547,371,63,1.6801136769721874e-06,0.009641983688155107,3.3472500000011636e-11
959,0.26638888888888324,371,63,1.6797727582856816e-06,0.009641448022394654,3.3555000000011685e-11
960,0.266666666666661,371,63,1.6794341464829777e-06,0.009640912386393412,3.363750000001173e-11
961,0.26694444444443877,371,63,1.679080489218443e-06,0.009640376780149722,3.372000000001179e-11
962,0.26722222222221653,371,63,1.6787349346678196e-06,0.009639841203661934,3.3802500000011843e-11
963,0.2674999999999943,371,63,1.6783987908197857e-06,0.0096393056569284,3.388500000001189e-11
964,0.26777777777777206,371,63,1.678067589403532e-06,0.00963877013994746,3.3965000000011945e-11
965,0.26805555555554983,371,63,1.677728569065146e-06,0.009638234652717462,3.4045000000012004e-11
966,0.2683333333333276,371,63,1.6773901507803093e-06,0.009637699195236757,3.412500000001204e-11
967,0.26861111111110536,371,63,1.6770576085369346e-06,0.009637163767503688,3.420500000001209e-11
968,0.2688888888888831,371,63,1.6767242309275974e-06,0.009636628369516606,3.428500000001215e-11
969,0.2691666666666609,371,63,1.6763845368671061e-06,0.009636093001273854,3.43650000000122e-11
970,0.26944444444443866,371,63,1.6760428209578806e-06,0.009635557662773785,3.444250000001226e-11
971,0.2697222222222164,371,63,1.6757016826792373e-06,0.009635022354014743,3.4520000000012305e-11
972,0.2699999999999942,371,63,1.6753643312575158e-06,0.009634487074995075,3.459750000001236e-11
973,0.27027777777777195,371,63,1.6750270400113957e-06,0.00963395182571313,3.4675000000012413e-11
974,0.2705555555555497,370,64,1.6746889094422742e-06,0.009633416606167258,3.4755000000012466e-11
975,0.2708333333333275,370,64,1.6743550254873785e-06,0.009632881416355805,3.4832500000012524e-11
976,0.27111111111110525,370,64,1.6740243666832115e-06,0.009632346256277118,3.4910000000012575e-11
977,0.271388888888883,370,64,1.6736826033238616e-06,0.009631811125929549,3.498750000001263e-11
978,0.2716666666666608,370,64,1.6733328699804178e-06,0.00963127602531144,3.506500000001268e-11
979,0.27194444444443855,370,64,1.6729918287306734e-06,0.009630740954421148,3.5142500000012734e-11
980,0.2722222222222163,370,64,1.6726553202096733e-06,0.009630205913257013,3.522000000001279e-11
981,0.2724999999999941,370,64,1.6723172310217302e-06,0.009629670901817386,3.5300000000012844e-11
982,0.27277777777777185,369,65,1.6719771013373932e-06,0.00962913592010062,3.53800000000129e-11
983,0.2730555555555496,369,65,1.6716377381186872e-06,0.009628600968105059,3.5460000000012957e-11
984,0.2733333333333274,369,65,1.6712965882769219e-06,0.009628066045829053,3.5540000000013e-11
985,0.27361111111110514,370,65,1.6709745256982472e-06,0.009627531153270951,3.5620000000013056e-11
986,0.2738888888888829,370,65,1.670636209133772e-06,0.009626996290429103,3.5700000000013115e-11
987,0.2741666666666607,370,65,1.6703054194815676e-06,0.00962646145730186,3.5780000000013175e-11
988,0.27444444444443844,371,65,1.669970802451941e-06,0.009625926653887566,3.586000000001322e-11
989,0.2747222222222162,371,65,1.669620673592559e-06,0.00962539188018457,3.5940000000013274e-11
990,0.27499999999999397,371,65,1.669284646173962e-06,0.009624857136191229,3.6020000000013334e-11
991,0.27527777777777174,371,65,1.6689514868346705e-06,0.009624322421905885,3.610250000001339e-11
992,0.2755555555555495,370,66,1.6686165072091242e-06,0.00962378773732689,3.6185000000013444e-11
993,0.27583333333332727,370,66,1.6682757962580158e-06,0.009623253082452592,3.62650000000135e-11
994,0.27611111111110503,370,66,1.6679403508133888e-06,0.009622718457281349,3.6345000000013556e-11
995,0.2763888888888828,370,67,1.667600238240745e-06,0.009622183861811497,3.64250000000136e-11
996,0.27666666666666057,370,67,1.6672620137151237e-06,0.009621649296041396,3.650500000001367e-11
997,0.27694444444443833,370,67,1.6669167148436232e-06,0.009621114759969396,3.6587500000013724e-11
998,0.2772222222222161,370,67,1.6665816102710972e-06,0.009620580253593844,3.667000000001378e-11
999,0.27749999999999386,370,67,1.6662373409531663e-06,0.009620045776913088,3.675000000001384e-11
1000,0.27777777777777163,370,67,1.665891309736664e-06,0.00961951132992548,3.683000000001389e-11
1001,0.2780555555555494,370,67,1.6655547369179187e-06,0.009618976912629376,3.691000000001395e-11
1002,0.27833333333332716,370,67,1.6652177523849364e-06,0.00961844252502312,3.6992500000014006e-11
1003,0.2786111111111049,370,67,1.6648843256247547e-06,0.009617908167105062,3.707250000001406e-11
1004,0.2788888888888827,370,67,1.6645420687165791e-06,0.009617373838873558,3.7152500000014125e-11
1005,0.27916666666666046,370,67,1.6642020272557228e-06,0.009616839540326954,3.723250000001418e-11
1006,0.2794444444444382,370,67,1.6638679998935576e-06,0.0096163052714636,3.731250000001424e-11
1007,0.279722222222216,370,67,1.6635408966306871e-06,0.009615771032281853,3.7392500000014296e-11
1008,0.27999999999999375,371,67,1.6632090403316202e-06,0.00961523682278006,3.747250000001435e-11
1009,0.2802777777777715,371,67,1.6628731048709579e-06,0.009614702642956573,3.755250000001441e-11
1010,0.2805555555555493,371,67,1.6625394093797167e-06,0.009614168492809742,3.763250000001446e-11
1011,0.28083333333332705,371,67,1.6621999597017794e-06,0.00961363437233792,3.771250000001452e-11
1012,0.2811111111111048,371,67,1.6618628289944135e-06,0.009613100281539456,3.779000000001458e-11
1013,0.2813888888888826,371,67,1.6615279176929113e-06,0.009612566220412705,3.786750000001464e-11
1014,0.28166666666666035,371,67,1.66119013319595e-06,0.009612032188956014,3.79475000000147e-11
1015,0.2819444444444381,370,68,1.660853932150608e-06,0.009611498187167743,3.8027500000014755e-11
1016,0.2822222222222159,370,68,1.6605254379170418e-06,0.009610964215046232,3.8110000000014816e-11
1017,0.28249999999999365,369,69,1.660191599738588e-06,0.009610430272589841,3.819250000001487e-11
1018,0.2827777777777714,369,69,1.6598550529921845e-06,0.00960989635979692,3.8277500000014935e-11
1019,0.2830555555555492,368,70,1.6595155527744046e-06,0.00960936247666582,3.836250000001499e-11
1020,0.28333333333332694,368,70,1.659179297558368e-06,0.009608828623194895,3.844750000001505e-11
1021,0.2836111111111047,368,70,1.6588511621154038e-06,0.009608294799382496,3.8532500000015106e-11
1022,0.2838888888888825,368,70,1.6585179073710685e-06,0.009607761005226973,3.861750000001517e-11
1023,0.28416666666666024,368,70,1.6581694612847e-06,0.009607227240726683,3.8700000000015225e-11
1024,0.284444444444438,368,70,1.6578465311021163e-06,0.009606693505879976,3.8782500000015286e-11
1025,0.28472222222221577,368,70,1.6575059095782062e-06,0.009606159800685207,3.887000000001535e-11
1026,0.28499999999999354,367,71,1.65716676759448e-06,0.009605626125140723,3.89550000000154e-11
1027,0.2852777777777713,367,71,1.6568248316572422e-06,0.009605092479244884,3.903750000001547e-11
1028,0.28555555555554907,367,71,1.6564872295959782e-06,0.009604558862996035,3.912250000001552e-11
1029,0.28583333333332683,367,71,1.6561375141212198e-06,0.009604025276392538,3.9210000000015587e-11
1030,0.2861111111111046,367,71,1.655803839585707e-06,0.009603491719432738,3.930000000001565e-11
1031,0.28638888888888236,366,72,1.6554638093924562e-06,0.00960295819211499,3.939000000001571e-11
1032,0.28666666666666013,365,73,1.6551283802646644e-06,0.009602424694437652,3.948000000001577e-11
1033,0.2869444444444379,365,73,1.6547911135889554e-06,0.009601891226399073,3.9567500000015836e-11
1034,0.28722222222221566,365,73,1.654446200491768e-06,0.009601357787997606,3.965500000001589e-11
1035,0.2874999999999934,364,74,1.6540990871374484e-06,0.009600824379231607,3.974250000001595e-11
1036,0.2877777777777712,364,74,1.6537538335105483e-06,0.00960029100009943,3.9832500000016015e-11
1037,0.28805555555554896,364,74,1.653417648173713e-06,0.009599757650599422,3.992250000001607e-11
1038,0.2883333333333267,364,74,1.6530777137349398e-06,0.009599224330729945,4.001250000001614e-11
1039,0.2886111111111045,364,74,1.6527464662268336e-06,0.00959869104048935,4.01000000000162e-11
1040,0.28888888888888226,364,74,1.6524269674801503e-06,0.00959815777987599,4.0187500000016256e-11
1041,0.28916666666666,364,74,1.652099172739252e-06,0.009597624548888219,4.0277500000016324e-11
1042,0.2894444444444378,364,74,1.6517632167656542e-06,0.00959709134752439,4.036500000001638e-11
1043,0.28972222222221555,366,74,1.6514283775084456e-06,0.009596558175782864,4.045250000001645e-11
1044,0.2899999999999933,366,74,1.651091220737295e-06,0.009596025033661986,4.053500000001651e-11
1045,0.2902777777777711,366,74,1.6507513865214652e-06,0.009595491921160115,4.061500000001657e-11
1046,0.29055555555554885,366,74,1.6504227502529493e-06,0.00959495883827561,4.069750000001663e-11
1047,0.2908333333333266,366,74,1.650092462744368e-06,0.009594425785006815,4.0782500000016695e-11
1048,0.2911111111111044,365,75,1.6497604079779875e-06,0.009593892761352094,4.086750000001676e-11
1049,0.29138888888888215,365,75,1.6494195175714137e-06,0.009593359767309795,4.095250000001683e-11
1050,0.2916666666666599,365,75,1.649100572174613e-06,0.009592826802878278,4.103750000001689e-11
1051,0.2919444444444377,365,75,1.6487675739665277e-06,0.009592293868055898,4.112500000001695e-11
1052,0.29222222222221544,366,75,1.6484357926887786e-06,0.009591760962841003,4.1212500000017017e-11
1053,0.2924999999999932,366,75,1.6481028397210287e-06,0.009591228087231958,4.1300000000017076e-11
1054,0.292777777777771,366,75,1.647773680427048e-06,0.009590695241227114,4.139000000001714e-11
1055,0.29305555555554874,365,76,1.6474316570590565e-06,0.009590162424824824,4.1482500000017207e-11
1056,0.2933333333333265,364,77,1.6470916123233376e-06,0.009589629638023444,4.157250000001726e-11
1057,0.2936111111111043,364,77,1.646766256724495e-06,0.009589096880821331,4.166250000001733e-11
1058,0.29388888888888204,364,77,1.6464439454539064e-06,0.009588564153216843,4.175500000001739e-11
1059,0.2941666666666598,363,78,1.6461158174826812e-06,0.00958803145520833,4.184750000001746e-11
1060,0.29444444444443757,363,78,1.6457719641576916e-06,0.009587498786794152,4.1937500000017523e-11
1061,0.29472222222221534,363,78,1.6454236087055471e-06,0.009586966147972664,4.2027500000017584e-11
1062,0.2949999999999931,363,78,1.6450857199586311e-06,0.009586433538742221,4.2122500000017656e-11
1063,0.29527777777777087,363,78,1.6447623579263343e-06,0.009585900959101182,4.2217500000017715e-11
1064,0.29555555555554863,363,78,1.6444334173498429e-06,0.0095853684090479,4.231250000001778e-11
1065,0.2958333333333264,363,78,1.6440978693915345e-06,0.009584835888580728,4.2405000000017844e-11
1066,0.29611111111110416,363,78,1.643758847802223e-06,0.009584303397698031,4.249500000001791e-11
1067,0.29638888888888193,364,78,1.6434227109854674e-06,0.009583770936398157,4.258500000001798e-11
1068,0.2966666666666597,364,78,1.6430812552780234e-06,0.009583238504679471,4.267500000001804e-11
1069,0.29694444444443746,364,78,1.6427388267813237e-06,0.009582706102540323,4.276750000001811e-11
1070,0.2972222222222152,364,78,1.6424066818402951e-06,0.00958217372997907,4.2860000000018173e-11
1071,0.297499999999993,364,78,1.642074837495165e-06,0.009581641386994069,4.295250000001824e-11
1072,0.29777777777777076,364,78,1.6417425724482165e-06,0.009581109073583683,4.30475000000183e-11
1073,0.2980555555555485,363,79,1.6414162776297463e-06,0.009580576789746262,4.3142500000018374e-11
1074,0.2983333333333263,363,79,1.6410927648724796e-06,0.009580044535480165,4.323500000001843e-11
1075,0.29861111111110406,363,79,1.640756683952095e-06,0.00957951231078375,4.33275000000185e-11
1076,0.2988888888888818,364,79,1.6404262035404672e-06,0.009578980115655373,4.342000000001857e-11
1077,0.2991666666666596,365,79,1.6400910445812337e-06,0.009578447950093393,4.351000000001864e-11
1078,0.29944444444443735,365,79,1.6397552671095514e-06,0.009577915814096165,4.3600000000018705e-11
1079,0.2997222222222151,365,79,1.6394340896292953e-06,0.009577383707662049,4.368750000001877e-11
1080,0.2999999999999929,365,79,1.6391118253303235e-06,0.009576851630789402,4.377500000001884e-11
1081,0.30027777777777065,365,79,1.638776248397231e-06,0.00957631958347658,4.3862500000018915e-11
1082,0.3005555555555484,365,79,1.6384513634113348e-06,0.009575787565721944,4.3952500000018976e-11
1083,0.3008333333333262,365,79,1.6381183976364912e-06,0.009575255577523846,4.4042500000019044e-11
1084,0.30111111111110395,364,80,1.6377880106936064e-06,0.009574723618880652,4.413000000001911e-11
1085,0.3013888888888817,364,80,1.6374625687304644e-06,0.009574191689790715,4.421500000001918e-11
1086,0.3016666666666595,364,80,1.6371273215765068e-06,0.009573659790252393,4.430000000001925e-11
1087,0.30194444444443724,364,80,1.6367981802697392e-06,0.009573127920264046,4.438750000001931e-11
1088,0.302222222222215,364,80,1.6364644458938624e-06,0.009572596079824032,4.447500000001939e-11
1089,0.3024999999999928,364,80,1.6361447679664353e-06,0.00957206426893071,4.4560000000019444e-11
1090,0.30277777777777054,364,80,1.635819236579462e-06,0.009571532487582433,4.4645000000019514e-11
1091,0.3030555555555483,364,80,1.6354857606513284e-06,0.009571000735777569,4.472750000001959e-11
1092,0.30333333333332607,364,80,1.6351573973352442e-06,0.009570469013514472,4.4810000000019657e-11
1093,0.30361111111110384,364,80,1.6348298875668032e-06,0.009569937320791498,4.489750000001973e-11
1094,0.3038888888888816,364,80,1.6344999731053256e-06,0.00956940565760701,4.4985000000019794e-11
1095,0.30416666666665937,364,80,1.634162658912984e-06,0.009568874023959366,4.507250000001986e-11
1096,0.30444444444443713,364,80,1.6338364726517043e-06,0.009568342419846923,4.516000000001993e-11
1097,0.3047222222222149,364,80,1.6335040108089775e-06,0.009567810845268043,4.524750000002e-11
1098,0.30499999999999267,364,80,1.6331701278858087e-06,0.009567279300221084,4.5335000000020063e-11
1099,0.30527777777777043,364,80,1.6328338808807838e-06,0.009566747784704406,4.542250000002014e-11
1100,0.3055555555555482,363,81,1.6325013312164454e-06,0.009566216298716367,4.551000000002021e-11
1101,0.30583333333332596,363,81,1.6321573708289104e-06,0.009565684842255326,4.559750000002027e-11
1102,0.30611111111110373,364,81,1.6318324358242056e-06,0.009565153415319647,4.568750000002035e-11
1103,0.3063888888888815,363,82,1.6315056963796566e-06,0.009564622017907684,4.5777500000020415e-11
1104,0.30666666666665926,362,83,1.6311834762486454e-06,0.009564090650017803,4.587000000002049e-11
1105,0.306944444444437,362,83,1.6308555792355715e-06,0.009563559311648356,4.596250000002056e-11
1106,0.3072222222222148,362,83,1.6305302737955752e-06,0.009563028002797711,4.605500000002063e-11
1107,0.30749999999999256,362,83,1.6301946385410208e-06,0.00956249672346422,4.6145000000020705e-11
1108,0.3077777777777703,362,83,1.6298584090711866e-06,0.009561965473646253,4.623500000002077e-11
1109,0.3080555555555481,362,83,1.6295179588010233e-06,0.00956143425334216,4.632500000002085e-11
1110,0.30833333333332585,363,83,1.6291964138221929e-06,0.009560903062550308,4.641500000002092e-11
1111,0.3086111111111036,363,83,1.628868044167515e-06,0.009560371901269054,4.650750000002099e-11
1112,0.3088888888888814,364,83,1.6285347366735017e-06,0.009559840769496763,4.659250000002106e-11
1113,0.30916666666665915,364,83,1.6281980848526506e-06,0.009559309667231794,4.667500000002113e-11
1114,0.3094444444444369,365,83,1.6278675723616278e-06,0.0095587785944725,4.67625000000212e-11
1115,0.3097222222222147,364,84,1.6275335058874872e-06,0.009558247551217255,4.6852500000021275e-11
1116,0.30999999999999245,364,84,1.6272055037539275e-06,0.009557716537464407,4.694250000002135e-11
1117,0.3102777777777702,364,84,1.626868181697897e-06,0.009557185553212328,4.703250000002142e-11
1118,0.310555555555548,364,84,1.626532837946416e-06,0.00955665459845937,4.712000000002149e-11
1119,0.31083333333332575,364,84,1.6261974943537987e-06,0.009556123673203902,4.721000000002156e-11
1120,0.3111111111111035,364,84,1.6258660958541833e-06,0.009555592777444279,4.7300000000021637e-11
1121,0.3113888888888813,365,84,1.6255285631647146e-06,0.009555061911178867,4.739000000002171e-11
1122,0.31166666666665904,365,84,1.6251959409715271e-06,0.009554531074406025,4.748000000002179e-11
1123,0.3119444444444368,365,84,1.6248606505977724e-06,0.009554000267124113,4.756500000002186e-11
1124,0.3122222222222146,365,84,1.6245241308850363e-06,0.009553469489331494,4.764500000002193e-11
1125,0.31249999999999234,365,84,1.6241921727421483e-06,0.009552938741026532,4.7727500000022e-11
1126,0.3127777777777701,365,84,1.6238467203025444e-06,0.009552408022207587,4.781500000002207e-11
1127,0.31305555555554787,365,84,1.6235192116189525e-06,0.009551877332873021,4.7902500000022146e-11
1128,0.31333333333332564,366,84,1.623188026665741e-06,0.009551346673021193,4.799000000002222e-11
1129,0.3136111111111034,366,84,1.622865607629751e-06,0.009550816042650472,4.8077500000022297e-11
1130,0.31388888888888117,366,84,1.622539986859489e-06,0.009550285441759211,4.817000000002237e-11
1131,0.31416666666665893,364,86,1.6222135958147781e-06,0.009549754870345782,4.826500000002244e-11
1132,0.3144444444444367,363,87,1.6218884067690258e-06,0.00954922432840854,4.836000000002252e-11
1133,0.31472222222221446,363,87,1.6215535002686515e-06,0.009548693815945851,4.8455000000022595e-11
1134,0.31499999999999223,363,87,1.6212226312265733e-06,0.009548163332956076,4.8550000000022666e-11
1135,0.31527777777777,363,87,1.6208908881010752e-06,0.009547632879437579,4.864500000002273e-11
1136,0.31555555555554776,363,87,1.6205663644202992e-06,0.009547102455388723,4.8740000000022804e-11
1137,0.3158333333333255,363,87,1.6202323822291397e-06,0.009546572060807867,4.883500000002289e-11
1138,0.3161111111111033,363,87,1.6198954448910157e-06,0.009546041695693378,4.8930000000022966e-11
1139,0.31638888888888106,363,87,1.6195659989501101e-06,0.009545511360043618,4.902250000002304e-11
1140,0.3166666666666588,363,87,1.6192413023472104e-06,0.009544981053856951,4.911500000002312e-11
1141,0.3169444444444366,363,87,1.6189052109303616e-06,0.009544450777131735,4.92100000000232e-11
1142,0.31722222222221436,362,88,1.6185797238163893e-06,0.009543920529866343,4.929750000002326e-11
1143,0.3174999999999921,362,88,1.6182540393237735e-06,0.009543390312059127,4.938500000002334e-11
1144,0.3177777777777699,362,88,1.6179240472864385e-06,0.009542860123708457,4.9472500000023413e-11
1145,0.31805555555554765,362,88,1.6175923570288621e-06,0.009542329964812695,4.956250000002349e-11
1146,0.3183333333333254,362,88,1.6172543524316871e-06,0.009541799835370205,4.965500000002357e-11
1147,0.3186111111111032,361,89,1.6169249475085528e-06,0.009541269735379351,4.974750000002364e-11
1148,0.31888888888888095,361,89,1.616586293778428e-06,0.009540739664838498,4.9835000000023725e-11
1149,0.3191666666666587,361,89,1.6162573146491991e-06,0.009540209623746005,4.9920000000023795e-11
1150,0.3194444444444365,361,89,1.6159322512152525e-06,0.009539679612100243,5.0010000000023876e-11
1151,0.31972222222221425,361,89,1.6155978563412767e-06,0.009539149629899569,5.010250000002395e-11
1152,0.319999999999992,362,89,1.6152693217639024e-06,0.009538619677142353,5.019250000002402e-11
1153,0.3202777777777698,362,89,1.6149378135135201e-06,0.009538089753826959,5.02825000000241e-11
1154,0.32055555555554754,362,89,1.614599639591395e-06,0.009537559859951746,5.037250000002418e-11
1155,0.3208333333333253,362,89,1.6142713723064007e-06,0.009537029995515083,5.0462500000024255e-11
1156,0.3211111111111031,362,89,1.6139478343053744e-06,0.00953650016051533,5.055500000002433e-11
1157,0.32138888888888084,362,89,1.613623073041665e-06,0.009535970354950858,5.0647500000024414e-11
1158,0.3216666666666586,362,89,1.613290049872769e-06,0.00953544057882003,5.0737500000024494e-11
1159,0.3219444444444364,363,89,1.6129647707781522e-06,0.009534910832121206,5.082750000002457e-11
1160,0.32222222222221414,363,89,1.6126256458228017e-06,0.009534381114852757,5.0917500000024636e-11
1161,0.3224999999999919,363,89,1.6122955341046633e-06,0.009533851427013042,5.100750000002473e-11
1162,0.32277777777776967,363,89,1.6119720675695403e-06,0.00953332176860043,5.10950000000248e-11
1163,0.32305555555554744,363,89,1.611638904883115e-06,0.009532792139613284,5.118250000002488e-11
1164,0.3233333333333252,364,89,1.6112992330008894e-06,0.009532262540049973,5.127000000002495e-11
1165,0.32361111111110297,364,89,1.6109702625648668e-06,0.009531732969908861,5.135750000002504e-11
1166,0.32388888888888073,364,89,1.610641127137817e-06,0.00953120342918831,5.1445000000025116e-11
1167,0.3241666666666585,364,89,1.6103137622037292e-06,0.00953067391788669,5.1535000000025183e-11
1168,0.32444444444443626,364,89,1.6099739501703966e-06,0.009530144436002363,5.162500000002528e-11
1169,0.32472222222221403,364,89,1.6096485275325541e-06,0.009529614983533696,5.171500000002536e-11
1170,0.3249999999999918,364,89,1.6093195286933866e-06,0.009529085560479055,5.1805000000025425e-11
1171,0.32527777777776956,364,89,1.608990786182872e-06,0.009528556166836805,5.18975000000255e-11
1172,0.3255555555555473,363,90,1.6086548643248106e-06,0.009528026802605317,5.199000000002559e-11
1173,0.3258333333333251,363,90,1.6083248519130555e-06,0.00952749746778295,5.2082500000025667e-11
1174,0.32611111111110286,363,90,1.6079896176406028e-06,0.009526968162368074,5.217500000002574e-11
1175,0.3263888888888806,363,90,1.60765661426195e-06,0.00952643888635905,5.2267500000025826e-11
1176,0.3266666666666584,363,90,1.6073284083824462e-06,0.009525909639754257,5.2357500000025906e-11
1177,0.32694444444443616,363,90,1.60700414229254e-06,0.009525380422552047,5.2447500000025987e-11
1178,0.3272222222222139,363,90,1.6066759673303615e-06,0.009524851234750796,5.253750000002607e-11
1179,0.3274999999999917,363,90,1.6063506315418634e-06,0.009524322076348863,5.2630000000026156e-11
1180,0.32777777777776945,363,90,1.6060184721596503e-06,0.009523792947344624,5.272000000002624e-11
1181,0.3280555555555472,363,90,1.6057034247409618e-06,0.009523263847736437,5.281000000002631e-11
1182,0.328333333333325,363,90,1.6053765869054e-06,0.009522734777522674,5.2902500000026394e-11
1183,0.32861111111110275,363,90,1.6050419519353373e-06,0.0095222057367017,5.299750000002648e-11
1184,0.3288888888888805,362,91,1.6047128963867096e-06,0.009521676725271887,5.309250000002656e-11
1185,0.3291666666666583,363,91,1.6043766355150448e-06,0.009521147743231593,5.3185000000026646e-11
1186,0.32944444444443605,363,91,1.6040414767369639e-06,0.00952061879057919,5.327750000002672e-11
1187,0.3297222222222138,363,91,1.6037117373278838e-06,0.00952008986731305,5.3370000000026805e-11
1188,0.3299999999999916,363,91,1.603384598328935e-06,0.009519560973431531,5.346250000002688e-11
1189,0.33027777777776934,363,91,1.603055842656308e-06,0.009519032108933007,5.355500000002697e-11
1190,0.3305555555555471,363,91,1.6027214488839814e-06,0.009518503273815846,5.364500000002705e-11
1191,0.3308333333333249,363,91,1.602401645216103e-06,0.00951797446807841,5.373500000002713e-11
1192,0.33111111111110264,363,91,1.6020752347300154e-06,0.009517445691719074,5.382500000002721e-11
1193,0.3313888888888804,363,91,1.6017326704198272e-06,0.0095169169447362,5.391500000002729e-11
1194,0.33166666666665817,363,91,1.6013994465242e-06,0.009516388227128159,5.400500000002738e-11
1195,0.33194444444443594,363,91,1.6010727005396048e-06,0.009515859538893319,5.4095000000027454e-11
1196,0.3322222222222137,363,91,1.6007440081017284e-06,0.009515330880030048,5.418500000002755e-11
1197,0.33249999999999147,363,91,1.6004116970609224e-06,0.009514802250536714,5.427500000002763e-11
1198,0.33277777777776923,363,91,1.600078500111555e-06,0.009514273650411685,5.436500000002771e-11
1199,0.333055555555547,364,91,1.5997480618316837e-06,0.009513745079653328,5.445500000002779e-11
1200,0.33333333333332477,364,91,1.5994029157972164e-06,0.009513216538260014,5.4545000000027876e-11
1201,0.33361111111110253,364,91,1.5990683724111973e-06,0.009512688026230114,5.4635000000027957e-11
1202,0.3338888888888803,364,91,1.598740371318481e-06,0.009512159543561988,5.472250000002805e-11
1203,0.33416666666665806,363,92,1.5984153014713346e-06,0.009511631090254012,5.481000000002812e-11
1204,0.33444444444443583,363,92,1.5980879411860262e-06,0.009511102666304554,5.4897500000028205e-11
1205,0.3347222222222136,363,92,1.597749142010305e-06,0.009510574271711982,5.498500000002829e-11
1206,0.33499999999999136,363,92,1.59741202359792e-06,0.009510045906474666,5.5070000000028386e-11
1207,0.3352777777777691,364,92,1.5970797832735687e-06,0.009509517570590972,5.515500000002846e-11
1208,0.3355555555555469,364,92,1.59674502664125e-06,0.009508989264059273,5.524250000002854e-11
1209,0.33583333333332466,364,92,1.5964001535474515e-06,0.009508460986877937,5.533000000002864e-11
1210,0.3361111111111024,364,92,1.5960638905371256e-06,0.009507932739045334,5.542000000002872e-11
1211,0.3363888888888802,363,93,1.5957339711039457e-06,0.009507404520559832,5.5507500000028805e-11
1212,0.33666666666665795,363,93,1.595399394278514e-06,0.0095068763314198,5.559250000002888e-11
1213,0.3369444444444357,363,93,1.595067164179339e-06,0.00950634817162361,5.568000000002897e-11
1214,0.3372222222222135,364,93,1.5947480772084535e-06,0.009505820041169632,5.576750000002906e-11
1215,0.33749999999999125,364,93,1.594421794921321e-06,0.009505291940056235,5.585500000002914e-11
1216,0.337777777777769,364,93,1.5940832821948477e-06,0.009504763868281786,5.594250000002923e-11
1217,0.3380555555555468,364,93,1.5937513723710359e-06,0.009504235825844662,5.603000000002931e-11
1218,0.33833333333332455,364,93,1.5934181162419468e-06,0.009503707812743225,5.61175000000294e-11
1219,0.3386111111111023,364,93,1.5930779255649664e-06,0.009503179828975852,5.620500000002948e-11
1220,0.3388888888888801,364,93,1.5927576361416566e-06,0.009502651874540911,5.6292500000029574e-11
1221,0.33916666666665785,364,93,1.5924249564601923e-06,0.009502123949436768,5.638000000002966e-11
1222,0.3394444444444356,364,93,1.5920842548114157e-06,0.009501596053661798,5.6467500000029744e-11
1223,0.3397222222222134,364,93,1.5917499850328375e-06,0.009501068187214374,5.655500000002983e-11
1224,0.33999999999999114,365,93,1.5914232715811552e-06,0.009500540350092863,5.6642500000029914e-11
1225,0.3402777777777689,365,93,1.591093319075796e-06,0.009500012542295634,5.6732500000029995e-11
1226,0.3405555555555467,364,94,1.5907480718391474e-06,0.009499484763821063,5.682250000003009e-11
1227,0.34083333333332444,364,94,1.590409643996353e-06,0.009498957014667518,5.691250000003018e-11
1228,0.3411111111111022,364,94,1.5900673966429684e-06,0.00949842929483337,5.700250000003026e-11
1229,0.34138888888887997,364,94,1.589737293773719e-06,0.009497901604316992,5.709250000003035e-11
1230,0.34166666666665774,364,94,1.58940787448785e-06,0.009497373943116751,5.7180000000030434e-11
1231,0.3419444444444355,364,94,1.5890690093787845e-06,0.009496846311231023,5.7267500000030526e-11
1232,0.34222222222221327,364,94,1.5887413006336243e-06,0.00949631870865818,5.735500000003062e-11
1233,0.34249999999999103,364,94,1.5884027464400613e-06,0.009495791135396586,5.74450000000307e-11
1234,0.3427777777777688,364,94,1.5880697578029751e-06,0.009495263591444621,5.753500000003079e-11
1235,0.34305555555554657,364,94,1.587737344901402e-06,0.009494736076800648,5.762500000003087e-11
1236,0.34333333333332433,364,94,1.5873995467025351e-06,0.009494208591463047,5.7715000000030966e-11
1237,0.3436111111111021,365,94,1.5870626265691131e-06,0.00949368113543019,5.780250000003105e-11
1238,0.34388888888887986,365,94,1.586738209380021e-06,0.009493153708700443,5.7890000000031136e-11
1239,0.34416666666665763,365,94,1.5863987136489844e-06,0.009492626311272184,5.798250000003123e-11
1240,0.3444444444444354,365,95,1.586067490566904e-06,0.009492098943143781,5.807500000003131e-11
1241,0.34472222222221316,365,95,1.5857318545740754e-06,0.009491571604313607,5.816750000003141e-11
1242,0.3449999999999909,365,95,1.5853915695649101e-06,0.009491044294780034,5.82600000000315e-11
1243,0.3452777777777687,365,95,1.5850599427981962e-06,0.009490517014541434,5.83525000000316e-11
1244,0.34555555555554646,365,95,1.5847314026805889e-06,0.009489989763596184,5.844500000003168e-11
1245,0.3458333333333242,365,95,1.5844071987226829e-06,0.009489462541942651,5.853750000003177e-11
1246,0.346111111111102,366,95,1.5840718025496526e-06,0.00948893534957921,5.863000000003185e-11
1247,0.34638888888887975,366,95,1.5837381980223202e-06,0.009488408186504232,5.872000000003194e-11
1248,0.3466666666666575,366,95,1.5834107500424139e-06,0.009487881052716094,5.881000000003203e-11
1249,0.3469444444444353,366,95,1.5830853214476734e-06,0.009487353948213166,5.890000000003213e-11
1250,0.34722222222221305,366,95,1.5827474145243208e-06,0.009486826872993822,5.898750000003221e-11
1251,0.3474999999999908,367,95,1.582410140624054e-06,0.009486299827056432,5.907750000003231e-11
1252,0.3477777777777686,367,95,1.5820742627905588e-06,0.009485772810399374,5.91675000000324e-11
1253,0.34805555555554635,368,95,1.5817466648044538e-06,0.00948524582302102,5.926000000003249e-11
1254,0.3483333333333241,367,96,1.5814171180997632e-06,0.00948471886491974,5.935000000003258e-11
1255,0.3486111111111019,367,96,1.5810869989357671e-06,0.009484191936093914,5.944000000003268e-11
1256,0.34888888888887964,367,96,1.5807579561696017e-06,0.009483665036541907,5.953000000003276e-11
1257,0.3491666666666574,367,96,1.5804174505432839e-06,0.009483138166262098,5.962000000003285e-11
1258,0.3494444444444352,367,96,1.580082654012372e-06,0.009482611325252865,5.971000000003294e-11
1259,0.34972222222221294,367,96,1.5797485774282772e-06,0.009482084513512573,5.979750000003303e-11
1260,0.3499999999999907,367,96,1.5794140304505685e-06,0.0094815577310396,5.988500000003313e-11
1261,0.3502777777777685,367,96,1.5790833237030295e-06,0.009481030977832318,5.997250000003321e-11
1262,0.35055555555554624,367,96,1.5787492060022821e-06,0.009480504253889107,6.005750000003332e-11
1263,0.350833333333324,367,96,1.5784119970019086e-06,0.009479977559208335,6.014250000003339e-11
1264,0.35111111111110177,367,96,1.5780804902714655e-06,0.009479450893788379,6.02275000000335e-11
1265,0.35138888888887954,367,96,1.5777478562251878e-06,0.009478924257627613,6.031250000003358e-11
1266,0.3516666666666573,367,96,1.577418875555786e-06,0.009478397650724413,6.039750000003368e-11
1267,0.35194444444443507,367,96,1.57709152932647e-06,0.00947787107307715,6.048250000003378e-11
1268,0.35222222222221283,367,96,1.5767588984676607e-06,0.009477344524684201,6.056500000003386e-11
1269,0.3524999999999906,367,96,1.5764281207388258e-06,0.009476818005543942,6.064750000003395e-11
1270,0.35277777777776836,368,96,1.576105923848192e-06,0.009476291515654746,6.073250000003406e-11
1271,0.35305555555554613,368,96,1.5757580455328368e-06,0.009475765055014988,6.081750000003414e-11
1272,0.3533333333333239,368,96,1.5754250532174684e-06,0.009475238623623043,6.090250000003424e-11
1273,0.35361111111110166,368,96,1.57508333161593e-06,0.009474712221477286,6.098750000003433e-11
1274,0.3538888888888794,368,96,1.574743975265449e-06,0.009474185848576093,6.107250000003443e-11
1275,0.3541666666666572,368,96,1.5744047383996214e-06,0.009473659504917839,6.115750000003451e-11
1276,0.35444444444443496,368,96,1.5740755832574827e-06,0.0094731331905009,6.124250000003461e-11
1277,0.3547222222222127,367,97,1.5737306718332295e-06,0.00947260690532365,6.132500000003471e-11
1278,0.3549999999999905,367,97,1.5734016038004451e-06,0.009472080649384467,6.140750000003481e-11
1279,0.35527777777776826,367,97,1.5730755206970488e-06,0.009471554422681723,6.149250000003489e-11
1280,0.355555555555546,367,97,1.5727412481287798e-06,0.009471028225213797,6.1577500000035e-11
1281,0.3558333333333238,367,97,1.5724050350255195e-06,0.009470502056979064,6.166250000003508e-11
1282,0.35611111111110155,367,97,1.5720667489570422e-06,0.009469975917975897,6.174750000003518e-11
1283,0.3563888888888793,367,97,1.5717291401684274e-06,0.009469449808202676,6.183250000003527e-11
1284,0.3566666666666571,367,97,1.5713914203219694e-06,0.009468923727657778,6.191750000003537e-11
1285,0.35694444444443485,367,97,1.571049232283514e-06,0.009468397676339573,6.200250000003545e-11
1286,0.3572222222222126,367,97,1.5707088693015735e-06,0.009467871654246446,6.208750000003555e-11
1287,0.3574999999999904,367,97,1.5703668148923572e-06,0.009467345661376764,6.216750000003567e-11
1288,0.35777777777776815,367,97,1.5700274043366023e-06,0.00946681969772891,6.224750000003573e-11
1289,0.3580555555555459,367,97,1.5696851936066877e-06,0.009466293763301258,6.233000000003586e-11
1290,0.3583333333333237,366,98,1.5693485384122506e-06,0.009465767858092188,6.241250000003593e-11
1291,0.35861111111110144,367,98,1.5690106645150702e-06,0.00946524198210007,6.249500000003603e-11
1292,0.3588888888888792,367,98,1.568676141268667e-06,0.009464716135323287,6.257750000003613e-11
1293,0.359166666666657,367,98,1.5683359014288513e-06,0.009464190317760213,6.265750000003624e-11
1294,0.35944444444443474,367,98,1.5679888818371204e-06,0.009463664529409228,6.273750000003632e-11
1295,0.3597222222222125,367,98,1.567653488462047e-06,0.009463138770268706,6.28200000000364e-11
1296,0.35999999999999027,367,98,1.567320371367165e-06,0.009462613040337025,6.290500000003651e-11
1297,0.36027777777776804,366,99,1.5669790257300573e-06,0.009462087339612561,6.29875000000366e-11
1298,0.3605555555555458,366,99,1.5666373833259945e-06,0.009461561668093695,6.30700000000367e-11
1299,0.36083333333332357,366,99,1.5663093278149357e-06,0.009461036025778802,6.315250000003681e-11
1300,0.36111111111110133,367,99,1.565969831445911e-06,0.009460510412666259,6.32400000000369e-11
1301,0.3613888888888791,366,100,1.5656391379764372e-06,0.009459984828754443,6.3327500000037e-11
1302,0.36166666666665687,366,100,1.5653120147450225e-06,0.009459459274041737,6.341500000003709e-11
1303,0.36194444444443463,366,100,1.5649845340556745e-06,0.009458933748526513,6.350250000003718e-11
1304,0.3622222222222124,366,100,1.564644518646615e-06,0.00945840825220715,6.359250000003729e-11
1305,0.36249999999999016,365,101,1.5643110754546109e-06,0.009457882785082026,6.368250000003738e-11
1306,0.36277777777776793,365,101,1.563970031624816e-06,0.009457357347149522,6.377500000003749e-11
1307,0.3630555555555457,364,102,1.563651426566995e-06,0.009456831938408015,6.386750000003757e-11
1308,0.36333333333332346,364,102,1.5633097672718026e-06,0.009456306558855881,6.396000000003767e-11
1309,0.3636111111111012,364,102,1.5629761802073396e-06,0.009455781208491502,6.405250000003776e-11
1310,0.363888888888879,364,102,1.5626406257061694e-06,0.009455255887313253,6.414250000003786e-11
1311,0.36416666666665676,364,102,1.5623070423886422e-06,0.009454730595319512,6.423250000003798e-11
1312,0.3644444444444345,364,102,1.5619688709205956e-06,0.009454205332508661,6.432250000003806e-11
1313,0.3647222222222123,364,102,1.5616322936792594e-06,0.009453680098879078,6.440750000003816e-11
1314,0.36499999999999005,364,102,1.5612921512493296e-06,0.009453154894429142,6.449250000003827e-11
1315,0.3652777777777678,364,102,1.5609680655209188e-06,0.00945262971915723,6.458250000003837e-11
1316,0.3655555555555456,364,102,1.5606271702535712e-06,0.00945210457306172,6.467000000003846e-11
1317,0.36583333333332335,364,102,1.5602909994740638e-06,0.009451579456140993,6.475750000003856e-11
1318,0.3661111111111011,363,103,1.5599638919421673e-06,0.00945105436839343,6.484250000003867e-11
1319,0.3663888888888789,363,103,1.5596255144819548e-06,0.009450529309817409,6.493000000003878e-11
1320,0.36666666666665665,363,103,1.5592883235551593e-06,0.009450004280411308,6.501750000003885e-11
1321,0.3669444444444344,363,103,1.5589603902196688e-06,0.00944947928017351,6.510500000003896e-11
1322,0.3672222222222122,363,103,1.5586282290509014e-06,0.00944895430910239,6.519750000003905e-11
1323,0.36749999999998995,362,104,1.5582941684764446e-06,0.009448429367196327,6.529000000003916e-11
1324,0.3677777777777677,362,104,1.5579568906333797e-06,0.009447904454453706,6.538000000003926e-11
1325,0.3680555555555455,362,104,1.5576248178186839e-06,0.009447379570872905,6.547000000003938e-11
1326,0.36833333333332324,362,104,1.557291110269787e-06,0.0094468547164523,6.556250000003947e-11
1327,0.368611111111101,362,104,1.5569489927100568e-06,0.009446329891190276,6.565500000003957e-11
1328,0.3688888888888788,362,104,1.556611645843711e-06,0.009445805095085209,6.574750000003966e-11
1329,0.36916666666665654,362,104,1.5562888002789202e-06,0.009445280328135481,6.584000000003976e-11
1330,0.3694444444444343,362,104,1.5559479720511095e-06,0.009444755590339476,6.593000000003986e-11
1331,0.36972222222221207,362,104,1.5556145667434794e-06,0.009444230881695569,6.602000000003996e-11
1332,0.36999999999998984,362,104,1.5552746481110506e-06,0.00944370620220214,6.611000000004007e-11
1333,0.3702777777777676,362,104,1.5549401807455129e-06,0.009443181551857575,6.620000000004016e-11
1334,0.37055555555554537,362,104,1.5545980844821633e-06,0.009442656930660251,6.629250000004028e-11
1335,0.37083333333332313,362,104,1.5542619697986287e-06,0.009442132338608548,6.638500000004038e-11
1336,0.3711111111111009,362,104,1.5539324987024808e-06,0.009441607775700847,6.647750000004047e-11
1337,0.37138888888887867,362,104,1.5535870648665443e-06,0.00944108324193553,6.657000000004057e-11
1338,0.37166666666665643,362,104,1.5532580187083415e-06,0.009440558737310978,6.666250000004068e-11
1339,0.3719444444444342,362,104,1.5529179386499454e-06,0.009440034261825572,6.675500000004078e-11
1340,0.37222222222221196,363,104,1.5525739562617145e-06,0.009439509815477693,6.684750000004089e-11
1341,0.37249999999998973,363,104,1.5522424061172497e-06,0.009438985398265723,6.693750000004098e-11
1342,0.3727777777777675,363,104,1.5519009673843517e-06,0.009438461010188042,6.702500000004107e-11
1343,0.37305555555554526,363,104,1.5515687208896662e-06,0.009437936651243033,6.711250000004118e-11
1344,0.373333333333323,363,104,1.5512318941751746e-06,0.009437412321429074,6.72025000000413e-11
1345,0.3736111111111008,364,104,1.5509068160823136e-06,0.009436888020744551,6.729250000004138e-11
1346,0.37388888888887856,364,104,1.5505826984951968e-06,0.009436363749187842,6.73825000000415e-11
1347,0.3741666666666563,364,104,1.550241472374051e-06,0.009435839506757332,6.747000000004159e-11
1348,0.3744444444444341,364,104,1.5499025386232005e-06,0.009435315293451403,6.755750000004171e-11
1349,0.37472222222221185,364,104,1.5495666170881946e-06,0.009434791109268434,6.764500000004181e-11
1350,0.3749999999999896,364,104,1.5492297033320867e-06,0.00943426695420681,6.773500000004191e-11
1351,0.3752777777777674,364,104,1.5488904430820341e-06,0.009433742828264908,6.7822500000042e-11
1352,0.37555555555554515,364,104,1.5485524648389809e-06,0.009433218731441118,6.790750000004211e-11
1353,0.3758333333333229,364,104,1.5482212709099517e-06,0.009432694663733813,6.799250000004222e-11
1354,0.3761111111111007,364,104,1.5478806531094676e-06,0.009432170625141385,6.807500000004234e-11
1355,0.37638888888887845,364,104,1.5475441216330484e-06,0.00943164661566221,6.815750000004242e-11
1356,0.3766666666666562,364,104,1.5472116770755309e-06,0.009431122635294673,6.824250000004255e-11
1357,0.376944444444434,363,105,1.5468668803735052e-06,0.009430598684037157,6.833000000004264e-11
1358,0.37722222222221174,363,105,1.5465331895225125e-06,0.009430074761888044,6.841500000004275e-11
1359,0.3774999999999895,363,105,1.5462042331402967e-06,0.009429550868845718,6.850000000004285e-11
1360,0.3777777777777673,363,105,1.5458773095458198e-06,0.00942902700490856,6.859000000004295e-11
1361,0.37805555555554504,362,106,1.5455442437488417e-06,0.009428503170074952,6.867750000004306e-11
1362,0.3783333333333228,362,106,1.5452074616461753e-06,0.009427979364343284,6.876500000004316e-11
1363,0.3786111111111006,362,106,1.54486955426554e-06,0.009427455587711932,6.885500000004328e-11
1364,0.37888888888887834,362,106,1.5445356371886073e-06,0.009426931840179282,6.894500000004338e-11
1365,0.3791666666666561,362,106,1.544202933368357e-06,0.009426408121743717,6.903500000004349e-11
1366,0.37944444444443387,362,106,1.5438722410897043e-06,0.009425884432403619,6.912250000004359e-11
1367,0.37972222222221164,361,107,1.5435481096667046e-06,0.009425360772157375,6.92100000000437e-11
1368,0.3799999999999894,361,107,1.5432229865070615e-06,0.009424837141003367,6.92975000000438e-11
1369,0.38027777777776717,361,107,1.5428829077193781e-06,0.009424313538939976,6.938500000004391e-11
1370,0.38055555555554493,361,107,1.5425592094870598e-06,0.009423789965965592,6.947500000004402e-11
1371,0.3808333333333227,360,108,1.5422362405656365e-06,0.009423266422078594,6.956500000004412e-11
1372,0.38111111111110046,361,108,1.541904093161509e-06,0.009422742907277367,6.965500000004425e-11
1373,0.38138888888887823,362,108,1.5415680751760773e-06,0.009422219421560296,6.974500000004435e-11
1374,0.381666666666656,362,108,1.5412444093741537e-06,0.009421695964925767,6.983500000004445e-11
1375,0.38194444444443376,362,108,1.5409057864807731e-06,0.009421172537372161,6.992500000004456e-11
1376,0.3822222222222115,362,108,1.5405739009461715e-06,0.009420649138897862,7.001250000004465e-11
1377,0.3824999999999893,362,108,1.5402281558523725e-06,0.009420125769501258,7.010000000004475e-11
1378,0.38277777777776706,362,108,1.5399007031478915e-06,0.009419602429180728,7.018500000004486e-11
1379,0.3830555555555448,362,108,1.5395741461172053e-06,0.009419079117934664,7.027000000004498e-11
1380,0.3833333333333226,362,108,1.5392365554405585e-06,0.009418555835761445,7.035500000004508e-11
1381,0.38361111111110036,362,108,1.5389024382524276e-06,0.00941803258265946,7.04400000000452e-11
1382,0.3838888888888781,362,108,1.5385710063845138e-06,0.009417509358627089,7.052500000004531e-11
1383,0.3841666666666559,362,108,1.5382369970260143e-06,0.009416986163662721,7.061000000004541e-11
1384,0.38444444444443365,362,108,1.53789875301254e-06,0.009416462997764741,7.069750000004552e-11
1385,0.3847222222222114,361,109,1.5375785498688041e-06,0.00941593986093153,7.078250000004563e-11
1386,0.3849999999999892,361,109,1.5372514686320916e-06,0.009415416753161479,7.086750000004573e-11
1387,0.38527777777776695,361,109,1.5369195185065125e-06,0.009414893674452971,7.095000000004584e-11
1388,0.3855555555555447,361,109,1.5365875513592357e-06,0.00941437062480439,7.103250000004596e-11
1389,0.3858333333333225,361,109,1.5362515941124523e-06,0.009413847604214124,7.111500000004606e-11
1390,0.38611111111110025,361,109,1.5359108160363973e-06,0.009413324612680556,7.119500000004617e-11
1391,0.386388888888878,361,109,1.535578984833037e-06,0.009412801650202076,7.127750000004627e-11
1392,0.3866666666666558,361,109,1.5352391695777402e-06,0.009412278716777064,7.136000000004637e-11
1393,0.38694444444443354,361,109,1.5348999748054962e-06,0.00941175581240391,7.144000000004649e-11
1394,0.3872222222222113,361,109,1.5345714928485909e-06,0.009411232937080998,7.151750000004661e-11
1395,0.3874999999999891,361,109,1.5342318934349207e-06,0.009410710090806716,7.15975000000467e-11
1396,0.38777777777776684,361,109,1.5339015369432882e-06,0.00941018727357945,7.167500000004681e-11
1397,0.3880555555555446,361,109,1.5335526782701962e-06,0.009409664485397587,7.175250000004694e-11
1398,0.3883333333333224,362,109,1.5332129408293532e-06,0.009409141726259507,7.183000000004703e-11
1399,0.38861111111110014,363,109,1.5328720486253344e-06,0.009408618996163605,7.191000000004715e-11
1400,0.3888888888888779,363,109,1.532540220815257e-06,0.009408096295108262,7.199000000004725e-11
1401,0.38916666666665567,363,109,1.5322104814774125e-06,0.009407573623091869,7.207000000004736e-11
1402,0.38944444444443344,363,109,1.5318790091529973e-06,0.00940705098011281,7.215000000004746e-11
1403,0.3897222222222112,363,109,1.5315436778007985e-06,0.009406528366169467,7.223000000004758e-11
1404,0.38999999999998897,363,109,1.5312112403422817e-06,0.009406005781260237,7.23100000000477e-11
1405,0.39027777777776673,363,109,1.5308776798451856e-06,0.0094054832253835,7.239000000004782e-11
1406,0.3905555555555445,363,109,1.5305465415403993e-06,0.009404960698537647,7.247000000004791e-11
1407,0.39083333333332226,363,109,1.5302259693704798e-06,0.009404438200721062,7.255000000004804e-11
1408,0.39111111111110003,362,110,1.529895016030189e-06,0.009403915731932133,7.263250000004813e-11
1409,0.3913888888888778,361,111,1.529559864391948e-06,0.00940339329216925,7.271500000004825e-11
1410,0.39166666666665556,361,111,1.5292244059341996e-06,0.009402870881430794,7.279750000004837e-11
1411,0.3919444444444333,361,111,1.5288868382105665e-06,0.00940234849971516,7.287750000004846e-11
1412,0.3922222222222111,361,111,1.5285493947692729e-06,0.00940182614702073,7.295750000004857e-11
1413,0.39249999999998886,361,111,1.5282147434676565e-06,0.009401303823345898,7.304000000004869e-11
1414,0.3927777777777666,362,111,1.5278809342269484e-06,0.009400781528689046,7.312000000004879e-11
1415,0.3930555555555444,362,111,1.527555945183111e-06,0.009400259263048561,7.319750000004891e-11
1416,0.39333333333332215,362,111,1.527221679901406e-06,0.009399737026422838,7.327500000004904e-11
1417,0.3936111111110999,362,111,1.5268808382722886e-06,0.009399214818810259,7.335250000004913e-11
1418,0.3938888888888777,362,111,1.526543205527522e-06,0.009398692640209216,7.343000000004924e-11
1419,0.39416666666665545,361,112,1.5262102398463387e-06,0.009398170490618089,7.350750000004938e-11
1420,0.3944444444444332,362,112,1.5258689614549535e-06,0.009397648370035282,7.358500000004947e-11
1421,0.394722222222211,362,112,1.5255298287120917e-06,0.00939712627845917,7.366250000004958e-11
1422,0.39499999999998875,362,112,1.5251965807068997e-06,0.009396604215888142,7.37400000000497e-11
1423,0.3952777777777665,362,112,1.5248609851471748e-06,0.009396082182320593,7.382000000004981e-11
1424,0.3955555555555443,361,113,1.5245233192290131e-06,0.009395560177754909,7.389750000004993e-11
1425,0.39583333333332205,361,113,1.5241819743283574e-06,0.009395038202189477,7.397500000005005e-11
1426,0.3961111111110998,361,113,1.5238583793881362e-06,0.009394516255622688,7.405500000005014e-11
1427,0.3963888888888776,361,113,1.5235308470203858e-06,0.009393994338052934,7.413500000005027e-11
1428,0.39666666666665534,361,113,1.5232088797837232e-06,0.009393472449478598,7.421500000005038e-11
1429,0.3969444444444331,361,113,1.5228822237677522e-06,0.009392950589898072,7.429500000005051e-11
1430,0.3972222222222109,361,113,1.5225590879512781e-06,0.009392428759309745,7.43750000000506e-11
1431,0.39749999999998864,361,113,1.5222220266335966e-06,0.009391906957712004,7.445500000005072e-11
1432,0.3977777777777664,361,113,1.5218824366567227e-06,0.009391385185103246,7.453250000005084e-11
1433,0.39805555555554417,361,113,1.5215578403475608e-06,0.009390863441481849,7.461250000005095e-11
1434,0.39833333333332194,360,114,1.5212194021246958e-06,0.009390341726846212,7.469250000005108e-11
1435,0.3986111111110997,360,114,1.5208871091548182e-06,0.009389820041194718,7.477250000005117e-11
1436,0.39888888888887747,360,114,1.5205623102549734e-06,0.009389298384525766,7.48500000000513e-11
1437,0.39916666666665523,359,115,1.5202272849075439e-06,0.009388776756837736,7.492750000005141e-11
1438,0.399444444444433,359,115,1.519893488321976e-06,0.009388255158129024,7.500750000005152e-11
1439,0.39972222222221077,359,115,1.5195600207132725e-06,0.009387733588398017,7.508750000005163e-11
1440,0.39999999999998853,359,115,1.5192245508006089e-06,0.009387212047643107,7.516750000005175e-11
1441,0.4002777777777663,359,115,1.5188910994435198e-06,0.00938669053586268,7.524750000005187e-11
1442,0.40055555555554406,359,115,1.5185695788259418e-06,0.009386169053055135,7.532750000005199e-11
1443,0.40083333333332183,359,115,1.5182313296134388e-06,0.009385647599218854,7.540500000005211e-11
1444,0.4011111111110996,359,115,1.5178933847718419e-06,0.009385126174352231,7.548250000005222e-11
1445,0.40138888888887736,360,115,1.5175549823909483e-06,0.009384604778453655,7.556000000005234e-11
1446,0.4016666666666551,360,115,1.5172246465271574e-06,0.009384083411521518,7.563750000005245e-11
1447,0.4019444444444329,360,115,1.5168870546293932e-06,0.009383562073554213,7.571500000005256e-11
1448,0.40222222222221066,360,115,1.5165551789051937e-06,0.009383040764550127,7.579250000005267e-11
1449,0.4024999999999884,362,115,1.5162278006219206e-06,0.009382519484507653,7.587000000005279e-11
1450,0.4027777777777662,362,115,1.5159012899270904e-06,0.009381998233425181,7.595000000005292e-11
1451,0.40305555555554395,361,116,1.5155815745848153e-06,0.009381477011301102,7.603000000005304e-11
1452,0.4033333333333217,362,116,1.5152579789138428e-06,0.009380955818133805,7.611250000005315e-11
1453,0.4036111111110995,361,117,1.5149219121529678e-06,0.009380434653921688,7.619500000005325e-11
1454,0.40388888888887725,361,117,1.5145841553805203e-06,0.009379913518663137,7.628000000005337e-11
1455,0.404166666666655,360,118,1.5142659510244254e-06,0.009379392412356547,7.63650000000535e-11
1456,0.4044444444444328,360,118,1.5139428652114116e-06,0.009378871335000306,7.64500000000536e-11
1457,0.40472222222221055,360,118,1.5136178614703389e-06,0.009378350286592802,7.653500000005373e-11
1458,0.4049999999999883,360,118,1.5132939042479845e-06,0.009377829267132437,7.662000000005385e-11
1459,0.4052777777777661,360,118,1.5129729367441164e-06,0.0093773082766176,7.670250000005396e-11
1460,0.40555555555554385,360,118,1.5126395849933013e-06,0.009376787315046677,7.678500000005409e-11
1461,0.4058333333333216,360,118,1.5123142535394338e-06,0.009376266382418062,7.686750000005421e-11
1462,0.4061111111110994,360,118,1.5119886338436853e-06,0.00937574547873015,7.694750000005432e-11
1463,0.40638888888887714,360,118,1.5116583991739253e-06,0.009375224603981332,7.702500000005444e-11
1464,0.4066666666666549,360,118,1.511329836169914e-06,0.00937470375817,7.710250000005456e-11
1465,0.4069444444444327,360,118,1.510996875698088e-06,0.009374182941294546,7.718000000005468e-11
1466,0.40722222222221044,360,118,1.510660815999502e-06,0.009373662153353364,7.72575000000548e-11
1467,0.4074999999999882,361,118,1.5103257137394847e-06,0.009373141394344843,7.73350000000549e-11
1468,0.40777777777776597,361,118,1.5099801041169416e-06,0.009372620664267382,7.741250000005504e-11
1469,0.40805555555554374,361,118,1.5096514867123004e-06,0.009372099963119367,7.749000000005515e-11
1470,0.4083333333333215,361,118,1.5093271020927105e-06,0.009371579290899193,7.756750000005527e-11
1471,0.40861111111109927,361,118,1.508994128646198e-06,0.009371058647605257,7.764500000005539e-11
1472,0.40888888888887703,361,118,1.508670358141125e-06,0.009370538033235945,7.772500000005551e-11
1473,0.4091666666666548,360,119,1.5083420665821598e-06,0.009370017447789652,7.780500000005564e-11
1474,0.40944444444443256,360,119,1.5080031329323924e-06,0.009369496891264777,7.788250000005575e-11
1475,0.40972222222221033,360,119,1.507668897538856e-06,0.009368976363659708,7.796000000005587e-11
1476,0.4099999999999881,360,119,1.5073448965037241e-06,0.00936845586497284,7.803750000005599e-11
1477,0.41027777777776586,360,119,1.5070173402910172e-06,0.00936793539520256,7.811500000005611e-11
1478,0.4105555555555436,361,119,1.5066863974195227e-06,0.009367414954347272,7.819250000005622e-11
1479,0.4108333333333214,361,119,1.5063494753430713e-06,0.009366894542405364,7.827000000005636e-11
1480,0.41111111111109916,361,119,1.5060222029611405e-06,0.00936637415937523,7.835000000005646e-11
1481,0.4113888888888769,360,120,1.5056916903540703e-06,0.009365853805255267,7.843000000005659e-11
1482,0.4116666666666547,360,120,1.5053646936856382e-06,0.009365333480043862,7.85100000000567e-11
1483,0.41194444444443246,360,120,1.5050289904750683e-06,0.009364813183739414,7.859000000005683e-11
1484,0.4122222222222102,360,120,1.504696746142828e-06,0.009364292916340321,7.867000000005694e-11
1485,0.412499999999988,360,120,1.5043661022446149e-06,0.009363772677844969,7.875000000005706e-11
1486,0.41277777777776575,360,120,1.5040258960456081e-06,0.009363252468251756,7.883000000005718e-11
1487,0.4130555555555435,360,120,1.5037004109408117e-06,0.009362732287559074,7.891000000005728e-11
1488,0.4133333333333213,360,120,1.5033810545150098e-06,0.009362212135765323,7.899000000005743e-11
1489,0.41361111111109905,360,120,1.5030459615494745e-06,0.00936169201286889,7.907250000005755e-11
1490,0.4138888888888768,359,121,1.502704904933965e-06,0.009361171918868177,7.915000000005768e-11
1491,0.4141666666666546,360,121,1.5023652191672288e-06,0.009360651853761575,7.922500000005779e-11
1492,0.41444444444443235,360,121,1.5020278317894729e-06,0.009360131817547477,7.93000000000579e-11
1493,0.4147222222222101,360,121,1.501697827357036e-06,0.009359611810224279,7.937500000005803e-11
1494,0.4149999999999879,360,121,1.5013634104600342e-06,0.009359091831790378,7.945000000005814e-11
1495,0.41527777777776564,360,121,1.5010291148073463e-06,0.009358571882244168,7.952500000005827e-11
1496,0.4155555555555434,360,121,1.500702256793811e-06,0.009358051961584042,7.96000000000584e-11
1497,0.4158333333333212,360,121,1.5003784422008423e-06,0.009357532069808399,7.967750000005852e-11
1498,0.41611111111109894,359,122,1.500052629441321e-06,0.009357012206915634,7.975750000005864e-11
1499,0.4163888888888767,357,124,1.4997286075601201e-06,0.009356492372904137,7.983750000005877e-11
1500,0.4166666666666545,357,124,1.4994138648843785e-06,0.00935597256777231,7.992000000005889e-11
1501,0.41694444444443224,356,125,1.4990906370659292e-06,0.009355452791518545,8.0000000000059e-11
1502,0.41722222222221,356,125,1.4987624707652068e-06,0.00935493304414124,8.008000000005913e-11
1503,0.41749999999998777,356,125,1.4984309247929006e-06,0.009354413325638786,8.016000000005924e-11
1504,0.41777777777776554,356,125,1.4981033057338631e-06,0.009353893636009587,8.024000000005938e-11
1505,0.4180555555555433,356,125,1.4977801250906148e-06,0.009353373975252028,8.032000000005949e-11
1506,0.41833333333332107,357,125,1.4974680921189924e-06,0.009352854343364515,8.039750000005961e-11
1507,0.41861111111109883,357,125,1.4971374685990876e-06,0.009352334740345438,8.047500000005975e-11
1508,0.4188888888888766,357,125,1.4968224994977534e-06,0.0093518151661932,8.055250000005986e-11
1509,0.41916666666665436,357,125,1.4964858061964557e-06,0.009351295620906188,8.063000000006e-11
1510,0.41944444444443213,357,125,1.4961581608290577e-06,0.009350776104482804,8.070750000006012e-11
1511,0.4197222222222099,357,125,1.4958334853780117e-06,0.009350256616921444,8.078500000006024e-11
1512,0.41999999999998766,357,125,1.4955032931215049e-06,0.009349737158220505,8.086250000006036e-11
1513,0.4202777777777654,357,125,1.4951739824817809e-06,0.009349217728378382,8.093750000006049e-11
1514,0.4205555555555432,357,125,1.4948371666734816e-06,0.009348698327393472,8.101250000006061e-11
1515,0.42083333333332096,357,125,1.494499420452516e-06,0.009348178955264174,8.108750000006074e-11
1516,0.4211111111110987,357,125,1.4941728002650597e-06,0.009347659611988881,8.116250000006087e-11
1517,0.4213888888888765,357,125,1.4938426457083305e-06,0.009347140297565993,8.124000000006099e-11
1518,0.42166666666665426,357,125,1.4935146766836293e-06,0.009346621011993907,8.131750000006111e-11
1519,0.421944444444432,357,125,1.4931856754070012e-06,0.009346101755271017,8.139500000006123e-11
1520,0.4222222222222098,357,125,1.4928522648944388e-06,0.009345582527395724,8.147250000006135e-11
1521,0.42249999999998755,357,125,1.4925267907808582e-06,0.009345063328366427,8.155000000006148e-11
1522,0.4227777777777653,357,125,1.4921904277688872e-06,0.009344544158181518,8.162750000006161e-11
1523,0.4230555555555431,357,125,1.491865191509506e-06,0.009344025016839399,8.170500000006172e-11
1524,0.42333333333332085,358,125,1.4915421469956902e-06,0.009343505904338462,8.178250000006187e-11
1525,0.4236111111110986,358,125,1.4912135320434413e-06,0.009342986820677109,8.186000000006199e-11
1526,0.4238888888888764,358,125,1.4908865936011375e-06,0.00934246776585374,8.19375000000621e-11
1527,0.42416666666665415,358,125,1.4905508288378398e-06,0.009341948739866749,8.201500000006222e-11
1528,0.4244444444444319,359,125,1.4902267511108397e-06,0.009341429742714532,8.209250000006237e-11
1529,0.4247222222222097,359,125,1.489895247170101e-06,0.009340910774395493,8.217000000006248e-11
1530,0.42499999999998744,359,125,1.4895537796092382e-06,0.009340391834908028,8.224500000006262e-11
1531,0.4252777777777652,359,125,1.4892161405840855e-06,0.009339872924250535,8.231750000006273e-11
1532,0.425555555555543,360,125,1.4888797144924096e-06,0.009339354042421408,8.239000000006285e-11
1533,0.42583333333332074,360,125,1.488537435380969e-06,0.009338835189419052,8.2462500000063e-11
1534,0.4261111111110985,360,125,1.4882023356399091e-06,0.009338316365241864,8.253750000006312e-11
1535,0.42638888888887627,360,125,1.4878748345789578e-06,0.009337797569888237,8.261250000006324e-11
1536,0.42666666666665404,360,125,1.4875423741906846e-06,0.00933727880335658,8.268750000006336e-11
1537,0.4269444444444318,360,125,1.4872038203662175e-06,0.009336760065645279,8.27625000000635e-11
1538,0.42722222222220957,360,125,1.4868689070024387e-06,0.009336241356752747,8.284250000006362e-11
1539,0.42749999999998733,359,127,1.4865357409333989e-06,0.00933572267667737,8.292000000006375e-11
1540,0.4277777777777651,359,127,1.4862003147074867e-06,0.009335204025417555,8.299750000006388e-11
1541,0.42805555555554287,359,127,1.4858668132854315e-06,0.0093346854029717,8.3075000000064e-11
1542,0.42833333333332063,359,127,1.4855280911363862e-06,0.009334166809338202,8.315250000006412e-11
1543,0.4286111111110984,359,127,1.4851896631881015e-06,0.009333648244515462,8.322750000006426e-11
1544,0.42888888888887616,359,127,1.4848659497434135e-06,0.009333129708501878,8.330250000006439e-11
1545,0.42916666666665393,359,127,1.484523342543682e-06,0.00933261120129585,8.338000000006451e-11
1546,0.4294444444444317,359,127,1.484192083934266e-06,0.009332092722895776,8.345750000006464e-11
1547,0.42972222222220946,359,127,1.4838601008607447e-06,0.009331574273300064,8.353500000006478e-11
1548,0.4299999999999872,359,127,1.4835289004333089e-06,0.0093310558525071,8.36125000000649e-11
1549,0.430277777777765,359,127,1.4831921728091456e-06,0.009330537460515294,8.369000000006503e-11
1550,0.43055555555554276,359,127,1.482860327856438e-06,0.009330019097323044,8.376750000006516e-11
1551,0.4308333333333205,359,127,1.4825197057906968e-06,0.009329500762928749,8.384500000006528e-11
1552,0.4311111111110983,360,127,1.4821903941329737e-06,0.00932898245733081,8.392250000006541e-11
1553,0.43138888888887605,360,127,1.4818669766731248e-06,0.009328464180527626,8.400000000006554e-11
1554,0.4316666666666538,360,127,1.481534195481476e-06,0.009327945932517595,8.407750000006567e-11
1555,0.4319444444444316,360,127,1.4812018456648827e-06,0.009327427713299122,8.41550000000658e-11
1556,0.43222222222220935,360,127,1.4808611550408449e-06,0.009326909522870604,8.423250000006593e-11
1557,0.4324999999999871,360,127,1.480516598365384e-06,0.009326391361230446,8.430750000006605e-11
1558,0.4327777777777649,360,127,1.4801873490479764e-06,0.009325873228377045,8.438250000006619e-11
1559,0.43305555555554265,360,127,1.479872489941419e-06,0.009325355124308802,8.446000000006631e-11
1560,0.4333333333333204,360,127,1.4795433637108407e-06,0.009324837049024115,8.453750000006644e-11
1561,0.4336111111110982,360,127,1.4792125551664876e-06,0.009324319002521396,8.461500000006657e-11
1562,0.43388888888887595,360,127,1.4788786240769702e-06,0.00932380098479903,8.469250000006671e-11
1563,0.4341666666666537,360,127,1.4785442752460492e-06,0.009323282995855432,8.477000000006683e-11
1564,0.4344444444444315,360,127,1.4782189924875525e-06,0.009322765035688999,8.484750000006695e-11
1565,0.43472222222220924,360,127,1.4778977903163468e-06,0.009322247104298126,8.492500000006709e-11
1566,0.434999999999987,360,127,1.4775632481327001e-06,0.009321729201681221,8.500250000006723e-11
1567,0.4352777777777648,361,127,1.477235719630624e-06,0.009321211327836683,8.508000000006736e-11
1568,0.43555555555554254,361,127,1.4769061832794958e-06,0.009320693482762916,8.515750000006749e-11
1569,0.4358333333333203,361,127,1.476574501518509e-06,0.009320175666458319,8.523500000006761e-11
1570,0.43611111111109807,361,127,1.4762434940308226e-06,0.009319657878921292,8.531000000006774e-11
1571,0.43638888888887584,361,127,1.475910394421073e-06,0.009319140120150242,8.538500000006788e-11
1572,0.4366666666666536,362,127,1.4755806318430507e-06,0.009318622390143565,8.5460000000068e-11
1573,0.43694444444443137,362,127,1.4752555003982307e-06,0.00931810468889967,8.553500000006813e-11
1574,0.43722222222220913,362,127,1.4749270101587668e-06,0.009317587016416953,8.561000000006827e-11
1575,0.4374999999999869,361,128,1.4745782777567478e-06,0.00931706937269382,8.56850000000684e-11
1576,0.43777777777776467,361,128,1.4742400234990083e-06,0.009316551757728669,8.576500000006853e-11
1577,0.43805555555554243,360,129,1.4739136458608273e-06,0.009316034171519908,8.584500000006866e-11
1578,0.4383333333333202,360,129,1.4735779677830879e-06,0.009315516614065936,8.592500000006879e-11
1579,0.43861111111109796,360,129,1.4732462298986306e-06,0.009314999085365155,8.60050000000689e-11
1580,0.43888888888887573,360,129,1.4729104399028725e-06,0.009314481585415969,8.608750000006905e-11
1581,0.4391666666666535,359,130,1.4725881789044192e-06,0.00931396411421678,8.617000000006917e-11
1582,0.43944444444443126,359,130,1.4722542950661215e-06,0.009313446671765986,8.625250000006931e-11
1583,0.439722222222209,359,130,1.4719216387448526e-06,0.009312929258062002,8.633500000006944e-11
1584,0.4399999999999868,359,130,1.4715899288110568e-06,0.009312411873103223,8.641750000006958e-11
1585,0.44027777777776456,359,130,1.4712635535869752e-06,0.009311894516888049,8.64975000000697e-11
1586,0.4405555555555423,360,130,1.4709375547118285e-06,0.009311377189414887,8.657750000006984e-11
1587,0.4408333333333201,360,130,1.4706105088455256e-06,0.009310859890682144,8.665500000006996e-11
1588,0.44111111111109785,360,130,1.47027117282944e-06,0.009310342620688217,8.673250000007009e-11
1589,0.4413888888888756,360,130,1.4699245453877487e-06,0.009309825379431515,8.681250000007024e-11
1590,0.4416666666666534,360,130,1.4695822945614628e-06,0.009309308166910434,8.689250000007037e-11
1591,0.44194444444443115,360,130,1.4692427892328925e-06,0.009308790983123382,8.69725000000705e-11
1592,0.4422222222222089,360,130,1.4689122653809564e-06,0.009308273828068765,8.705250000007063e-11
1593,0.4424999999999867,360,130,1.46857487074346e-06,0.009307756701744985,8.713250000007077e-11
1594,0.44277777777776445,360,130,1.4682391363370978e-06,0.009307239604150443,8.721250000007089e-11
1595,0.4430555555555422,360,130,1.467909672967485e-06,0.009306722535283547,8.729250000007102e-11
1596,0.44333333333332,360,130,1.4675861895465323e-06,0.009306205495142697,8.737250000007116e-11
1597,0.44361111111109774,360,130,1.467252489101207e-06,0.009305688483726302,8.74525000000713e-11
1598,0.4438888888888755,360,130,1.466919833694803e-06,0.009305171501032763,8.753250000007142e-11
1599,0.4441666666666533,360,130,1.46658801559685e-06,0.009304654547060481,8.761000000007155e-11
1600,0.44444444444443104,360,130,1.4662577341312497e-06,0.009304137621807868,8.76875000000717e-11
1601,0.4447222222222088,360,130,1.4659287608442428e-06,0.009303620725273323,8.776250000007182e-11
1602,0.4449999999999866,360,130,1.4655976807515891e-06,0.009303103857455253,8.783750000007196e-11
1603,0.44527777777776434,360,130,1.4652619651162497e-06,0.00930258701835206,8.79150000000721e-11
1604,0.4455555555555421,360,130,1.4649247567984122e-06,0.009302070207962152,8.799250000007223e-11
1605,0.44583333333331987,360,130,1.4645967130621415e-06,0.009301553426283932,8.807000000007236e-11
1606,0.44611111111109764,360,130,1.4642649201014658e-06,0.009301036673315808,8.81500000000725e-11
1607,0.4463888888888754,359,131,1.4639263192250092e-06,0.009300519949056178,8.823250000007263e-11
1608,0.44666666666665317,358,132,1.4635937936846668e-06,0.009300003253503454,8.831500000007277e-11
1609,0.44694444444443093,358,132,1.4632643134929885e-06,0.009299486586656037,8.839750000007291e-11
1610,0.4472222222222087,358,132,1.4629324151991749e-06,0.009298969948512332,8.848000000007304e-11
1611,0.44749999999998646,359,132,1.4626006568425338e-06,0.00929845333907075,8.856250000007318e-11
1612,0.44777777777776423,359,132,1.4622687967163636e-06,0.009297936758329689,8.864500000007332e-11
1613,0.448055555555542,359,132,1.461948110630881e-06,0.00929742020628756,8.872250000007346e-11
1614,0.44833333333331976,359,132,1.4616164927311351e-06,0.009296903682942769,8.880000000007359e-11
1615,0.4486111111110975,359,133,1.4612900929075464e-06,0.009296387188293714,8.888000000007372e-11
1616,0.4488888888888753,359,133,1.4609598556388242e-06,0.009295870722338812,8.896000000007385e-11
1617,0.44916666666665306,359,133,1.4606284990760328e-06,0.009295354285076461,8.904000000007399e-11
1618,0.4494444444444308,359,133,1.4602963921280704e-06,0.009294837876505067,8.911750000007413e-11
1619,0.4497222222222086,359,133,1.4599554138410492e-06,0.00929432149662304,8.919500000007426e-11
1620,0.44999999999998636,359,133,1.4596264097510215e-06,0.009293805145428782,8.927500000007439e-11
1621,0.4502777777777641,359,133,1.4592926050265821e-06,0.009293288822920702,8.935500000007453e-11
1622,0.4505555555555419,359,133,1.4589658280698604e-06,0.009292772529097208,8.943500000007468e-11
1623,0.45083333333331965,359,133,1.4586382215856798e-06,0.009292256263956702,8.951750000007482e-11
1624,0.4511111111110974,358,134,1.458302887827569e-06,0.009291740027497594,8.960000000007494e-11
1625,0.4513888888888752,358,134,1.4579710178326686e-06,0.00929122381971829,8.968250000007508e-11
1626,0.45166666666665295,358,134,1.457635093708433e-06,0.009290707640617192,8.976500000007522e-11
1627,0.4519444444444307,358,134,1.4573003786509087e-06,0.009290191490192714,8.984750000007536e-11
1628,0.4522222222222085,358,134,1.4569801178978642e-06,0.009289675368443261,8.99300000000755e-11
1629,0.45249999999998625,358,134,1.4566532747435648e-06,0.009289159275367236,9.001750000007564e-11
1630,0.452777777777764,356,136,1.4563313315156198e-06,0.00928864321096305,9.010500000007577e-11
1631,0.4530555555555418,356,136,1.456008553165495e-06,0.009288127175229107,9.019250000007592e-11
1632,0.45333333333331954,356,136,1.4556749650609834e-06,0.009287611168163816,9.028000000007605e-11
1633,0.4536111111110973,356,136,1.455338372224876e-06,0.009287095189765587,9.036750000007618e-11
1634,0.4538888888888751,356,136,1.4550094996638253e-06,0.009286579240032821,9.045500000007633e-11
1635,0.45416666666665284,355,137,1.4546707802126632e-06,0.009286063318963932,9.054250000007645e-11
1636,0.4544444444444306,355,137,1.4543438032644009e-06,0.009285547426557324,9.062750000007661e-11
1637,0.45472222222220837,355,137,1.4540101422558392e-06,0.009285031562811404,9.071250000007675e-11
1638,0.45499999999998614,355,137,1.453672360306802e-06,0.009284515727724579,9.079750000007688e-11
1639,0.4552777777777639,355,137,1.453344858721603e-06,0.009283999921295262,9.088250000007703e-11
1640,0.45555555555554167,355,137,1.4530123128960248e-06,0.009283484143521856,9.096750000007715e-11
1641,0.45583333333331943,355,137,1.4526743246974197e-06,0.009282968394402773,9.10525000000773e-11
1642,0.4561111111110972,355,137,1.4523351871715908e-06,0.009282452673936417,9.113750000007743e-11
1643,0.45638888888887497,355,137,1.451994192531953e-06,0.0092819369821212,9.122250000007759e-11
1644,0.45666666666665273,355,137,1.4516693099958403e-06,0.009281421318955527,9.130750000007771e-11
1645,0.4569444444444305,355,137,1.4513390036628936e-06,0.00928090568443781,9.139250000007785e-11
1646,0.45722222222220826,355,137,1.4510136872055274e-06,0.00928039007856645,9.1477500000078e-11
1647,0.45749999999998603,356,137,1.4506749298755461e-06,0.009279874501339862,9.156250000007814e-11
1648,0.4577777777777638,356,137,1.4503407351060138e-06,0.009279358952756457,9.164750000007829e-11
1649,0.45805555555554156,356,137,1.4500057222098375e-06,0.009278843432814637,9.173500000007841e-11
1650,0.4583333333333193,355,138,1.4496697858751348e-06,0.009278327941512813,9.182750000007856e-11
1651,0.4586111111110971,353,140,1.4493375277269693e-06,0.009277812478849397,9.192000000007869e-11
1652,0.45888888888887486,353,140,1.4490017012978294e-06,0.009277297044822795,9.201250000007884e-11
1653,0.4591666666666526,353,140,1.4486605709777692e-06,0.009276781639431415,9.210500000007898e-11
1654,0.4594444444444304,353,140,1.44832344005568e-06,0.00927626626267367,9.219750000007912e-11
1655,0.45972222222220815,353,140,1.4479891715278486e-06,0.009275750914547964,9.229000000007927e-11
1656,0.4599999999999859,353,140,1.4476591013760368e-06,0.009275235595052713,9.238000000007939e-11
1657,0.4602777777777637,354,140,1.4473409920686602e-06,0.009274720304186322,9.247000000007954e-11
1658,0.46055555555554145,354,140,1.4470059515234153e-06,0.009274205041947202,9.256000000007968e-11
1659,0.4608333333333192,354,140,1.4466770688905148e-06,0.00927368980833376,9.265000000007982e-11
1660,0.461111111111097,354,140,1.446348725675752e-06,0.009273174603344408,9.273750000007995e-11
1661,0.46138888888887475,354,140,1.4460177052734535e-06,0.009272659426977555,9.28250000000801e-11
1662,0.4616666666666525,354,140,1.4456850498071018e-06,0.009272144279231615,9.291000000008025e-11
1663,0.4619444444444303,354,140,1.4453639214130347e-06,0.00927162916010499,9.299500000008039e-11
1664,0.46222222222220805,354,140,1.4450379897945165e-06,0.009271114069596095,9.308000000008054e-11
1665,0.4624999999999858,354,140,1.444709112098927e-06,0.00927059900770334,9.316500000008068e-11
1666,0.4627777777777636,355,140,1.4443829258298095e-06,0.009270083974425134,9.324750000008082e-11
1667,0.46305555555554134,355,140,1.4440602052182074e-06,0.009269568969759888,9.333000000008096e-11
1668,0.4633333333333191,355,140,1.4437312733225365e-06,0.009269053993706013,9.34125000000811e-11
1669,0.4636111111110969,355,140,1.4434106808115228e-06,0.009268539046261919,9.349500000008124e-11
1670,0.46388888888887464,355,140,1.4430895952556939e-06,0.009268024127426016,9.357750000008139e-11
1671,0.4641666666666524,355,140,1.442757582571472e-06,0.009267509237196714,9.366000000008153e-11
1672,0.46444444444443017,355,140,1.4424302077824036e-06,0.009266994375572426,9.374500000008168e-11
1673,0.46472222222220794,354,141,1.4420988260987133e-06,0.009266479542551562,9.383000000008183e-11
1674,0.4649999999999857,354,141,1.4417687644184657e-06,0.00926596473813253,9.391500000008195e-11
1675,0.46527777777776347,355,141,1.441434408386414e-06,0.009265449962313745,9.400000000008211e-11
1676,0.46555555555554123,356,141,1.441119597761041e-06,0.009264935215093617,9.408500000008226e-11
1677,0.465833333333319,356,141,1.440783065709834e-06,0.009264420496470558,9.41675000000824e-11
1678,0.46611111111109677,356,141,1.440447518929808e-06,0.009263905806442976,9.425000000008255e-11
1679,0.46638888888887453,356,141,1.440117350244392e-06,0.009263391145009283,9.433250000008269e-11
1680,0.4666666666666523,356,141,1.439796734360596e-06,0.009262876512167896,9.441500000008283e-11
1681,0.46694444444443006,356,141,1.4394787488081994e-06,0.00926236190791722,9.449750000008298e-11
1682,0.46722222222220783,356,141,1.4391679737175147e-06,0.009261847332255671,9.457750000008311e-11
1683,0.4674999999999856,356,141,1.4388410666032956e-06,0.009261332785181658,9.465750000008326e-11
1684,0.46777777777776336,356,141,1.438511925534199e-06,0.00926081826669359,9.473750000008341e-11
1685,0.4680555555555411,356,141,1.4381796904028487e-06,0.009260303776789885,9.481750000008354e-11
1686,0.4683333333333189,356,141,1.4378459933678422e-06,0.009259789315468954,9.489750000008371e-11
1687,0.46861111111109666,356,141,1.437512047231234e-06,0.009259274882729207,9.497750000008385e-11
1688,0.4688888888888744,356,141,1.4371871812565449e-06,0.009258760478569054,9.505750000008398e-11
1689,0.4691666666666522,356,141,1.436856121558052e-06,0.009258246102986912,9.513750000008414e-11
1690,0.46944444444442995,356,141,1.4365354636191804e-06,0.009257731755981193,9.521750000008427e-11
1691,0.4697222222222077,356,141,1.4362041106384608e-06,0.009257217437550301,9.529750000008443e-11
1692,0.4699999999999855,356,141,1.4358746287800824e-06,0.009256703147692662,9.537750000008458e-11
1693,0.47027777777776325,356,141,1.4355437530113389e-06,0.009256188886406681,9.545750000008471e-11
1694,0.470555555555541,356,141,1.4352065169709708e-06,0.009255674653690768,9.553750000008487e-11
1695,0.4708333333333188,356,141,1.4348670341250884e-06,0.00925516044954334,9.561750000008502e-11
1696,0.47111111111109655,356,141,1.4345238985122087e-06,0.009254646273962813,9.569750000008516e-11
1697,0.4713888888888743,356,141,1.4341965292830858e-06,0.009254132126947591,9.577750000008529e-11
1698,0.4716666666666521,356,141,1.4338679831607363e-06,0.009253618008496094,9.585750000008547e-11
1699,0.47194444444442984,356,141,1.4335343464220411e-06,0.009253103918606736,9.59375000000856e-11
1700,0.4722222222222076,356,141,1.433207613509046e-06,0.009252589857277924,9.601750000008573e-11
1701,0.4724999999999854,356,141,1.432878404963687e-06,0.009252075824508075,9.609750000008589e-11
1702,0.47277777777776314,357,141,1.43255049290622e-06,0.0092515618202956,9.617750000008604e-11
1703,0.4730555555555409,357,141,1.4322179116274865e-06,0.00925104784463892,9.625750000008619e-11
1704,0.4733333333333187,357,141,1.4318952893157838e-06,0.00925053389753644,9.633750000008633e-11
1705,0.47361111111109644,357,141,1.4315709248415924e-06,0.009250019978986578,9.641750000008647e-11
1706,0.4738888888888742,357,141,1.431245253433519e-06,0.009249506088987745,9.649750000008663e-11
1707,0.47416666666665197,357,141,1.4309174606009944e-06,0.009248992227538355,9.658000000008677e-11
1708,0.47444444444442974,356,142,1.4305958443219346e-06,0.009248478394636826,9.666250000008693e-11
1709,0.4747222222222075,356,142,1.4302624529521246e-06,0.009247964590281571,9.674500000008707e-11
1710,0.47499999999998527,356,142,1.4299336756568668e-06,0.009247450814470998,9.682750000008722e-11
1711,0.47527777777776303,356,142,1.4295970331899437e-06,0.00924693706720353,9.691000000008739e-11
1712,0.4755555555555408,356,142,1.4292705701208333e-06,0.009246423348477575,9.699250000008753e-11
1713,0.47583333333331856,356,142,1.4289415008259598e-06,0.009245909658291548,9.707500000008767e-11
1714,0.47611111111109633,356,142,1.428602078065652e-06,0.009245395996643865,9.716000000008781e-11
1715,0.4763888888888741,355,143,1.4282747652463854e-06,0.009244882363532938,9.724500000008795e-11
1716,0.47666666666665186,355,143,1.4279517877332017e-06,0.009244368758957188,9.732750000008809e-11
1717,0.4769444444444296,355,143,1.4276226945575171e-06,0.009243855182915024,9.741000000008828e-11
1718,0.4772222222222074,355,143,1.4273040058752507e-06,0.009243341635404863,9.749250000008842e-11
1719,0.47749999999998516,355,143,1.4269760148918227e-06,0.009242828116425118,9.757500000008856e-11
1720,0.4777777777777629,355,143,1.4266421982087561e-06,0.009242314625974206,9.76550000000887e-11
1721,0.4780555555555407,355,143,1.426321589427835e-06,0.00924180116405054,9.773500000008886e-11
1722,0.47833333333331846,355,143,1.42599833292092e-06,0.00924128773065254,9.781500000008901e-11
1723,0.4786111111110962,355,143,1.4256786241595972e-06,0.009240774325778613,9.789500000008917e-11
1724,0.478888888888874,355,143,1.4253458500159274e-06,0.00924026094942718,9.79750000000893e-11
1725,0.47916666666665175,355,143,1.4250276844785077e-06,0.009239747601596657,9.805500000008948e-11
1726,0.4794444444444295,355,143,1.4246991455967604e-06,0.009239234282285458,9.813500000008961e-11
1727,0.4797222222222073,355,143,1.4243834118924084e-06,0.009238720991491998,9.821500000008977e-11
1728,0.47999999999998505,355,143,1.4240611468086578e-06,0.009238207729214694,9.829500000008991e-11
1729,0.4802777777777628,355,143,1.4237427079596367e-06,0.00923769449545196,9.837500000009006e-11
1730,0.4805555555555406,356,143,1.4234238206646786e-06,0.009237181290202214,9.845250000009022e-11
1731,0.48083333333331835,356,143,1.423098907410104e-06,0.00923666811346387,9.853000000009036e-11
1732,0.4811111111110961,356,143,1.4227830637201267e-06,0.009236154965235343,9.860750000009051e-11
1733,0.4813888888888739,356,143,1.4224647603806016e-06,0.009235641845515053,9.868500000009069e-11
1734,0.48166666666665164,356,143,1.4221307934262546e-06,0.009235128754301413,9.876250000009082e-11
1735,0.4819444444444294,356,143,1.421817651766791e-06,0.00923461569159284,9.884000000009098e-11
1736,0.4822222222222072,356,143,1.4214912906032755e-06,0.009234102657387755,9.891750000009112e-11
1737,0.48249999999998494,356,143,1.4211538141722804e-06,0.009233589651684564,9.899500000009126e-11
1738,0.4827777777777627,356,143,1.4208194654715574e-06,0.009233076674481694,9.907500000009142e-11
1739,0.4830555555555405,355,144,1.4204914881689852e-06,0.009232563725777557,9.915500000009156e-11
1740,0.48333333333331824,355,144,1.4201590805590383e-06,0.009232050805570569,9.923500000009172e-11
1741,0.483611111111096,355,144,1.4198223252752505e-06,0.009231537913859151,9.931500000009188e-11
1742,0.48388888888887377,355,144,1.4194806994160292e-06,0.009231025050641712,9.939500000009203e-11
1743,0.48416666666665154,355,144,1.4191512940929867e-06,0.009230512215916678,9.947500000009219e-11
1744,0.4844444444444293,355,144,1.4188277571795332e-06,0.009229999409682462,9.955000000009233e-11
1745,0.48472222222220707,355,144,1.4185043869827684e-06,0.009229486631937478,9.962750000009248e-11
1746,0.48499999999998483,354,145,1.4181750161554069e-06,0.009228973882680147,9.971250000009265e-11
1747,0.4852777777777626,352,147,1.4178616949077218e-06,0.009228461161908888,9.979750000009278e-11
1748,0.48555555555554036,352,147,1.4175358784111812e-06,0.009227948469622117,9.988250000009293e-11
1749,0.48583333333331813,352,147,1.4172133384540368e-06,0.009227435805818246,9.996750000009309e-11
1750,0.4861111111110959,352,147,1.41689279226315e-06,0.009226923170495704,1.0005250000009324e-10
1751,0.48638888888887366,352,147,1.4165728708661252e-06,0.009226410563652898,1.001350000000934e-10
1752,0.4866666666666514,352,147,1.4162391635405624e-06,0.00922589798528825,1.0021750000009356e-10
1753,0.4869444444444292,352,147,1.4159192945077964e-06,0.009225385435400179,1.003025000000937e-10
1754,0.48722222222220696,352,147,1.4155916802392681e-06,0.009224872913987103,1.0038500000009387e-10
1755,0.4874999999999847,352,147,1.4152637340869932e-06,0.009224360421047436,1.0046750000009402e-10
1756,0.4877777777777625,352,147,1.4149333056055216e-06,0.009223847956579602,1.0055500000009418e-10
1757,0.48805555555554025,351,148,1.4146101323493256e-06,0.009223335520582012,1.0064000000009431e-10
1758,0.488333333333318,351,148,1.4142883562440847e-06,0.009222823113053093,1.0072500000009449e-10
1759,0.4886111111110958,351,148,1.4139655670176584e-06,0.009222310733991258,1.0081250000009463e-10
1760,0.48888888888887355,351,148,1.4136550014459095e-06,0.009221798383394925,1.0090000000009479e-10
1761,0.4891666666666513,351,148,1.4133255443050909e-06,0.009221286061262515,1.0098750000009493e-10
1762,0.4894444444444291,351,148,1.4130192766909766e-06,0.009220773767592444,1.010750000000951e-10
1763,0.48972222222220685,351,148,1.4127020475969723e-06,0.009220261502383134,1.0116250000009525e-10
1764,0.4899999999999846,351,148,1.4123808558469588e-06,0.009219749265633,1.0125000000009542e-10
1765,0.4902777777777624,351,148,1.4120575266207541e-06,0.009219237057340467,1.0133500000009557e-10
1766,0.49055555555554015,351,148,1.4117275859188876e-06,0.00921872487750395,1.014200000000957e-10
1767,0.4908333333333179,351,148,1.4114103079270295e-06,0.009218212726121862,1.0150500000009588e-10
1768,0.4911111111110957,351,148,1.4110775268659192e-06,0.009217700603192637,1.0158750000009602e-10
1769,0.49138888888887344,351,148,1.4107537951566531e-06,0.009217188508714683,1.016700000000962e-10
1770,0.4916666666666512,351,148,1.4104329167120073e-06,0.009216676442686419,1.0175250000009633e-10
1771,0.491944444444429,351,148,1.4101082706855914e-06,0.00921616440510627,1.018350000000965e-10
1772,0.49222222222220674,351,148,1.4097930931119717e-06,0.009215652395972653,1.0191750000009665e-10
1773,0.4924999999999845,351,148,1.4094699655181163e-06,0.00921514041528399,1.0200000000009682e-10
1774,0.49277777777776227,351,148,1.4091448234538278e-06,0.009214628463038697,1.0208250000009697e-10
1775,0.49305555555554004,351,148,1.4088021986957544e-06,0.009214116539235193,1.0216500000009713e-10
1776,0.4933333333333178,352,148,1.4084891780422014e-06,0.009213604643871906,1.0224750000009727e-10
1777,0.49361111111109557,352,148,1.4081550710444954e-06,0.009213092776947247,1.0233000000009745e-10
1778,0.49388888888887333,352,148,1.4078351510800252e-06,0.009212580938459636,1.0241000000009758e-10
1779,0.4941666666666511,352,148,1.407504993204331e-06,0.009212069128407501,1.0248750000009773e-10
1780,0.49444444444442887,352,148,1.4071743142304322e-06,0.009211557346789254,1.025650000000979e-10
1781,0.49472222222220663,352,148,1.4068526826234333e-06,0.009211045593603324,1.0264500000009806e-10
1782,0.4949999999999844,352,148,1.4065173036063123e-06,0.009210533868848124,1.0272500000009824e-10
1783,0.49527777777776216,352,148,1.4061910656163404e-06,0.009210022172522078,1.0280250000009836e-10
1784,0.49555555555553993,352,148,1.4058594485249896e-06,0.009209510504623604,1.0288000000009854e-10
1785,0.4958333333333177,352,148,1.405532972737107e-06,0.009208998865151126,1.029600000000987e-10
1786,0.49611111111109546,350,150,1.405207641343649e-06,0.009208487254103063,1.0304250000009884e-10
1787,0.4963888888888732,349,151,1.4048860381909888e-06,0.009207975671477832,1.0312750000009903e-10
1788,0.496666666666651,350,151,1.4045564238351127e-06,0.009207464117273861,1.0321000000009917e-10
1789,0.49694444444442876,350,151,1.4042355942484587e-06,0.00920695259148957,1.0329250000009933e-10
1790,0.4972222222222065,350,151,1.403905818261357e-06,0.009206441094123377,1.033775000000995e-10
1791,0.4974999999999843,350,151,1.4035702561987782e-06,0.009205929625173704,1.0346250000009966e-10
1792,0.49777777777776205,350,151,1.4032443525385547e-06,0.00920541818463897,1.035475000000998e-10
1793,0.4980555555555398,350,151,1.4029204247981794e-06,0.009204906772517604,1.0363000000009997e-10
1794,0.4983333333333176,350,151,1.4025918564635746e-06,0.009204395388808018,1.0371250000010012e-10
1795,0.49861111111109535,350,151,1.402254273852728e-06,0.00920388403350864,1.0379500000010031e-10
1796,0.4988888888888731,350,151,1.4019380268400938e-06,0.00920337270661789,1.0388000000010043e-10
1797,0.4991666666666509,349,152,1.40161710471955e-06,0.00920286140813419,1.0396500000010062e-10
1798,0.49944444444442865,349,152,1.401290610716093e-06,0.009202350138055959,1.0405250000010076e-10
1799,0.4997222222222064,348,153,1.4009632575715501e-06,0.009201838896381624,1.0414000000010092e-10
1800,0.4999999999999842,349,153,1.4006341692359994e-06,0.009201327683109606,1.0422750000010109e-10
1801,0.500277777777762,349,153,1.4003062164103183e-06,0.009200816498238321,1.0431500000010126e-10
1802,0.5005555555555398,349,153,1.3999841641263558e-06,0.009200305341766196,1.044025000001014e-10
1803,0.5008333333333176,349,153,1.3996589237677105e-06,0.009199794213691655,1.0449000000010156e-10
1804,0.5011111111110954,349,153,1.399343302926763e-06,0.009199283114013116,1.0457750000010172e-10
1805,0.5013888888888732,349,153,1.399027798536901e-06,0.009198772042729004,1.0466500000010189e-10
1806,0.501666666666651,349,153,1.3987094287101058e-06,0.009198260999837742,1.0475000000010204e-10
1807,0.5019444444444289,349,153,1.398381063962331e-06,0.00919774998533775,1.048350000001022e-10
1808,0.5022222222222067,348,154,1.398053422642198e-06,0.009197238999227454,1.0492250000010237e-10
1809,0.5024999999999845,348,154,1.3977273723477694e-06,0.009196728041505276,1.0501000000010253e-10
1810,0.5027777777777623,349,154,1.3974015842374515e-06,0.009196217112169638,1.050925000001027e-10
1811,0.5030555555555402,349,154,1.3970756160342093e-06,0.009195706211218962,1.0517500000010284e-10
1812,0.503333333333318,350,154,1.3967467173301744e-06,0.00919519533865167,1.0525750000010301e-10
1813,0.5036111111110958,350,154,1.3964155585445793e-06,0.00919468449446619,1.0534000000010316e-10
1814,0.5038888888888736,350,154,1.3960849067237299e-06,0.009194173678660943,1.0542000000010334e-10
1815,0.5041666666666514,350,154,1.3957560879664334e-06,0.009193662891234354,1.055000000001035e-10
1816,0.5044444444444293,350,154,1.3954368142765634e-06,0.009193152132184839,1.0558000000010364e-10
1817,0.5047222222222071,351,154,1.3951002257130356e-06,0.009192641401510831,1.0566000000010382e-10
1818,0.5049999999999849,351,154,1.3947584814715746e-06,0.009192130699210745,1.0574000000010398e-10
1819,0.5052777777777627,351,154,1.3944253377413358e-06,0.009191620025283011,1.0582250000010413e-10
1820,0.5055555555555405,350,155,1.3940880365269931e-06,0.009191109379726052,1.059050000001043e-10
1821,0.5058333333333184,350,155,1.3937530555374496e-06,0.00919059876253829,1.0598500000010447e-10
1822,0.5061111111110962,350,155,1.393428013228144e-06,0.009190088173718148,1.0606500000010462e-10
1823,0.506388888888874,350,155,1.3930938318256515e-06,0.009189577613264052,1.061475000001048e-10
1824,0.5066666666666518,350,155,1.3927644611004377e-06,0.009189067081174429,1.0622750000010494e-10
1825,0.5069444444444297,350,155,1.392427354776159e-06,0.009188556577447696,1.0630750000010511e-10
1826,0.5072222222222075,350,155,1.3920890015496835e-06,0.009188046102082284,1.0639250000010527e-10
1827,0.5074999999999853,349,156,1.3917591172357206e-06,0.009187535655076611,1.0647500000010544e-10
1828,0.5077777777777631,349,156,1.3914194565677192e-06,0.009187025236429107,1.0655500000010562e-10
1829,0.5080555555555409,349,156,1.391077434774284e-06,0.009186514846138196,1.0663750000010576e-10
1830,0.5083333333333188,349,156,1.390752135670933e-06,0.0091860044842023,1.0671750000010593e-10
1831,0.5086111111110966,349,156,1.3904210018281275e-06,0.009185494150619844,1.0679750000010609e-10
1832,0.5088888888888744,349,156,1.3900907419627629e-06,0.009184983845389252,1.0687500000010626e-10
1833,0.5091666666666522,349,156,1.3897678949669887e-06,0.009184473568508954,1.0695250000010641e-10
1834,0.50944444444443,349,156,1.3894340681836159e-06,0.00918396331997737,1.0703000000010657e-10
1835,0.5097222222222079,350,156,1.3891119311530334e-06,0.009183453099792929,1.0711000000010675e-10
1836,0.5099999999999857,350,156,1.3887954114390203e-06,0.009182942907954052,1.0719000000010691e-10
1837,0.5102777777777635,350,156,1.3884595367023386e-06,0.009182432744459165,1.0727250000010706e-10
1838,0.5105555555555413,350,156,1.3881201739104648e-06,0.009181922609306694,1.0735500000010724e-10
1839,0.5108333333333192,350,156,1.387784701594545e-06,0.009181412502495068,1.0743500000010739e-10
1840,0.511111111111097,351,156,1.3874581552696148e-06,0.009180902424022707,1.0751250000010754e-10
1841,0.5113888888888748,351,156,1.3871262279831234e-06,0.00918039237388804,1.0759000000010774e-10
1842,0.5116666666666526,351,156,1.386799129557363e-06,0.00917988235208949,1.0766750000010789e-10
1843,0.5119444444444304,351,156,1.3864713336258498e-06,0.009179372358625483,1.0774750000010806e-10
1844,0.5122222222222083,351,156,1.3861417767672705e-06,0.00917886239349445,1.0783000000010822e-10
1845,0.5124999999999861,350,157,1.385811242659113e-06,0.009178352456694813,1.079125000001084e-10
1846,0.5127777777777639,350,157,1.3854854952634515e-06,0.009177842548224997,1.0799500000010857e-10
1847,0.5130555555555417,350,157,1.3851504939010423e-06,0.00917733266808343,1.0807750000010872e-10
1848,0.5133333333333195,350,157,1.3848159266125848e-06,0.009176822816268537,1.0816000000010888e-10
1849,0.5136111111110974,350,157,1.3844785149703601e-06,0.009176312992778744,1.0824000000010905e-10
1850,0.5138888888888752,350,157,1.3841460910439934e-06,0.00917580319761248,1.083175000001092e-10
1851,0.514166666666653,350,157,1.3838140533807697e-06,0.009175293430768167,1.0839500000010937e-10
1852,0.5144444444444308,350,157,1.3834830583827311e-06,0.009174783692244235,1.0847250000010955e-10
1853,0.5147222222222086,350,157,1.383144024559936e-06,0.00917427398203911,1.0855000000010972e-10
1854,0.5149999999999865,350,157,1.3828169606377474e-06,0.009173764300151219,1.0863500000010988e-10
1855,0.5152777777777643,348,159,1.3824989492951425e-06,0.009173254646578989,1.0872000000011004e-10
1856,0.5155555555555421,348,159,1.3821722641506762e-06,0.009172745021320847,1.0880500000011021e-10
1857,0.5158333333333199,348,159,1.38184142124844e-06,0.009172235424375218,1.0888750000011037e-10
1858,0.5161111111110978,349,159,1.3815213367066973e-06,0.009171725855740531,1.0896750000011055e-10
1859,0.5163888888888756,349,159,1.3811931332157103e-06,0.009171216315415212,1.0904750000011072e-10
1860,0.5166666666666534,349,159,1.3808651407428116e-06,0.00917070680339769,1.0912500000011089e-10
1861,0.5169444444444312,349,159,1.380537433983615e-06,0.009170197319686388,1.0920500000011105e-10
1862,0.517222222222209,348,160,1.3802121254341054e-06,0.00916968786427974,1.0928500000011122e-10
1863,0.5174999999999869,348,160,1.379887468063433e-06,0.00916917843717617,1.0936500000011137e-10
1864,0.5177777777777647,348,160,1.379556598594418e-06,0.009168669038374105,1.0944500000011156e-10
1865,0.5180555555555425,348,160,1.3792214299490832e-06,0.009168159667871975,1.095250000001117e-10
1866,0.5183333333333203,348,160,1.378893869603155e-06,0.009167650325668202,1.0960500000011188e-10
1867,0.5186111111110981,348,160,1.3785656955617669e-06,0.00916714101176122,1.0968500000011205e-10
1868,0.518888888888876,348,160,1.378232603516898e-06,0.009166631726149456,1.0976500000011221e-10
1869,0.5191666666666538,348,160,1.3779047974261555e-06,0.009166122468831339,1.0984500000011239e-10
1870,0.5194444444444316,348,160,1.3775690178243798e-06,0.009165613239805291,1.0992500000011253e-10
1871,0.5197222222222094,349,160,1.3772368076903318e-06,0.009165104039069748,1.1000500000011272e-10
1872,0.5199999999999873,349,160,1.3769064305710416e-06,0.009164594866623134,1.1008500000011288e-10
1873,0.5202777777777651,349,160,1.376575092983669e-06,0.009164085722463876,1.1016500000011307e-10
1874,0.5205555555555429,349,160,1.3762521517038876e-06,0.009163576606590406,1.1024500000011324e-10
1875,0.5208333333333207,349,160,1.3759187574383186e-06,0.009163067519001153,1.1032500000011339e-10
1876,0.5211111111110985,350,160,1.3755887981103735e-06,0.009162558459694542,1.1040500000011357e-10
1877,0.5213888888888764,350,160,1.3752606329538124e-06,0.009162049428669002,1.1048500000011372e-10
1878,0.5216666666666542,350,160,1.3749339341496803e-06,0.009161540425922966,1.1056750000011391e-10
1879,0.521944444444432,349,161,1.374603835660381e-06,0.009161031451454858,1.1065000000011409e-10
1880,0.5222222222222098,349,161,1.3742670373560896e-06,0.009160522505263113,1.1073250000011425e-10
1881,0.5224999999999876,349,161,1.3739400156976628e-06,0.009160013587346154,1.1081250000011445e-10
1882,0.5227777777777655,349,161,1.3736013753146917e-06,0.00915950469770241,1.108925000001146e-10
1883,0.5230555555555433,349,161,1.373278524745209e-06,0.009158995836330317,1.1097500000011476e-10
1884,0.5233333333333211,349,161,1.372952776416772e-06,0.0091584870032283,1.1105750000011493e-10
1885,0.5236111111110989,350,161,1.3726204932571608e-06,0.009157978198394787,1.111400000001151e-10
1886,0.5238888888888767,350,161,1.3722951925541939e-06,0.009157469421828211,1.1122250000011526e-10
1887,0.5241666666666546,350,161,1.3719658252321558e-06,0.009156960673526997,1.1130500000011544e-10
1888,0.5244444444444324,350,161,1.371638015524596e-06,0.009156451953489578,1.1138750000011562e-10
1889,0.5247222222222102,350,161,1.3713083119327684e-06,0.009155943261714388,1.1146750000011577e-10
1890,0.524999999999988,350,161,1.370985176852398e-06,0.009155434598199846,1.1154750000011594e-10
1891,0.5252777777777659,350,161,1.370655157663755e-06,0.009154925962944392,1.116275000001161e-10
1892,0.5255555555555437,350,161,1.3703234400780962e-06,0.00915441735594645,1.117075000001163e-10
1893,0.5258333333333215,350,161,1.3699934893599755e-06,0.009153908777204452,1.1179000000011646e-10
1894,0.5261111111110993,350,161,1.3696581648442389e-06,0.00915340022671683,1.1187250000011661e-10
1895,0.5263888888888771,350,161,1.3693267256551908e-06,0.009152891704482012,1.119575000001168e-10
1896,0.526666666666655,349,162,1.3689908817216958e-06,0.009152383210498431,1.1204250000011697e-10
1897,0.5269444444444328,349,162,1.3686563384296343e-06,0.009151874744764515,1.1212750000011716e-10
1898,0.5272222222222106,349,162,1.3683268505733874e-06,0.009151366307278695,1.1220750000011733e-10
1899,0.5274999999999884,349,162,1.368002205195375e-06,0.009150857898039402,1.1228750000011751e-10
1900,0.5277777777777662,349,162,1.3676742765212123e-06,0.009150349517045067,1.1236750000011768e-10
1901,0.5280555555555441,350,162,1.3673351392875896e-06,0.00914984116429412,1.1244750000011784e-10
1902,0.5283333333333219,350,162,1.3670027274958328e-06,0.009149332839784993,1.1253000000011801e-10
1903,0.5286111111110997,350,163,1.366675923451904e-06,0.009148824543516116,1.126125000001182e-10
1904,0.5288888888888775,350,163,1.366355343441263e-06,0.009148316275485922,1.1269500000011836e-10
1905,0.5291666666666553,350,163,1.3660273326161565e-06,0.009147808035692838,1.1277750000011853e-10
1906,0.5294444444444332,350,163,1.365701139761221e-06,0.009147299824135301,1.1286000000011872e-10
1907,0.529722222222211,351,163,1.3653762105908355e-06,0.009146791640811738,1.1294250000011888e-10
1908,0.5299999999999888,351,163,1.3650550849584584e-06,0.009146283485720582,1.1302500000011904e-10
1909,0.5302777777777666,351,163,1.364729509316016e-06,0.009145775358860266,1.1310750000011925e-10
1910,0.5305555555555445,351,163,1.3644060231421278e-06,0.00914526726022922,1.131900000001194e-10
1911,0.5308333333333223,351,163,1.364071403058377e-06,0.009144759189825873,1.1327250000011956e-10
1912,0.5311111111111001,351,163,1.3637322555820698e-06,0.00914425114764866,1.1335500000011974e-10
1913,0.5313888888888779,351,163,1.3634090004733167e-06,0.009143743133696012,1.1344000000011993e-10
1914,0.5316666666666557,350,164,1.3630826604284815e-06,0.009143235147966364,1.135250000001201e-10
1915,0.5319444444444336,352,164,1.3627568213549823e-06,0.009142727190458144,1.1361000000012026e-10
1916,0.5322222222222114,352,164,1.362430224786895e-06,0.009142219261169785,1.1369500000012045e-10
1917,0.5324999999999892,352,164,1.3621045549583367e-06,0.009141711360099718,1.1378000000012061e-10
1918,0.532777777777767,351,165,1.3617804634040815e-06,0.009141203487246383,1.1386500000012079e-10
1919,0.5330555555555448,351,165,1.361458443738709e-06,0.0091406956426082,1.1395000000012098e-10
1920,0.5333333333333227,351,165,1.3611289106373227e-06,0.009140187826183614,1.1403500000012113e-10
1921,0.5336111111111005,352,165,1.3608059354202548e-06,0.009139680037971047,1.1412000000012131e-10
1922,0.5338888888888783,352,165,1.3604764989542318e-06,0.009139172277968937,1.1420500000012147e-10
1923,0.5341666666666561,352,165,1.360142388737231e-06,0.00913866454617572,1.1429000000012166e-10
1924,0.534444444444434,352,165,1.3598089698997723e-06,0.009138156842589819,1.1437750000012184e-10
1925,0.5347222222222118,351,166,1.3594835681651007e-06,0.009137649167209678,1.1446500000012201e-10
1926,0.5349999999999896,351,166,1.359155846966063e-06,0.009137141520033719,1.1455250000012219e-10
1927,0.5352777777777674,351,166,1.3588221220117183e-06,0.009136633901060386,1.1464000000012238e-10
1928,0.5355555555555452,351,166,1.3585037291832254e-06,0.009136126310288106,1.1472750000012254e-10
1929,0.5358333333333231,351,166,1.3581757585440346e-06,0.009135618747715311,1.1481500000012271e-10
1930,0.5361111111111009,351,166,1.3578469633644134e-06,0.00913511121334044,1.1490500000012289e-10
1931,0.5363888888888787,350,167,1.3575204263053451e-06,0.009134603707161919,1.1499500000012307e-10
1932,0.5366666666666565,350,167,1.357191440752938e-06,0.009134096229178186,1.1508500000012323e-10
1933,0.5369444444444343,350,167,1.356866223145648e-06,0.00913358877938768,1.1517500000012341e-10
1934,0.5372222222222122,350,167,1.3565420872546727e-06,0.009133081357788826,1.152625000001236e-10
1935,0.53749999999999,350,167,1.3562123827795484e-06,0.009132573964380058,1.1535000000012377e-10
1936,0.5377777777777678,350,167,1.3558853908340672e-06,0.009132066599159815,1.1543500000012395e-10
1937,0.5380555555555456,350,167,1.3555648757692215e-06,0.009131559262126531,1.1552000000012413e-10
1938,0.5383333333333234,350,167,1.3552347620712457e-06,0.009131051953278633,1.1560500000012432e-10
1939,0.5386111111111013,351,167,1.3549054586518675e-06,0.009130544672614564,1.1569000000012448e-10
1940,0.5388888888888791,351,167,1.3545708347754385e-06,0.00913003742013275,1.1577250000012465e-10
1941,0.5391666666666569,351,167,1.354248629874544e-06,0.009129530195831634,1.1585250000012484e-10
1942,0.5394444444444347,351,167,1.3539330156469065e-06,0.009129022999709644,1.1593250000012504e-10
1943,0.5397222222222126,352,167,1.3536242084179468e-06,0.009128515831765213,1.1601500000012518e-10
1944,0.5399999999999904,352,167,1.3533043043074306e-06,0.009128008691996784,1.1609250000012536e-10
1945,0.5402777777777682,352,167,1.3529701282403065e-06,0.009127501580402785,1.1617000000012555e-10
1946,0.540555555555546,352,167,1.3526417078129807e-06,0.009126994496981651,1.1625250000012574e-10
1947,0.5408333333333238,352,167,1.35231916167873e-06,0.009126487441731819,1.1633500000012592e-10
1948,0.5411111111111017,352,167,1.3519960136539884e-06,0.009125980414651723,1.164175000001261e-10
1949,0.5413888888888795,352,167,1.3516682860577563e-06,0.009125473415739799,1.1649750000012626e-10
1950,0.5416666666666573,352,167,1.3513447927624507e-06,0.00912496644499448,1.1657750000012646e-10
1951,0.5419444444444351,352,167,1.351020480830821e-06,0.009124459502414204,1.166600000001266e-10
1952,0.542222222222213,352,167,1.3506944002122182e-06,0.009123952587997402,1.1674250000012681e-10
1953,0.5424999999999908,352,167,1.3503640440094745e-06,0.009123445701742514,1.1682500000012698e-10
1954,0.5427777777777686,352,167,1.3500402921641163e-06,0.009122938843647973,1.1691000000012717e-10
1955,0.5430555555555464,351,168,1.3497141414772443e-06,0.009122432013712215,1.1699500000012735e-10
1956,0.5433333333333242,351,168,1.3493904429498793e-06,0.009121925211933677,1.1708000000012751e-10
1957,0.543611111111102,351,168,1.3490601092489366e-06,0.00912141843831079,1.171650000001277e-10
1958,0.5438888888888799,351,168,1.3487374419176224e-06,0.009120911692841996,1.1725000000012789e-10
1959,0.5441666666666577,351,168,1.3484160274460663e-06,0.009120404975525727,1.1733500000012805e-10
1960,0.5444444444444355,351,168,1.3480755732406942e-06,0.00911989828636042,1.174200000001282e-10
1961,0.5447222222222133,351,168,1.3477609165413931e-06,0.009119391625344512,1.1750750000012841e-10
1962,0.5449999999999912,350,169,1.347445135663354e-06,0.009118884992476435,1.175975000001286e-10
1963,0.545277777777769,349,170,1.3471200781556275e-06,0.009118378387754634,1.1768750000012877e-10
1964,0.5455555555555468,349,170,1.3467957562406895e-06,0.009117871811177534,1.1777750000012895e-10
1965,0.5458333333333246,349,170,1.3464810483788592e-06,0.009117365262743583,1.1786750000012915e-10
1966,0.5461111111111024,349,170,1.346159314858196e-06,0.009116858742451207,1.1795500000012933e-10
1967,0.5463888888888803,349,170,1.3458315807305787e-06,0.00911635225029885,1.1804000000012952e-10
1968,0.5466666666666581,349,170,1.3455096120155666e-06,0.009115845786284944,1.181250000001297e-10
1969,0.5469444444444359,349,170,1.3451940741659038e-06,0.00911533935040793,1.1821250000012986e-10
1970,0.5472222222222137,348,171,1.3448695554749509e-06,0.00911483294266624,1.1830000000013004e-10
1971,0.5474999999999915,348,171,1.3445362201681268e-06,0.009114326563058316,1.183875000001302e-10
1972,0.5477777777777694,348,171,1.344207618388652e-06,0.00911382021158259,1.184750000001304e-10
1973,0.5480555555555472,348,171,1.3438824628040694e-06,0.009113313888237502,1.1856250000013056e-10
1974,0.548333333333325,348,171,1.3435511347363934e-06,0.009112807593021488,1.1865000000013077e-10
1975,0.5486111111111028,348,171,1.3432190329148624e-06,0.009112301325932989,1.1873500000013096e-10
1976,0.5488888888888807,348,171,1.342889620818763e-06,0.009111795086970437,1.1882000000013112e-10
1977,0.5491666666666585,349,171,1.3425607168825106e-06,0.009111288876132273,1.189075000001313e-10
1978,0.5494444444444363,349,171,1.3422425482346012e-06,0.00911078269341693,1.189950000001315e-10
1979,0.5497222222222141,349,171,1.3419232067194125e-06,0.009110276538822853,1.1908250000013166e-10
1980,0.5499999999999919,349,171,1.3415961474027291e-06,0.009109770412348474,1.1917000000013185e-10
1981,0.5502777777777698,349,171,1.3412821811396252e-06,0.009109264313992232,1.1925750000013203e-10
1982,0.5505555555555476,350,171,1.3409525856764416e-06,0.009108758243752567,1.193450000001322e-10
1983,0.5508333333333254,350,171,1.340635420347646e-06,0.009108252201627916,1.194300000001324e-10
1984,0.5511111111111032,350,171,1.34030383149431e-06,0.009107746187616714,1.1951500000013258e-10
1985,0.551388888888881,350,171,1.339981360969799e-06,0.009107240201717402,1.195975000001328e-10
1986,0.5516666666666589,350,171,1.3396627264203064e-06,0.009106734243928416,1.1968000000013296e-10
1987,0.5519444444444367,353,171,1.339342763250782e-06,0.0091062283142482,1.1976500000013315e-10
1988,0.5522222222222145,353,171,1.3390341559664925e-06,0.009105722412675188,1.1984750000013331e-10
1989,0.5524999999999923,353,171,1.3387199067004433e-06,0.009105216539207815,1.199250000001335e-10
1990,0.5527777777777702,353,171,1.338397214806966e-06,0.009104710693844525,1.2000500000013368e-10
1991,0.553055555555548,353,171,1.3380720247591775e-06,0.009104204876583756,1.2008250000013386e-10
1992,0.5533333333333258,353,171,1.3377501500898572e-06,0.009103699087423948,1.2016000000013408e-10
1993,0.5536111111111036,353,171,1.337434131774353e-06,0.009103193326363536,1.2023750000013426e-10
1994,0.5538888888888814,353,171,1.3371060086864478e-06,0.00910268759340096,1.2031750000013443e-10
1995,0.5541666666666593,353,171,1.3367771439954503e-06,0.009102181888534662,1.2040000000013456e-10
1996,0.5544444444444371,352,172,1.3364531905593639e-06,0.009101676211763075,1.204825000001348e-10
1997,0.5547222222222149,352,172,1.336125791842033e-06,0.009101170563084647,1.20565000000135e-10
1998,0.5549999999999927,352,172,1.3358095331524106e-06,0.009100664942497807,1.2064750000013516e-10
1999,0.5552777777777705,352,172,1.3354782037892407e-06,0.009100159350001002,1.2073000000013535e-10
2000,0.5555555555555484,352,172,1.3351448670248868e-06,0.009099653785592668,1.2081000000013555e-10
2001,0.5558333333333262,352,172,1.3348230716026598e-06,0.009099148249271249,1.2089000000013572e-10
2002,0.556111111111104,352,172,1.334498597853868e-06,0.00909864274103518,1.2097000000013594e-10
2003,0.5563888888888818,352,172,1.3341700010078435e-06,0.009098137260882896,1.210525000001361e-10
2004,0.5566666666666596,352,172,1.3338408555529744e-06,0.00909763180881285,1.211350000001363e-10
2005,0.5569444444444375,352,172,1.3335072537308416e-06,0.009097126384823472,1.2121750000013649e-10
2006,0.5572222222222153,352,172,1.3331845128625342e-06,0.009096620988913203,1.2130000000013665e-10
2007,0.5574999999999931,352,172,1.33286253055841e-06,0.009096115621080484,1.2138250000013684e-10
2008,0.5577777777777709,352,172,1.3325402596082836e-06,0.00909561028132376,1.21465000000137e-10
2009,0.5580555555555488,352,172,1.3322103216341562e-06,0.009095104969641464,1.215450000001372e-10
2010,0.5583333333333266,353,172,1.3318756603135203e-06,0.00909459968603204,1.2162000000013738e-10
2011,0.5586111111111044,353,172,1.3315643874649124e-06,0.009094094430493926,1.2169500000013758e-10
2012,0.5588888888888822,353,172,1.331232214835424e-06,0.009093589203025568,1.2177000000013776e-10
2013,0.55916666666666,353,172,1.330904684254729e-06,0.0090930840036254,1.2184500000013797e-10
2014,0.5594444444444379,353,172,1.3305843588861773e-06,0.009092578832291866,1.2192000000013814e-10
2015,0.5597222222222157,353,172,1.3302514834776252e-06,0.009092073689023403,1.219950000001383e-10
2016,0.5599999999999935,353,172,1.3299244440494264e-06,0.009091568573818461,1.2207000000013853e-10
2017,0.5602777777777713,353,172,1.329600416277502e-06,0.009091063486675469,1.221450000001387e-10
2018,0.5605555555555491,353,172,1.3292845066592424e-06,0.009090558427592876,1.2222000000013886e-10
2019,0.560833333333327,353,172,1.3289519464504312e-06,0.00909005339656912,1.2229250000013904e-10
2020,0.5611111111111048,353,172,1.3286176339266047e-06,0.009089548393602645,1.2236750000013924e-10
2021,0.5613888888888826,352,173,1.3283091237368168e-06,0.009089043418691892,1.2244500000013942e-10
2022,0.5616666666666604,352,173,1.3279927956638814e-06,0.009088538471835297,1.2252500000013958e-10
2023,0.5619444444444383,351,174,1.3276811346111522e-06,0.009088033553031305,1.2260500000013978e-10
2024,0.5622222222222161,351,174,1.3273673476966795e-06,0.00908752866227836,1.2268500000013998e-10
2025,0.5624999999999939,351,174,1.3270496012231333e-06,0.009087023799574902,1.227650000001402e-10
2026,0.5627777777777717,351,174,1.3267284662232036e-06,0.009086518964919368,1.2284500000014037e-10
2027,0.5630555555555495,351,174,1.3264082618313492e-06,0.009086014158310209,1.2292500000014056e-10
2028,0.5633333333333274,352,174,1.326075622546558e-06,0.009085509379745858,1.2300500000014076e-10
2029,0.5636111111111052,352,174,1.3257569531123732e-06,0.00908500462922476,1.230850000001409e-10
2030,0.563888888888883,352,174,1.3254449861399633e-06,0.009084499906745359,1.2316500000014112e-10
2031,0.5641666666666608,352,174,1.3251197813473524e-06,0.009083995212306096,1.2324500000014132e-10
2032,0.5644444444444386,352,174,1.324802021699159e-06,0.009083490545905413,1.233225000001415e-10
2033,0.5647222222222165,352,174,1.324486772532749e-06,0.00908298590754175,1.233975000001417e-10
2034,0.5649999999999943,352,174,1.3241594083021056e-06,0.009082481297213554,1.2347250000014187e-10
2035,0.5652777777777721,352,174,1.3238386071150736e-06,0.009081976714919265,1.2355000000014207e-10
2036,0.5655555555555499,352,174,1.3235218275359739e-06,0.009081472160657324,1.2362750000014224e-10
2037,0.5658333333333277,352,174,1.323201169330068e-06,0.009080967634426177,1.2370250000014245e-10
2038,0.5661111111111056,352,174,1.3228682698001463e-06,0.009080463136224265,1.2377750000014263e-10
2039,0.5663888888888834,353,174,1.3225421416101321e-06,0.00907995866605003,1.2385250000014283e-10
2040,0.5666666666666612,353,174,1.322219228637954e-06,0.009079454223901917,1.23930000000143e-10
2041,0.566944444444439,353,174,1.321900453896559e-06,0.009078949809778367,1.2400750000014318e-10
2042,0.5672222222222169,353,174,1.3215824908218676e-06,0.009078445423677825,1.2408500000014338e-10
2043,0.5674999999999947,353,174,1.3212629693838599e-06,0.009077941065598734,1.2416250000014358e-10
2044,0.5677777777777725,353,174,1.320939486908718e-06,0.009077436735539533,1.2424000000014378e-10
2045,0.5680555555555503,353,174,1.3206167820633454e-06,0.00907693243349867,1.2432000000014395e-10
2046,0.5683333333333281,352,175,1.3202980344361647e-06,0.009076428159474586,1.2440000000014414e-10
2047,0.568611111111106,352,176,1.319976771225758e-06,0.009075923913465728,1.244800000001443e-10
2048,0.5688888888888838,352,176,1.3196418552929348e-06,0.009075419695470537,1.245600000001445e-10
2049,0.5691666666666616,352,176,1.3193226167683464e-06,0.009074915505487452,1.2464000000014473e-10
2050,0.5694444444444394,352,176,1.3189934953974315e-06,0.009074411343514928,1.247200000001449e-10
2051,0.5697222222222172,352,176,1.3186733878546784e-06,0.009073907209551398,1.2480000000014512e-10
2052,0.5699999999999951,352,176,1.3183381292000953e-06,0.00907340310359531,1.2488000000014529e-10
2053,0.5702777777777729,352,176,1.3180215727618276e-06,0.009072899025645113,1.249600000001455e-10
2054,0.5705555555555507,352,176,1.317709311773712e-06,0.009072394975699245,1.2504000000014565e-10
2055,0.5708333333333285,352,176,1.3173921726809275e-06,0.009071890953756148,1.2512000000014587e-10
2056,0.5711111111111064,352,176,1.3170730309469744e-06,0.009071386959814276,1.2520000000014607e-10
2057,0.5713888888888842,352,176,1.3167413249632205e-06,0.009070882993872063,1.2528000000014626e-10
2058,0.571666666666662,352,176,1.3164112026554144e-06,0.009070379055927957,1.2536000000014646e-10
2059,0.5719444444444398,352,176,1.316088348795226e-06,0.009069875145980408,1.2544000000014663e-10
2060,0.5722222222222176,352,176,1.3157616207057647e-06,0.009069371264027853,1.255200000001468e-10
2061,0.5724999999999955,352,176,1.315437743525219e-06,0.00906886741006874,1.25602500000147e-10
2062,0.5727777777777733,351,177,1.315107506509781e-06,0.009068363584101515,1.256875000001472e-10
2063,0.5730555555555511,350,178,1.314791853098464e-06,0.009067859786124623,1.2577250000014738e-10
2064,0.5733333333333289,350,178,1.3144722128593419e-06,0.009067356016136504,1.2585750000014757e-10
2065,0.5736111111111067,350,178,1.3141554610207722e-06,0.009066852274135607,1.2594250000014778e-10
2066,0.5738888888888846,350,178,1.3138248605752842e-06,0.009066348560120377,1.2602750000014797e-10
2067,0.5741666666666624,350,178,1.3135091806713743e-06,0.00906584487408926,1.2611000000014816e-10
2068,0.5744444444444402,350,178,1.3131811188971948e-06,0.0090653412160407,1.2619250000014835e-10
2069,0.574722222222218,350,178,1.3128716381536687e-06,0.009064837585973142,1.2627500000014857e-10
2070,0.5749999999999958,350,178,1.3125395493935276e-06,0.009064333983885032,1.2635750000014873e-10
2071,0.5752777777777737,350,178,1.3122056683575124e-06,0.009063830409774818,1.2644000000014895e-10
2072,0.5755555555555515,350,178,1.3118718916867382e-06,0.009063326863640942,1.2652250000014914e-10
2073,0.5758333333333293,350,178,1.3115454743958342e-06,0.009062823345481849,1.2660500000014933e-10
2074,0.5761111111111071,350,178,1.3112193028526301e-06,0.00906231985529599,1.266850000001495e-10
2075,0.576388888888885,350,178,1.3108907004506168e-06,0.009061816393081809,1.267650000001497e-10
2076,0.5766666666666628,350,178,1.3105606721867628e-06,0.009061312958837745,1.2684500000014992e-10
2077,0.5769444444444406,350,178,1.3102352851192474e-06,0.009060809552562258,1.2692500000015009e-10
2078,0.5772222222222184,350,178,1.3099051192849027e-06,0.009060306174253782,1.270050000001503e-10
2079,0.5774999999999962,350,178,1.309580071131213e-06,0.009059802823910768,1.270850000001505e-10
2080,0.5777777777777741,350,178,1.309252440202664e-06,0.009059299501531663,1.2716500000015067e-10
2081,0.5780555555555519,350,178,1.308923300987221e-06,0.009058796207114911,1.2724500000015087e-10
2082,0.5783333333333297,350,178,1.3085951542670278e-06,0.00905829294065896,1.2732250000015107e-10
2083,0.5786111111111075,350,178,1.308265576108315e-06,0.009057789702162256,1.274000000001513e-10
2084,0.5788888888888853,350,178,1.307928328879499e-06,0.009057286491623249,1.2748000000015146e-10
2085,0.5791666666666632,350,178,1.3075954773692788e-06,0.00905678330904038,1.2756000000015163e-10
2086,0.579444444444441,350,178,1.307270601855947e-06,0.0090562801544121,1.2764000000015185e-10
2087,0.5797222222222188,350,178,1.3069368944737569e-06,0.009055777027736857,1.2772000000015202e-10
2088,0.5799999999999966,350,178,1.3066099090457463e-06,0.009055273929013091,1.2780000000015224e-10
2089,0.5802777777777745,350,178,1.3062765553500049e-06,0.00905477085823926,1.278800000001524e-10
2090,0.5805555555555523,350,178,1.3059476719444162e-06,0.0090542678154138,1.279600000001526e-10
2091,0.5808333333333301,350,178,1.305623436545424e-06,0.009053764800535168,1.280375000001528e-10
2092,0.5811111111111079,350,178,1.305286391979293e-06,0.009053261813601806,1.2811500000015303e-10
2093,0.5813888888888857,350,178,1.3049617452519623e-06,0.00905275885461216,1.2819250000015318e-10
2094,0.5816666666666636,350,178,1.3046420416786264e-06,0.009052255923564682,1.282700000001534e-10
2095,0.5819444444444414,350,178,1.304320608136491e-06,0.009051753020457819,1.283500000001536e-10
2096,0.5822222222222192,350,178,1.3039840179588352e-06,0.009051250145290016,1.284300000001538e-10
2097,0.582499999999997,350,178,1.30365252925549e-06,0.00905074729805972,1.2851000000015401e-10
2098,0.5827777777777748,350,178,1.3033154928040411e-06,0.009050244478765386,1.2858750000015421e-10
2099,0.5830555555555527,350,178,1.302991420867329e-06,0.009049741687405457,1.286650000001544e-10
2100,0.5833333333333305,350,178,1.3026533419364304e-06,0.009049238923978376,1.287425000001546e-10
2101,0.5836111111111083,350,178,1.302314220340017e-06,0.009048736188482601,1.2882000000015479e-10
2102,0.5838888888888861,350,178,1.3019837816035535e-06,0.009048233480916573,1.28897500000155e-10
2103,0.584166666666664,350,178,1.301648797183583e-06,0.009047730801278747,1.2897500000015519e-10
2104,0.5844444444444418,350,178,1.3013153664102053e-06,0.009047228149567564,1.2905250000015536e-10
2105,0.5847222222222196,351,178,1.3009888997069402e-06,0.009046725525781474,1.291275000001556e-10
2106,0.5849999999999974,351,178,1.3006496764133685e-06,0.009046222929918937,1.2919750000015578e-10
2107,0.5852777777777752,351,178,1.3003216968955993e-06,0.009045720361978383,1.2926750000015596e-10
2108,0.585555555555553,351,178,1.2999974410961261e-06,0.009045217821958275,1.2934000000015617e-10
2109,0.5858333333333309,350,179,1.2996748113241494e-06,0.009044715309857053,1.2941250000015638e-10
2110,0.5861111111111087,350,179,1.2993416839626084e-06,0.009044212825673173,1.2948500000015656e-10
2111,0.5863888888888865,350,179,1.2990107372711016e-06,0.009043710369405081,1.2955750000015677e-10
2112,0.5866666666666643,349,180,1.2986929078394733e-06,0.019214667951851776,1.2963000000015698e-10
2113,0.5869444444444422,349,179,1.2983617723270853e-06,0.0192136004702989,1.2970250000015716e-10
2114,0.58722222222222,349,179,1.2980387402111262e-06,0.019212533048050554,1.2977750000015734e-10
2115,0.5874999999999978,348,180,1.2977118165814658e-06,0.019211465685103443,1.2985250000015757e-10
2116,0.5877777777777756,348,180,1.29738504886889e-06,0.019210398381454268,1.2992500000015778e-10
2117,0.5880555555555534,348,180,1.2970573785188598e-06,0.03620855633648289,1.3000000000015796e-10
2118,0.5883333333333313,347,180,1.2967373465216126e-06,0.04699169470031515,1.3007750000015816e-10
2119,0.5886111111111091,346,180,1.296413630771407e-06,0.04698908405060958,1.3015500000015836e-10
2120,0.5888888888888869,346,180,1.296083336820504e-06,0.04698647354594009,1.3023250000015855e-10
2121,0.5891666666666647,346,180,1.2957561435890837e-06,0.04698386318629865,1.3031250000015875e-10
2122,0.5894444444444426,345,181,1.2954303875988234e-06,0.046981252971677205,1.3039250000015897e-10
2123,0.5897222222222204,345,181,1.2950978027900545e-06,0.046978642902067665,1.3047500000015914e-10
2124,0.5899999999999982,344,182,1.2947732332786608e-06,0.046976032977461994,1.3055750000015935e-10
2125,0.590277777777776,344,182,1.29444151624967e-06,0.04697342319785213,1.3064000000015957e-10
2126,0.5905555555555538,345,182,1.2941028574760115e-06,0.04697081356323003,1.3072250000015976e-10
2127,0.5908333333333317,345,182,1.2937834685157526e-06,0.04696820407358764,1.3080500000015995e-10
2128,0.5911111111111095,345,182,1.293465718315374e-06,0.04696559472891688,1.3088750000016017e-10
2129,0.5913888888888873,345,182,1.2931362629212277e-06,0.04696298552920972,1.3097000000016033e-10
2130,0.5916666666666651,345,182,1.2928174033950372e-06,0.04696037647445811,1.3105250000016055e-10
2131,0.5919444444444429,345,182,1.292495658394553e-06,0.046957767564653974,1.3113250000016074e-10
2132,0.5922222222222208,345,182,1.2921627863521023e-06,0.06404115762989236,1.3121000000016094e-10
2133,0.5924999999999986,346,181,1.2918333812772086e-06,0.06403759978780181,1.3129000000016114e-10
2134,0.5927777777777764,346,181,1.2915091642414258e-06,0.06403404214336918,1.3137250000016136e-10
2135,0.5930555555555542,346,182,1.291176717455211e-06,0.06403048469658341,1.3145250000016158e-10
2136,0.593333333333332,346,182,1.2908501247552016e-06,0.0640269274474336,1.3153250000016175e-10
2137,0.5936111111111099,346,182,1.290519802427386e-06,0.06402337039590875,1.3161500000016194e-10
2138,0.5938888888888877,346,182,1.2901980025101301e-06,0.06401981354199787,1.3169750000016215e-10
2139,0.5941666666666655,346,182,1.289882040954321e-06,0.06401625688568997,1.3178000000016237e-10
2140,0.5944444444444433,346,182,1.289566285775118e-06,0.06401270042697411,1.3186250000016256e-10
2141,0.5947222222222212,346,182,1.289250784456565e-06,0.06400914416583928,1.3194500000016278e-10
2142,0.594999999999999,346,182,1.2889257365209287e-06,0.06400558810227451,1.3203000000016296e-10
2143,0.5952777777777768,345,183,1.2885967157354377e-06,0.06400203223626884,1.3211500000016315e-10
2144,0.5955555555555546,345,183,1.2882719093856396e-06,0.06399847656781125,1.3220000000016334e-10
2145,0.5958333333333324,345,183,1.2879495633679122e-06,0.06399492109689082,1.3228000000016356e-10
2146,0.5961111111111103,345,183,1.2876237879183984e-06,0.06399136582349656,1.3235750000016376e-10
2147,0.5963888888888881,345,183,1.2873082401062941e-06,0.06398781074761749,1.3243500000016398e-10
2148,0.5966666666666659,344,184,1.2869815728696468e-06,0.06398425586924263,1.3251250000016416e-10
2149,0.5969444444444437,344,184,1.2866582808196047e-06,0.06398070118836101,1.3259000000016435e-10
2150,0.5972222222222215,344,184,1.2863344325739292e-06,0.06397714670496164,1.3266750000016455e-10
2151,0.5974999999999994,344,184,1.2860090899924318e-06,0.06397359241903361,1.3274500000016478e-10
2152,0.5977777777777772,344,184,1.285677040933659e-06,0.06397003833056586,1.3282250000016498e-10
2153,0.598055555555555,343,185,1.2853526112111225e-06,0.0639664844395475,1.3290000000016515e-10
2154,0.5983333333333328,343,185,1.2850265829791195e-06,0.06396293074596754,1.3297750000016538e-10
2155,0.5986111111111106,343,185,1.2847005448833878e-06,0.06395937724981499,1.3305750000016557e-10
2156,0.5988888888888885,342,186,1.284387235784018e-06,0.06395582395107888,1.3313500000016577e-10
2157,0.5991666666666663,342,186,1.2840643177141544e-06,0.06395227084974829,1.33212500000166e-10
2158,0.5994444444444441,343,186,1.2837426903429536e-06,0.06394871794581217,1.332900000001662e-10
2159,0.5997222222222219,342,187,1.2834259781789076e-06,0.06394516523925964,1.333675000001664e-10
2160,0.5999999999999998,341,188,1.2831096976048643e-06,0.06394161273007969,1.3344500000016662e-10
2161,0.6002777777777776,341,188,1.2827883525764958e-06,0.06393806041826135,1.3352250000016682e-10
2162,0.6005555555555554,341,188,1.282461949752198e-06,0.06393450830379367,1.3360000000016702e-10
2163,0.6008333333333332,341,188,1.2821472289335366e-06,0.06393095638666568,1.3367750000016725e-10
2164,0.601111111111111,342,188,1.2818239153223795e-06,0.06392740466686642,1.3375750000016742e-10
2165,0.6013888888888889,342,189,1.281511749087525e-06,0.07406267971598965,1.3383750000016764e-10
2166,0.6016666666666667,342,188,1.2811948086967777e-06,0.07405856512267207,1.3391750000016783e-10
2167,0.6019444444444445,342,188,1.2808738432275012e-06,0.07405445075794304,1.3399750000016803e-10
2168,0.6022222222222223,342,188,1.2805651140387714e-06,0.07405033662178985,1.3407750000016825e-10
2169,0.6025000000000001,342,188,1.280244795644245e-06,0.07404622271419974,1.3416000000016844e-10
2170,0.602777777777778,341,189,1.2799230618900041e-06,0.07404210903516006,1.3424250000016868e-10
2171,0.6030555555555558,341,189,1.2795912997821474e-06,0.07403799558465812,1.3432500000016885e-10
2172,0.6033333333333336,341,189,1.2792681903861757e-06,0.0740338823626812,1.3440750000016906e-10
2173,0.6036111111111114,341,189,1.2789486404366563e-06,0.0740297693692166,1.3449500000016927e-10
2174,0.6038888888888893,339,191,1.2786381759777598e-06,0.07402565660425164,1.3458250000016948e-10
2175,0.6041666666666671,339,191,1.2783232281123412e-06,0.07402154406777363,1.3467000000016969e-10
2176,0.6044444444444449,339,191,1.2780104635761266e-06,0.08649043087130846,1.3475750000016992e-10
2177,0.6047222222222227,339,190,1.2777024933752181e-06,0.08648562584737118,1.348450000001701e-10
2178,0.6050000000000005,339,190,1.2773889047962229e-06,0.08648082109037963,1.349325000001703e-10
2179,0.6052777777777784,339,190,1.2770718602812952e-06,0.08647601660031908,1.3501750000017052e-10
2180,0.6055555555555562,339,190,1.27675353285714e-06,0.08647121237717462,1.351025000001707e-10
2181,0.605833333333334,338,191,1.2764361372472397e-06,0.08646640842093142,1.3518750000017095e-10
2182,0.6061111111111118,338,191,1.2761309543494345e-06,0.08646160473157471,1.3527250000017116e-10
2183,0.6063888888888896,338,191,1.2758263349290225e-06,0.08645680130908963,1.3535750000017135e-10
2184,0.6066666666666675,338,191,1.2755143213161731e-06,0.08645199815346136,1.3544250000017156e-10
2185,0.6069444444444453,338,191,1.275195142829281e-06,0.08644719526467505,1.3552750000017177e-10
2186,0.6072222222222231,338,191,1.27488640632691e-06,0.0864423926427159,1.3561250000017196e-10
2187,0.6075000000000009,337,192,1.2745735324823064e-06,0.08643759028756909,1.356975000001722e-10
2188,0.6077777777777787,337,192,1.2742583938731753e-06,0.08643278819921979,1.3578250000017238e-10
2189,0.6080555555555566,337,192,1.273935936251515e-06,0.08642798637765318,1.358675000001726e-10
2190,0.6083333333333344,337,192,1.27361312735238e-06,0.09801396392849561,1.359525000001728e-10
2191,0.6086111111111122,337,191,1.2733037136746755e-06,0.09800851870827736,1.3603750000017302e-10
2192,0.60888888888889,338,191,1.2729870341449514e-06,0.09800307379057137,1.3612250000017323e-10
2193,0.6091666666666679,338,191,1.272662075604233e-06,0.09799762917536077,1.3620750000017344e-10
2194,0.6094444444444457,338,191,1.272332977066385e-06,0.09799218486262883,1.3629250000017363e-10
2195,0.6097222222222235,338,191,1.2720073262009496e-06,0.09798674085235867,1.3637750000017384e-10
2196,0.6100000000000013,338,191,1.2716864761704502e-06,0.09798129714453353,1.3646250000017408e-10
2197,0.6102777777777791,339,191,1.2713741247182265e-06,0.09797585373913661,1.3655000000017426e-10
2198,0.610555555555557,338,192,1.2710525556419184e-06,0.09797041063615113,1.3663750000017447e-10
2199,0.6108333333333348,339,192,1.2707359710677759e-06,0.0979649678355602,1.367250000001747e-10
2200,0.6111111111111126,339,192,1.2704157936437151e-06,0.09795952533734713,1.3681250000017488e-10
2201,0.6113888888888904,339,192,1.2700999493757517e-06,0.09795408314149506,1.3690000000017507e-10
2202,0.6116666666666682,339,192,1.269779022649908e-06,0.09794864124798719,1.3699000000017532e-10
2203,0.6119444444444461,338,193,1.269464792783461e-06,0.09794319965680678,1.3708000000017552e-10
2204,0.6122222222222239,338,193,1.2691518056841051e-06,0.09793775836793696,1.3717000000017573e-10
2205,0.6125000000000017,337,194,1.2688346989533317e-06,0.09793231738136093,1.3726000000017596e-10
2206,0.6127777777777795,337,194,1.268525057200501e-06,0.09792687669706199,1.3735000000017616e-10
2207,0.6130555555555574,337,194,1.268212748040962e-06,0.09792143631502327,1.374400000001764e-10
2208,0.6133333333333352,337,194,1.2679006418648014e-06,0.09791599623522801,1.375300000001766e-10
2209,0.613611111111113,337,194,1.267578763962968e-06,0.09791055645765938,1.3762000000017677e-10
2210,0.6138888888888908,337,194,1.2672611371891159e-06,0.09790511698230063,1.37710000000177e-10
2211,0.6141666666666686,337,194,1.2669355179028652e-06,0.09789967780913493,1.3780000000017723e-10
2212,0.6144444444444465,337,194,1.2666219706110745e-06,0.09789423893814554,1.378900000001774e-10
2213,0.6147222222222243,337,194,1.2663066656739043e-06,0.09788880036931566,1.379800000001776e-10
2214,0.6150000000000021,337,194,1.2659855847635386e-06,0.09788336210262846,1.3806500000017785e-10
2215,0.6152777777777799,337,194,1.2656729225077198e-06,0.0978779241380672,1.3815000000017806e-10
2216,0.6155555555555577,338,194,1.2653693029284385e-06,0.0978724864756151,1.3823500000017825e-10
2217,0.6158333333333356,338,194,1.2650661134111351e-06,0.09786704911525534,1.3832000000017846e-10
2218,0.6161111111111134,338,194,1.2647532890983022e-06,0.09786161205697116,1.3840500000017867e-10
2219,0.6163888888888912,338,194,1.2644440638886824e-06,0.09785617530074579,1.384925000001789e-10
2220,0.616666666666669,337,195,1.2641313953172998e-06,0.0978507388465624,1.3858000000017909e-10
2221,0.6169444444444468,337,195,1.2638160574517114e-06,0.09784530269440427,1.3866500000017927e-10
2222,0.6172222222222247,337,195,1.2635031641989285e-06,0.0978398668442546,1.3874750000017951e-10
2223,0.6175000000000025,337,195,1.2631876817421005e-06,0.09783443129609656,1.388300000001797e-10
2224,0.6177777777777803,337,195,1.2628605984987436e-06,0.09782899604991348,1.3891250000017995e-10
2225,0.6180555555555581,337,195,1.2625500643370707e-06,0.09782356110568848,1.3899500000018016e-10
2226,0.618333333333336,337,195,1.2622336014068596e-06,0.10849188369377616,1.3907750000018038e-10
2227,0.6186111111111138,336,195,1.2619239753919935e-06,0.10848585636690429,1.3916000000018057e-10
2228,0.6188888888888916,336,195,1.2616012185385542e-06,0.10847982937488389,1.3924250000018081e-10
2229,0.6191666666666694,336,195,1.2612822465511814e-06,0.1084738027176964,1.39327500000181e-10
2230,0.6194444444444472,336,195,1.2609733116856064e-06,0.10846777639532322,1.394125000001812e-10
2231,0.6197222222222251,336,195,1.2606537078330393e-06,0.1084617504077457,1.3949250000018143e-10
2232,0.6200000000000029,336,195,1.2603351297064832e-06,0.10845572475494528,1.3957250000018168e-10
2233,0.6202777777777807,335,196,1.2600123307260278e-06,0.10844969943690334,1.396575000001819e-10
2234,0.6205555555555585,335,196,1.2596934499963569e-06,0.10844367445360129,1.397450000001821e-10
2235,0.6208333333333363,334,197,1.2593776262237354e-06,0.10843764980502053,1.398325000001823e-10
2236,0.6211111111111142,334,197,1.2590766140999196e-06,0.10843162549114249,1.399200000001825e-10
2237,0.621388888888892,334,197,1.2587683158212618e-06,0.10842560151194852,1.4000750000018272e-10
2238,0.6216666666666698,334,197,1.2584534839554333e-06,0.10841957786742011,1.4009250000018296e-10
2239,0.6219444444444476,334,197,1.2581359787136015e-06,0.10841355455753858,1.4017750000018315e-10
2240,0.6222222222222255,334,198,1.2578176491053461e-06,0.10840753158228537,1.4026250000018336e-10
2241,0.6225000000000033,335,198,1.2575063735322867e-06,0.10840150894164194,1.4034750000018357e-10
2242,0.6227777777777811,335,198,1.257179755801755e-06,0.1083954866355896,1.4043250000018378e-10
2243,0.6230555555555589,335,198,1.2568655997139457e-06,0.10838946466410987,1.4051750000018402e-10
2244,0.6233333333333367,335,198,1.2565530779001463e-06,0.1083834430271841,1.4060250000018424e-10
2245,0.6236111111111146,337,198,1.2562307694774046e-06,0.1083774217247937,1.4068750000018445e-10
2246,0.6238888888888924,337,198,1.2559151821130384e-06,0.10837140075692009,1.407700000001846e-10
2247,0.6241666666666702,337,198,1.255596352981226e-06,0.10836538012354471,1.4085500000018488e-10
2248,0.624444444444448,336,199,1.2552774464864288e-06,0.11870579450146777,1.4094250000018508e-10
2249,0.6247222222222258,335,199,1.2549613445199766e-06,0.11869919973510659,1.4103000000018527e-10
2250,0.6250000000000037,334,200,1.2546545487722625e-06,0.11869260533512131,1.4112000000018552e-10
2251,0.6252777777777815,334,200,1.2543444931182544e-06,0.11868601130149159,1.4121000000018572e-10
2252,0.6255555555555593,334,200,1.2540295988090789e-06,0.1359297056034809,1.4130000000018595e-10
2253,0.6258333333333371,334,199,1.2537122107086443e-06,0.1359221539531696,1.4139000000018618e-10
2254,0.626111111111115,335,199,1.253392055755231e-06,0.13591460272239447,1.4148000000018639e-10
2255,0.6263888888888928,335,199,1.2530826374714788e-06,0.13590705191113206,1.415675000001866e-10
2256,0.6266666666666706,335,199,1.2527724609889988e-06,0.13589950151935923,1.4165500000018683e-10
2257,0.6269444444444484,335,199,1.2524528281840398e-06,0.14620009397398875,1.4174250000018706e-10
2258,0.6272222222222262,336,198,1.2521337762083292e-06,0.14619197174654575,1.4183000000018724e-10
2259,0.627500000000004,336,198,1.2518197296211425e-06,0.1461838499703376,1.4191750000018748e-10
2260,0.6277777777777819,336,198,1.2515063005236946e-06,0.14617572864533926,1.4200500000018768e-10
2261,0.6280555555555597,337,198,1.2511931938395447e-06,0.1461676077715256,1.4209250000018792e-10
2262,0.6283333333333375,337,198,1.2508878718577514e-06,0.1461594873488717,1.4217750000018813e-10
2263,0.6286111111111153,337,198,1.2505741402722827e-06,0.1461513673773523,1.4226250000018837e-10
2264,0.6288888888888932,337,198,1.2502500644562675e-06,0.14614324785694244,1.4234750000018858e-10
2265,0.629166666666671,337,198,1.249929808132289e-06,0.1562065123721859,1.4243000000018882e-10
2266,0.6294444444444488,337,197,1.2496179319218e-06,0.1561978342326097,1.4251000000018902e-10
2267,0.6297222222222266,337,197,1.2492934217254405e-06,0.16619107310437287,1.425925000001892e-10
2268,0.6300000000000044,337,196,1.2489821663285598e-06,0.16618184026697821,1.4267750000018945e-10
2269,0.6302777777777823,336,197,1.2486694684094583e-06,0.16617260794251892,1.4277000000018967e-10
2270,0.6305555555555601,334,199,1.248346246673435e-06,0.1661633761309666,1.428625000001899e-10
2271,0.6308333333333379,334,199,1.2480268617974539e-06,0.16615414483229266,1.429550000001901e-10
2272,0.6311111111111157,334,199,1.2477157662213222e-06,0.1661449140464686,1.4304750000019035e-10
2273,0.6313888888888936,334,199,1.247401970972847e-06,0.16613568377346602,1.4313750000019052e-10
2274,0.6316666666666714,334,199,1.247093390863761e-06,0.16612645401325643,1.4322750000019073e-10
2275,0.6319444444444492,334,199,1.2467733321732372e-06,0.16611722476581123,1.4331750000019096e-10
2276,0.632222222222227,334,199,1.2464570783628452e-06,0.16610799603110202,1.4341000000019118e-10
2277,0.6325000000000048,333,200,1.246142912806911e-06,0.16609876780910032,1.4350500000019143e-10
2278,0.6327777777777827,332,202,1.2458277998302784e-06,0.1660895400997776,1.4360000000019162e-10
2279,0.6330555555555605,332,202,1.2455097339787612e-06,0.1660803129031054,1.4369500000019184e-10
2280,0.6333333333333383,332,202,1.2451997186056866e-06,0.16607108621905523,1.4379000000019206e-10
2281,0.6336111111111161,332,202,1.244878788077572e-06,0.1660618600475986,1.438825000001923e-10
2282,0.6338888888888939,332,202,1.2445645391120478e-06,0.1660526343887071,1.4397500000019254e-10
2283,0.6341666666666718,332,202,1.2442400929789529e-06,0.16604340924235214,1.4407000000019273e-10
2284,0.6344444444444496,332,202,1.243933389488e-06,0.16603418460850536,1.4416000000019294e-10
2285,0.6347222222222274,332,202,1.2436158915873934e-06,0.16602496048713822,1.4425250000019319e-10
2286,0.6350000000000052,331,203,1.2433040157026264e-06,0.1660157368782223,1.4434500000019339e-10
2287,0.635277777777783,331,203,1.2429902057603048e-06,0.16600651378172904,1.444375000001936e-10
2288,0.6355555555555609,331,203,1.2426652033749638e-06,0.16599729119763007,1.4452750000019387e-10
2289,0.6358333333333387,332,203,1.2423483754617903e-06,0.16598806912589686,1.4461750000019404e-10
2290,0.6361111111111165,331,204,1.2420362899378954e-06,0.16597884756650103,1.447100000001943e-10
2291,0.6363888888888943,331,205,1.2417298671694082e-06,0.16596962651941397,1.4480500000019451e-10
2292,0.6366666666666722,331,205,1.2414232638346592e-06,0.16596040598460737,1.4490000000019473e-10
2293,0.63694444444445,331,205,1.241108920774853e-06,0.16595118596205266,1.4499500000019496e-10
2294,0.6372222222222278,332,205,1.240804685302862e-06,0.1659419664517214,1.450900000001952e-10
2295,0.6375000000000056,332,205,1.2404903414951965e-06,0.16593274745358522,1.451850000001954e-10
2296,0.6377777777777834,332,205,1.240179040786914e-06,0.1659235289676156,1.4528000000019562e-10
2297,0.6380555555555613,332,205,1.2398755532674292e-06,0.1659143109937841,1.4537750000019583e-10
2298,0.6383333333333391,331,206,1.239570541730246e-06,0.1659050935320622,1.4547500000019607e-10
2299,0.6386111111111169,331,206,1.2392605391147813e-06,0.16589587658242155,1.4557500000019629e-10
2300,0.6388888888888947,330,207,1.2389440399924894e-06,0.1658866601448336,1.4567500000019652e-10
2301,0.6391666666666725,330,207,1.2386353826393806e-06,0.16587744421927003,1.4577500000019674e-10
2302,0.6394444444444504,330,207,1.2383325238325711e-06,0.1658682288057023,1.4587750000019697e-10
2303,0.6397222222222282,329,208,1.2380261040090047e-06,0.16585901390410202,1.4598000000019718e-10
2304,0.640000000000006,329,208,1.2377251318865096e-06,0.16584979951444068,1.460825000001974e-10
2305,0.6402777777777838,329,208,1.2374217353655444e-06,0.16584058563668988,1.4618500000019764e-10
2306,0.6405555555555617,329,208,1.2371125801137407e-06,0.16583137227082118,1.4628750000019785e-10
2307,0.6408333333333395,328,209,1.2368196132397508e-06,0.16582215941680614,1.4639000000019806e-10
2308,0.6411111111111173,328,209,1.2365098013558873e-06,0.16581294707461633,1.4649250000019832e-10
2309,0.6413888888888951,328,209,1.2362079476356233e-06,0.1658037352442233,1.4659500000019855e-10
2310,0.6416666666666729,328,209,1.2358941006443726e-06,0.16579452392559857,1.4669750000019876e-10
2311,0.6419444444444508,328,209,1.2355813212528277e-06,0.16578531311871386,1.4680250000019896e-10
2312,0.6422222222222286,327,210,1.2352786143295926e-06,0.17702969236922458,1.469075000001992e-10
2313,0.6425000000000064,327,209,1.2349775487154884e-06,0.17701985738631515,1.4701250000019944e-10
2314,0.6427777777777842,327,209,1.2346745961713194e-06,0.17701002294979368,1.4711500000019962e-10
2315,0.643055555555562,327,209,1.2343676260112281e-06,0.1770001890596298,1.4721750000019986e-10
2316,0.6433333333333399,327,209,1.2340563782053014e-06,0.17699035571579316,1.4732250000020008e-10
2317,0.6436111111111177,326,210,1.2337557873887383e-06,0.17698052291825342,1.4742500000020032e-10
2318,0.6438888888888955,326,210,1.2334529024093195e-06,0.17697069066698018,1.4752750000020055e-10
2319,0.6441666666666733,325,211,1.233146943482966e-06,0.1877167227551591,1.4763000000020078e-10
2320,0.6444444444444511,325,210,1.2328421573089498e-06,0.18770629404833938,1.4773250000020102e-10
2321,0.644722222222229,325,210,1.2325392819654998e-06,0.18769586592089227,1.4784000000020122e-10
2322,0.6450000000000068,323,212,1.232235527614523e-06,0.18768543837278556,1.4794500000020144e-10
2323,0.6452777777777846,323,212,1.231936847823713e-06,0.18767501140398707,1.4805000000020167e-10
2324,0.6455555555555624,323,212,1.2316320532286054e-06,0.18766458501446465,1.4815500000020193e-10
2325,0.6458333333333403,323,212,1.2313241373149692e-06,0.19835168904173303,1.4826000000020213e-10
2326,0.6461111111111181,323,211,1.2310286712504925e-06,0.19834066950345294,1.4836500000020238e-10
2327,0.6463888888888959,323,211,1.2307221903901317e-06,0.19832965057736945,1.4847000000020256e-10
2328,0.6466666666666737,323,211,1.230424792779594e-06,0.19831863226344848,1.485750000002028e-10
2329,0.6469444444444515,323,211,1.2301291464312951e-06,0.1983076145616561,1.4867750000020302e-10
2330,0.6472222222222294,323,211,1.2298147924738465e-06,0.1982965974719582,1.4878000000020328e-10
2331,0.6475000000000072,323,211,1.229508825603747e-06,0.1982855809943209,1.488800000002035e-10
2332,0.647777777777785,323,211,1.2292065086423728e-06,0.19827456512871014,1.4898000000020373e-10
2333,0.6480555555555628,323,211,1.2288958519727645e-06,0.19826354987509184,1.4908250000020394e-10
2334,0.6483333333333406,323,211,1.2285977270174015e-06,0.19825253523343211,1.491850000002042e-10
2335,0.6486111111111185,323,211,1.2282981047817558e-06,0.19824152120369695,1.4928750000020443e-10
2336,0.6488888888888963,322,212,1.2279903219922494e-06,0.1982305077858523,1.4939000000020464e-10
2337,0.6491666666666741,322,212,1.227682334838269e-06,0.1982194949798642,1.4949250000020484e-10
2338,0.6494444444444519,322,212,1.2273775601285832e-06,0.19820848278569866,1.495950000002051e-10
2339,0.6497222222222298,322,212,1.227077036558573e-06,0.1981974712033217,1.4969750000020534e-10
2340,0.6500000000000076,322,212,1.226774366527417e-06,0.19818646023269929,1.498000000002056e-10
2341,0.6502777777777854,322,212,1.2264836185243343e-06,0.19817544987379748,1.4990250000020578e-10
2342,0.6505555555555632,322,212,1.2261791713626063e-06,0.20862660714675668,1.50005000000206e-10
2343,0.650833333333341,321,212,1.2258743794498998e-06,0.208615016779693,1.5010750000020624e-10
2344,0.6511111111111189,321,212,1.2255734436200428e-06,0.20860342705653856,1.5021000000020645e-10
2345,0.6513888888888967,321,212,1.2252673318370512e-06,0.20859183797725764,1.5031250000020673e-10
2346,0.6516666666666745,321,212,1.2249617188992906e-06,0.20858024954181442,1.5041500000020694e-10
2347,0.6519444444444523,321,212,1.224649354901655e-06,0.2085686617501733,1.5051750000020715e-10
2348,0.6522222222222301,321,212,1.2243476221548876e-06,0.20855707460229825,1.506200000002074e-10
2349,0.652500000000008,321,212,1.2240421564996028e-06,0.20854548809815368,1.5072250000020764e-10
2350,0.6527777777777858,321,212,1.2237341816358427e-06,0.2085339022377038,1.5082500000020787e-10
2351,0.6530555555555636,321,212,1.223427311090643e-06,0.20852231702091284,1.5092750000020808e-10
2352,0.6533333333333414,321,212,1.2231319806621845e-06,0.208510732447745,1.5103000000020831e-10
2353,0.6536111111111192,321,212,1.2228300783497742e-06,0.20849914851816456,1.5113000000020855e-10
2354,0.6538888888888971,321,212,1.2225236350640615e-06,0.2084875652321358,1.5123250000020879e-10
2355,0.6541666666666749,320,213,1.2222316053026136e-06,0.20847598258962288,1.5133500000020902e-10
2356,0.6544444444444527,320,213,1.2219352459072258e-06,0.20846440059059013,1.5143750000020925e-10
2357,0.6547222222222305,319,214,1.2216410401705e-06,0.20845281923500178,1.515400000002095e-10
2358,0.6550000000000084,319,214,1.2213451905399885e-06,0.2084412385228221,1.5164250000020974e-10
2359,0.6552777777777862,319,214,1.221035083639649e-06,0.20842965845401526,1.5174750000020997e-10
2360,0.655555555555564,318,215,1.2207390168889804e-06,0.20841807902854556,1.5185750000021017e-10
2361,0.6558333333333418,315,218,1.2204302572130162e-06,0.22098969818748446,1.519675000002104e-10
2362,0.6561111111111196,315,217,1.220122840639974e-06,0.22097742098202972,1.5207750000021066e-10
2363,0.6563888888888975,315,217,1.219822583420909e-06,0.23350049590407093,1.5218750000021088e-10
2364,0.6566666666666753,315,216,1.2195276303041428e-06,0.2334875236542985,1.5229500000021113e-10
2365,0.6569444444444531,316,216,1.2192284212360494e-06,0.23347455212520657,1.5240500000021137e-10
2366,0.6572222222222309,315,217,1.2189296984128441e-06,0.24411425169333362,1.525175000002116e-10
2367,0.6575000000000087,316,216,1.2186273730279927e-06,0.24410068979046176,1.526300000002118e-10
2368,0.6577777777777866,316,216,1.2183260092222107e-06,0.25460894676029927,1.5274500000021207e-10
2369,0.6580555555555644,316,215,1.2180307278434182e-06,0.25459480181881256,1.528600000002123e-10
2370,0.6583333333333422,316,215,1.2177287156012287e-06,0.2545806576631559,1.5297250000021252e-10
2371,0.65861111111112,316,215,1.217425193448148e-06,0.2545665142932857,1.5308500000021273e-10
2372,0.6588888888888979,316,215,1.2171294332236187e-06,0.2545523717091584,1.53202500000213e-10
2373,0.6591666666666757,315,216,1.2168334541711544e-06,0.25453822991073005,1.533225000002132e-10
2374,0.6594444444444535,314,217,1.2165343361179567e-06,0.25452408889795725,1.5344000000021343e-10
2375,0.6597222222222313,314,217,1.2162307029979116e-06,0.25450994867079624,1.5355750000021369e-10
2376,0.6600000000000091,314,217,1.2159233999081643e-06,0.25449580922920345,1.5367500000021392e-10
2377,0.660277777777787,314,217,1.2156280865198928e-06,0.2544816705731352,1.5379250000021415e-10
2378,0.6605555555555648,314,217,1.215327220043455e-06,0.2650232169806183,1.5391250000021438e-10
2379,0.6608333333333426,314,216,1.2150345378707279e-06,0.2750128826937108,1.540350000002146e-10
2380,0.6611111111111204,313,216,1.2147393856646621e-06,0.27499760420022784,1.5415500000021483e-10
2381,0.6613888888888982,313,216,1.2144363727191758e-06,0.27498232655555,1.5427500000021506e-10
2382,0.6616666666666761,313,216,1.2141448693867855e-06,0.2749670497596303,1.5439250000021532e-10
2383,0.6619444444444539,313,216,1.2138449163918457e-06,0.27495177381242136,1.5451000000021555e-10
2384,0.6622222222222317,313,216,1.213549807726139e-06,0.27493649871387627,1.5462750000021578e-10
2385,0.6625000000000095,312,217,1.2132530058353149e-06,0.27492122446394773,1.5474500000021601e-10
2386,0.6627777777777873,312,217,1.2129480147356506e-06,0.27490595106258864,1.5486250000021627e-10
2387,0.6630555555555652,312,217,1.2126409833814509e-06,0.2748906785097519,1.549800000002165e-10
2388,0.663333333333343,312,217,1.212343608568853e-06,0.2748754068053902,1.5510000000021673e-10
2389,0.6636111111111208,311,218,1.2120437759277985e-06,0.27486013594945663,1.55220000000217e-10
2390,0.6638888888888986,311,218,1.2117456566172011e-06,0.2748448659419039,1.5534000000021722e-10
2391,0.6641666666666765,311,218,1.211449008298312e-06,0.27482959678268487,1.5546000000021744e-10
2392,0.6644444444444543,310,219,1.2111558299792981e-06,0.27481432847175247,1.5558000000021767e-10
2393,0.6647222222222321,310,219,1.2108623901232806e-06,0.27479906100905965,1.5570000000021795e-10
2394,0.6650000000000099,309,220,1.2105629638359191e-06,0.2747837943945592,1.5582000000021818e-10
2395,0.6652777777777877,309,220,1.210269786083865e-06,0.2747685286282039,1.5594000000021838e-10
2396,0.6655555555555656,309,220,1.2099806360572418e-06,0.27475326370994674,1.5606000000021864e-10
2397,0.6658333333333434,309,220,1.209689503218003e-06,0.27473799963974066,1.5618000000021886e-10
2398,0.6661111111111212,309,220,1.2094043543931683e-06,0.27472273641753847,1.5630000000021914e-10
2399,0.666388888888899,309,220,1.2091162542294166e-06,0.2747074740432931,1.5642250000021937e-10
2400,0.6666666666666768,308,221,1.208823281632209e-06,0.28758021715180154,1.5654500000021964e-10
2401,0.6669444444444547,308,220,1.2085381850541083e-06,0.28756424047307083,1.5667000000021984e-10
2402,0.6672222222222325,306,222,1.208247222784668e-06,0.2875482646819335,1.567975000002201e-10
2403,0.6675000000000103,304,224,1.207952548540123e-06,0.2998678477449762,1.5692500000022032e-10
2404,0.6677777777777881,304,223,1.2076684894084654e-06,0.29985118842010167,1.5705000000022056e-10
2405,0.668055555555566,304,223,1.2073745550703836e-06,0.29983453002074495,1.5717500000022083e-10
2406,0.6683333333333438,304,223,1.2070946138751044e-06,0.3113930970751347,1.5729750000022108e-10
2407,0.6686111111111216,303,223,1.20680728163849e-06,0.3113757974586306,1.574225000002213e-10
2408,0.6688888888888994,303,223,1.206521777293916e-06,0.31135849880321614,1.5755250000022154e-10
2409,0.6691666666666772,303,224,1.2062339032434464e-06,0.3113412011088383,1.5768500000022177e-10
2410,0.6694444444444551,302,225,1.2059450236289543e-06,0.3113239043754433,1.5781750000022205e-10
2411,0.6697222222222329,302,225,1.2056587707043838e-06,0.31130660860297804,1.5795250000022228e-10
2412,0.6700000000000107,300,227,1.2053678810625032e-06,0.31128931379138897,1.5808750000022254e-10
2413,0.6702777777777885,300,227,1.2050807440684391e-06,0.3112720199406228,1.5822250000022276e-10
2414,0.6705555555555663,300,227,1.2047906924281396e-06,0.31125472705062607,1.5835750000022302e-10
2415,0.6708333333333442,300,227,1.2045101919926187e-06,0.3112374351213455,1.5849250000022324e-10
2416,0.671111111111122,301,227,1.2042238821565678e-06,0.31122014415272775,1.5862750000022347e-10
2417,0.6713888888888998,301,227,1.2039336744783424e-06,0.3225992131967144,1.5876250000022372e-10
2418,0.6716666666666776,301,226,1.2036475545483955e-06,0.32258129101820343,1.5889750000022398e-10
2419,0.6719444444444554,301,226,1.2033518765841085e-06,0.32256336983536915,1.5903250000022423e-10
2420,0.6722222222222333,301,226,1.20306836314962e-06,0.3225454496481561,1.5916750000022449e-10
2421,0.6725000000000111,301,226,1.2027787054165074e-06,0.322527530456509,1.592975000002247e-10
2422,0.6727777777777889,301,226,1.2024951251491785e-06,0.3225096122603725,1.5942250000022494e-10
2423,0.6730555555555667,301,226,1.2022018543196966e-06,0.3224916950596914,1.5955250000022518e-10
2424,0.6733333333333446,299,228,1.2019070731095447e-06,0.32247377885441036,1.5968500000022543e-10
2425,0.6736111111111224,298,229,1.2016247895276474e-06,0.32245586364447404,1.5981750000022567e-10
2426,0.6738888888889002,298,229,1.2013307471560816e-06,0.32243794942982706,1.5995250000022595e-10
2427,0.674166666666678,298,229,1.2010477137966258e-06,0.3224200362104143,1.6008750000022617e-10
2428,0.6744444444444558,298,229,1.200764725137866e-06,0.3224021239861805,1.602225000002264e-10
2429,0.6747222222222337,299,229,1.2004781816293323e-06,0.3223842127570701,1.6035750000022665e-10
2430,0.6750000000000115,299,229,1.2001827576915353e-06,0.322366302523028,1.6049250000022688e-10
2431,0.6752777777777893,299,229,1.199903125246532e-06,0.322348393283999,1.6062500000022714e-10
2432,0.6755555555555671,299,229,1.1996308946366356e-06,0.3223304850399276,1.607575000002274e-10
2433,0.6758333333333449,299,229,1.1993495107435352e-06,0.32231257779075884,1.6089250000022765e-10
2434,0.6761111111111228,299,229,1.1990575005762963e-06,0.32229467153643715,1.6102750000022788e-10
2435,0.6763888888889006,298,230,1.1987701335679799e-06,0.32227676627690727,1.6116250000022813e-10
2436,0.6766666666666784,298,230,1.1984717749107126e-06,0.332405210072009,1.612975000002284e-10
2437,0.6769444444444562,298,229,1.1981867225092105e-06,0.33238674311589395,1.6143250000022864e-10
2438,0.677222222222234,298,229,1.1979063301715257e-06,0.3323682771857208,1.6157000000022886e-10
2439,0.6775000000000119,297,230,1.1976262878582362e-06,0.3323498122814328,1.6170750000022914e-10
2440,0.6777777777777897,297,230,1.1973428922429544e-06,0.3323313484029727,1.618425000002294e-10
2441,0.6780555555555675,297,230,1.1970691212176765e-06,0.33231288555028354,1.6197750000022962e-10
2442,0.6783333333333453,297,230,1.1967916002154195e-06,0.33229442372330864,1.621125000002299e-10
2443,0.6786111111111232,297,230,1.196514040016636e-06,0.3322759629219907,1.6225000000023012e-10
2444,0.678888888888901,297,230,1.1962339733897893e-06,0.3322575031462728,1.6238750000023037e-10
2445,0.6791666666666788,297,230,1.1959499174631932e-06,0.34253699951263267,1.6252500000023062e-10
2446,0.6794444444444566,297,229,1.1956722291799386e-06,0.34251796967932646,1.6266250000023087e-10
2447,0.6797222222222344,297,229,1.1953855458253178e-06,0.3424989409032332,1.6280000000023112e-10
2448,0.6800000000000123,297,229,1.1950936837856784e-06,0.3424799131842941,1.6293500000023137e-10
2449,0.6802777777777901,297,229,1.1948062794660024e-06,0.3424608865224505,1.6307000000023162e-10
2450,0.6805555555555679,297,229,1.1945212658513296e-06,0.34244186091764384,1.6321000000023187e-10
2451,0.6808333333333457,296,230,1.1942338952387961e-06,0.342422836369815,1.633475000002321e-10
2452,0.6811111111111235,296,230,1.1939492795150914e-06,0.34240381287890564,1.6348500000023236e-10
2453,0.6813888888889014,296,230,1.1936653247309732e-06,0.34238479044485676,1.6362250000023261e-10
2454,0.6816666666666792,296,230,1.1933721316128329e-06,0.353497622924761,1.6376000000023284e-10
2455,0.681944444444457,296,229,1.1930786173051162e-06,0.3534779841679319,1.6389750000023314e-10
2456,0.6822222222222348,296,229,1.192792462156309e-06,0.35345834650214475,1.6404000000023335e-10
2457,0.6825000000000127,295,230,1.1925117406099106e-06,0.35343870992733917,1.6418000000023362e-10
2458,0.6827777777777905,295,230,1.1922253217351901e-06,0.3534190744434542,1.6432000000023384e-10
2459,0.6830555555555683,295,230,1.1919367257138778e-06,0.35339944005042967,1.644625000002341e-10
2460,0.6833333333333461,295,230,1.1916460120120376e-06,0.35337980674820463,1.6460500000023437e-10
2461,0.6836111111111239,295,230,1.1913639288729527e-06,0.35336017453671864,1.6474750000023461e-10
2462,0.6838888888889018,295,230,1.1910793629067094e-06,0.3533405434159111,1.6489000000023488e-10
2463,0.6841666666666796,295,230,1.1907943836882492e-06,0.3533209133857213,1.6503500000023514e-10
2464,0.6844444444444574,294,231,1.1905162770876467e-06,0.3533012844460888,1.6517750000023536e-10
2465,0.6847222222222352,294,231,1.1902311456932466e-06,0.3532816565969529,1.6532250000023562e-10
2466,0.685000000000013,293,232,1.1899470737190204e-06,0.35326202983825306,1.6547000000023585e-10
2467,0.6852777777777909,292,233,1.189663473097171e-06,0.35324240416992875,1.656175000002361e-10
2468,0.6855555555555687,292,233,1.1893875942158222e-06,0.3532227795919194,1.657625000002364e-10
2469,0.6858333333333465,292,233,1.1890970316202205e-06,0.35320315610416425,1.6590750000023665e-10
2470,0.6861111111111243,292,233,1.1888053866848975e-06,0.3531835337066029,1.6605250000023692e-10
2471,0.6863888888889021,292,233,1.188519996605592e-06,0.3531639123991748,1.6619750000023715e-10
2472,0.68666666666668,292,233,1.1882420583443663e-06,0.35314429218181925,1.6634000000023742e-10
2473,0.6869444444444578,293,233,1.1879455688893016e-06,0.3531246730544758,1.6648250000023766e-10
2474,0.6872222222222356,293,233,1.1876658914946788e-06,0.35310505501708395,1.6662250000023793e-10
2475,0.6875000000000134,293,233,1.1873867357257896e-06,0.3645156523272569,1.6676250000023815e-10
2476,0.6877777777777913,293,232,1.1871049579480119e-06,0.3644954014576831,1.6690500000023841e-10
2477,0.6880555555555691,290,235,1.1868306500571822e-06,0.3644751517131577,1.6704500000023868e-10
2478,0.6883333333333469,290,235,1.1865523922360063e-06,0.3644549030936181,1.6718500000023893e-10
2479,0.6886111111111247,289,236,1.186271012176434e-06,0.36443465559900184,1.673275000002392e-10
2480,0.6888888888889025,288,237,1.1859993274998462e-06,0.36441440922924634,1.6747000000023943e-10
2481,0.6891666666666804,288,237,1.185714645232705e-06,0.36439416398428914,1.676100000002397e-10
2482,0.6894444444444582,288,237,1.1854269948608667e-06,0.36437391986406786,1.6775000000023992e-10
2483,0.689722222222236,288,237,1.1851501494500043e-06,0.36435367686851994,1.6788750000024022e-10
2484,0.6900000000000138,288,237,1.1848787081323825e-06,0.37542134858256093,1.6803250000024046e-10
2485,0.6902777777777916,285,239,1.1846023549720331e-06,0.37540049184097307,1.6817750000024075e-10
2486,0.6905555555555695,285,239,1.1843268927263837e-06,0.375379636258093,1.6832250000024096e-10
2487,0.6908333333333473,285,239,1.1840484273042191e-06,0.38546757816635774,1.6846500000024125e-10
2488,0.6911111111111251,285,238,1.1837692378669104e-06,0.385446163300904,1.6860750000024152e-10
2489,0.6913888888889029,285,238,1.1834808089722742e-06,0.3854247496251651,1.6875000000024178e-10
2490,0.6916666666666808,285,238,1.1831967936611137e-06,0.38540333713907476,1.6889000000024205e-10
2491,0.6919444444444586,285,238,1.1829190381532835e-06,0.38538192584256703,1.6903250000024232e-10
2492,0.6922222222222364,284,239,1.1826345433088885e-06,0.38536051573557584,1.6917750000024255e-10
2493,0.6925000000000142,284,239,1.1823594815526153e-06,0.38533910681803496,1.6932250000024281e-10
2494,0.692777777777792,284,239,1.1820748855212227e-06,0.3853176990898785,1.6946500000024306e-10
2495,0.6930555555555699,284,239,1.1817961222276663e-06,0.3852962925510401,1.6960750000024332e-10
2496,0.6933333333333477,284,239,1.1815140668138085e-06,0.385274887201454,1.697500000002436e-10
2497,0.6936111111111255,284,239,1.1812439439361138e-06,0.3852534830410539,1.6989250000024385e-10
2498,0.6938888888889033,284,239,1.180960318220483e-06,0.3852320800697738,1.7003500000024412e-10
2499,0.6941666666666811,284,239,1.1806797894190474e-06,0.38521067828754774,1.7017750000024436e-10
2500,0.694444444444459,284,239,1.1803956082871422e-06,0.3851892776943096,1.7032000000024463e-10
2501,0.6947222222222368,284,239,1.1801031601705456e-06,0.3851678782899932,1.704625000002449e-10
2502,0.6950000000000146,284,239,1.1798175450813513e-06,0.38514648007453267,1.7060250000024516e-10
2503,0.6952777777777924,284,239,1.1795317846795828e-06,0.4037877991314663,1.707450000002454e-10
2504,0.6955555555555702,283,239,1.1792615522150188e-06,0.4037653664759589,1.7088750000024567e-10
2505,0.6958333333333481,283,239,1.1789863822551894e-06,0.4037429350667103,1.7103250000024593e-10
2506,0.6961111111111259,284,239,1.1787019290921592e-06,0.403720504903651,1.7117750000024622e-10
2507,0.6963888888889037,284,239,1.1784187247873908e-06,0.403698075986712,1.7132250000024648e-10
2508,0.6966666666666815,284,239,1.1781362758537406e-06,0.4140528191838317,1.714675000002467e-10
2509,0.6969444444444594,284,238,1.1778493805115267e-06,0.4140298162494327,1.7161250000024698e-10
2510,0.6972222222222372,284,238,1.1775685859489135e-06,0.4140068145929744,1.7175750000024724e-10
2511,0.697500000000015,284,238,1.1772913615644126e-06,0.4139838142143859,1.719025000002475e-10
2512,0.6977777777777928,284,238,1.1770137248367867e-06,0.41396081511359617,1.7204500000024777e-10
2513,0.6980555555555706,284,238,1.176737757247414e-06,0.41393781729053436,1.7218750000024803e-10
2514,0.6983333333333485,284,238,1.176460989037387e-06,0.41391482074512925,1.723300000002483e-10
2515,0.6986111111111263,284,238,1.176182805068084e-06,0.4138918254773102,1.7247000000024854e-10
2516,0.6988888888889041,285,238,1.1759050917522722e-06,0.4138688314870058,1.726100000002488e-10
2517,0.6991666666666819,285,238,1.175633489734532e-06,0.41384583877414555,1.7275000000024906e-10
2518,0.6994444444444597,285,238,1.175361052613215e-06,0.4138228473386581,1.7288750000024936e-10
2519,0.6997222222222376,285,238,1.1750788624984691e-06,0.42491521306605057,1.7302500000024963e-10
2520,0.7000000000000154,285,237,1.1747930935247195e-06,0.4248916066653246,1.7316500000024988e-10
2521,0.7002777777777932,285,237,1.1745113695854111e-06,0.42486800157606547,1.7330500000025015e-10
2522,0.700555555555571,285,237,1.1742233765168108e-06,0.42484439779820016,1.7344500000025042e-10
2523,0.7008333333333489,285,237,1.1739506935354397e-06,0.4365226041571016,1.735850000002507e-10
2524,0.7011111111111267,285,236,1.1736735003184601e-06,0.43649835290131506,1.7372500000025096e-10
2525,0.7013888888889045,284,237,1.1733968802581822e-06,0.4481239608690985,1.738600000002512e-10
2526,0.7016666666666823,285,236,1.1731228142330158e-06,0.460028685052399,1.739950000002515e-10
2527,0.7019444444444601,284,236,1.172857410152902e-06,0.4600031279032295,1.7413250000025177e-10
2528,0.702222222222238,284,236,1.1725880777228338e-06,0.45997757217390156,1.7426750000025202e-10
2529,0.7025000000000158,284,236,1.17231287626765e-06,0.45995201786433637,1.7440250000025227e-10
2530,0.7027777777777936,284,236,1.1720364326209859e-06,0.4599264649744551,1.7454000000025255e-10
2531,0.7030555555555714,284,236,1.171753676394312e-06,0.4599009135041787,1.7468000000025284e-10
2532,0.7033333333333492,283,237,1.171489754238993e-06,0.4598753634534286,1.7482250000025308e-10
2533,0.7036111111111271,282,238,1.1712154250473342e-06,0.4598498148221255,1.7495500000025337e-10
2534,0.7038888888889049,282,238,1.1709436513391435e-06,0.45982426761019096,1.7508750000025365e-10
2535,0.7041666666666827,282,238,1.170675568902333e-06,0.4707072076096111,1.7522500000025387e-10
2536,0.7044444444444605,282,237,1.1704022907781248e-06,0.4706810572091884,1.753600000002542e-10
2537,0.7047222222222383,282,237,1.1701327311338175e-06,0.47065490826156564,1.7549500000025446e-10
2538,0.7050000000000162,282,237,1.1698618407042332e-06,0.47062876076666227,1.756325000002547e-10
2539,0.705277777777794,282,237,1.1696023673673717e-06,0.4706026147243974,1.7577000000025498e-10
2540,0.7055555555555718,282,237,1.169329018023235e-06,0.4705764701346906,1.7590750000025523e-10
2541,0.7058333333333496,282,237,1.1690500519111827e-06,0.4705503269974609,1.760475000002555e-10
2542,0.7061111111111275,281,238,1.1687690054511116e-06,0.47052418531262774,1.7618750000025575e-10
2543,0.7063888888889053,281,238,1.1684954305838571e-06,0.4704980450801104,1.7632750000025602e-10
2544,0.7066666666666831,281,238,1.1682216192335717e-06,0.47047190629982816,1.764675000002563e-10
2545,0.7069444444444609,281,238,1.1679532356260714e-06,0.4704457689717004,1.766050000002566e-10
2546,0.7072222222222387,281,238,1.1676823178176803e-06,0.47041963309564644,1.7674000000025687e-10
2547,0.7075000000000166,281,238,1.16741267177928e-06,0.47039349867158564,1.7687750000025714e-10
2548,0.7077777777777944,281,238,1.1671407171676242e-06,0.47036736569943716,1.770175000002574e-10
2549,0.7080555555555722,280,239,1.1668603887396233e-06,0.4703412341791206,1.7715750000025768e-10
2550,0.70833333333335,280,239,1.1665828229143853e-06,0.48151319508561763,1.7729750000025795e-10
2551,0.7086111111111278,280,238,1.1663083211566684e-06,0.4814864443525574,1.774375000002582e-10
2552,0.7088888888889057,280,238,1.1660282743353609e-06,0.481459695105649,1.775775000002585e-10
2553,0.7091666666666835,280,238,1.165743257598872e-06,0.48143294734480985,1.7771750000025876e-10
2554,0.7094444444444613,280,238,1.1654718748483316e-06,0.49169652231130623,1.7786000000025903e-10
2555,0.7097222222222391,278,239,1.165196453742405e-06,0.4916692058378445,1.7800250000025927e-10
2556,0.710000000000017,278,239,1.1649245170390062e-06,0.4916418908819645,1.781450000002596e-10
2557,0.7102777777777948,278,239,1.1646571445491052e-06,0.4916145774435822,1.7828500000025986e-10
2558,0.7105555555555726,278,239,1.164391694531163e-06,0.502057193900681,1.784250000002601e-10
2559,0.7108333333333504,278,238,1.1641255858912277e-06,0.5020293018343532,1.785700000002604e-10
2560,0.7111111111111282,276,240,1.1638585981830092e-06,0.5135452043078363,1.7871500000026065e-10
2561,0.7113888888889061,276,239,1.1635914479565234e-06,0.513516674018708,1.7885750000026094e-10
2562,0.7116666666666839,276,239,1.163314347554523e-06,0.513488145314596,1.789975000002612e-10
2563,0.7119444444444617,276,239,1.163045265323111e-06,0.5134596181954119,1.7914000000026148e-10
2564,0.7122222222222395,276,239,1.1627718856421658e-06,0.5134310926610677,1.7928000000026173e-10
2565,0.7125000000000173,276,239,1.1624976429380128e-06,0.5134025687114755,1.7941750000026203e-10
2566,0.7127777777777952,276,239,1.1622258737199943e-06,0.5241671972578505,1.7955500000026233e-10
2567,0.713055555555573,276,238,1.1619559483962123e-06,0.5436244789624741,1.7969500000026257e-10
2568,0.7133333333333508,275,238,1.1616852586380364e-06,0.5435942776025319,1.7983750000026284e-10
2569,0.7136111111111286,275,238,1.1614303820466013e-06,0.5435640779204427,1.7998250000026315e-10
2570,0.7138888888889064,275,238,1.1611635894388462e-06,0.5435338799161139,1.801275000002634e-10
2571,0.7141666666666843,275,238,1.160898232816775e-06,0.543503683589452,1.802775000002637e-10
2572,0.7144444444444621,273,240,1.1606255616108188e-06,0.5434734889403636,1.8043000000026397e-10
2573,0.7147222222222399,272,241,1.1603565832288443e-06,0.5434432959687557,1.8058250000026424e-10
2574,0.7150000000000177,272,241,1.160090083302439e-06,0.5434131046745353,1.8073500000026451e-10
2575,0.7152777777777956,272,241,1.1598170501351178e-06,0.5433829150576089,1.808875000002648e-10
2576,0.7155555555555734,272,241,1.1595479624462208e-06,0.5433527271178835,1.810375000002651e-10
2577,0.7158333333333512,272,241,1.159283863720496e-06,0.543322540855266,1.8119000000026534e-10
2578,0.716111111111129,271,242,1.1590120928862913e-06,0.5432923562696629,1.8134500000026564e-10
2579,0.7163888888889068,271,242,1.1587467967529807e-06,0.5432621733609814,1.815000000002659e-10
2580,0.7166666666666847,271,242,1.1584793721793805e-06,0.543231992129128,1.8165500000026615e-10
2581,0.7169444444444625,271,242,1.1582025835426224e-06,0.5532210508173987,1.8180750000026648e-10
2582,0.7172222222222403,271,241,1.1579352074882049e-06,0.5531903163145755,1.8196000000026672e-10
2583,0.7175000000000181,271,241,1.1576624208441109e-06,0.5531595835192247,1.8211500000026702e-10
2584,0.7177777777777959,271,241,1.1573842764113186e-06,0.5748293062180181,1.822700000002673e-10
2585,0.7180555555555738,271,239,1.1571171889102561e-06,0.5747973712565616,1.8242500000026756e-10
2586,0.7183333333333516,270,240,1.1568476554566766e-06,0.5747654380692695,1.8258000000026786e-10
2587,0.7186111111111294,270,240,1.156588911906711e-06,0.5747335066560435,1.8273500000026813e-10
2588,0.7188888888889072,270,240,1.1563162041699353e-06,0.5747015770167847,1.8289000000026842e-10
2589,0.719166666666685,268,242,1.1560511039027923e-06,0.5746696491513951,1.830450000002687e-10
2590,0.7194444444444629,269,242,1.155789259699627e-06,0.5746377230597757,1.8320250000026898e-10
2591,0.7197222222222407,269,242,1.1555212468331928e-06,0.5746057987418277,1.8336000000026927e-10
2592,0.7200000000000185,269,242,1.1552551005758104e-06,0.5745738761974533,1.8351750000026957e-10
2593,0.7202777777777963,269,242,1.1549895649172825e-06,0.5745419554265533,1.8367750000026983e-10
2594,0.7205555555555742,268,243,1.1547312024403458e-06,0.5745100364290298,1.8383500000027012e-10
2595,0.720833333333352,268,243,1.1544678628702302e-06,0.5744781192047838,1.8399250000027038e-10
2596,0.7211111111111298,268,243,1.1542052979225823e-06,0.5744462037537167,1.8415000000027067e-10
2597,0.7213888888889076,268,243,1.1539363792887463e-06,0.5744142900757305,1.8430750000027097e-10
2598,0.7216666666666854,268,243,1.153667977453576e-06,0.5743823781707261,1.8446750000027125e-10
2599,0.7219444444444633,267,244,1.1534039984603668e-06,0.5743504680386057,1.8463000000027153e-10
2600,0.7222222222222411,266,245,1.1531388924826922e-06,0.5856755477053652,1.8479250000027184e-10
2601,0.7225000000000189,266,244,1.1528670208640145e-06,0.5856430101749371,1.8495750000027212e-10
2602,0.7227777777777967,265,245,1.152606990747142e-06,0.5856104744521496,1.8512250000027237e-10
2603,0.7230555555555745,265,245,1.1523364016732656e-06,0.5855779405369024,1.8528250000027266e-10
2604,0.7233333333333524,265,245,1.1520694235050285e-06,0.5855454084290949,1.8544250000027295e-10
2605,0.7236111111111302,265,245,1.1518015264271311e-06,0.5855128781286265,1.8560500000027323e-10
2606,0.723888888888908,265,245,1.1515345456004659e-06,0.5854803496353972,1.857725000002735e-10
2607,0.7241666666666858,264,246,1.1512740228997702e-06,0.5854478229493064,1.859350000002738e-10
2608,0.7244444444444637,264,246,1.1510108792319098e-06,0.5854152980702536,1.8609750000027407e-10
2609,0.7247222222222415,264,246,1.1507466142037328e-06,0.5853827749981386,1.8626000000027438e-10
2610,0.7250000000000193,264,246,1.1504800744457542e-06,0.5853502537328611,1.8642250000027463e-10
2611,0.7252777777777971,264,246,1.1502124481805418e-06,0.5853177342743202,1.8658500000027494e-10
2612,0.7255555555555749,264,246,1.1499542645684871e-06,0.5852852166224162,1.8674750000027522e-10
2613,0.7258333333333528,264,246,1.1496898792903009e-06,0.5852527007770484,1.869100000002755e-10
2614,0.7261111111111306,264,246,1.149429947193823e-06,0.5852201867381162,1.870725000002758e-10
2615,0.7263888888889084,265,246,1.1491659441045506e-06,0.5851876745055196,1.872375000002761e-10
2616,0.7266666666666862,263,248,1.148909416370135e-06,0.5851551640791582,1.8740000000027638e-10
2617,0.726944444444464,263,248,1.1486500692433853e-06,0.5851226554589316,1.8756250000027666e-10
2618,0.7272222222222419,264,248,1.1483914169734641e-06,0.5850901486447395,1.8772750000027694e-10
2619,0.7275000000000197,263,249,1.1481252327045628e-06,0.5850576436364815,1.8789250000027724e-10
2620,0.7277777777777975,262,250,1.1478598661933566e-06,0.5850251404340574,1.8805750000027752e-10
2621,0.7280555555555753,262,250,1.1475981504621912e-06,0.5849926390373665,1.882225000002778e-10
2622,0.7283333333333532,262,250,1.1473381666498767e-06,0.5849601394463089,1.883875000002781e-10
2623,0.728611111111131,262,250,1.1470712220678425e-06,0.5849276416607841,1.8855250000027838e-10
2624,0.7288888888889088,262,250,1.1468107482983947e-06,0.584895145680692,1.8871750000027868e-10
2625,0.7291666666666866,262,250,1.1465507905477832e-06,0.5848626515059319,1.8888250000027899e-10
2626,0.7294444444444644,262,250,1.146287439955248e-06,0.5848301591364038,1.8904750000027926e-10
2627,0.7297222222222423,262,250,1.1460378686241638e-06,0.5960540402519092,1.8921250000027954e-10
2628,0.7300000000000201,262,249,1.1457708629842318e-06,0.596020926138562,1.8937250000027983e-10
2629,0.7302777777777979,262,249,1.1455046358399973e-06,0.5959878138648875,1.8952750000028015e-10
2630,0.7305555555555757,262,249,1.1452317942820075e-06,0.5959547034307838,1.8968500000028044e-10
2631,0.7308333333333535,262,249,1.1449684496760456e-06,0.5959215948361488,1.8984750000028072e-10
2632,0.7311111111111314,260,251,1.1446972591877933e-06,0.5958884880808801,1.9001000000028103e-10
2633,0.7313888888889092,260,251,1.1444329330888175e-06,0.5958553831648757,1.901725000002813e-10
2634,0.731666666666687,260,251,1.1441728868561035e-06,0.6064749504632129,1.9033500000028157e-10
2635,0.7319444444444648,260,250,1.1439128211866609e-06,0.6164580192877663,1.9049750000028185e-10
2636,0.7322222222222426,260,249,1.1436701755157023e-06,0.6164237716200283,1.9066000000028216e-10
2637,0.7325000000000205,260,249,1.1434118947749954e-06,0.6163895258549383,1.9082000000028248e-10
2638,0.7327777777777983,259,250,1.143156158042535e-06,0.6163552819923909,1.9097750000028272e-10
2639,0.7330555555555761,259,250,1.142899576231657e-06,0.6163210400322802,1.9113500000028303e-10
2640,0.7333333333333539,259,250,1.142637814696966e-06,0.6162867999745006,1.9129500000028335e-10
2641,0.7336111111111318,259,250,1.1423760947072557e-06,0.6162525618189465,1.914575000002836e-10
2642,0.7338888888889096,259,250,1.1421191761924069e-06,0.6162183255655123,1.9161750000028391e-10
2643,0.7341666666666874,258,251,1.1418596286329785e-06,0.6161840912140919,1.9177750000028423e-10
2644,0.7344444444444652,258,251,1.1416019291862461e-06,0.6282069578338216,1.9194000000028448e-10
2645,0.734722222222243,259,250,1.1413457034145676e-06,0.6281720574472753,1.921000000002848e-10
2646,0.7350000000000209,260,250,1.1410847165994414e-06,0.6281371589996393,1.9226000000028508e-10
2647,0.7352777777777987,260,250,1.140827638492652e-06,0.6281022624908061,1.9242000000028537e-10
2648,0.7355555555555765,261,250,1.1405683628821657e-06,0.6280673679206676,1.9258000000028568e-10
2649,0.7358333333333543,261,250,1.1403095879407348e-06,0.6280324752891165,1.9273500000028598e-10
2650,0.7361111111111321,261,250,1.1400508272767305e-06,0.6279975845960449,1.9288750000028623e-10
2651,0.73638888888891,261,250,1.1397921676252625e-06,0.6279626958413451,1.930475000002866e-10
2652,0.7366666666666878,258,253,1.1395280182549726e-06,0.6279278090249096,1.9321000000028685e-10
2653,0.7369444444444656,258,253,1.1392645280688254e-06,0.6278929241466303,1.9337250000028718e-10
2654,0.7372222222222434,258,253,1.1390042317736812e-06,0.6278580412064001,1.9353500000028744e-10
2655,0.7375000000000212,258,253,1.138741381230112e-06,0.6278231602041108,1.9369750000028775e-10
2656,0.7377777777777991,258,253,1.1384743033966436e-06,0.6399501472632005,1.9386000000028803e-10
2657,0.7380555555555769,258,252,1.1382122243352447e-06,0.6399145944772417,1.940225000002883e-10
2658,0.7383333333333547,257,253,1.1379541867740293e-06,0.6398790436664374,1.9418500000028862e-10
2659,0.7386111111111325,257,253,1.1376961710790772e-06,0.639843494830678,1.9434500000028893e-10
2660,0.7388888888889104,257,253,1.1374404347326628e-06,0.6398079479698541,1.9450500000028922e-10
2661,0.7391666666666882,257,253,1.1371773873118834e-06,0.6397724030838559,1.946675000002895e-10
2662,0.739444444444466,256,254,1.1369149248792708e-06,0.6397368601725734,1.9482750000028982e-10
2663,0.7397222222222438,256,254,1.1366576014719412e-06,0.6397013192358971,1.9499000000029012e-10
2664,0.7400000000000216,255,255,1.136399478342943e-06,0.6396657802737176,1.951525000002904e-10
2665,0.7402777777777995,255,255,1.1361360656893405e-06,0.6396302432859243,1.9531500000029071e-10
2666,0.7405555555555773,255,255,1.1358781096783837e-06,0.6395947082724087,1.9547750000029102e-10
2667,0.7408333333333551,255,255,1.135622544912924e-06,0.6395591752330603,1.956400000002913e-10
2668,0.7411111111111329,255,255,1.1353707846002864e-06,0.6395236441677695,1.9580250000029161e-10
2669,0.7413888888889107,255,255,1.1351194200676113e-06,0.639488115076427,1.9596500000029187e-10
2670,0.7416666666666886,255,255,1.1348634015218778e-06,0.6394525879589227,1.961275000002922e-10
2671,0.7419444444444664,255,255,1.1345993615660666e-06,0.6394170628151472,1.9628750000029252e-10
2672,0.7422222222222442,256,255,1.134344729501999e-06,0.6393815396449909,1.964475000002928e-10
2673,0.742500000000022,256,255,1.134087777782724e-06,0.6393460184483438,1.966075000002931e-10
2674,0.7427777777777999,256,255,1.1338309636193285e-06,0.6393104992250969,1.9676750000029338e-10
2675,0.7430555555555777,256,255,1.1335714911775392e-06,0.6392749819751399,1.969275000002937e-10
2676,0.7433333333333555,256,255,1.1333118612799376e-06,0.6392394666983634,1.97085000000294e-10
2677,0.7436111111111333,256,255,1.1330611248255126e-06,0.6392039533946581,1.9724250000029425e-10
2678,0.7438888888889111,256,255,1.1327994830000874e-06,0.639168442063914,1.9740000000029462e-10
2679,0.744166666666689,256,255,1.1325490552854676e-06,0.6391329327060216,1.975575000002949e-10
2680,0.7444444444444668,256,255,1.1323009541602644e-06,0.6390974253208711,1.977150000002952e-10
2681,0.7447222222222446,255,256,1.1320399784582214e-06,0.6390619199083534,1.978675000002955e-10
2682,0.7450000000000224,255,256,1.131784001633576e-06,0.6390264164683584,1.980200000002958e-10
2683,0.7452777777778002,255,256,1.13152756549857e-06,0.638990915000777,1.9817250000029613e-10
2684,0.7455555555555781,255,256,1.1312712014561767e-06,0.6389554155054992,1.9832500000029643e-10
2685,0.7458333333333559,255,256,1.1310092580897408e-06,0.6389199179824155,1.9847750000029673e-10
2686,0.7461111111111337,255,256,1.130749619634598e-06,0.6388844224314164,1.9863000000029705e-10
2687,0.7463888888889115,255,256,1.1304815565759026e-06,0.6388489288523926,1.987825000002973e-10
2688,0.7466666666666893,255,256,1.1302290935867613e-06,0.6388134372452341,1.9893500000029763e-10
2689,0.7469444444444672,255,256,1.1299691370609363e-06,0.6387779476098316,1.9908750000029793e-10
2690,0.747222222222245,255,256,1.1297063106765106e-06,0.6387424599460756,1.9924000000029825e-10
2691,0.7475000000000228,255,256,1.1294528519704907e-06,0.6387069742538565,1.9939250000029855e-10
2692,0.7477777777778006,255,256,1.1291973566390316e-06,0.6486808269841108,1.9954500000029885e-10
2693,0.7480555555555785,255,255,1.1289422068526711e-06,0.6486447891603895,1.9969750000029918e-10
2694,0.7483333333333563,255,255,1.12870176708238e-06,0.6486087533387694,1.9985000000029948e-10
2695,0.7486111111111341,255,255,1.128453058428712e-06,0.6485727195191396,2.000025000002998e-10
2696,0.7488888888889119,255,255,1.1281991991873821e-06,0.6606206403582822,2.0015500000030005e-10
2697,0.7491666666666897,254,255,1.127950367209895e-06,0.6605839392115956,2.0030750000030038e-10
2698,0.7494444444444676,254,255,1.1276966619218936e-06,0.6605472401038617,2.0046250000030067e-10
2699,0.7497222222222454,253,256,1.1274401584568773e-06,0.6605105430349671,2.0061500000030103e-10
2700,0.7500000000000232,253,256,1.127196038037569e-06,0.6604738480047985,2.007675000003013e-10
2701,0.750277777777801,253,256,1.1269467863553234e-06,0.6742875085999858,2.0092500000030162e-10
2702,0.7505555555555788,252,256,1.1266885597414008e-06,0.6742500481828413,2.010825000003019e-10
2703,0.7508333333333567,252,256,1.1264317850244317e-06,0.6742125898468311,2.0124250000030222e-10
2704,0.7511111111111345,252,256,1.1261739992163847e-06,0.6910831442855995,2.0140250000030253e-10
2705,0.7513888888889123,252,255,1.1259215351823236e-06,0.6910447507775836,2.0155750000030283e-10
2706,0.7516666666666901,252,255,1.1256741500162547e-06,0.6910063594025404,2.0171250000030313e-10
2707,0.751944444444468,251,256,1.1254223686525668e-06,0.6909679701603515,2.0187000000030347e-10
2708,0.7522222222222458,251,256,1.1251650469122586e-06,0.6909295830508979,2.0202750000030379e-10
2709,0.7525000000000236,251,257,1.1249100388394721e-06,0.690891198074062,2.021875000003041e-10
2710,0.7527777777778014,251,257,1.124654660075375e-06,0.6908528152297244,2.023450000003044e-10
2711,0.7530555555555792,251,257,1.124398668016627e-06,0.6908144345177674,2.0250250000030468e-10
2712,0.7533333333333571,251,257,1.1241540217504288e-06,0.6907760559380719,2.0266000000030505e-10
2713,0.7536111111111349,251,257,1.1238997067712999e-06,0.6907376794905198,2.028175000003053e-10
2714,0.7538888888889127,249,259,1.1236472217464328e-06,0.6906993051749926,2.0297500000030563e-10
2715,0.7541666666666905,248,260,1.1233972515715312e-06,0.6906609329913718,2.0313500000030595e-10
2716,0.7544444444444683,248,260,1.1231416559308114e-06,0.6906225629395389,2.0329500000030626e-10
2717,0.7547222222222462,248,260,1.1228995371061658e-06,0.6905841950193756,2.0345500000030657e-10
2718,0.755000000000024,248,260,1.1226601108465487e-06,0.6905458292307635,2.0361750000030688e-10
2719,0.7552777777778018,247,261,1.122414101341438e-06,0.7025854456019988,2.037775000003072e-10
2720,0.7555555555555796,247,260,1.122176748927856e-06,0.7025464130772432,2.039300000003075e-10
2721,0.7558333333333574,247,260,1.12192856127661e-06,0.7025073827209609,2.0408500000030781e-10
2722,0.7561111111111353,247,260,1.1216789298426272e-06,0.7024683545330321,2.042400000003081e-10
2723,0.7563888888889131,247,260,1.1214236628244892e-06,0.7024293285133358,2.0439500000030843e-10
2724,0.7566666666666909,247,260,1.1211737949093637e-06,0.7023903046617517,2.0455000000030875e-10
2725,0.7569444444444687,247,260,1.1209231198990709e-06,0.7023512829781594,2.047025000003091e-10
2726,0.7572222222222466,247,260,1.1206727531997072e-06,0.7023122634624385,2.0485500000030938e-10
2727,0.7575000000000244,247,260,1.120430435268888e-06,0.7022732461144684,2.0500750000030968e-10
2728,0.7577777777778022,247,260,1.120178597777785e-06,0.7022342309341287,2.0516000000031e-10
2729,0.75805555555558,247,260,1.1199295261764804e-06,0.713332576539328,2.0531250000031036e-10
2730,0.7583333333333578,247,259,1.1196791525133037e-06,0.7132929469517425,2.0546500000031063e-10
2731,0.7586111111111357,247,259,1.1194326741666423e-06,0.7132533195658007,2.0561750000031093e-10
2732,0.7588888888889135,247,259,1.1191852748535451e-06,0.7132136943813805,2.0576750000031126e-10
2733,0.7591666666666913,248,259,1.1189406664723156e-06,0.7131740713983594,2.0591750000031154e-10
2734,0.7594444444444691,247,260,1.1186845974107529e-06,0.7131344506166148,2.0606750000031187e-10
2735,0.759722222222247,247,260,1.1184392437121556e-06,0.7130948320360252,2.062175000003122e-10
2736,0.7600000000000248,247,260,1.118194153373314e-06,0.7130552156564677,2.063700000003125e-10
2737,0.7602777777778026,246,261,1.1179449070499795e-06,0.7130156014778201,2.0652250000031283e-10
2738,0.7605555555555804,246,261,1.1176908804230642e-06,0.7129759894999603,2.0667500000031313e-10
2739,0.7608333333333582,246,261,1.11744236053114e-06,0.7129363797227657,2.0682500000031346e-10
2740,0.761111111111136,246,261,1.1171924681191884e-06,0.7128967721461148,2.069750000003138e-10
2741,0.7613888888889139,246,261,1.1169468267997356e-06,0.7128571667698842,2.0712500000031407e-10
2742,0.7616666666666917,246,261,1.1166974168327706e-06,0.7128175635939525,2.072750000003144e-10
2743,0.7619444444444695,246,261,1.1164533741554167e-06,0.7127779626181975,2.0742500000031473e-10
2744,0.7622222222222473,246,261,1.1161938643391297e-06,0.7127383638424964,2.0757500000031506e-10
2745,0.7625000000000252,246,261,1.1159457128088586e-06,0.7126987672667275,2.077250000003154e-10
2746,0.762777777777803,246,261,1.1157023358534717e-06,0.7126591728907682,2.0787500000031567e-10
2747,0.7630555555555808,246,261,1.115459756492086e-06,0.7126195807144965,2.08025000000316e-10
2748,0.7633333333333586,246,261,1.1152057060405118e-06,0.7125799907377902,2.0817250000031633e-10
2749,0.7636111111111364,246,261,1.1149526420458178e-06,0.712540402960527,2.0832000000031661e-10
2750,0.7638888888889143,246,261,1.114699994731496e-06,0.7125008173825849,2.0847500000031694e-10
2751,0.7641666666666921,243,264,1.114447366935608e-06,0.7124612340038414,2.0863000000031723e-10
2752,0.7644444444444699,243,264,1.114195406927055e-06,0.7124216528241747,2.0878500000031758e-10
2753,0.7647222222222477,244,264,1.1139437482746116e-06,0.7123820738434621,2.0894000000031793e-10
2754,0.7650000000000255,244,264,1.1136950688977695e-06,0.7227891586190617,2.0909500000031822e-10
2755,0.7652777777778034,244,263,1.1134505668782387e-06,0.7227490036658052,2.0925000000031854e-10
2756,0.7655555555555812,244,263,1.1132131497221576e-06,0.7227088509433792,2.0940500000031886e-10
2757,0.765833333333359,244,263,1.1129611945239022e-06,0.7226687004516602,2.0956000000031916e-10
2758,0.7661111111111368,244,263,1.112707009651735e-06,0.735265438672852,2.0971500000031948e-10
2759,0.7663888888889147,244,262,1.112461057613989e-06,0.7352245905929258,2.0987000000031978e-10
2760,0.7666666666666925,243,263,1.1122014277770946e-06,0.7351837447823374,2.1002500000032013e-10
2761,0.7669444444444703,243,263,1.1119539082997387e-06,0.7351429012409606,2.1017750000032045e-10
2762,0.7672222222222481,243,263,1.1117059534354511e-06,0.7351020599686693,2.1032750000032076e-10
2763,0.7675000000000259,243,263,1.1114528110679565e-06,0.7350612209653378,2.1047750000032109e-10
2764,0.7677777777778038,243,263,1.111202249386247e-06,0.7350203842308398,2.1062750000032142e-10
2765,0.7680555555555816,243,263,1.1109508432017818e-06,0.734979549765049,2.1077750000032175e-10
2766,0.7683333333333594,243,263,1.1107042519267678e-06,0.73493871756784,2.1092750000032208e-10
2767,0.7686111111111372,243,263,1.1104508964459535e-06,0.7348978876390864,2.1107750000032238e-10
2768,0.768888888888915,243,263,1.1102050119004594e-06,0.7348570599786619,2.1122500000032272e-10
2769,0.7691666666666929,242,264,1.1099530651370799e-06,0.7348162345864409,2.1137250000032305e-10
2770,0.7694444444444707,241,265,1.1097184538012394e-06,0.7347754114622972,2.1152250000032338e-10
2771,0.7697222222222485,240,266,1.1094720979914193e-06,0.7347345906061049,2.1167000000032364e-10
2772,0.7700000000000263,240,266,1.1092170333839356e-06,0.7346937720177379,2.1181750000032403e-10
2773,0.7702777777778042,240,266,1.1089753100247862e-06,0.7346529556970702,2.119650000003243e-10
2774,0.770555555555582,240,266,1.1087294923516287e-06,0.7346121416439759,2.1211500000032464e-10
2775,0.7708333333333598,239,267,1.1084876146625206e-06,0.7471863691168293,2.12265000000325e-10
2776,0.7711111111111376,239,266,1.1082468854396541e-06,0.7471448587629895,2.1241500000032527e-10
2777,0.7713888888889154,239,266,1.1079965599269758e-06,0.7471033507152806,2.125650000003256e-10
2778,0.7716666666666933,239,266,1.1077461634840868e-06,0.7470618449735743,2.1271500000032593e-10
2779,0.7719444444444711,239,266,1.1075087222248418e-06,0.7470203415377424,2.1286500000032626e-10
2780,0.7722222222222489,239,266,1.1072672894030068e-06,0.746978840407657,2.130150000003266e-10
2781,0.7725000000000267,239,266,1.1070242029901934e-06,0.7469373415831898,2.131650000003269e-10
2782,0.7727777777778045,240,266,1.106771710373082e-06,0.7468958450642131,2.133150000003272e-10
2783,0.7730555555555824,240,266,1.1065311664851577e-06,0.7575757062396103,2.1346000000032757e-10
2784,0.7733333333333602,240,265,1.1062886960448103e-06,0.7575336187003748,2.1360250000032789e-10
2785,0.773611111111138,240,265,1.1060471868273432e-06,0.757491533499336,2.137475000003282e-10
2786,0.7738888888889158,240,265,1.1058043014948389e-06,0.7574494506363638,2.1389250000032851e-10
2787,0.7741666666666936,240,265,1.1055557012068014e-06,0.7574073701113285,2.1403750000032888e-10
2788,0.7744444444444715,240,265,1.1053084711212605e-06,0.7573652919241002,2.141825000003292e-10
2789,0.7747222222222493,240,265,1.1050643817093017e-06,0.7573232160745488,2.1432750000032953e-10
2790,0.7750000000000271,240,265,1.1048202094172136e-06,0.7572811425625445,2.1447250000032984e-10
2791,0.7752777777778049,240,265,1.1045732607137309e-06,0.757239071387958,2.1461500000033016e-10
2792,0.7755555555555828,240,265,1.1043292045482226e-06,0.7571970025506586,2.147575000003305e-10
2793,0.7758333333333606,240,265,1.1040825845525286e-06,0.7749057266777905,2.1490250000033087e-10
2794,0.7761111111111384,240,264,1.1038274551840366e-06,0.7748626763596417,2.1504750000033113e-10
2795,0.7763888888889162,240,264,1.1035871268117716e-06,0.7748196284331773,2.1519750000033151e-10
2796,0.776666666666694,238,266,1.1033471587927596e-06,0.7858644964803457,2.1534750000033184e-10
2797,0.7769444444444719,238,265,1.103105099483698e-06,0.7858208373416526,2.1549750000033217e-10
2798,0.7772222222222497,238,265,1.1028651578005304e-06,0.785777180628467,2.1564500000033248e-10
2799,0.7775000000000275,238,265,1.1026240260341504e-06,0.7857335263406542,2.1579250000033282e-10
2800,0.7777777777778053,238,265,1.1023840402193235e-06,0.7856898744780798,2.1594000000033315e-10
2801,0.7780555555555831,238,265,1.1021401620430735e-06,0.7856462250406088,2.1608750000033346e-10
2802,0.778333333333361,238,265,1.10189335219241e-06,0.7856025780281067,2.162350000003338e-10
2803,0.7786111111111388,238,265,1.1016423232805941e-06,0.7855589334404385,2.1638250000033416e-10
2804,0.7788888888889166,238,265,1.1014015828838295e-06,0.7855152912774697,2.1653250000033444e-10
2805,0.7791666666666944,237,266,1.1011581744317596e-06,0.7854716515390653,2.1668250000033482e-10
2806,0.7794444444444723,237,266,1.1009199544203158e-06,0.7854280142250908,2.168350000003351e-10
2807,0.7797222222222501,237,267,1.1006708837443497e-06,0.7853843793354117,2.1698750000033544e-10
2808,0.7800000000000279,237,267,1.100425975974517e-06,0.7853407468698932,2.1714000000033577e-10
2809,0.7802777777778057,237,267,1.1001871982417275e-06,0.7852971168284004,2.172925000003361e-10
2810,0.7805555555555835,237,267,1.099950257862879e-06,0.7852534892107987,2.1744250000033643e-10
2811,0.7808333333333614,237,267,1.0997124554345662e-06,0.7852098640169538,2.175900000003368e-10
2812,0.7811111111111392,237,267,1.0994742106556106e-06,0.7851662412467307,2.1773750000033707e-10
2813,0.781388888888917,237,267,1.0992362067097544e-06,0.7851226208999946,2.178850000003374e-10
2814,0.7816666666666948,239,267,1.0989994907668181e-06,0.7850790029766115,2.1803750000033778e-10
2815,0.7819444444444726,239,268,1.0987548337882954e-06,0.7850353874764461,2.181900000003381e-10
2816,0.7822222222222505,240,268,1.0985199402587208e-06,0.797710139487114,2.1834000000033844e-10
2817,0.7825000000000283,240,267,1.0982883924314173e-06,0.7976658222571427,2.1849000000033877e-10
2818,0.7827777777778061,240,267,1.098062535455384e-06,0.8103713502034818,2.1864250000033912e-10
2819,0.7830555555555839,239,267,1.0978286598538177e-06,0.810326329572915,2.1879750000033944e-10
2820,0.7833333333333617,238,268,1.0975997379915047e-06,0.8240508906384802,2.1895500000033976e-10
2821,0.7836111111111396,237,268,1.0973566522347498e-06,0.8240051100334449,2.1911000000034008e-10
2822,0.7838888888889174,237,268,1.0971241814825324e-06,0.8239593319717764,2.1926250000034043e-10
2823,0.7841666666666952,236,269,1.0968815079420251e-06,0.8239135564533335,2.1941250000034076e-10
2824,0.784444444444473,236,269,1.0966411443425441e-06,0.8238677834779752,2.1956500000034114e-10
2825,0.7847222222222509,236,269,1.0964061474364146e-06,0.8238220130455597,2.1971500000034147e-10
2826,0.7850000000000287,236,269,1.0961653445772505e-06,0.8237762451559459,2.198650000003418e-10
2827,0.7852777777778065,235,270,1.0959337284101417e-06,0.8356689497517131,2.2001750000034213e-10
2828,0.7855555555555843,235,269,1.095688746721761e-06,0.8356225236989492,2.2017500000034247e-10
2829,0.7858333333333621,234,270,1.0954531926782648e-06,0.8355761002254105,2.2033000000034282e-10
2830,0.78611111111114,234,270,1.0952174368914093e-06,0.8355296793309536,2.2048500000034311e-10
2831,0.7863888888889178,234,270,1.0949854230202018e-06,0.8354832610154351,2.2064250000034346e-10
2832,0.7866666666666956,234,270,1.0947528502900956e-06,0.8472783253720833,2.208000000003438e-10
2833,0.7869444444444734,234,269,1.0945286572430736e-06,0.8594775891884364,2.2095750000034414e-10
2834,0.7872222222222512,233,269,1.0942881715990791e-06,0.8594298404334819,2.211125000003445e-10
2835,0.7875000000000291,233,269,1.0940476466741976e-06,0.8593820943312356,2.2126750000034486e-10
2836,0.7877777777778069,233,269,1.0938014495214946e-06,0.8769736466381486,2.2142000000034516e-10
2837,0.7880555555555847,233,268,1.0935646169350579e-06,0.876924925880002,2.2157250000034554e-10
2838,0.7883333333333625,234,268,1.0933277669385192e-06,0.8768762078285643,2.2172250000034587e-10
2839,0.7886111111111404,233,269,1.093092017674801e-06,0.8768274924836849,2.2186750000034618e-10
2840,0.7888888888889182,233,269,1.092864692625734e-06,0.8767787798452137,2.220125000003465e-10
2841,0.789166666666696,233,269,1.0926332073963288e-06,0.8767300699130001,2.2216250000034688e-10
2842,0.7894444444444738,232,270,1.0923922992869405e-06,0.8766813626868938,2.223125000003472e-10
2843,0.7897222222222516,233,270,1.0921635709563765e-06,0.8766326581667445,2.2246250000034751e-10
2844,0.7900000000000295,233,270,1.0919357126371429e-06,0.8765839563524019,2.2260500000034788e-10
2845,0.7902777777778073,233,270,1.0917089937329175e-06,0.876535257243716,2.2274750000034823e-10
2846,0.7905555555555851,233,270,1.0914825139828115e-06,0.8764865608405357,2.2289000000034855e-10
2847,0.7908333333333629,234,270,1.0912407134963793e-06,0.8764378671427112,2.2303250000034891e-10
2848,0.7911111111111407,234,270,1.0910011656669272e-06,0.8763891761500922,2.231750000003492e-10
2849,0.7913888888889186,234,270,1.0907653701774534e-06,0.8873057471010903,2.2331750000034958e-10
2850,0.7916666666666964,234,269,1.0905336148096216e-06,0.8872564523373625,2.2346000000034992e-10
2851,0.7919444444444742,232,271,1.090304745008508e-06,0.8872071603122326,2.2360000000035027e-10
2852,0.792222222222252,232,271,1.0900746238041056e-06,0.8871578710255488,2.2374250000035059e-10
2853,0.7925000000000298,232,271,1.0898432430708577e-06,0.8871085844771583,2.2388750000035095e-10
2854,0.7927777777778077,231,272,1.0896081399800524e-06,0.8870593006669096,2.2403250000035132e-10
2855,0.7930555555555855,231,272,1.0893690108358999e-06,0.8870100195946504,2.241800000003516e-10
2856,0.7933333333333633,230,273,1.0891418072847193e-06,0.8978584464336272,2.2432500000035194e-10
2857,0.7936111111111411,230,272,1.0889052518158034e-06,0.9106691945940026,2.2447250000035232e-10
2858,0.793888888888919,229,272,1.0886720045453998e-06,0.9106186018609697,2.2462250000035265e-10
2859,0.7941666666666968,229,272,1.0884452264341514e-06,0.9105680119386441,2.24772500000353e-10
2860,0.7944444444444746,229,272,1.0882104713898634e-06,0.9215561128875628,2.2492250000035334e-10
2861,0.7947222222222524,229,271,1.0879782791695706e-06,0.9215049153257356,2.2507250000035367e-10
2862,0.7950000000000302,229,271,1.0877528570517977e-06,0.9214537206082177,2.25225000000354e-10
2863,0.7952777777778081,228,272,1.0875275720995486e-06,0.9214025287348506,2.2537500000035433e-10
2864,0.7955555555555859,228,272,1.0872953325109103e-06,0.9213513397054764,2.2552750000035476e-10
2865,0.7958333333333637,227,273,1.0870659139019512e-06,0.9213001535199373,2.2567750000035504e-10
2866,0.7961111111111415,227,273,1.086837208054491e-06,0.921248970178075,2.2582750000035542e-10
2867,0.7963888888889193,227,273,1.0866017136265872e-06,0.9211977896797318,2.2597750000035575e-10
2868,0.7966666666666972,226,274,1.0863712949191116e-06,0.9211466120247498,2.261275000003561e-10
2869,0.796944444444475,226,274,1.0861424056965426e-06,0.9210954372129705,2.2627750000035643e-10
2870,0.7972222222222528,226,274,1.0859225423094439e-06,0.9210442652442367,2.2642750000035677e-10
2871,0.7975000000000306,226,274,1.0857017772533895e-06,0.9209930961183896,2.2657750000035715e-10
2872,0.7977777777778085,227,274,1.0854782915275168e-06,0.9209419298352722,2.2672750000035748e-10
2873,0.7980555555555863,227,274,1.0852576271994501e-06,0.9208907663947257,2.2687750000035783e-10
2874,0.7983333333333641,228,274,1.0850345393229377e-06,0.9320017695544947,2.2703000000035819e-10
2875,0.7986111111111419,228,273,1.0848057123363379e-06,0.9319499916784085,2.271825000003585e-10
2876,0.7988888888889197,228,273,1.0845772334044882e-06,0.9318982166788704,2.2733250000035884e-10
2877,0.7991666666666976,228,273,1.0843456565301329e-06,0.931846444555722,2.2748250000035922e-10
2878,0.7994444444444754,228,273,1.0841168410741354e-06,0.9317946753088023,2.2763250000035955e-10
2879,0.7997222222222532,228,273,1.0838944744445466e-06,0.9317429089379516,2.277850000003599e-10
2880,0.800000000000031,227,274,1.0836578350371171e-06,0.9316911454430107,2.279375000003602e-10
2881,0.8002777777778088,227,274,1.0834282564262402e-06,0.9316393848238192,2.280925000003606e-10
2882,0.8005555555555867,227,274,1.0832031654387315e-06,0.9315876270802183,2.2824750000036093e-10
2883,0.8008333333333645,227,274,1.0829695810475693e-06,0.931535872212047,2.2840250000036127e-10
2884,0.8011111111111423,227,274,1.0827456806906306e-06,0.9314841202191465,2.2855750000036165e-10
2885,0.8013888888889201,227,274,1.0825114031902345e-06,0.9430075956233944,2.28712500000362e-10
2886,0.801666666666698,227,273,1.082286404324787e-06,0.9429552063125267,2.2886750000036234e-10
2887,0.8019444444444758,227,273,1.0820582618296475e-06,0.942902819912176,2.2902000000036272e-10
2888,0.8022222222222536,227,273,1.0818381365641667e-06,0.9428504364221808,2.291725000003631e-10
2889,0.8025000000000314,226,274,1.0816120391753236e-06,0.9427980558423796,2.293275000003634e-10
2890,0.8027777777778092,226,274,1.0813932913310421e-06,0.9427456781726107,2.2948500000036374e-10
2891,0.803055555555587,226,274,1.0811688727640875e-06,0.9426933034127123,2.2964250000036408e-10
2892,0.8033333333333649,226,275,1.080948592253256e-06,0.9426409315625226,2.2979500000036446e-10
2893,0.8036111111111427,226,275,1.080723560761205e-06,0.9425885626218804,2.2994750000036478e-10
2894,0.8038888888889205,226,275,1.0804973990411127e-06,0.9425361965906237,2.3010250000036513e-10
2895,0.8041666666666983,226,275,1.0802663183482333e-06,0.9424838334685908,2.3025500000036553e-10
2896,0.8044444444444762,226,275,1.0800368921730734e-06,0.9424314732556204,2.3040750000036583e-10
2897,0.804722222222254,227,275,1.0798184155543062e-06,0.9423791159515506,2.3056250000036623e-10
2898,0.8050000000000318,226,276,1.0795945732654723e-06,0.94232676155622,2.3071750000036655e-10
2899,0.8052777777778096,226,276,1.0793766573799372e-06,0.9422744100694669,2.3087250000036695e-10
2900,0.8055555555555874,226,276,1.079157831396824e-06,0.9422220614911297,2.3102750000036728e-10
2901,0.8058333333333653,226,276,1.0789306334400957e-06,0.9537764574610955,2.3118000000036763e-10
2902,0.8061111111111431,226,275,1.07870492658755e-06,0.9537234698801256,2.31332500000368e-10
2903,0.8063888888889209,226,275,1.078484855244419e-06,0.95367048524291,2.3148500000036833e-10
2904,0.8066666666666987,226,275,1.0782618550081234e-06,0.9659885843202386,2.3163500000036869e-10
2905,0.8069444444444765,226,274,1.078029656606987e-06,0.9785718047667348,2.3178500000036902e-10
2906,0.8072222222222544,226,273,1.0778056266633244e-06,0.9785174396664699,2.3194000000036942e-10
2907,0.8075000000000322,225,274,1.0775806232941932e-06,0.9784630775864883,2.320950000003698e-10
2908,0.80777777777781,224,275,1.0773514174466078e-06,0.9784087185266226,2.322475000003701e-10
2909,0.8080555555555878,226,275,1.0771276993376564e-06,0.9783543624867045,2.324000000003705e-10
2910,0.8083333333333657,225,276,1.07690581126167e-06,0.9783000094665664,2.3255250000037084e-10
2911,0.8086111111111435,225,276,1.0766817253341141e-06,0.9782456594660405,2.3270750000037117e-10
2912,0.8088888888889213,225,276,1.0764573763669475e-06,0.978191312484959,2.3286250000037154e-10
2913,0.8091666666666991,225,276,1.0762368414933248e-06,0.9781369685231545,2.3302250000037193e-10
2914,0.8094444444444769,223,278,1.0760178392005486e-06,0.9780826275804587,2.331825000003723e-10
2915,0.8097222222222548,222,279,1.0757983219691428e-06,0.978028289656704,2.333450000003726e-10
2916,0.8100000000000326,221,280,1.0755814635799996e-06,0.9879857657330365,2.3351000000037296e-10
2917,0.8102777777778104,219,281,1.0753579952221472e-06,0.9879308776349404,2.336750000003733e-10
2918,0.8105555555555882,219,281,1.075143376168249e-06,0.9878759925861829,2.3384000000037367e-10
2919,0.810833333333366,219,281,1.0749301344990493e-06,0.9878211105865946,2.34000000000374e-10
2920,0.8111111111111439,219,281,1.0747152597286714e-06,0.9877662316360065,2.341600000003744e-10
2921,0.8113888888889217,219,281,1.0744901639886548e-06,0.9877113557342491,2.3431750000037477e-10
2922,0.8116666666666995,219,281,1.0742768229832666e-06,0.9876564828811526,2.344750000003751e-10
2923,0.8119444444444773,219,281,1.0740681917609587e-06,0.9876016130765481,2.346350000003755e-10
2924,0.8122222222222552,218,282,1.0738469370445155e-06,0.9875467463202664,2.347950000003758e-10
2925,0.812500000000033,218,282,1.073629653338498e-06,0.9874918826121375,2.349550000003762e-10
2926,0.8127777777778108,218,282,1.0734080063334754e-06,0.9874370219519923,2.3511500000037654e-10
2927,0.8130555555555886,218,282,1.0731879555151396e-06,0.9873821643396617,2.352700000003769e-10
2928,0.8133333333333664,218,282,1.0729662997746605e-06,0.9873273097749763,2.354250000003773e-10
2929,0.8136111111111443,218,282,1.0727512945670607e-06,0.9872724582577667,2.3558250000037766e-10
2930,0.8138888888889221,217,283,1.0725427729745593e-06,0.9872176097878633,2.35740000000378e-10
2931,0.8141666666666999,217,283,1.0723256934979518e-06,0.9871627643650972,2.3589250000037835e-10
2932,0.8144444444444777,217,283,1.0721048336866129e-06,1.0108050270775628,2.3604250000037876e-10
2933,0.8147222222222555,216,282,1.0718950669482154e-06,1.022847768390321,2.3619250000037906e-10
2934,0.8150000000000334,216,281,1.0716777902749979e-06,1.0227909435142992,2.363425000003794e-10
2935,0.8152777777778112,216,281,1.0714612594027343e-06,1.0227341217952148,2.3649250000037983e-10
2936,0.815555555555589,216,281,1.0712405954724604e-06,1.022677303232893,2.3664250000038013e-10
2937,0.8158333333333668,216,281,1.0710263073612528e-06,1.0226204878271579,2.3679250000038054e-10
2938,0.8161111111111446,216,282,1.0708071802550596e-06,1.0225636755778342,2.369425000003809e-10
2939,0.8163888888889225,215,283,1.0705932924492146e-06,1.0225068664847468,2.370950000003813e-10
2940,0.8166666666667003,214,284,1.0703806082885908e-06,1.0224500605477198,2.372475000003816e-10
2941,0.8169444444444781,213,285,1.0701700959367894e-06,1.0223932577665784,2.37400000000382e-10
2942,0.8172222222222559,213,285,1.0699567365778741e-06,1.0223364581411467,2.375525000003823e-10
2943,0.8175000000000338,213,285,1.069743590585264e-06,1.0333074404389357,2.3770250000038266e-10
2944,0.8177777777778116,213,284,1.0695306768087443e-06,1.0332500344700222,2.3785250000038307e-10
2945,0.8180555555555894,213,284,1.0693181796633283e-06,1.0331926316903297,2.3800500000038345e-10
2946,0.8183333333333672,213,284,1.0691013453536409e-06,1.03313523209968,2.381575000003838e-10
2947,0.818611111111145,213,284,1.0688912458874304e-06,1.033077835697897,2.383100000003841e-10
2948,0.8188888888889229,213,284,1.0686771274386284e-06,1.04620619643595,2.384600000003845e-10
2949,0.8191666666667007,213,283,1.0684618564649907e-06,1.0461480738694813,2.386075000003849e-10
2950,0.8194444444444785,213,283,1.0682428043302813e-06,1.0460899545320443,2.3875500000038523e-10
2951,0.8197222222222563,213,283,1.0680283307378972e-06,1.0460318384234593,2.389050000003856e-10
2952,0.8200000000000341,212,284,1.067815263247141e-06,1.0459737255435466,2.390525000003859e-10
2953,0.820277777777812,212,284,1.0676021579986176e-06,1.0459156158921277,2.3920000000038636e-10
2954,0.8205555555555898,212,284,1.0673874438361607e-06,1.0458575094690223,2.3935000000038666e-10
2955,0.8208333333333676,212,284,1.06717064861722e-06,1.0457994062740519,2.3949500000038713e-10
2956,0.8211111111111454,212,284,1.0669530691857169e-06,1.045741306307037,2.3964250000038746e-10
2957,0.8213888888889233,211,285,1.066740291534728e-06,1.0456832095677977,2.397925000003878e-10
2958,0.8216666666667011,211,285,1.0665291703192154e-06,1.0456251160561552,2.3994000000038816e-10
2959,0.8219444444444789,211,285,1.0663119134873078e-06,1.0455670257719298,2.400875000003886e-10
2960,0.8222222222222567,211,285,1.066096275467162e-06,1.0455089387149425,2.4023500000038893e-10
2961,0.8225000000000345,211,285,1.065885323783269e-06,1.0454508548850139,2.403850000003893e-10
2962,0.8227777777778124,211,286,1.065682339591888e-06,1.0453927742819646,2.405350000003896e-10
2963,0.8230555555555902,211,286,1.0654720527685713e-06,1.0453346969056156,2.4068500000039005e-10
2964,0.823333333333368,211,286,1.0652565035687774e-06,1.0452766227557877,2.408350000003904e-10
2965,0.8236111111111458,211,286,1.0650538705876038e-06,1.0452185518323014,2.409850000003907e-10
2966,0.8238888888889236,211,286,1.0648458862208255e-06,1.045160484134977,2.411325000003911e-10
2967,0.8241666666667015,211,286,1.0646361107716738e-06,1.0451024196636367,2.412800000003915e-10
2968,0.8244444444444793,211,286,1.064423093144933e-06,1.0450443584180997,2.414300000003919e-10
2969,0.8247222222222571,209,288,1.0642161968531991e-06,1.0449863003981876,2.415800000003922e-10
2970,0.8250000000000349,209,288,1.0640077461430474e-06,1.044928245603721,2.4173250000039257e-10
2971,0.8252777777778127,208,289,1.0637987330761002e-06,1.044870194034521,2.4188500000039295e-10
2972,0.8255555555555906,208,289,1.0635927624970492e-06,1.0448121456904078,2.4203750000039333e-10
2973,0.8258333333333684,208,289,1.0633821468143888e-06,1.056513904421172,2.421900000003937e-10
2974,0.8261111111111462,208,288,1.063168746498306e-06,1.0564552092042596,2.4234000000039406e-10
2975,0.826388888888924,208,288,1.062959070894834e-06,1.0563965172481928,2.4248750000039445e-10
2976,0.8266666666667019,208,288,1.0627485366227739e-06,1.05633782855279,2.426375000003948e-10
2977,0.8269444444444797,208,288,1.0625332777218191e-06,1.0562791431178706,2.4278500000039514e-10
2978,0.8272222222222575,208,288,1.0623199474822034e-06,1.0562204609432528,2.429325000003955e-10
2979,0.8275000000000353,208,288,1.062111738373841e-06,1.0561617820287559,2.430825000003959e-10
2980,0.8277777777778131,207,289,1.0619043001699037e-06,1.056103106374199,2.432350000003963e-10
2981,0.828055555555591,206,290,1.0616924701458685e-06,1.0560444339794004,2.433875000003967e-10
2982,0.8283333333333688,206,290,1.0614889496651046e-06,1.0559857648441793,2.4353750000039704e-10
2983,0.8286111111111466,207,290,1.0612854153390491e-06,1.055927098968355,2.4368750000039745e-10
2984,0.8288888888889244,206,291,1.0610727846113177e-06,1.0558684363517457,2.438400000003978e-10
2985,0.8291666666667022,206,291,1.0608670423637765e-06,1.0660797688895678,2.4399750000039815e-10
2986,0.8294444444444801,205,291,1.0606580804245946e-06,1.0660205422357405,2.441550000003985e-10
2987,0.8297222222222579,205,291,1.0604604564696675e-06,1.065961318872283,2.4431250000039894e-10
2988,0.8300000000000357,205,291,1.0602494253822144e-06,1.0659020987990122,2.4446750000039923e-10
2989,0.8302777777778135,205,291,1.0600467600409005e-06,1.0658428820157457,2.446225000003997e-10
2990,0.8305555555555914,205,291,1.0598418045735214e-06,1.0657836685223006,2.4477500000039996e-10
2991,0.8308333333333692,206,291,1.059633614495042e-06,1.0657244583184937,2.4492750000040033e-10
2992,0.831111111111147,204,293,1.0594256297257883e-06,1.0656652514041427,2.4508000000040076e-10
2993,0.8313888888889248,204,293,1.0592146179326436e-06,1.0656060477790648,2.452350000004011e-10
2994,0.8316666666667026,204,293,1.0590128531566825e-06,1.065546847443077,2.453900000004015e-10
2995,0.8319444444444805,203,294,1.0588075593655018e-06,1.065487650395997,2.4554500000040186e-10
2996,0.8322222222222583,203,294,1.0585992910563137e-06,1.0654284566376417,2.4570250000040223e-10
2997,0.8325000000000361,202,295,1.058396150045418e-06,1.0653692661678287,2.458575000004026e-10
2998,0.8327777777778139,202,295,1.0581922578404215e-06,1.0653100789863745,2.46015000000403e-10
2999,0.8330555555555917,201,296,1.0579848755384167e-06,1.0652508950930977,2.461725000004034e-10
3000,0.8333333333333696,201,296,1.0577763976508405e-06,1.065191714487815,2.463350000004038e-10
3001,0.8336111111111474,199,298,1.0575754893793627e-06,1.0651325371703433,2.464950000004041e-10
3002,0.8338888888889252,199,298,1.0573727760708998e-06,1.0650733631405005,2.466525000004045e-10
3003,0.834166666666703,199,298,1.0571783158758687e-06,1.0650141923981038,2.4681250000040487e-10
3004,0.8344444444444808,199,298,1.056975330331422e-06,1.0773108250168397,2.4697500000040523e-10
3005,0.8347222222222587,198,298,1.0567705471138164e-06,1.07725097441545,2.471375000004056e-10
3006,0.8350000000000365,198,298,1.0565681728493834e-06,1.0771911271390935,2.4729500000040607e-10
3007,0.8352777777778143,198,298,1.0563640663586844e-06,1.0771312831875857,2.474550000004064e-10
3008,0.8355555555555921,197,299,1.056160753664102e-06,1.077071442560742,2.4761750000040676e-10
3009,0.83583333333337,197,299,1.0559611675260847e-06,1.0770116052583776,2.477775000004071e-10
3010,0.8361111111111478,197,299,1.055757204953897e-06,1.0769517712803078,2.479400000004075e-10
3011,0.8363888888889256,197,299,1.0555625361440258e-06,1.0768919406263477,2.4809750000040794e-10
3012,0.8366666666667034,197,299,1.055357825399742e-06,1.087104644161789,2.4825750000040827e-10
3013,0.8369444444444812,196,299,1.0551596561326804e-06,1.087044249459336,2.484175000004086e-10
3014,0.8372222222222591,196,299,1.0549616489553e-06,1.0869838581121436,2.48577500000409e-10
3015,0.8375000000000369,196,299,1.054764298921396e-06,1.0869234701200265,2.487400000004094e-10
3016,0.8377777777778147,195,300,1.0545619517631601e-06,1.0868630854827974,2.489025000004097e-10
3017,0.8380555555555925,195,300,1.0543674486435245e-06,1.0868027042002708,2.4906250000041016e-10
3018,0.8383333333333703,195,300,1.0541748824106949e-06,1.0867423262722595,2.4922250000041055e-10
3019,0.8386111111111482,194,301,1.0539894447672143e-06,1.086681951698578,2.4938250000041095e-10
3020,0.838888888888926,194,301,1.053792936193784e-06,1.0866215804790391,2.4954250000041134e-10
3021,0.8391666666667038,194,301,1.0535953114324256e-06,1.0865612126134572,2.497000000004117e-10
3022,0.8394444444444816,194,301,1.0533991322851348e-06,1.0865008481016454,2.4985750000041207e-10
3023,0.8397222222222595,194,301,1.0532023100297601e-06,1.0864404869434172,2.5001250000041247e-10
3024,0.8400000000000373,195,301,1.0530073973609592e-06,1.0863801291385868,2.501675000004128e-10
3025,0.8402777777778151,195,301,1.052811565256606e-06,1.0863197746869682,2.503250000004132e-10
3026,0.8405555555555929,194,302,1.0526201763125382e-06,1.0862594235883747,2.5048500000041363e-10
3027,0.8408333333333707,193,303,1.0524309467973e-06,1.0977914808938498,2.506450000004139e-10
3028,0.8411111111111486,193,302,1.0522365415440844e-06,1.0977304924782447,2.5080500000041436e-10
3029,0.8413888888889264,192,303,1.0520460667804825e-06,1.0976695074508847,2.5096500000041475e-10
3030,0.8416666666667042,192,303,1.0518509142233171e-06,1.097608525811582,2.5112500000041514e-10
3031,0.841944444444482,192,303,1.0516514749737533e-06,1.0975475475601482,2.5128500000041553e-10
3032,0.8422222222222598,192,303,1.051453126982471e-06,1.0974865726963947,2.5144250000041595e-10
3033,0.8425000000000377,192,303,1.0512549530539227e-06,1.0974256012201338,2.5160000000041627e-10
3034,0.8427777777778155,192,303,1.0510543791540782e-06,1.097364633131177,2.5176000000041666e-10
3035,0.8430555555555933,194,303,1.0508586150047687e-06,1.0973036684293365,2.519250000004171e-10
3036,0.8433333333333711,192,305,1.0506649212203464e-06,1.097242707114424,2.5209000000041747e-10
3037,0.843611111111149,192,305,1.0504663471723728e-06,1.097181749186251,2.5225250000041783e-10
3038,0.8438888888889268,192,305,1.0502724397382078e-06,1.0971207946446295,2.524150000004182e-10
3039,0.8441666666667046,192,305,1.0500764901470815e-06,1.0970598434893717,2.525775000004186e-10
3040,0.8444444444444824,192,305,1.0498908067287825e-06,1.0969988957202887,2.52742500000419e-10
3041,0.8447222222222602,192,305,1.0496984766733076e-06,1.110218567736154,2.529075000004194e-10
3042,0.845000000000038,192,304,1.0495032131166642e-06,1.1101568889268356,2.530725000004198e-10
3043,0.8452777777778159,191,305,1.0493116852380222e-06,1.110095213544117,2.532375000004202e-10
3044,0.8455555555555937,191,305,1.0491229852831285e-06,1.1100335415878095,2.5340250000042056e-10
3045,0.8458333333333715,191,305,1.0489316521862243e-06,1.109971873057721,2.5357000000042097e-10
3046,0.8461111111111493,190,306,1.048742136918233e-06,1.1099102079536625,2.5373750000042137e-10
3047,0.8463888888889272,190,306,1.0485495834876671e-06,1.1098485462754428,2.539025000004217e-10
3048,0.846666666666705,190,306,1.0483566773168027e-06,1.109786888022872,2.540700000004221e-10
3049,0.8469444444444828,189,307,1.0481631570622822e-06,1.1097252331957597,2.5423750000042256e-10
3050,0.8472222222222606,189,307,1.0479793006859493e-06,1.1096635817939156,2.5440750000042293e-10
3051,0.8475000000000384,188,308,1.0477927409764404e-06,1.1096019338171492,2.545775000004233e-10
3052,0.8477777777778163,188,308,1.0476083412225427e-06,1.1095402892652706,2.547475000004237e-10
3053,0.8480555555555941,188,308,1.0474196999469472e-06,1.1094786481380892,2.5492000000042407e-10
3054,0.8483333333333719,188,308,1.0472324771468752e-06,1.1094170104354146,2.5509250000042446e-10
3055,0.8486111111111497,188,308,1.0470404785060914e-06,1.120323346249456,2.5526500000042486e-10
3056,0.8488888888889276,187,308,1.0468439067122189e-06,1.1202611060635532,2.5543500000042523e-10
3057,0.8491666666667054,187,308,1.0466491850712637e-06,1.1201988693354386,2.556050000004256e-10
3058,0.8494444444444832,187,308,1.0464611873511117e-06,1.1201366360649199,2.55772500000426e-10
3059,0.849722222222261,187,308,1.0462696459702982e-06,1.1200744062518053,2.5594250000042643e-10
3060,0.8500000000000388,186,309,1.0460841135300555e-06,1.1200121798959026,2.561125000004268e-10
3061,0.8502777777778167,186,309,1.0458942973748326e-06,1.1199499569970195,2.562800000004272e-10
3062,0.8505555555555945,186,309,1.0457058804173778e-06,1.119887737554964,2.564475000004276e-10
3063,0.8508333333333723,186,309,1.0455146539369227e-06,1.1198255215695443,2.5661500000042796e-10
3064,0.8511111111111501,185,310,1.0453268428566192e-06,1.1197633090405685,2.5678250000042836e-10
3065,0.8513888888889279,185,310,1.045138824068795e-06,1.1197010999678438,2.5695000000042877e-10
3066,0.8516666666667058,185,310,1.0449510672991746e-06,1.119638894351179,2.571200000004291e-10
3067,0.8519444444444836,184,311,1.0447671834932519e-06,1.1195766921903816,2.5729000000042956e-10
3068,0.8522222222222614,184,311,1.0445849399073354e-06,1.11951449348526,2.574575000004299e-10
3069,0.8525000000000392,186,311,1.0443969404618502e-06,1.1194522982356223,2.5762500000043037e-10
3070,0.852777777777817,187,311,1.0442035876996292e-06,1.1193901064412757,2.5779250000043077e-10
3071,0.8530555555555949,187,311,1.044020533360335e-06,1.119327918102029,2.579600000004312e-10
3072,0.8533333333333727,187,311,1.0438359449569977e-06,1.11926573321769,2.581275000004315e-10
3073,0.8536111111111505,187,311,1.0436516386996295e-06,1.119203551788067,2.5829250000043196e-10
3074,0.8538888888889283,186,312,1.043466113836718e-06,1.1191413738129676,2.584575000004323e-10
3075,0.8541666666667062,186,312,1.043284726444346e-06,1.1190791992922002,2.586225000004327e-10
3076,0.854444444444484,186,312,1.043102544710896e-06,1.119017028225573,2.587875000004331e-10
3077,0.8547222222222618,186,312,1.042923005264047e-06,1.1189548606128938,2.589550000004335e-10
3078,0.8550000000000396,186,313,1.042743125025215e-06,1.1294249233377576,2.5912000000043394e-10
3079,0.8552777777778174,186,312,1.042557409265335e-06,1.1293621775086833,2.5928500000043427e-10
3080,0.8555555555555953,187,312,1.042374099842007e-06,1.1292994351654884,2.5945250000043467e-10
3081,0.8558333333333731,186,313,1.04218602049799e-06,1.1292366963079792,2.596200000004351e-10
3082,0.8561111111111509,186,313,1.0419955454150705e-06,1.129173960935962,2.597900000004355e-10
3083,0.8563888888889287,185,314,1.04181059090258e-06,1.1291112290492433,2.599600000004359e-10
3084,0.8566666666667065,185,314,1.0416298454077052e-06,1.1290485006476298,2.6013000000043624e-10
3085,0.8569444444444844,185,314,1.041447475335996e-06,1.128985775730927,2.603000000004366e-10
3086,0.8572222222222622,185,314,1.0412669678202892e-06,1.1289230542989421,2.6047000000043704e-10
3087,0.85750000000004,185,314,1.0410793174160364e-06,1.1288603363514809,2.606400000004374e-10
3088,0.8577777777778178,185,314,1.0408877012237976e-06,1.1287976218883504,2.6080750000043787e-10
3089,0.8580555555555957,185,314,1.0407022043127976e-06,1.1287349109093565,2.609750000004382e-10
3090,0.8583333333333735,185,314,1.040521716719743e-06,1.1286722034143062,2.6114500000043864e-10
3091,0.8586111111111513,186,314,1.040336493722669e-06,1.1415242859785621,2.6131250000043905e-10
3092,0.8588888888889291,186,313,1.0401493580476053e-06,1.1414608679626745,2.6148000000043945e-10
3093,0.8591666666667069,186,313,1.0399724762575295e-06,1.14139745347001,2.6164750000043985e-10
3094,0.8594444444444848,185,314,1.0397907275157612e-06,1.141334042500373,2.6181500000044026e-10
3095,0.8597222222222626,186,314,1.0396059114687007e-06,1.1412706350535673,2.619850000004407e-10
3096,0.8600000000000404,186,314,1.0394217905672728e-06,1.141207231129398,2.621575000004411e-10
3097,0.8602777777778182,184,316,1.0392434798613232e-06,1.1411438307276685,2.6233000000044147e-10
3098,0.860555555555596,184,316,1.0390672720310124e-06,1.1510947199715162,2.6250250000044186e-10
3099,0.8608333333333739,185,315,1.038889660948994e-06,1.151030770264851,2.626750000004423e-10
3100,0.8611111111111517,183,317,1.0387093102718474e-06,1.1509668241109474,2.628475000004427e-10
3101,0.8613888888889295,183,317,1.0385317931540443e-06,1.1509028815096078,2.6302000000044305e-10
3102,0.8616666666667073,183,317,1.038357086416274e-06,1.1611292637005395,2.631950000004435e-10
3103,0.8619444444444851,182,317,1.0381756986110377e-06,1.1610647565192227,2.633700000004439e-10
3104,0.862222222222263,181,318,1.0379980114971594e-06,1.1610002529216386,2.635475000004443e-10
3105,0.8625000000000408,181,318,1.0378147917482808e-06,1.1609357529075872,2.637250000004447e-10
3106,0.8627777777778186,181,318,1.0376296744229599e-06,1.173242337243062,2.639050000004451e-10
3107,0.8630555555555964,181,317,1.0374479087617725e-06,1.1731771571132152,2.640850000004455e-10
3108,0.8633333333333743,181,317,1.0372759153149408e-06,1.184590328629906,2.6426500000044587e-10
3109,0.8636111111111521,181,316,1.037097780380676e-06,1.1845245180560933,2.6444500000044633e-10
3110,0.8638888888889299,181,316,1.0369161155887276e-06,1.1844587111384237,2.646175000004467e-10
3111,0.8641666666667077,181,316,1.0367344018954086e-06,1.1843929078766935,2.647900000004471e-10
3112,0.8644444444444855,181,316,1.0365557932030319e-06,1.1843271082707003,2.6496250000044756e-10
3113,0.8647222222222634,181,317,1.0363770191522075e-06,1.1842613123202412,2.65137500000448e-10
3114,0.8650000000000412,181,318,1.0361953176628045e-06,1.1841955200251122,2.6531500000044836e-10
3115,0.865277777777819,180,319,1.0360172792405457e-06,1.1841297313851107,2.654925000004488e-10
3116,0.8655555555555968,179,320,1.0358453067777356e-06,1.1840639464000338,2.6567250000044915e-10
3117,0.8658333333333746,179,320,1.0356725262293864e-06,1.1839981650696783,2.6585250000044956e-10
3118,0.8661111111111525,179,320,1.035501016757677e-06,1.1839323873938412,2.6603500000044994e-10
3119,0.8663888888889303,179,320,1.0353197649760005e-06,1.1974258726799278,2.662125000004504e-10
3120,0.8666666666667081,179,319,1.035139133177564e-06,1.1973593490203347,2.663900000004508e-10
3121,0.8669444444444859,178,320,1.0349647386611044e-06,1.1972928290565,2.6657250000045124e-10
3122,0.8672222222222637,178,320,1.0347962836502458e-06,1.1972263127882188,2.6675250000045165e-10
3123,0.8675000000000416,178,320,1.0346240996870075e-06,1.1971598002152863,2.6693500000045207e-10
3124,0.8677777777778194,177,321,1.0344501104625692e-06,1.2085829943831132,2.671175000004524e-10
3125,0.8680555555555972,176,321,1.0342752659207197e-06,1.2085158508834253,2.673000000004529e-10
3126,0.868333333333375,176,321,1.0341034174836566e-06,1.208448711113932,2.674850000004533e-10
3127,0.8686111111111529,176,321,1.03393426175681e-06,1.2083815750744253,2.6767250000045364e-10
3128,0.8688888888889307,175,322,1.0337598322438986e-06,1.208314442764699,2.678600000004541e-10
3129,0.8691666666667085,175,322,1.03358609600329e-06,1.2082473141845458,2.680450000004545e-10
3130,0.8694444444444863,175,322,1.0334142459282143e-06,1.2081801893337576,2.682300000004549e-10
3131,0.8697222222222641,174,323,1.0332417392396413e-06,1.208113068212128,2.684150000004553e-10
3132,0.870000000000042,174,323,1.0330662101683134e-06,1.2080459508194497,2.686000000004557e-10
3133,0.8702777777778198,175,323,1.0328952859263682e-06,1.2079788371555154,2.687850000004561e-10
3134,0.8705555555555976,175,323,1.032722463431187e-06,1.2079117272201179,2.689675000004566e-10
3135,0.8708333333333754,175,323,1.0325496896207496e-06,1.20784462101305,2.6915000000045696e-10
3136,0.8711111111111532,175,323,1.0323789674074795e-06,1.2077775185341049,2.693325000004574e-10
3137,0.8713888888889311,175,323,1.0322104494124186e-06,1.2077104197830753,2.6951500000045777e-10
3138,0.8716666666667089,176,323,1.0320446572358327e-06,1.207643324759754,2.696975000004582e-10
3139,0.8719444444444867,176,323,1.0318732937049519e-06,1.207576233463934,2.698800000004586e-10
3140,0.8722222222222645,176,323,1.0317012409843826e-06,1.2075091458954084,2.70062500000459e-10
3141,0.8725000000000424,176,323,1.0315285420600317e-06,1.2074420620539696,2.7024500000045943e-10
3142,0.8727777777778202,176,323,1.031354508512584e-06,1.2073749819394113,2.7042750000045986e-10
3143,0.873055555555598,176,323,1.0311809299998647e-06,1.2073079055515257,2.706100000004603e-10
3144,0.8733333333333758,176,323,1.0310082417081673e-06,1.2072408328901063,2.707925000004607e-10
3145,0.8736111111111536,176,323,1.0308356722750705e-06,1.2071737639549456,2.7097500000046104e-10
3146,0.8738888888889315,176,323,1.030667060105519e-06,1.2071066987458372,2.7115750000046157e-10
3147,0.8741666666667093,176,323,1.0304938737917518e-06,1.2070396372625736,2.713400000004619e-10
3148,0.8744444444444871,176,323,1.0303250094371765e-06,1.2069725795049477,2.715225000004623e-10
3149,0.8747222222222649,175,324,1.0301560968014514e-06,1.2069055254727532,2.717050000004628e-10
3150,0.8750000000000427,175,324,1.0299927131844084e-06,1.2068384751657824,2.718875000004632e-10
3151,0.8752777777778206,175,324,1.0298195836396971e-06,1.206771428583829,2.720700000004636e-10
3152,0.8755555555555984,176,324,1.0296451612969171e-06,1.2067043857266853,2.72252500000464e-10
3153,0.8758333333333762,177,324,1.0294795375739235e-06,1.2066373465941451,2.724350000004644e-10
3154,0.876111111111154,177,324,1.0293156774176377e-06,1.2065703111860009,2.726175000004649e-10
3155,0.8763888888889318,177,324,1.0291455072082719e-06,1.2065032795020465,2.727975000004653e-10
3156,0.8766666666667097,176,325,1.0289749788141893e-06,1.206436251542074,2.7297750000046565e-10
3157,0.8769444444444875,176,325,1.0288157987348173e-06,1.2063692273058773,2.731575000004661e-10
3158,0.8772222222222653,176,325,1.0286539473760796e-06,1.218636645595146,2.733375000004665e-10
3159,0.8775000000000431,176,324,1.0284886364460942e-06,1.2185689435592792,2.735175000004669e-10
3160,0.877777777777821,176,324,1.0283152302351782e-06,1.2185012452846378,2.736975000004674e-10
3161,0.8780555555555988,176,324,1.0281462937448027e-06,1.2184335507710105,2.7387750000046774e-10
3162,0.8783333333333766,176,324,1.0279750512575348e-06,1.230937318066782,2.740550000004682e-10
3163,0.8786111111111544,176,323,1.0278086124951683e-06,1.230868932660223,2.7423250000046856e-10
3164,0.8788888888889322,176,323,1.0276328179008408e-06,1.2308005510528526,2.74415000000469e-10
3165,0.8791666666667101,174,325,1.0274689571033872e-06,1.230732173244461,2.745975000004694e-10
3166,0.8794444444444879,175,325,1.0273037575578829e-06,1.2306637992348364,2.747775000004699e-10
3167,0.8797222222222657,175,325,1.0271322307437685e-06,1.230595429023768,2.7495500000047026e-10
3168,0.8800000000000435,175,325,1.0269635595339748e-06,1.2441838714824052,2.7513000000047073e-10
3169,0.8802777777778213,175,324,1.0267985395382528e-06,1.244114750156211,2.753125000004711e-10
3170,0.8805555555555992,173,326,1.0266358622557264e-06,1.2440456326700917,2.755000000004715e-10
3171,0.880833333333377,172,327,1.0264746038758e-06,1.2439765190238323,2.7568750000047194e-10
3172,0.8811111111111548,172,327,1.0263023738974755e-06,1.2542028190777625,2.758750000004724e-10
3173,0.8813888888889326,172,326,1.0261358798369408e-06,1.2541331411433694,2.7606250000047283e-10
3174,0.8816666666667105,171,327,1.0259747802454716e-06,1.2540634670799726,2.762500000004732e-10
3175,0.8819444444444883,169,329,1.0258065214947988e-06,1.2539937968873571,2.7643750000047367e-10
3176,0.8822222222222661,169,329,1.0256437419968074e-06,1.2539241305653077,2.766250000004741e-10
3177,0.8825000000000439,169,329,1.025488744868839e-06,1.25385446811361,2.768150000004745e-10
3178,0.8827777777778217,169,329,1.0253306625269993e-06,1.253784809532048,2.7699750000047496e-10
3179,0.8830555555555996,169,329,1.0251644530955987e-06,1.2537151548204073,2.7717750000047537e-10
3180,0.8833333333333774,169,329,1.0250047085662795e-06,1.2536455039784729,2.773600000004758e-10
3181,0.8836111111111552,167,331,1.0248423619223902e-06,1.2535758570060298,2.7754250000047617e-10
3182,0.883888888888933,167,331,1.0246805553176467e-06,1.2535062139028628,2.777300000004767e-10
3183,0.8841666666667108,167,331,1.0245182355937013e-06,1.253436574668757,2.7791750000047706e-10
3184,0.8844444444444887,167,331,1.0243515727654573e-06,1.2533669393034979,2.781050000004775e-10
3185,0.8847222222222665,167,331,1.024190659663086e-06,1.2532973078068699,2.7829000000047793e-10
3186,0.8850000000000443,167,331,1.0240290228657182e-06,1.2646465981981692,2.7847250000047836e-10
3187,0.8852777777778221,167,330,1.023865862475729e-06,1.2645763400538248,2.7865750000047876e-10
3188,0.8855555555556,166,331,1.0237045434743525e-06,1.2645060858127108,2.788450000004792e-10
3189,0.8858333333333778,166,331,1.0235449009736507e-06,1.2644358354746101,2.790325000004796e-10
3190,0.8861111111111556,166,331,1.0233810668355704e-06,1.2643655890393062,2.7922000000048e-10
3191,0.8863888888889334,166,331,1.023220224831653e-06,1.2642953465065818,2.794100000004805e-10
3192,0.8866666666667112,165,332,1.0230554857032309e-06,1.2642251078762203,2.7960000000048095e-10
3193,0.886944444444489,165,332,1.0228939445902818e-06,1.2641548731480052,2.7979000000048134e-10
3194,0.8872222222222669,164,333,1.022734477838119e-06,1.264084642321719,2.7998500000048177e-10
3195,0.8875000000000447,162,335,1.02258347316106e-06,1.2640144153971458,2.801825000004822e-10
3196,0.8877777777778225,162,335,1.0224255413256149e-06,1.263944192374068,2.803800000004827e-10
3197,0.8880555555556003,162,335,1.0222726247179728e-06,1.2638739732522695,2.8057500000048306e-10
3198,0.8883333333333782,162,335,1.0221136598328617e-06,1.2638037580315336,2.807675000004835e-10
3199,0.888611111111156,162,335,1.0219592251565316e-06,1.2637335467116426,2.8096500000048387e-10
3200,0.8888888888889338,161,336,1.0218019452452557e-06,1.2636633392923808,2.811650000004844e-10
3201,0.8891666666667116,161,336,1.0216502842033156e-06,1.2635931357735315,2.813650000004848e-10
3202,0.8894444444444894,160,337,1.0214960480362796e-06,1.2635229361548777,2.8156500000048524e-10
3203,0.8897222222222673,160,337,1.021338457893735e-06,1.263452740436202,2.817625000004857e-10
3204,0.8900000000000451,160,337,1.0211781722546807e-06,1.2633825486172892,2.819600000004861e-10
3205,0.8902777777778229,160,337,1.0210183002083794e-06,1.2633123606979215,2.8215750000048645e-10
3206,0.8905555555556007,160,337,1.020858326580392e-06,1.2632421766778827,2.823575000004869e-10
3207,0.8908333333333786,158,339,1.0207078405716643e-06,1.2631719965569561,2.8256000000048737e-10
3208,0.8911111111111564,158,339,1.0205561702067445e-06,1.2631018203349254,2.827625000004878e-10
3209,0.8913888888889342,158,339,1.0204020179068602e-06,1.2745725878161986,2.8296750000048823e-10
3210,0.891666666666712,157,339,1.0202515641927375e-06,1.2877365140504515,2.8317250000048864e-10
3211,0.8919444444444898,156,339,1.0201016103264828e-06,1.2876649731330043,2.8337500000048904e-10
3212,0.8922222222222677,155,340,1.0199530698480006e-06,1.2875934361900525,2.8357750000048953e-10
3213,0.8925000000000455,154,341,1.019802191291131e-06,1.2875219032213754,2.837800000004899e-10
3214,0.8927777777778233,153,342,1.01964706724928e-06,1.2874503742267518,2.8398250000049037e-10
3215,0.8930555555556011,153,342,1.0195026081636934e-06,1.2873788492059617,2.8418250000049084e-10
3216,0.8933333333333789,152,343,1.0193523952273974e-06,1.2873073281587832,2.8438250000049127e-10
3217,0.8936111111111568,152,343,1.0192028490924894e-06,1.2872358110849969,2.8458000000049167e-10
3218,0.8938888888889346,152,343,1.0190508283070376e-06,1.2871642979843811,2.847775000004921e-10
3219,0.8941666666667124,152,343,1.0189029609114473e-06,1.2870927888567154,2.8497750000049255e-10
3220,0.8944444444444902,151,344,1.0187536248185023e-06,1.2977665177060123,2.85177500000493e-10
3221,0.894722222222268,151,343,1.018613010924746e-06,1.2976944195661395,2.853775000004934e-10
3222,0.8950000000000459,151,343,1.0184653016523379e-06,1.2976223254317192,2.855750000004939e-10
3223,0.8952777777778237,151,343,1.0183232561414095e-06,1.2975502353025286,2.857725000004943e-10
3224,0.8955555555556015,151,343,1.0181713085086583e-06,1.2974781491783456,2.8596750000049473e-10
3225,0.8958333333333793,151,343,1.0180175141112614e-06,1.307469984725561,2.861625000004952e-10
3226,0.8961111111111572,151,342,1.017870184195718e-06,1.3073973475041876,2.8635750000049565e-10
3227,0.896388888888935,151,342,1.0177249782551841e-06,1.3073247143182152,2.86557500000496e-10
3228,0.8966666666667128,150,343,1.0175800568963015e-06,1.3072520851674196,2.867575000004965e-10
3229,0.8969444444444906,150,343,1.0174296898998059e-06,1.307179460051577,2.8695750000049697e-10
3230,0.8972222222222684,149,344,1.017280055206186e-06,1.3071068389704632,2.8715750000049744e-10
3231,0.8975000000000463,149,344,1.0171323004953375e-06,1.3070342219238538,2.873575000004978e-10
3232,0.8977777777778241,149,344,1.0169847897294173e-06,1.3069616089115246,2.8756000000049826e-10
3233,0.8980555555556019,148,345,1.0168334504038354e-06,1.3068889999332518,2.8776250000049876e-10
3234,0.8983333333333797,148,345,1.0166848863611034e-06,1.306816394988811,2.8796250000049913e-10
3235,0.8986111111111575,150,345,1.0165349961888829e-06,1.3174333938303526,2.8816250000049965e-10
3236,0.8988888888889354,149,345,1.016391305476997e-06,1.3173602030862512,2.883650000005001e-10
3237,0.8991666666667132,149,345,1.0162468787245964e-06,1.3172870164083017,2.885675000005005e-10
3238,0.899444444444491,149,345,1.0160993478577295e-06,1.3281466149776973,2.8877000000050094e-10
3239,0.8997222222222688,149,344,1.0159490570770515e-06,1.3280728290546426,2.889700000005014e-10
3240,0.9000000000000467,149,344,1.0158008205156172e-06,1.3279990472308063,2.8917250000050186e-10
3241,0.9002777777778245,148,345,1.0156535144109192e-06,1.3279252695059605,2.8937500000050225e-10
3242,0.9005555555556023,148,345,1.0155083173937137e-06,1.3278514958798766,2.895775000005027e-10
3243,0.9008333333333801,148,345,1.01536702531295e-06,1.3277777263523278,2.8978000000050314e-10
3244,0.9011111111111579,148,345,1.01522139097304e-06,1.3277039609230863,2.899800000005036e-10
3245,0.9013888888889358,148,345,1.015076166153286e-06,1.327630199591924,2.9018000000050404e-10
3246,0.9016666666667136,148,345,1.0149322205325455e-06,1.3275564423586133,2.9038250000050443e-10
3247,0.9019444444444914,148,345,1.0147850459545221e-06,1.3274826892229268,2.905875000005049e-10
3248,0.9022222222222692,147,346,1.0146404257163542e-06,1.3274089401846365,2.9079250000050536e-10
3249,0.902500000000047,147,347,1.0144969858504755e-06,1.3273351952435153,2.909975000005058e-10
3250,0.9027777777778249,147,347,1.0143517265483878e-06,1.327261454399335,2.912050000005062e-10
3251,0.9030555555556027,146,348,1.0142083572827065e-06,1.3271877176518687,2.914100000005067e-10
3252,0.9033333333333805,146,348,1.0140665439802567e-06,1.341192400226909,2.9161500000050715e-10
3253,0.9036111111111583,146,347,1.0139294127781039e-06,1.3411178895380076,2.9182000000050756e-10
3254,0.9038888888889361,146,347,1.0137899981863302e-06,1.353386972091754,2.92025000000508e-10
3255,0.904166666666714,146,346,1.0136539015277512e-06,1.353311783926638,2.9223250000050846e-10
3256,0.9044444444444918,145,347,1.0135161059369887e-06,1.3651927895514788,2.924400000005089e-10
3257,0.9047222222222696,145,346,1.013373949503407e-06,1.3651169455076149,2.9264750000050933e-10
3258,0.9050000000000474,145,346,1.0132321638897441e-06,1.365041105677309,2.9286000000050976e-10
3259,0.9052777777778253,144,347,1.0130891764880271e-06,1.364965270060327,2.930725000005103e-10
3260,0.9055555555556031,144,347,1.0129453003181262e-06,1.3648894386564348,2.932850000005107e-10
3261,0.9058333333333809,144,347,1.0128079945211496e-06,1.3648136114653981,2.9350250000051114e-10
3262,0.9061111111111587,141,350,1.0126677011733302e-06,1.3647377884869836,2.937200000005116e-10
3263,0.9063888888889365,141,350,1.012520791963428e-06,1.3646619697209565,2.939375000005121e-10
3264,0.9066666666667144,141,350,1.0123810715219579e-06,1.3645861551670835,2.941550000005125e-10
3265,0.9069444444444922,141,350,1.012239089399464e-06,1.36451034482513,2.9437250000051296e-10
3266,0.90722222222227,141,350,1.0120958727911579e-06,1.3644345386948615,2.9458750000051336e-10
3267,0.9075000000000478,141,350,1.0119555696829757e-06,1.364358736776045,2.9480000000051384e-10
3268,0.9077777777778256,141,350,1.0118165585522908e-06,1.3642829390684466,2.950125000005143e-10
3269,0.9080555555556035,141,350,1.0116748171998223e-06,1.364207145571832,2.9522750000051477e-10
3270,0.9083333333333813,140,351,1.011531869813788e-06,1.3641313562859667,2.9544000000051525e-10
3271,0.9086111111111591,140,351,1.0113913774974096e-06,1.3640555712106177,2.956525000005156e-10
3272,0.9088888888889369,140,351,1.011247525976367e-06,1.3639797903455504,2.958675000005161e-10
3273,0.9091666666667148,140,351,1.0111050053407662e-06,1.3639040136905312,2.960800000005166e-10
3274,0.9094444444444926,139,352,1.0109706641245547e-06,1.3768842612912657,2.9629250000051703e-10
3275,0.9097222222222704,138,352,1.0108348674680351e-06,1.3768077677211938,2.965075000005174e-10
3276,0.9100000000000482,137,353,1.0106972825500204e-06,1.3767312784007653,2.96717500000518e-10
3277,0.910277777777826,137,353,1.0105639186258397e-06,1.3766547933297428,2.969275000005184e-10
3278,0.9105555555556039,137,353,1.0104306860207475e-06,1.3765783125078912,2.971375000005188e-10
3279,0.9108333333333817,137,353,1.0102911276555143e-06,1.3765018359349743,2.9735000000051933e-10
3280,0.9111111111111595,137,353,1.010154256197847e-06,1.3764253636107557,2.9756250000051975e-10
3281,0.9113888888889373,137,353,1.0100136698157025e-06,1.3763488955349994,2.977750000005202e-10
3282,0.9116666666667151,137,353,1.0098763287100209e-06,1.3897581529610814,2.979850000005207e-10
3283,0.911944444444493,137,352,1.0097399043533459e-06,1.389680944174806,2.9819500000052115e-10
3284,0.9122222222222708,137,352,1.0096084178030107e-06,1.389603739677907,2.9840500000052155e-10
3285,0.9125000000000486,136,353,1.0094762864333274e-06,1.3895265394701475,2.9861500000052206e-10
3286,0.9127777777778264,136,353,1.0093413844847021e-06,1.389449343551288,2.9883000000052246e-10
3287,0.9130555555556042,136,353,1.0092057716629349e-06,1.3893721519210906,2.99042500000523e-10
3288,0.9133333333333821,136,353,1.0090707865586308e-06,1.3892949645793176,2.992550000005234e-10
3289,0.9136111111111599,136,353,1.00893432437675e-06,1.3892177815257298,2.994625000005239e-10
3290,0.9138888888889377,136,353,1.0087957527329745e-06,1.3891406027600894,2.9966750000052437e-10
3291,0.9141666666667155,136,353,1.0086642362970083e-06,1.403508462774658,2.998750000005248e-10
3292,0.9144444444444934,136,352,1.008530737607321e-06,1.4034304900822816,3.0008000000052517e-10
3293,0.9147222222222712,136,352,1.008395254897914e-06,1.4033525217217215,3.002875000005257e-10
3294,0.915000000000049,136,352,1.0082640932273193e-06,1.403274557692737,3.004975000005261e-10
3295,0.9152777777778268,135,353,1.0081315598542575e-06,1.4031965979950873,3.007075000005266e-10
3296,0.9155555555556046,135,353,1.0079960265807683e-06,1.4031186426285323,3.009175000005271e-10
3297,0.9158333333333825,135,353,1.0078599417199526e-06,1.4030406915928306,3.0112750000052754e-10
3298,0.9161111111111603,135,353,1.0077239549380843e-06,1.4029627448877424,3.01332500000528e-10
3299,0.9163888888889381,134,354,1.0075928560106512e-06,1.4140745923340754,3.0153500000052855e-10
3300,0.9166666666667159,134,353,1.0074608142786383e-06,1.4415764265100122,3.0174000000052897e-10
3301,0.9169444444444937,134,351,1.0073277938401711e-06,1.4414963389307618,3.0194500000052943e-10
3302,0.9172222222222716,135,351,1.0071968367878527e-06,1.4515450623922426,3.021475000005299e-10
3303,0.9175000000000494,135,350,1.0070684241151966e-06,1.4514644209998875,3.023500000005303e-10
3304,0.9177777777778272,135,350,1.0069395549378492e-06,1.4513837840876098,3.025550000005308e-10
3305,0.918055555555605,134,351,1.0068015472127997e-06,1.4513031516551604,3.0276000000053125e-10
3306,0.9183333333333829,134,351,1.00666883810944e-06,1.4512225237022907,3.0297000000053166e-10
3307,0.9186111111111607,133,352,1.0065358489504788e-06,1.4511419002287518,3.031800000005321e-10
3308,0.9188888888889385,134,352,1.0064064104564453e-06,1.4510612812342947,3.033925000005326e-10
3309,0.9191666666667163,133,353,1.006274009967335e-06,1.4509806667186707,3.036075000005331e-10
3310,0.9194444444444941,132,354,1.0061425231006383e-06,1.4509000566816308,3.0382250000053354e-10
3311,0.919722222222272,132,354,1.0060184071430054e-06,1.4508194511229262,3.040350000005341e-10
3312,0.9200000000000498,132,354,1.0058903745351455e-06,1.4507388500423084,3.042475000005345e-10
3313,0.9202777777778276,132,354,1.0057582953616623e-06,1.4506582534395285,3.0446000000053493e-10
3314,0.9205555555556054,132,354,1.005624584644721e-06,1.4505776613143375,3.046725000005354e-10
3315,0.9208333333333832,132,354,1.0054896093425897e-06,1.4504970736664866,3.048850000005359e-10
3316,0.9211111111111611,132,354,1.0053589749306116e-06,1.4504164904957273,3.0509750000053636e-10
3317,0.9213888888889389,131,355,1.0052289927929042e-06,1.450335911801811,3.053125000005368e-10
3318,0.9216666666667167,130,356,1.0050999957326998e-06,1.4502553375844887,3.055300000005373e-10
3319,0.9219444444444945,129,357,1.0049741605590432e-06,1.4501747678435117,3.0574750000053775e-10
3320,0.9222222222222723,129,357,1.0048408315782824e-06,1.4500942025786314,3.059650000005382e-10
3321,0.9225000000000502,129,357,1.0047102937575645e-06,1.4500136417895995,3.061800000005387e-10
3322,0.922777777777828,129,357,1.0045797189004795e-06,1.449933085476167,3.063975000005391e-10
3323,0.9230555555556058,128,358,1.004450618670002e-06,1.449852533638085,3.066150000005396e-10
3324,0.9233333333333836,128,358,1.0043274453510096e-06,1.449771986275105,3.068325000005401e-10
3325,0.9236111111111615,128,358,1.0041960980122192e-06,1.4496914433869785,3.070500000005406e-10
3326,0.9238888888889393,128,358,1.0040707030888717e-06,1.4496109049734571,3.0726750000054107e-10
3327,0.9241666666667171,128,358,1.0039491219268531e-06,1.4495303710342917,3.074850000005415e-10
3328,0.9244444444444949,128,358,1.0038213013366832e-06,1.4494498415692345,3.07700000000542e-10
3329,0.9247222222222727,128,358,1.003695661894449e-06,1.4493693165780366,3.079150000005425e-10
3330,0.9250000000000506,128,358,1.003565019534698e-06,1.4492887960604486,3.081300000005429e-10
3331,0.9252777777778284,127,359,1.0034381077578733e-06,1.4492082800162231,3.0834500000054344e-10
3332,0.9255555555556062,127,359,1.0033161363488085e-06,1.4491277684451112,3.0856000000054384e-10
3333,0.925833333333384,127,359,1.0031854657394823e-06,1.4490472613468646,3.0877500000054434e-10
3334,0.9261111111111618,127,359,1.0030599778812177e-06,1.448966758721234,3.089900000005448e-10
3335,0.9263888888889397,127,359,1.0029304342143428e-06,1.4488862605679718,3.0920750000054526e-10
3336,0.9266666666667175,126,360,1.0028031721513904e-06,1.448805766886829,3.0942500000054573e-10
3337,0.9269444444444953,126,360,1.0026765656753999e-06,1.4487252776775579,3.096425000005462e-10
3338,0.9272222222222731,126,360,1.0025470025595684e-06,1.4486447929399089,3.098600000005467e-10
3339,0.927500000000051,126,360,1.002426017688599e-06,1.4485643126736345,3.100775000005472e-10
3340,0.9277777777778288,126,360,1.0022999379494365e-06,1.4747222679783196,3.102925000005476e-10
3341,0.9280555555556066,126,358,1.0021710919797587e-06,1.4746403389634317,3.1050750000054814e-10
3342,0.9283333333333844,126,358,1.002044066715663e-06,1.4745584145001562,3.107225000005486e-10
3343,0.9286111111111622,126,358,1.0019234648059348e-06,1.4744764945882394,3.109375000005491e-10
3344,0.9288888888889401,125,359,1.0017977284902388e-06,1.4743945792274291,3.1115250000054953e-10
3345,0.9291666666667179,125,359,1.0016697264123604e-06,1.474312668417472,3.1136500000055e-10
3346,0.9294444444444957,125,359,1.0015466132826213e-06,1.4742307621581154,3.115775000005505e-10
3347,0.9297222222222735,125,359,1.0014223832894422e-06,1.4741488604491069,3.117900000005509e-10
3348,0.9300000000000513,125,359,1.0012926283453546e-06,1.474066963290193,3.1200250000055145e-10
3349,0.9302777777778292,126,359,1.001168106830843e-06,1.4739850706811215,3.1221500000055193e-10
3350,0.930555555555607,126,359,1.0010450795754693e-06,1.473903182621639,3.1242750000055235e-10
3351,0.9308333333333848,126,359,1.0009208401939752e-06,1.4738212991114934,3.1263750000055286e-10
3352,0.9311111111111626,126,359,1.0008012528576381e-06,1.4737394201504317,3.1285000000055334e-10
3353,0.9313888888889404,125,360,1.0006742305442283e-06,1.4736575457382015,3.130625000005538e-10
3354,0.9316666666667183,125,360,1.000555476017505e-06,1.4735756758745493,3.1327250000055433e-10
3355,0.9319444444444961,125,360,1.0004339663744728e-06,1.473493810559223,3.134825000005548e-10
3356,0.9322222222222739,125,360,1.000317114128381e-06,1.4734119497919698,3.136900000005553e-10
3357,0.9325000000000517,125,360,1.000197084066334e-06,1.4733300935725366,3.138975000005557e-10
3358,0.9327777777778296,125,360,1.0000747236220661e-06,1.4732482419006716,3.1410500000055625e-10
3359,0.9330555555556074,124,361,9.999522393299634e-07,1.4731663947761218,3.1431250000055674e-10
3360,0.9333333333333852,124,361,9.998305316913312e-07,1.4730845521986342,3.145150000005572e-10
3361,0.933611111111163,124,361,9.997041874827323e-07,1.4730027141679567,3.147200000005576e-10
3362,0.9338888888889408,123,362,9.995820913978796e-07,1.472920880683836,3.1492500000055817e-10
3363,0.9341666666667187,123,362,9.994539817033408e-07,1.4728390517460204,3.151300000005586e-10
3364,0.9344444444444965,123,362,9.993275103026205e-07,1.4727572273542568,3.1533250000055913e-10
3365,0.9347222222222743,123,362,9.992016462531705e-07,1.4726754075082928,3.1553500000055957e-10
3366,0.9350000000000521,123,362,9.990801470673448e-07,1.472593592207876,3.1573750000056007e-10
3367,0.9352777777778299,123,362,9.989598292374938e-07,1.472511781452753,3.1593750000056055e-10
3368,0.9355555555556078,123,362,9.988415056017267e-07,1.4724299752426726,3.1613750000056107e-10
3369,0.9358333333333856,123,362,9.987191488358774e-07,1.4723481735773811,3.163375000005615e-10
3370,0.9361111111111634,123,362,9.985956093020114e-07,1.4722663764566275,3.16537500000562e-10
3371,0.9363888888889412,123,362,9.984767021462562e-07,1.472184583880157,3.1674000000056247e-10
3372,0.936666666666719,122,363,9.98355591470717e-07,1.4721027958477195,3.16940000000563e-10
3373,0.9369444444444969,122,363,9.982296792919613e-07,1.4720210123590614,3.171400000005634e-10
3374,0.9372222222222747,122,363,9.981051516259207e-07,1.4719392334139303,3.173375000005639e-10
3375,0.9375000000000525,122,363,9.979831596778318e-07,1.471857459012074,3.1753500000056443e-10
3376,0.9377777777778303,122,363,9.978652309845836e-07,1.481891984695385,3.177350000005649e-10
3377,0.9380555555556082,122,362,9.977418498675653e-07,1.4818096573629016,3.179375000005654e-10
3378,0.938333333333386,120,364,9.976176506680499e-07,1.492137906057223,3.1814000000056584e-10
3379,0.9386111111111638,120,363,9.974985932737495e-07,1.4920550095068865,3.1834250000056634e-10
3380,0.9388888888889416,120,363,9.973737801363638e-07,1.4919721175619138,3.1854750000056686e-10
3381,0.9391666666667194,120,363,9.972526914835813e-07,1.4918892302220497,3.187525000005673e-10
3382,0.9394444444444973,120,363,9.971324964338055e-07,1.5024064828021815,3.189575000005678e-10
3383,0.9397222222222751,120,362,9.970098056881804e-07,1.5023230157753593,3.191625000005683e-10
3384,0.9400000000000529,120,362,9.968873117907527e-07,1.502239553385594,3.193675000005688e-10
3385,0.9402777777778307,120,362,9.967683952484536e-07,1.502156095632628,3.195725000005693e-10
3386,0.9405555555556085,119,363,9.966479360179227e-07,1.502072642516204,3.197750000005698e-10
3387,0.9408333333333864,119,363,9.96527554207683e-07,1.5019891940360643,3.1997750000057023e-10
3388,0.9411111111111642,119,363,9.964061639253309e-07,1.5019057501919515,3.201800000005708e-10
3389,0.941388888888942,119,363,9.962813709766013e-07,1.5018223109836073,3.203825000005713e-10
3390,0.9416666666667198,119,363,9.961610967245657e-07,1.501738876410775,3.205850000005717e-10
3391,0.9419444444444977,119,363,9.960376643381928e-07,1.5016554464731966,3.207900000005722e-10
3392,0.9422222222222755,118,364,9.959180067426507e-07,1.501572021170615,3.209950000005727e-10
3393,0.9425000000000533,118,364,9.957987153017607e-07,1.501488600502772,3.212000000005732e-10
3394,0.9427777777778311,118,364,9.956783017757304e-07,1.501405184469411,3.214025000005737e-10
3395,0.9430555555556089,118,364,9.955645309820309e-07,1.5013217730702737,3.216000000005742e-10
3396,0.9433333333333868,118,364,9.954444243266924e-07,1.5012383663051032,3.2180000000057465e-10
3397,0.9436111111111646,118,364,9.953263657124632e-07,1.5011549641736421,3.220000000005751e-10
3398,0.9438888888889424,118,364,9.952039663829597e-07,1.5010715666756322,3.222000000005757e-10
3399,0.9441666666667202,118,364,9.950868617555056e-07,1.500988173810817,3.224000000005762e-10
3400,0.944444444444498,118,364,9.94964226383837e-07,1.500904785578939,3.2260000000057665e-10
3401,0.9447222222222759,118,364,9.948494294482253e-07,1.5008214019797401,3.228000000005772e-10
3402,0.9450000000000537,118,364,9.947343322464739e-07,1.5007380230129632,3.2300000000057765e-10
3403,0.9452777777778315,117,365,9.946196553464e-07,1.5006546486783514,3.232000000005782e-10
3404,0.9455555555556093,117,365,9.944981635386928e-07,1.5005712789756473,3.2340000000057865e-10
3405,0.9458333333333871,117,365,9.943811357633919e-07,1.5004879139045932,3.2359750000057916e-10
3406,0.946111111111165,118,365,9.94261797497057e-07,1.5004045534649317,3.237950000005796e-10
3407,0.9463888888889428,118,365,9.941381368064323e-07,1.500321197656406,3.239925000005801e-10
3408,0.9466666666667206,118,365,9.94016700272762e-07,1.5126181047244045,3.241875000005806e-10
3409,0.9469444444444984,118,364,9.938942068709719e-07,1.5271623628856614,3.243825000005811e-10
3410,0.9472222222222763,118,363,9.937722814218974e-07,1.5270775205321678,3.245775000005816e-10
3411,0.9475000000000541,117,364,9.93659292707584e-07,1.5269926828921383,3.247725000005821e-10
3412,0.9477777777778319,117,364,9.935464226711202e-07,1.5269078499653108,3.2496750000058264e-10
3413,0.9480555555556097,116,365,9.934294627055526e-07,1.5268230217514243,3.251625000005831e-10
3414,0.9483333333333875,116,365,9.933074672792439e-07,1.5267381982502157,3.253575000005836e-10
3415,0.9486111111111654,116,365,9.931921104535964e-07,1.5266533794614245,3.255500000005841e-10
3416,0.9488888888889432,116,365,9.930762536521307e-07,1.5376099824486635,3.257425000005846e-10
3417,0.949166666666721,116,364,9.929580012483023e-07,1.537524559671861,3.259350000005851e-10
3418,0.9494444444444988,116,364,9.928394666273677e-07,1.5374391416407682,3.261275000005856e-10
3419,0.9497222222222766,116,364,9.927265536379769e-07,1.5373537283551215,3.263175000005861e-10
3420,0.9500000000000545,116,364,9.926155195906288e-07,1.5372683198146575,3.2650750000058655e-10
3421,0.9502777777778323,115,365,9.925014757963825e-07,1.537182916019112,3.26700000000587e-10
3422,0.9505555555556101,114,366,9.923841067468808e-07,1.5370975169682222,3.268925000005876e-10
3423,0.9508333333333879,114,366,9.92272067594221e-07,1.5370121226617242,3.2708250000058807e-10
3424,0.9511111111111658,114,366,9.921549739694616e-07,1.536926733099354,3.272725000005885e-10
3425,0.9513888888889436,114,366,9.920422904039603e-07,1.5505421137713913,3.2746250000058905e-10
3426,0.9516666666667214,113,366,9.91925671957471e-07,1.5504559725428486,3.2765000000058957e-10
3427,0.9519444444444992,113,366,9.9181190106289e-07,1.5503698360999294,3.278375000005901e-10
3428,0.952222222222277,113,366,9.916949022112018e-07,1.550283704442368,3.2802250000059055e-10
3429,0.9525000000000549,113,366,9.915804059027062e-07,1.5501975775698995,3.282050000005911e-10
3430,0.9527777777778327,113,366,9.914647745296392e-07,1.5501114554822566,3.2839000000059163e-10
3431,0.9530555555556105,113,366,9.913483351123825e-07,1.5785548084042647,3.285750000005921e-10
3432,0.9533333333333883,113,364,9.912324808084072e-07,1.5784671109149087,3.287600000005926e-10
3433,0.9536111111111661,115,364,9.911148950050338e-07,1.5783794182976356,3.2894500000059313e-10
3434,0.953888888888944,115,364,9.909996834113405e-07,1.5782917305521746,3.2913000000059364e-10
3435,0.9541666666667218,115,364,9.908891990418189e-07,1.578204047678255,3.2931750000059406e-10
3436,0.9544444444444996,114,365,9.9077552384416e-07,1.5918171351658459,3.2950500000059463e-10
3437,0.9547222222222774,114,364,9.906633888795546e-07,1.5917287008805587,3.296900000005951e-10
3438,0.9550000000000552,114,364,9.905495091759353e-07,1.591640271508288,3.298800000005956e-10
3439,0.9552777777778331,112,366,9.904359565997333e-07,1.5915518470487595,3.300700000005961e-10
3440,0.9555555555556109,112,366,9.90321913369229e-07,1.5914634275017014,3.3025750000059664e-10
3441,0.9558333333333887,112,366,9.902103981292412e-07,1.5913750128668405,3.304450000005971e-10
3442,0.9561111111111665,111,367,9.900951430450602e-07,1.5912866031439032,3.3063000000059756e-10
3443,0.9563888888889444,111,367,9.899836571171272e-07,1.591198198332618,3.308175000005982e-10
3444,0.9566666666667222,111,367,9.898698818435236e-07,1.5911097984327105,3.3100500000059866e-10
3445,0.9569444444445,111,367,9.897578739098267e-07,1.5910214034439087,3.3119000000059916e-10
3446,0.9572222222222778,111,367,9.896479784380581e-07,1.5909330133659396,3.3137500000059966e-10
3447,0.9575000000000556,112,367,9.895372377829918e-07,1.5908446281985302,3.3156250000060013e-10
3448,0.9577777777778335,112,367,9.894275571940257e-07,1.5907562479414084,3.3175000000060065e-10
3449,0.9580555555556113,112,367,9.89312987731192e-07,1.5906678725943006,3.319400000006012e-10
3450,0.9583333333333891,111,368,9.892044417420118e-07,1.5905795021569342,3.321275000006016e-10
3451,0.9586111111111669,111,368,9.890953998057658e-07,1.6046078846732954,3.323150000006022e-10
3452,0.9588888888889447,111,367,9.8898090406897e-07,1.6332564930179574,3.325025000006027e-10
3453,0.9591666666667226,111,365,9.888691272863891e-07,1.633165756546123,3.326900000006032e-10
3454,0.9594444444445004,111,365,9.887584987538667e-07,1.633075025115204,3.328775000006037e-10
3455,0.9597222222222782,111,365,9.886465687752049e-07,1.6329842987249197,3.330675000006042e-10
3456,0.960000000000056,110,366,9.885376707959763e-07,1.6328935773749909,3.332575000006047e-10
3457,0.9602777777778339,109,367,9.884344197016484e-07,1.6328028610651366,3.334475000006052e-10
3458,0.9605555555556117,109,367,9.883284103141127e-07,1.6327121497950774,3.3363750000060573e-10
3459,0.9608333333333895,109,367,9.88223620212913e-07,1.6326214435645334,3.338250000006063e-10
3460,0.9611111111111673,109,367,9.88116895639642e-07,1.6325307423732243,3.340125000006067e-10
3461,0.9613888888889451,109,367,9.880089489724128e-07,1.63244004622087,3.341975000006073e-10
3462,0.961666666666723,109,367,9.87897753085468e-07,1.6323493551071913,3.343825000006078e-10
3463,0.9619444444445008,109,367,9.877879422215173e-07,1.6322586690319076,3.345650000006083e-10
3464,0.9622222222222786,110,367,9.876775009853115e-07,1.6321679879947393,3.347475000006088e-10
3465,0.9625000000000564,110,367,9.8756707701757e-07,1.6320773119954064,3.349300000006093e-10
3466,0.9627777777778342,110,367,9.87457487800664e-07,1.631986641033629,3.351125000006098e-10
3467,0.9630555555556121,110,367,9.873469599432602e-07,1.631895975109127,3.3529750000061036e-10
3468,0.9633333333333899,109,368,9.87238504689304e-07,1.6318053142216211,3.3548250000061086e-10
3469,0.9636111111111677,109,368,9.8713215986494e-07,1.631714658370831,3.3566750000061136e-10
3470,0.9638888888889455,109,368,9.870280066974037e-07,1.631624007556477,3.3585250000061186e-10
3471,0.9641666666667233,109,368,9.869197283820504e-07,1.6315333617782797,3.360375000006124e-10
3472,0.9644444444445012,109,368,9.868125963262061e-07,1.6314427210359588,3.362200000006129e-10
3473,0.964722222222279,108,369,9.867072596429177e-07,1.6313520853292345,3.3640000000061345e-10
3474,0.9650000000000568,108,369,9.866022588571566e-07,1.6419616291548838,3.365800000006139e-10
3475,0.9652777777778346,108,368,9.865002441661851e-07,1.6418704090643754,3.367600000006145e-10
3476,0.9655555555556125,107,369,9.863907175547575e-07,1.6417791940416497,3.36940000000615e-10
3477,0.9658333333333903,107,369,9.862849302029357e-07,1.6416879840864251,3.3712000000061544e-10
3478,0.9661111111111681,107,369,9.861808159136662e-07,1.6415967791984203,3.3730000000061595e-10
3479,0.9663888888889459,106,370,9.860767332537022e-07,1.6415055793773539,3.374800000006165e-10
3480,0.9666666666667237,106,370,9.85971816789377e-07,1.6414143846229445,3.37662500000617e-10
3481,0.9669444444445016,105,371,9.858670946705742e-07,1.6413231949349099,3.3784500000061753e-10
3482,0.9672222222222794,105,371,9.857628782767684e-07,1.6412320103129692,3.3802750000061806e-10
3483,0.9675000000000572,105,371,9.85656818581934e-07,1.6411408307568407,3.3820750000061857e-10
3484,0.967777777777835,105,371,9.855543051174029e-07,1.6410496562662429,3.383875000006191e-10
3485,0.9680555555556128,105,371,9.854513853554289e-07,1.6409584868408946,3.3856750000061964e-10
3486,0.9683333333333907,105,371,9.853481433529772e-07,1.6408673224805153,3.3874750000062015e-10
3487,0.9686111111111685,105,371,9.85242439986005e-07,1.640776163184822,3.389250000006206e-10
3488,0.9688888888889463,105,371,9.851400958808257e-07,1.6406850089535336,3.3910500000062115e-10
3489,0.9691666666667241,104,372,9.850382333051718e-07,1.6405938597863692,3.3928500000062166e-10
3490,0.969444444444502,103,373,9.84931956909818e-07,1.640502715683048,3.394625000006222e-10
3491,0.9697222222222798,103,373,9.848300157318227e-07,1.6404115766432878,3.3964000000062274e-10
3492,0.9700000000000576,103,373,9.847223472484747e-07,1.6403204426668074,3.3981750000062323e-10
3493,0.9702777777778354,103,373,9.846164933873101e-07,1.6402293137533264,3.3999500000062377e-10
3494,0.9705555555556132,103,373,9.845128265669674e-07,1.6401381899025622,3.4017250000062426e-10
3495,0.9708333333333911,103,373,9.844078316626527e-07,1.6400470711142345,3.4035000000062475e-10
3496,0.9711111111111689,103,373,9.843032768819642e-07,1.6399559573880618,3.405275000006253e-10
3497,0.9713888888889467,103,373,9.842022097697189e-07,1.6398648487237624,3.407050000006258e-10
3498,0.9716666666667245,103,373,9.841033100963262e-07,1.6397737451210557,3.4088250000062637e-10
3499,0.9719444444445023,103,373,9.840018785588656e-07,1.63968264657966,3.410575000006269e-10
3500,0.9722222222222802,103,373,9.838973441975388e-07,1.6395915530992944,3.4123250000062735e-10
3501,0.972500000000058,103,373,9.837922467233588e-07,1.6395004646796776,3.414100000006279e-10
3502,0.9727777777778358,103,373,9.836882370598018e-07,1.6394093813205295,3.4158750000062844e-10
3503,0.9730555555556136,103,373,9.835891906792035e-07,1.6393183030215668,3.4176750000062895e-10
3504,0.9733333333333914,102,374,9.834872435069744e-07,1.6392272297825103,3.419475000006294e-10
3505,0.9736111111111693,102,374,9.83383053248102e-07,1.6391361616030775,3.4212750000063e-10
3506,0.9738888888889471,102,374,9.83283271869568e-07,1.6390450984829883,3.423075000006305e-10
3507,0.9741666666667249,102,374,9.83180327451999e-07,1.638954040421962,3.4248750000063104e-10
3508,0.9744444444445027,102,374,9.83083233859779e-07,1.6388629874197167,3.426700000006315e-10
3509,0.9747222222222806,101,375,9.829831966383598e-07,1.650557934768645,3.4285250000063205e-10
3510,0.9750000000000584,101,374,9.828801138134459e-07,1.6504662371056023,3.430350000006326e-10
3511,0.9752777777778362,101,374,9.827785274993592e-07,1.6503745445368743,3.4321750000063316e-10
3512,0.975555555555614,101,374,9.82674579267338e-07,1.6502828570621775,3.4340000000063364e-10
3513,0.9758333333333918,101,374,9.825708481491507e-07,1.65019117468123,3.435825000006342e-10
3514,0.9761111111111697,101,374,9.824658753303243e-07,1.650099497393747,3.437650000006347e-10
3515,0.9763888888889475,101,374,9.8236498673293e-07,1.650007825199448,3.439450000006352e-10
3516,0.9766666666667253,101,374,9.822622201452325e-07,1.660595193552371,3.441250000006358e-10
3517,0.9769444444445031,101,373,9.821574848005571e-07,1.6605029382638403,3.443050000006363e-10
3518,0.977222222222281,101,373,9.820548493249967e-07,1.660410688100603,3.4448500000063675e-10
3519,0.9775000000000588,101,373,9.81951325567294e-07,1.6603184430623754,3.446650000006373e-10
3520,0.9777777777778366,101,373,9.818459545191068e-07,1.6602262031488724,3.448450000006378e-10
3521,0.9780555555556144,101,373,9.817428725141407e-07,1.6601339683598086,3.450250000006384e-10
3522,0.9783333333333922,101,373,9.816392261979864e-07,1.6600417386948998,3.4520500000063884e-10
3523,0.97861111111117,101,373,9.815399836359768e-07,1.659949514153861,3.453850000006394e-10
3524,0.9788888888889479,102,373,9.814344939963974e-07,1.6598572947364083,3.455600000006399e-10
3525,0.9791666666667257,102,373,9.813294619447501e-07,1.659765080442256,3.457350000006405e-10
3526,0.9794444444445035,102,373,9.812269533007916e-07,1.6596728712711206,3.45910000000641e-10
3527,0.9797222222222813,101,374,9.811286906983775e-07,1.6595806672227165,3.4608500000064153e-10
3528,0.9800000000000592,101,374,9.810272749904827e-07,1.6594884682967597,3.4626000000064205e-10
3529,0.980277777777837,101,374,9.809257742418945e-07,1.6593962744929653,3.464325000006426e-10
3530,0.9805555555556148,101,374,9.808266937915262e-07,1.6593040858110497,3.4660250000064313e-10
3531,0.9808333333333926,101,374,9.807252733477433e-07,1.6592119022507263,3.4677250000064365e-10
3532,0.9811111111111704,101,374,9.806244647614672e-07,1.6591197238117128,3.4694250000064413e-10
3533,0.9813888888889483,101,374,9.805220832255728e-07,1.6590275504937235,3.4711000000064474e-10
3534,0.9816666666667261,101,374,9.804215404418064e-07,1.6589353822964739,3.472750000006453e-10
3535,0.9819444444445039,101,374,9.80316720082707e-07,1.6588432192196796,3.4744250000064573e-10
3536,0.9822222222222817,100,375,9.80218316641366e-07,1.6587510612630565,3.4761250000064626e-10
3537,0.9825000000000595,99,376,9.801210675083255e-07,1.6586589084263192,3.4778250000064684e-10
3538,0.9827777777778374,99,376,9.80024237268927e-07,1.6585667607091843,3.479525000006473e-10
3539,0.9830555555556152,99,376,9.799250615758423e-07,1.6584746181113674,3.481225000006479e-10
3540,0.983333333333393,99,376,9.798214363808707e-07,1.6752280903765655,3.482875000006485e-10
3541,0.9836111111111708,99,375,9.79722911843964e-07,1.6751350221493224,3.48452500000649e-10
3542,0.9838888888889487,99,375,9.796260065920062e-07,1.6750419590925365,3.486200000006495e-10
3543,0.9841666666667265,98,376,9.795324570159556e-07,1.67494890120592,3.4879000000065e-10
3544,0.9844444444445043,97,377,9.79432960161279e-07,1.6748558484891867,3.4896250000065055e-10
3545,0.9847222222222821,96,378,9.793389617501403e-07,1.6747628009420485,3.491350000006511e-10
3546,0.9850000000000599,96,378,9.792459762007095e-07,1.6746697585642185,3.4930750000065165e-10
3547,0.9852777777778378,96,378,9.791492966768504e-07,1.6870645546590428,3.494775000006522e-10
3548,0.9855555555556156,96,377,9.790526274518346e-07,1.7129903447515287,3.4964750000065276e-10
3549,0.9858333333333934,96,375,9.789541397323185e-07,1.712895178621265,3.4982000000065325e-10
3550,0.9861111111111712,96,375,9.788575163775869e-07,1.7128000177780083,3.4999250000065375e-10
3551,0.986388888888949,96,375,9.787580521014228e-07,1.7127048622214651,3.501625000006543e-10
3552,0.9866666666667269,96,375,9.78663811163683e-07,1.7126097119513415,3.5033250000065486e-10
3553,0.9869444444445047,96,375,9.785659000525059e-07,1.7125145669673443,3.5050000000065536e-10
3554,0.9872222222222825,96,375,9.784725461929759e-07,1.7124194272691795,3.5066250000065593e-10
3555,0.9875000000000603,96,375,9.783731071613763e-07,1.7123242928565534,3.508250000006565e-10
3556,0.9877777777778382,96,375,9.78283343847981e-07,1.7122291637291729,3.5098750000065696e-10
3557,0.988055555555616,96,375,9.781906691635343e-07,1.7121340398867433,3.5115000000065753e-10
3558,0.9883333333333938,96,375,9.780985776486697e-07,1.7222431198121093,3.5131250000065804e-10
3559,0.9886111111111716,96,374,9.780040753163578e-07,1.7221474396387861,3.5147250000065864e-10
3560,0.9888888888889494,96,374,9.779117355201819e-07,1.7220517647810285,3.5163250000065913e-10
3561,0.9891666666667273,96,374,9.778224387022573e-07,1.721956095238541,3.517900000006597e-10
3562,0.9894444444445051,96,374,9.777316329209092e-07,1.7218604310110277,3.519475000006602e-10
3563,0.9897222222222829,96,374,9.776363454617435e-07,1.721764772098194,3.5210500000066076e-10
3564,0.9900000000000607,96,374,9.7754214409282e-07,1.721669118499744,3.522625000006613e-10
3565,0.9902777777778385,96,374,9.774504717028726e-07,1.7215734702153833,3.5242000000066186e-10
3566,0.9905555555556164,96,374,9.77354645858946e-07,1.721477827244816,3.5257500000066236e-10
3567,0.9908333333333942,96,374,9.77258933562122e-07,1.7213821895877464,3.527325000006629e-10
3568,0.991111111111172,95,375,9.771611895187036e-07,1.7212865572438805,3.5289000000066346e-10
3569,0.9913888888889498,95,375,9.770667327696704e-07,1.7211909302129225,3.53045000000664e-10
3570,0.9916666666667276,95,375,9.76971389197599e-07,1.7210953084945777,3.531975000006645e-10
3571,0.9919444444445055,95,375,9.768790823122056e-07,1.72099969208855,3.533500000006651e-10
3572,0.9922222222222833,95,375,9.767903961954338e-07,1.7209040809945455,3.535025000006656e-10
3573,0.9925000000000611,95,375,9.766928794064003e-07,1.7208084752122679,3.536550000006661e-10
3574,0.9927777777778389,95,375,9.765991326274188e-07,1.7207128747414226,3.538075000006667e-10
3575,0.9930555555556168,94,376,9.765030939410883e-07,1.720617279581715,3.5396000000066726e-10
3576,0.9933333333333946,94,376,9.764084956205667e-07,1.7205216897328492,3.541125000006678e-10
3577,0.9936111111111724,95,376,9.763179304627725e-07,1.7204261051945309,3.542650000006683e-10
3578,0.9938888888889502,95,376,9.76222840484693e-07,1.7203305259664647,3.544175000006688e-10
3579,0.994166666666728,95,376,9.761303994785638e-07,1.7202349520483553,3.545675000006694e-10
3580,0.9944444444445059,94,377,9.76034956527132e-07,1.7201393834399081,3.5471750000066993e-10
3581,0.9947222222222837,94,377,9.759406908389366e-07,1.7200438201408284,3.548675000006705e-10
3582,0.9950000000000615,94,377,9.758458765672262e-07,1.7199482621508206,3.5502000000067103e-10
3583,0.9952777777778393,93,378,9.757534899860598e-07,1.7198527094695903,3.551725000006716e-10
3584,0.9955555555556171,93,378,9.756610437011373e-07,1.7197571620968422,3.553250000006721e-10
3585,0.995833333333395,93,378,9.755692610995325e-07,1.719661620032281,3.5548000000067265e-10
3586,0.9961111111111728,92,379,9.754781150965003e-07,1.7195660832756126,3.556350000006732e-10
3587,0.9963888888889506,92,379,9.753892551054087e-07,1.7433855087862997,3.5578750000067374e-10
3588,0.9966666666667284,92,377,9.752977052112003e-07,1.7575915646283133,3.559400000006743e-10
3589,0.9969444444445063,92,376,9.752066328596238e-07,1.7574939206525007,3.5609250000067485e-10
3590,0.9972222222222841,92,376,9.751152073705403e-07,1.7573962821013538,3.5624500000067533e-10
3591,0.9975000000000619,92,376,9.750274787579595e-07,1.7572986489745706,3.563975000006759e-10
3592,0.9977777777778397,92,376,9.749333277625383e-07,1.7572010212718499,3.5654750000067653e-10
3593,0.9980555555556175,92,376,9.748447619477755e-07,1.75710339899289,3.56700000000677e-10
3594,0.9983333333333954,91,377,9.747539644893621e-07,1.7570057821373903,3.5685250000067755e-10
3595,0.9986111111111732,91,377,9.746631993178133e-07,1.7569081707050496,3.5700250000067806e-10
3596,0.998888888888951,91,377,9.745707145196988e-07,1.756810564695566,3.5715250000067867e-10
3597,0.9991666666667288,91,377,9.744813548879017e-07,1.7567129641086388,3.5730500000067915e-10
3598,0.9994444444445066,90,378,9.743904921432644e-07,1.7678106921739583,3.574575000006797e-10
3599,0.9997222222222845,90,377,9.742990371580656e-07,1.7677124804688373,3.576125000006803e-10
3600,1.0000000000000622,89,378,9.742061710167162e-07,1.7819207208087469,3.5776500000068083e-10
