,time,healthy_cells,infected_cells,mean_c_substrate,mean_c_phage,mean_c_quorum
0,0.0,0,0,0.0,0.0,0.0
1,0.0002777777777777778,300,0,1.9996838958385184e-06,9.999444444444443e-07,1e-13
2,0.0005555555555555556,300,0,1.9993652098709457e-06,9.998888919753085e-07,1e-13
3,0.0008333333333333333,300,0,1.9990540791352945e-06,9.998333425924205e-07,1e-13
4,0.0011111111111111111,300,0,1.998741169941904e-06,9.9977779629561e-07,1e-13
5,0.001388888888888889,300,0,1.998439078859255e-06,9.99722253084705e-07,1e-13
6,0.0016666666666666668,301,0,1.9981242354110205e-06,9.996667129595332e-07,1e-13
7,0.0019444444444444446,301,0,1.9978229752956058e-06,9.99611175919924e-07,1e-13
8,0.0022222222222222222,301,0,1.9975155520585435e-06,9.995556419657066e-07,1e-13
9,0.0025,301,0,1.997198828659027e-06,9.995001110967087e-07,1e-13
10,0.002777777777777778,301,0,1.996880156886266e-06,9.99444583312759e-07,1e-13
11,0.0030555555555555557,301,0,1.9965679654447688e-06,9.99389058613686e-07,1.0000000000000003e-13
12,0.0033333333333333335,301,0,1.996250825270187e-06,9.993335369993185e-07,1.0000000000000003e-13
13,0.0036111111111111114,301,0,1.995942069597426e-06,9.99278018469485e-07,1.0000000000000003e-13
14,0.003888888888888889,302,0,1.9956284271870193e-06,9.992225030240148e-07,1.0000000000000003e-13
15,0.004166666666666667,303,0,1.9953070710449822e-06,9.99166990662736e-07,1.0000000000000003e-13
16,0.0044444444444444444,303,0,1.995000310603652e-06,9.991114813854766e-07,1.0000000000000003e-13
17,0.004722222222222222,303,0,1.9946901302848696e-06,9.990559751920664e-07,1.0000000000000003e-13
18,0.005,304,0,1.9943797431632116e-06,9.99000472082333e-07,1.0000000000000003e-13
19,0.005277777777777778,304,0,1.994068872911444e-06,9.989449720561066e-07,1.0000000000000005e-13
20,0.005555555555555556,304,0,1.9937549847974663e-06,9.988894751132143e-07,1.0000000000000005e-13
21,0.005833333333333334,305,0,1.993437449747939e-06,9.988339812534865e-07,1.0000000000000005e-13
22,0.006111111111111111,306,0,1.9931184621831407e-06,9.987784904767501e-07,1.0000000000000005e-13
23,0.006388888888888889,306,0,1.9927990481622353e-06,9.987230027828347e-07,1.0000000000000005e-13
24,0.006666666666666667,306,0,1.9924801188162476e-06,9.986675181715695e-07,1.0000000000000005e-13
25,0.006944444444444445,306,0,1.9921596400133974e-06,9.986120366427816e-07,1.0000000000000005e-13
26,0.007222222222222223,307,0,1.991840965956297e-06,9.985565581963018e-07,1.0000000000000005e-13
27,0.007500000000000001,307,0,1.9915218733908595e-06,9.98501082831958e-07,1.0000000000000007e-13
28,0.007777777777777778,307,0,1.991209048955426e-06,9.984456105495784e-07,1.0000000000000007e-13
29,0.008055555555555555,307,0,1.9908876959051583e-06,9.983901413489921e-07,1.0000000000000009e-13
30,0.008333333333333333,307,0,1.9905694522617495e-06,9.983346752300287e-07,1.0000000000000009e-13
31,0.008611111111111111,307,0,1.99025635378176e-06,9.982792121925156e-07,1.0000000000000009e-13
32,0.008888888888888889,307,0,1.9899400878778616e-06,9.982237522362826e-07,1.000000000000001e-13
33,0.009166666666666667,308,0,1.989630816209339e-06,9.981682953611587e-07,1.000000000000001e-13
34,0.009444444444444445,308,0,1.9893304740067843e-06,9.981128415669718e-07,1.000000000000001e-13
35,0.009722222222222222,308,0,1.989015626984569e-06,9.980573908535511e-07,1.0000000000000013e-13
36,0.01,308,0,1.9887013228426195e-06,9.980019432207266e-07,1.0000000000000013e-13
37,0.010277777777777778,308,0,1.9883969299962828e-06,9.979464986683252e-07,1.0000000000000013e-13
38,0.010555555555555556,308,0,1.9880843173163133e-06,9.97891057196177e-07,1.0000000000000015e-13
39,0.010833333333333334,308,0,1.9877704789526665e-06,9.978356188041106e-07,1.0000000000000015e-13
40,0.011111111111111112,308,0,1.9874527777371276e-06,9.977801834919544e-07,1.0000000000000015e-13
41,0.01138888888888889,308,0,1.9871385535332314e-06,9.977247512595382e-07,1.0000000000000017e-13
42,0.011666666666666667,308,0,1.9868244609095533e-06,9.976693221066902e-07,1.0000000000000017e-13
43,0.011944444444444445,308,0,1.9865176855233525e-06,9.976138960332401e-07,1.0000000000000019e-13
44,0.012222222222222223,308,0,1.9862067850880894e-06,9.97558473039016e-07,1.0000000000000019e-13
45,0.0125,308,0,1.985892008838831e-06,9.975030531238478e-07,1.0000000000000019e-13
46,0.012777777777777779,308,0,1.9855821358682513e-06,9.974476362875626e-07,1.0000000000000022e-13
47,0.013055555555555556,308,0,1.9852711137965803e-06,9.973922225299918e-07,1.0000000000000022e-13
48,0.013333333333333334,308,0,1.9849632595439195e-06,9.97336811850962e-07,1.0000000000000023e-13
49,0.013611111111111112,308,0,1.9846548677910408e-06,9.972814042503038e-07,1.0000000000000023e-13
50,0.01388888888888889,308,0,1.9843305499116658e-06,9.972259997278456e-07,1.0000000000000023e-13
51,0.014166666666666668,308,0,1.9840116764956477e-06,9.971705982834166e-07,1.0000000000000026e-13
52,0.014444444444444446,309,0,1.98369916034204e-06,9.971151999168453e-07,1.0000000000000026e-13
53,0.014722222222222223,309,0,1.9833932934464686e-06,9.97059804627961e-07,1.0000000000000028e-13
54,0.015000000000000001,309,0,1.9830882060669706e-06,9.97004412416593e-07,1.0000000000000028e-13
55,0.015277777777777779,309,0,1.9827768592626026e-06,9.9694902328257e-07,1.0000000000000028e-13
56,0.015555555555555557,309,0,1.982468965000269e-06,9.968936372257206e-07,1.0000000000000032e-13
57,0.015833333333333335,309,0,1.9821544268161327e-06,9.96838254245875e-07,1.0000000000000032e-13
58,0.01611111111111111,309,0,1.981842112594442e-06,9.967828743428623e-07,1.0000000000000033e-13
59,0.016388888888888887,309,0,1.9815374367216956e-06,9.9672749751651e-07,1.0000000000000033e-13
60,0.016666666666666663,309,0,1.981216811872671e-06,9.966721237666482e-07,1.0000000000000033e-13
61,0.01694444444444444,309,0,1.9808976452583093e-06,9.966167530931059e-07,1.0000000000000033e-13
62,0.017222222222222215,309,0,1.98057600421818e-06,9.96561385495712e-07,1.0000000000000036e-13
63,0.01749999999999999,309,0,1.980258078662211e-06,9.965060209742953e-07,1.0000000000000036e-13
64,0.017777777777777767,310,0,1.9799437251093668e-06,9.964506595286855e-07,1.0000000000000036e-13
65,0.018055555555555543,310,0,1.9796269384634797e-06,9.963953011587116e-07,1.000000000000004e-13
66,0.01833333333333332,310,0,1.979297591532992e-06,9.963399458642036e-07,1.000000000000004e-13
67,0.018611111111111096,310,0,1.9789849123270313e-06,9.962845936449885e-07,1.000000000000004e-13
68,0.018888888888888872,311,0,1.978666177709408e-06,9.962292445008973e-07,1.0000000000000042e-13
69,0.019166666666666648,311,0,1.9783420925946912e-06,9.961738984317588e-07,1.0000000000000044e-13
70,0.019444444444444424,311,0,1.9780160914777774e-06,9.961185554374016e-07,1.0000000000000044e-13
71,0.0197222222222222,311,0,1.977698557295453e-06,9.960632155176548e-07,1.0000000000000044e-13
72,0.019999999999999976,311,0,1.9773731348153366e-06,9.960078786723492e-07,1.0000000000000046e-13
73,0.020277777777777752,312,0,1.977059552705101e-06,9.959525449013113e-07,1.0000000000000048e-13
74,0.02055555555555553,312,0,1.9767508979483617e-06,9.95897214204372e-07,1.0000000000000048e-13
75,0.020833333333333304,312,0,1.976435302309069e-06,9.95841886581361e-07,1.0000000000000051e-13
76,0.02111111111111108,312,0,1.976125899537714e-06,9.957865620321064e-07,1.0000000000000052e-13
77,0.021388888888888857,312,0,1.9758088826279394e-06,9.957312405564378e-07,1.0000000000000055e-13
78,0.021666666666666633,312,0,1.9754752403679134e-06,9.956759221541847e-07,1.0000000000000055e-13
79,0.02194444444444441,312,0,1.9751545768660566e-06,9.956206068251755e-07,1.0000000000000056e-13
80,0.022222222222222185,312,0,1.9748444564583677e-06,9.955652945692412e-07,1.0000000000000058e-13
81,0.02249999999999996,312,0,1.974524372214131e-06,9.955099853862095e-07,1.0000000000000061e-13
82,0.022777777777777737,312,0,1.9742081693643774e-06,9.9545467927591e-07,1.0000000000000062e-13
83,0.023055555555555513,312,0,1.973886805536245e-06,9.953993762381722e-07,1.0000000000000062e-13
84,0.02333333333333329,312,0,1.97356711693063e-06,9.953440762728257e-07,1.0000000000000065e-13
85,0.023611111111111065,312,0,1.973249775499478e-06,9.952887793796995e-07,1.0000000000000067e-13
86,0.02388888888888884,312,0,1.972930073320504e-06,9.952334855586225e-07,1.0000000000000068e-13
87,0.024166666666666618,312,0,1.9726101327531706e-06,9.951781948094256e-07,1.0000000000000068e-13
88,0.024444444444444394,312,0,1.9722979315907385e-06,9.951229071319362e-07,1.0000000000000071e-13
89,0.02472222222222217,312,0,1.971977867556687e-06,9.950676225259838e-07,1.0000000000000074e-13
90,0.024999999999999946,312,0,1.9716482960550493e-06,9.950123409913996e-07,1.0000000000000075e-13
91,0.025277777777777722,312,0,1.9713286797438966e-06,9.949570625280116e-07,1.0000000000000075e-13
92,0.025555555555555498,312,0,1.9710179428030655e-06,9.949017871356487e-07,1.0000000000000077e-13
93,0.025833333333333274,312,0,1.9707069473414287e-06,9.948465148141415e-07,1.0000000000000077e-13
94,0.02611111111111105,313,0,1.9703817537516143e-06,9.94791245563318e-07,1.000000000000008e-13
95,0.026388888888888826,313,0,1.970063385147647e-06,9.94735979383009e-07,1.0000000000000081e-13
96,0.026666666666666602,315,0,1.969749787003884e-06,9.946807162730435e-07,1.0000000000000084e-13
97,0.02694444444444438,316,0,1.9694370538808014e-06,9.946254562332506e-07,1.0000000000000085e-13
98,0.027222222222222155,317,0,1.9691247801412487e-06,9.945701992634605e-07,1.0000000000000085e-13
99,0.02749999999999993,317,0,1.9688144079177563e-06,9.94514945363501e-07,1.0000000000000087e-13
100,0.027777777777777707,318,0,1.968491562456104e-06,9.94459694533203e-07,1.000000000000009e-13
101,0.028055555555555483,318,0,1.9681744267363353e-06,9.944044467723958e-07,1.000000000000009e-13
102,0.02833333333333326,318,0,1.96786616684535e-06,9.943492020809085e-07,1.0000000000000091e-13
103,0.028611111111111035,318,0,1.9675485067676463e-06,9.942939604585706e-07,1.0000000000000091e-13
104,0.02888888888888881,318,0,1.967228710293524e-06,9.942387219052117e-07,1.0000000000000094e-13
105,0.029166666666666587,318,0,1.9669108717167613e-06,9.941834864206617e-07,1.0000000000000094e-13
106,0.029444444444444363,318,0,1.966588644772008e-06,9.941282540047486e-07,1.0000000000000096e-13
107,0.02972222222222214,318,0,1.9662679378409116e-06,9.940730246573043e-07,1.0000000000000097e-13
108,0.029999999999999916,318,0,1.965959739123643e-06,9.940177983781563e-07,1.0000000000000097e-13
109,0.03027777777777769,318,0,1.965641885264155e-06,9.939625751671357e-07,1.00000000000001e-13
110,0.030555555555555468,318,0,1.965317392780533e-06,9.939073550240714e-07,1.00000000000001e-13
111,0.030833333333333244,318,0,1.9650043881392464e-06,9.93852137948792e-07,1.0000000000000103e-13
112,0.03111111111111102,319,0,1.9646851497829247e-06,9.937969239411282e-07,1.0000000000000103e-13
113,0.0313888888888888,320,0,1.9643642165171356e-06,9.937417130009096e-07,1.0000000000000104e-13
114,0.03166666666666658,320,0,1.9640471715080545e-06,9.93686505127965e-07,1.0000000000000104e-13
115,0.03194444444444436,320,0,1.9637138783493597e-06,9.936313003221247e-07,1.0000000000000106e-13
116,0.03222222222222214,320,0,1.963391783545987e-06,9.935760985832178e-07,1.0000000000000106e-13
117,0.03249999999999992,321,0,1.96306453889089e-06,9.935208999110741e-07,1.0000000000000106e-13
118,0.0327777777777777,321,0,1.96275002204975e-06,9.934657043055235e-07,1.000000000000011e-13
119,0.03305555555555548,321,0,1.9624330129215836e-06,9.934105117663956e-07,1.000000000000011e-13
120,0.03333333333333326,321,0,1.9621145449837776e-06,9.933553222935194e-07,1.0000000000000113e-13
121,0.033611111111111036,321,0,1.9618021599036278e-06,9.933001358867254e-07,1.0000000000000113e-13
122,0.033888888888888816,321,0,1.9614800931104627e-06,9.932449525458425e-07,1.0000000000000114e-13
123,0.034166666666666595,321,0,1.9611645891797062e-06,9.931897722707014e-07,1.0000000000000114e-13
124,0.034444444444444375,321,0,1.9608479544821316e-06,9.931345950611309e-07,1.0000000000000114e-13
125,0.034722222222222154,321,0,1.9605210184798013e-06,9.930794209169616e-07,1.0000000000000119e-13
126,0.034999999999999934,321,0,1.960195499668661e-06,9.930242498380216e-07,1.0000000000000119e-13
127,0.035277777777777714,321,0,1.9598702242015316e-06,9.92969081824142e-07,1.0000000000000119e-13
128,0.03555555555555549,321,0,1.959559348881483e-06,9.929139168751514e-07,1.000000000000012e-13
129,0.03583333333333327,322,0,1.959237226587775e-06,9.92858754990881e-07,1.0000000000000123e-13
130,0.03611111111111105,322,0,1.958908664022597e-06,9.928035961711595e-07,1.0000000000000123e-13
131,0.03638888888888883,322,0,1.9585812476393125e-06,9.927484404158159e-07,1.0000000000000125e-13
132,0.03666666666666661,322,0,1.958261711854764e-06,9.926932877246822e-07,1.0000000000000127e-13
133,0.03694444444444439,322,0,1.957935668913668e-06,9.92638138097586e-07,1.0000000000000127e-13
134,0.03722222222222217,322,0,1.957602441822406e-06,9.925829915343582e-07,1.0000000000000127e-13
135,0.03749999999999995,322,0,1.9572908561072417e-06,9.925278480348292e-07,1.0000000000000127e-13
136,0.03777777777777773,322,0,1.9569650734184935e-06,9.92472707598827e-07,1.000000000000013e-13
137,0.03805555555555551,322,0,1.956634580739477e-06,9.924175702261826e-07,1.000000000000013e-13
138,0.03833333333333329,322,0,1.956310292149e-06,9.923624359167258e-07,1.000000000000013e-13
139,0.03861111111111107,322,0,1.9559854211307784e-06,9.923073046702856e-07,1.0000000000000133e-13
140,0.03888888888888885,322,0,1.9556718702831402e-06,9.922521764866932e-07,1.0000000000000133e-13
141,0.03916666666666663,322,0,1.955355433300253e-06,9.921970513657772e-07,1.0000000000000135e-13
142,0.03944444444444441,322,0,1.955026839800082e-06,9.921419293073674e-07,1.0000000000000135e-13
143,0.03972222222222219,323,0,1.9546985041554693e-06,9.920868103112948e-07,1.0000000000000135e-13
144,0.039999999999999966,323,0,1.954372919570902e-06,9.920316943773894e-07,1.0000000000000137e-13
145,0.040277777777777746,323,0,1.9540558056748732e-06,9.919765815054788e-07,1.0000000000000137e-13
146,0.040555555555555525,323,0,1.9537360690625037e-06,9.919214716953952e-07,1.0000000000000139e-13
147,0.040833333333333305,323,0,1.95341208839842e-06,9.918663649469677e-07,1.0000000000000139e-13
148,0.041111111111111084,323,0,1.953092178088065e-06,9.918112612600263e-07,1.0000000000000139e-13
149,0.041388888888888864,323,0,1.9527648720491535e-06,9.917561606344005e-07,1.0000000000000139e-13
150,0.041666666666666644,324,0,1.952441789970132e-06,9.917010630699212e-07,1.0000000000000142e-13
151,0.04194444444444442,324,0,1.9521198542551286e-06,9.916459685664176e-07,1.0000000000000143e-13
152,0.0422222222222222,324,0,1.9518105321958664e-06,9.915908771237187e-07,1.0000000000000143e-13
153,0.04249999999999998,324,0,1.951482449335864e-06,9.915357887416571e-07,1.0000000000000145e-13
154,0.04277777777777776,324,0,1.9511698034869723e-06,9.914807034200603e-07,1.0000000000000145e-13
155,0.04305555555555554,324,0,1.9508604249607567e-06,9.914256211587592e-07,1.0000000000000148e-13
156,0.04333333333333332,324,0,1.950545448329929e-06,9.913705419575836e-07,1.0000000000000148e-13
157,0.0436111111111111,324,0,1.950218971362716e-06,9.913154658163638e-07,1.0000000000000148e-13
158,0.04388888888888888,324,0,1.9498949066655232e-06,9.912603927349294e-07,1.0000000000000149e-13
159,0.04416666666666666,324,0,1.949575490849528e-06,9.91205322713111e-07,1.0000000000000152e-13
160,0.04444444444444444,325,0,1.9492551691694807e-06,9.91150255750738e-07,1.0000000000000152e-13
161,0.04472222222222222,325,0,1.9489260759064535e-06,9.910951918476409e-07,1.0000000000000152e-13
162,0.045,325,0,1.948596853357463e-06,9.910401310036498e-07,1.0000000000000153e-13
163,0.04527777777777778,325,0,1.948272158267515e-06,9.909850732185937e-07,1.0000000000000156e-13
164,0.04555555555555556,325,0,1.9479437440276902e-06,9.90930018492304e-07,1.0000000000000156e-13
165,0.04583333333333334,325,0,1.9476220035931713e-06,9.908749668246092e-07,1.0000000000000156e-13
166,0.04611111111111112,325,0,1.947298709855247e-06,9.90819918215342e-07,1.0000000000000159e-13
167,0.046388888888888896,325,0,1.9469799862457685e-06,9.907648726643296e-07,1.0000000000000159e-13
168,0.046666666666666676,325,0,1.946653623643439e-06,9.907098301714034e-07,1.0000000000000159e-13
169,0.046944444444444455,325,0,1.9463370254140905e-06,9.906547907363946e-07,1.0000000000000162e-13
170,0.047222222222222235,325,0,1.946011729101417e-06,9.905997543591314e-07,1.0000000000000162e-13
171,0.047500000000000014,325,0,1.9456883694614478e-06,9.90544721039445e-07,1.0000000000000164e-13
172,0.047777777777777794,325,0,1.945362382306132e-06,9.904896907771648e-07,1.0000000000000164e-13
173,0.048055555555555574,326,0,1.9450384710238913e-06,9.90434663572122e-07,1.0000000000000164e-13
174,0.04833333333333335,326,0,1.944723242565623e-06,9.903796394241456e-07,1.0000000000000166e-13
175,0.04861111111111113,327,0,1.9443958099114247e-06,9.903246183330663e-07,1.0000000000000168e-13
176,0.04888888888888891,327,0,1.9440766444208688e-06,9.902696002987146e-07,1.0000000000000168e-13
177,0.04916666666666669,327,0,1.9437436400370997e-06,9.902145853209202e-07,1.0000000000000171e-13
178,0.04944444444444447,328,0,1.9434133410363766e-06,9.901595733995137e-07,1.0000000000000171e-13
179,0.04972222222222225,328,0,1.9430824834003994e-06,9.901045645343244e-07,1.0000000000000171e-13
180,0.05000000000000003,328,0,1.942758642310868e-06,9.900495587251837e-07,1.0000000000000172e-13
181,0.05027777777777781,328,0,1.9424240623316905e-06,9.899945559719213e-07,1.0000000000000174e-13
182,0.05055555555555559,328,0,1.9420908682617306e-06,9.899395562743675e-07,1.0000000000000174e-13
183,0.05083333333333337,328,0,1.9417584519655493e-06,9.898845596323525e-07,1.0000000000000177e-13
184,0.05111111111111115,328,0,1.9414250749285745e-06,9.89829566045706e-07,1.0000000000000177e-13
185,0.05138888888888893,328,0,1.94108542585654e-06,9.89774575514259e-07,1.0000000000000177e-13
186,0.05166666666666671,329,0,1.940765096148904e-06,9.897195880378418e-07,1.0000000000000178e-13
187,0.05194444444444449,329,0,1.940436307310786e-06,9.896646036162843e-07,1.0000000000000178e-13
188,0.05222222222222227,329,0,1.9401102020911562e-06,9.896096222494167e-07,1.0000000000000181e-13
189,0.05250000000000005,329,0,1.939783953996469e-06,9.895546439370697e-07,1.0000000000000182e-13
190,0.052777777777777826,329,0,1.939465513173223e-06,9.894996686790732e-07,1.0000000000000182e-13
191,0.053055555555555606,329,0,1.93914275079089e-06,9.89444696475258e-07,1.0000000000000185e-13
192,0.053333333333333385,329,0,1.93881203636205e-06,9.893897273254533e-07,1.0000000000000185e-13
193,0.053611111111111165,329,0,1.938478035520927e-06,9.89334761229491e-07,1.0000000000000187e-13
194,0.053888888888888944,329,0,1.938153093845807e-06,9.892797981872e-07,1.0000000000000188e-13
195,0.054166666666666724,330,0,1.9378301906280317e-06,9.892248381984123e-07,1.0000000000000188e-13
196,0.054444444444444504,330,0,1.9375148541483137e-06,9.891698812629573e-07,1.0000000000000191e-13
197,0.05472222222222228,330,0,1.937189313547974e-06,9.89114927380665e-07,1.0000000000000191e-13
198,0.05500000000000006,330,0,1.9368561281092216e-06,9.89059976551366e-07,1.0000000000000193e-13
199,0.05527777777777784,330,0,1.936531895891589e-06,9.89005028774891e-07,1.0000000000000193e-13
200,0.05555555555555562,330,0,1.9361918663384275e-06,9.889500840510705e-07,1.0000000000000195e-13
201,0.0558333333333334,331,0,1.9358650851361917e-06,9.888951423797345e-07,1.0000000000000195e-13
202,0.05611111111111118,331,0,1.935537958903144e-06,9.888402037607133e-07,1.0000000000000197e-13
203,0.05638888888888896,331,0,1.935213345081074e-06,9.88785268193838e-07,1.00000000000002e-13
204,0.05666666666666674,331,0,1.9348803699449963e-06,9.88730335678938e-07,1.0000000000000201e-13
205,0.05694444444444452,331,0,1.9345393784481916e-06,9.88675406215845e-07,1.0000000000000201e-13
206,0.0572222222222223,332,0,1.9342103807940023e-06,9.886204798043887e-07,1.0000000000000204e-13
207,0.05750000000000008,332,0,1.9338825371338167e-06,9.885655564443996e-07,1.0000000000000204e-13
208,0.05777777777777786,332,0,1.933554391851359e-06,9.885106361357078e-07,1.0000000000000205e-13
209,0.05805555555555564,332,0,1.9332163090724816e-06,9.884557188781453e-07,1.0000000000000207e-13
210,0.05833333333333342,332,0,1.9328934615107927e-06,9.884008046715405e-07,1.0000000000000207e-13
211,0.0586111111111112,332,0,1.9325715142217542e-06,9.883458935157252e-07,1.000000000000021e-13
212,0.05888888888888898,332,0,1.932244451300906e-06,9.882909854105303e-07,1.0000000000000211e-13
213,0.059166666666666756,332,0,1.931906436951641e-06,9.88236080355785e-07,1.0000000000000211e-13
214,0.059444444444444536,332,0,1.9315717612381948e-06,9.881811783513203e-07,1.0000000000000214e-13
215,0.059722222222222315,332,0,1.931248171234114e-06,9.88126279396968e-07,1.0000000000000216e-13
216,0.060000000000000095,332,0,1.9309348134696857e-06,9.880713834925568e-07,1.0000000000000216e-13
217,0.060277777777777874,332,0,1.930599291216838e-06,9.880164906379191e-07,1.0000000000000217e-13
218,0.060555555555555654,333,0,1.9302594264256175e-06,9.879616008328834e-07,1.0000000000000217e-13
219,0.060833333333333434,333,0,1.929920863399691e-06,9.879067140772815e-07,1.0000000000000222e-13
220,0.06111111111111121,334,0,1.9296039916217687e-06,9.87851830370944e-07,1.0000000000000222e-13
221,0.06138888888888899,334,0,1.9292761618182573e-06,9.877969497137014e-07,1.0000000000000224e-13
222,0.06166666666666677,334,0,1.9289470240985614e-06,9.87742072105384e-07,1.0000000000000226e-13
223,0.06194444444444455,334,0,1.9286222553979784e-06,9.876871975458224e-07,1.0000000000000226e-13
224,0.06222222222222233,334,0,1.928288379310311e-06,9.87632326034848e-07,1.0000000000000227e-13
225,0.06250000000000011,334,0,1.927961524764857e-06,9.875774575722901e-07,1.000000000000023e-13
226,0.06277777777777789,334,0,1.92763431837474e-06,9.87522592157981e-07,1.000000000000023e-13
227,0.06305555555555567,334,0,1.9273057524143108e-06,9.874677297917497e-07,1.0000000000000233e-13
228,0.06333333333333345,334,0,1.9269759892226273e-06,9.874128704734283e-07,1.0000000000000234e-13
229,0.06361111111111123,334,0,1.9266429692095384e-06,9.873580142028466e-07,1.0000000000000236e-13
230,0.06388888888888901,334,0,1.9263100982175736e-06,9.873031609798345e-07,1.0000000000000236e-13
231,0.06416666666666679,334,0,1.9259710866312634e-06,9.872483108042247e-07,1.0000000000000239e-13
232,0.06444444444444457,334,0,1.9256410260547465e-06,9.871934636758465e-07,1.000000000000024e-13
233,0.06472222222222235,334,0,1.9253114450654663e-06,9.871386195945314e-07,1.0000000000000243e-13
234,0.06500000000000013,334,0,1.924977750080148e-06,9.870837785601095e-07,1.0000000000000243e-13
235,0.0652777777777779,334,0,1.924643103528071e-06,9.870289405724113e-07,1.0000000000000245e-13
236,0.06555555555555569,334,0,1.9243175559183288e-06,9.869741056312683e-07,1.0000000000000246e-13
237,0.06583333333333347,334,0,1.9239897243701095e-06,9.869192737365114e-07,1.0000000000000246e-13
238,0.06611111111111125,334,0,1.923663752187828e-06,9.86864444887971e-07,1.000000000000025e-13
239,0.06638888888888902,334,0,1.9233288584663015e-06,9.86809619085477e-07,1.000000000000025e-13
240,0.0666666666666668,334,0,1.9230104740405167e-06,9.867547963288613e-07,1.000000000000025e-13
241,0.06694444444444458,334,0,1.9226877392797084e-06,9.866999766179539e-07,1.0000000000000253e-13
242,0.06722222222222236,334,0,1.922350329914539e-06,9.866451599525864e-07,1.0000000000000255e-13
243,0.06750000000000014,336,0,1.922019588946078e-06,9.865903463325895e-07,1.0000000000000255e-13
244,0.06777777777777792,336,0,1.9216986958242043e-06,9.865355357577926e-07,1.0000000000000255e-13
245,0.0680555555555557,336,0,1.921377248002841e-06,9.864807282280287e-07,1.0000000000000257e-13
246,0.06833333333333348,336,0,1.9210452407879292e-06,9.86425923743127e-07,1.0000000000000257e-13
247,0.06861111111111126,336,0,1.9207176195180544e-06,9.863711223029196e-07,1.0000000000000259e-13
248,0.06888888888888904,337,0,1.920394412126217e-06,9.863163239072356e-07,1.0000000000000259e-13
249,0.06916666666666682,337,0,1.9200619360948067e-06,9.862615285559075e-07,1.0000000000000262e-13
250,0.0694444444444446,337,0,1.919732915406238e-06,9.862067362487656e-07,1.0000000000000262e-13
251,0.06972222222222238,337,0,1.9193904298646344e-06,9.861519469856407e-07,1.0000000000000263e-13
252,0.07000000000000016,337,0,1.919060186709238e-06,9.860971607663641e-07,1.0000000000000263e-13
253,0.07027777777777794,337,0,1.9187316986043427e-06,9.86042377590766e-07,1.0000000000000265e-13
254,0.07055555555555572,337,0,1.918400834440513e-06,9.859875974586772e-07,1.0000000000000268e-13
255,0.0708333333333335,337,0,1.918073064705121e-06,9.8593282036993e-07,1.0000000000000268e-13
256,0.07111111111111128,338,0,1.9177469185632757e-06,9.858780463243538e-07,1.0000000000000268e-13
257,0.07138888888888906,338,0,1.9174150549140077e-06,9.858232753217804e-07,1.0000000000000269e-13
258,0.07166666666666684,338,0,1.917090654874378e-06,9.8576850736204e-07,1.0000000000000272e-13
259,0.07194444444444462,338,0,1.916766423447184e-06,9.857137424449644e-07,1.0000000000000272e-13
260,0.0722222222222224,338,0,1.916436201521638e-06,9.856589805703844e-07,1.0000000000000274e-13
261,0.07250000000000018,339,0,1.916101521504036e-06,9.8560422173813e-07,1.0000000000000274e-13
262,0.07277777777777795,339,0,1.915769452536061e-06,9.855494659480335e-07,1.0000000000000275e-13
263,0.07305555555555573,339,0,1.9154456984388663e-06,9.85494713199925e-07,1.0000000000000275e-13
264,0.07333333333333351,339,0,1.915120427638427e-06,9.85439963493637e-07,1.0000000000000275e-13
265,0.0736111111111113,339,0,1.9147883404865822e-06,9.85385216828998e-07,1.0000000000000278e-13
266,0.07388888888888907,340,0,1.9144550163905355e-06,9.853304732058413e-07,1.0000000000000278e-13
267,0.07416666666666685,340,0,1.9141246898696637e-06,9.852757326239958e-07,1.0000000000000279e-13
268,0.07444444444444463,341,0,1.913787149589849e-06,9.85220995083295e-07,1.0000000000000279e-13
269,0.07472222222222241,341,0,1.9134543358763373e-06,9.85166260583568e-07,1.0000000000000282e-13
270,0.07500000000000019,341,0,1.9131340199529953e-06,9.851115291246467e-07,1.0000000000000282e-13
271,0.07527777777777797,342,0,1.9128139472687585e-06,9.850568007063618e-07,1.0000000000000282e-13
272,0.07555555555555575,342,0,1.9124892179349457e-06,9.850020753285445e-07,1.0000000000000284e-13
273,0.07583333333333353,342,0,1.9121612386468006e-06,9.849473529910263e-07,1.0000000000000284e-13
274,0.07611111111111131,342,0,1.9118297712863168e-06,9.848926336936382e-07,1.0000000000000286e-13
275,0.07638888888888909,342,0,1.911494298768216e-06,9.848379174362106e-07,1.0000000000000288e-13
276,0.07666666666666687,342,0,1.9111636255115775e-06,9.84783204218576e-07,1.0000000000000288e-13
277,0.07694444444444465,342,0,1.910840890370362e-06,9.847284940405634e-07,1.0000000000000288e-13
278,0.07722222222222243,342,0,1.9105148682724104e-06,9.846737869020059e-07,1.000000000000029e-13
279,0.07750000000000021,342,0,1.9101800660835812e-06,9.846190828027334e-07,1.000000000000029e-13
280,0.07777777777777799,342,0,1.909850855349128e-06,9.845643817425778e-07,1.0000000000000292e-13
281,0.07805555555555577,342,0,1.90951940811418e-06,9.845096837213698e-07,1.0000000000000292e-13
282,0.07833333333333355,342,0,1.9091899902340684e-06,9.844549887389412e-07,1.0000000000000294e-13
283,0.07861111111111133,342,0,1.9088642679400703e-06,9.844002967951222e-07,1.0000000000000294e-13
284,0.0788888888888891,342,0,1.908539129493441e-06,9.843456078897452e-07,1.0000000000000294e-13
285,0.07916666666666689,342,0,1.9082062455704325e-06,9.842909220226403e-07,1.0000000000000297e-13
286,0.07944444444444466,342,0,1.907878483171055e-06,9.842362391936386e-07,1.0000000000000297e-13
287,0.07972222222222244,342,0,1.9075538495125934e-06,9.841815594025723e-07,1.0000000000000297e-13
288,0.08000000000000022,342,0,1.9072245643135325e-06,9.841268826492723e-07,1.0000000000000298e-13
289,0.080277777777778,342,0,1.9069032829631713e-06,9.840722089335697e-07,1.0000000000000298e-13
290,0.08055555555555578,342,0,1.906568038901224e-06,9.840175382552954e-07,1.0000000000000298e-13
291,0.08083333333333356,342,0,1.9062319900559034e-06,9.83962870614281e-07,1.0000000000000301e-13
292,0.08111111111111134,342,0,1.9058977581916725e-06,9.839082060103587e-07,1.0000000000000301e-13
293,0.08138888888888912,343,0,1.9055603768368898e-06,9.838535444433583e-07,1.0000000000000301e-13
294,0.0816666666666669,343,0,1.9052281405871501e-06,9.837988859131116e-07,1.0000000000000302e-13
295,0.08194444444444468,343,0,1.904893734281642e-06,9.837442304194492e-07,1.0000000000000302e-13
296,0.08222222222222246,343,0,1.9045650054873482e-06,9.836895779622038e-07,1.0000000000000304e-13
297,0.08250000000000024,343,0,1.9042366178954814e-06,9.836349285412065e-07,1.0000000000000304e-13
298,0.08277777777777802,343,0,1.9039026688385307e-06,9.835802821562874e-07,1.0000000000000304e-13
299,0.0830555555555558,343,0,1.903578014041155e-06,9.835256388072788e-07,1.0000000000000304e-13
300,0.08333333333333358,343,0,1.9032513783588973e-06,9.834709984940117e-07,1.0000000000000304e-13
301,0.08361111111111136,343,0,1.902924930461233e-06,0.010000427860805655,1.0000000000000307e-13
302,0.08388888888888914,343,0,1.9025926399275933e-06,0.009999872281480056,1.0000000000000307e-13
303,0.08416666666666692,343,0,1.9022601160575207e-06,0.009999316733019977,1.0250000000000307e-13
304,0.0844444444444447,343,1,1.9019338510922055e-06,0.009998761215423691,1.0500000000000309e-13
305,0.08472222222222248,343,1,1.9016090422059922e-06,0.009998205728689508,1.0750000000000311e-13
306,0.08500000000000026,343,1,1.9012849716234647e-06,0.009997650272815685,1.1000000000000314e-13
307,0.08527777777777804,343,1,1.9009455118234248e-06,0.00999709484780053,1.1250000000000314e-13
308,0.08555555555555582,343,1,1.9006101684004582e-06,0.00999653945364232,1.1750000000000316e-13
309,0.0858333333333336,342,2,1.9002783020515279e-06,0.00999598409033934,1.225000000000032e-13
310,0.08611111111111137,342,2,1.8999371604238643e-06,0.00999542875788988,1.275000000000032e-13
311,0.08638888888888915,341,3,1.8996006824156354e-06,0.009994873456292214,1.3250000000000322e-13
312,0.08666666666666693,341,3,1.8992687514403587e-06,0.009994318185544648,1.3750000000000323e-13
313,0.08694444444444471,341,3,1.898940394800629e-06,0.009993762945645445,1.4250000000000328e-13
314,0.08722222222222249,342,3,1.898615754640829e-06,0.009993207736592916,1.4750000000000328e-13
315,0.08750000000000027,342,3,1.8982830161976328e-06,0.009992652558385325,1.5500000000000333e-13
316,0.08777777777777805,341,4,1.8979556827840391e-06,0.009992097411020969,1.6250000000000337e-13
317,0.08805555555555583,341,4,1.8976137650792494e-06,0.009991542294498128,1.700000000000034e-13
318,0.08833333333333361,341,4,1.8972801221488685e-06,0.009990987208815106,1.7750000000000343e-13
319,0.08861111111111139,341,4,1.8969523483805625e-06,0.009990432153970176,1.8500000000000345e-13
320,0.08888888888888917,341,4,1.89662179613245e-06,0.00998987712996162,1.9250000000000355e-13
321,0.08916666666666695,341,4,1.8962822986986924e-06,0.009989322136787732,2.0000000000000357e-13
322,0.08944444444444473,341,4,1.895948152588599e-06,0.0099887671744468,2.0750000000000358e-13
323,0.08972222222222251,341,4,1.8956088407965733e-06,0.009988212242937113,2.1500000000000365e-13
324,0.09000000000000029,341,4,1.8952656457802593e-06,0.009987657342256947,2.2250000000000365e-13
325,0.09027777777777807,341,4,1.894920538437729e-06,0.009987102472404601,2.3250000000000376e-13
326,0.09055555555555585,340,5,1.8945893766026636e-06,0.009986547633378359,2.4250000000000376e-13
327,0.09083333333333363,340,5,1.894268753451014e-06,0.009985992825176504,2.525000000000038e-13
328,0.0911111111111114,340,5,1.8939379881277609e-06,0.009985438047797326,2.6250000000000393e-13
329,0.09138888888888919,340,5,1.8936126664507776e-06,0.009984883301239113,2.7250000000000404e-13
330,0.09166666666666697,340,5,1.893285729735321e-06,0.009984328585500156,2.825000000000041e-13
331,0.09194444444444475,340,5,1.892948116124147e-06,0.00998377390057874,2.9250000000000405e-13
332,0.09222222222222252,340,5,1.8926319080339184e-06,0.00998321924647315,3.0250000000000416e-13
333,0.0925000000000003,340,5,1.8922960494903184e-06,0.009982664623181687,3.125000000000042e-13
334,0.09277777777777808,340,5,1.8919687463567853e-06,0.009982110030702616,3.225000000000043e-13
335,0.09305555555555586,340,5,1.8916429101464467e-06,0.009981555469034245,3.3250000000000444e-13
336,0.09333333333333364,340,5,1.8913111569202467e-06,0.009981000938174854,3.4250000000000445e-13
337,0.09361111111111142,340,5,1.890976721017738e-06,0.009980446438122735,3.5250000000000446e-13
338,0.0938888888888892,341,5,1.8906370109588823e-06,0.009979891968876175,3.625000000000046e-13
339,0.09416666666666698,341,5,1.8902954609590878e-06,0.009979337530433455,3.725000000000047e-13
340,0.09444444444444476,343,5,1.8899602497092046e-06,0.009978783122792878,3.8250000000000483e-13
341,0.09472222222222254,343,5,1.8896249190139171e-06,0.009978228745952724,3.950000000000049e-13
342,0.09500000000000032,342,6,1.8892895901035945e-06,0.009977674399911278,4.1000000000000507e-13
343,0.0952777777777781,341,7,1.888961199627346e-06,0.009977120084666844,4.2500000000000506e-13
344,0.09555555555555588,342,7,1.8886337126200498e-06,0.00997656580021769,4.400000000000052e-13
345,0.09583333333333366,342,7,1.8883027920078558e-06,0.009976011546562129,4.550000000000054e-13
346,0.09611111111111144,342,7,1.8879703521433768e-06,0.009975457323698428,4.675000000000053e-13
347,0.09638888888888922,342,7,1.887643596938658e-06,0.009974903131624892,4.800000000000054e-13
348,0.096666666666667,342,7,1.8873122154405199e-06,0.009974348970339799,4.950000000000057e-13
349,0.09694444444444478,343,7,1.886980653079674e-06,0.009973794839841451,5.100000000000057e-13
350,0.09722222222222256,343,7,1.8866520098407301e-06,0.009973240740128127,5.250000000000057e-13
351,0.09750000000000034,343,7,1.8863182574252297e-06,0.009972686671198118,5.400000000000059e-13
352,0.09777777777777812,343,7,1.8859854875616263e-06,0.00997213263304972,5.550000000000061e-13
353,0.0980555555555559,343,7,1.885645197237857e-06,0.009971578625681217,5.700000000000063e-13
354,0.09833333333333368,343,7,1.885312232985421e-06,0.009971024649090901,5.850000000000064e-13
355,0.09861111111111145,343,7,1.8849741528660382e-06,0.009970470703277064,6.000000000000064e-13
356,0.09888888888888923,343,7,1.8846343066127863e-06,0.009969916788237993,6.150000000000065e-13
357,0.09916666666666701,343,7,1.8843017628514618e-06,0.00996936290397198,6.300000000000068e-13
358,0.0994444444444448,342,8,1.8839689229731456e-06,0.009968809050477317,6.450000000000069e-13
359,0.09972222222222257,342,8,1.8836440757634327e-06,0.009968255227752288,6.600000000000071e-13
360,0.10000000000000035,342,8,1.8833145415047583e-06,0.009967701435795194,6.750000000000072e-13
361,0.10027777777777813,342,8,1.8829808399380783e-06,0.009967147674604314,6.900000000000075e-13
362,0.10055555555555591,342,8,1.882640490170183e-06,0.009966593944177947,7.050000000000076e-13
363,0.10083333333333369,342,8,1.8823151461272115e-06,0.009966040244514385,7.200000000000077e-13
364,0.10111111111111147,342,8,1.8819728487051243e-06,0.009965486575611911,7.350000000000079e-13
365,0.10138888888888925,341,9,1.881644819250882e-06,0.009964932937468822,7.500000000000082e-13
366,0.10166666666666703,341,9,1.8813180688430595e-06,0.009964379330083406,7.650000000000084e-13
367,0.10194444444444481,341,9,1.8809933510749336e-06,0.009963825753453958,7.800000000000085e-13
368,0.10222222222222259,341,9,1.8806619392666188e-06,0.009963272207578764,7.950000000000086e-13
369,0.10250000000000037,341,9,1.8803292361576366e-06,0.009962718692456126,8.100000000000088e-13
370,0.10277777777777815,341,9,1.8799900542281624e-06,0.00996216520808432,8.250000000000089e-13
371,0.10305555555555593,342,9,1.8796555325363218e-06,0.00996161175446165,8.400000000000091e-13
372,0.10333333333333371,342,9,1.8793270130068915e-06,0.009961058331586404,8.550000000000093e-13
373,0.10361111111111149,343,9,1.8789899179523374e-06,0.00996050493945687,8.700000000000094e-13
374,0.10388888888888927,343,9,1.878651044421514e-06,0.009959951578071344,8.850000000000098e-13
375,0.10416666666666705,343,9,1.878321565632828e-06,0.009959398247428121,9.000000000000099e-13
376,0.10444444444444483,343,9,1.8779906750782047e-06,0.009958844947525485,9.150000000000101e-13
377,0.1047222222222226,343,9,1.8776638029654662e-06,0.009958291678361732,9.300000000000104e-13
378,0.10500000000000038,343,9,1.8773234119026393e-06,0.00995773843993516,9.450000000000106e-13
379,0.10527777777777816,343,9,1.8769930350075935e-06,0.00995718523224405,9.600000000000109e-13
380,0.10555555555555594,343,9,1.8766637044475796e-06,0.009956632055286704,9.750000000000113e-13
381,0.10583333333333372,343,9,1.876334647244933e-06,0.00995607890906141,9.900000000000113e-13
382,0.1061111111111115,343,9,1.8759912620833978e-06,0.009955525793566464,1.0050000000000116e-12
383,0.10638888888888928,344,9,1.8756562019685927e-06,0.009954972708800157,1.020000000000012e-12
384,0.10666666666666706,344,9,1.875326495677403e-06,0.009954419654760778,1.035000000000012e-12
385,0.10694444444444484,344,9,1.8750024549340792e-06,0.009953866631446621,1.0525000000000123e-12
386,0.10722222222222262,344,10,1.874665798682619e-06,0.009953313638855989,1.0700000000000126e-12
387,0.1075000000000004,344,10,1.8743293397168667e-06,0.009952760676987164,1.0875000000000127e-12
388,0.10777777777777818,344,10,1.8739961793079843e-06,0.009952207745838444,1.1050000000000132e-12
389,0.10805555555555596,344,10,1.8736570496968721e-06,0.009951654845408121,1.1225000000000134e-12
390,0.10833333333333374,344,10,1.8733210361918926e-06,0.009951101975694484,1.1400000000000137e-12
391,0.10861111111111152,344,10,1.8729961830589625e-06,0.009950549136695836,1.1575000000000138e-12
392,0.1088888888888893,344,10,1.8726625199143407e-06,0.009949996328410465,1.175000000000014e-12
393,0.10916666666666708,344,10,1.872335030719741e-06,0.009949443550836662,1.1925000000000146e-12
394,0.10944444444444486,344,10,1.8719974442548848e-06,0.009948890803972729,1.2100000000000148e-12
395,0.10972222222222264,344,10,1.8716649487066257e-06,0.009948338087816951,1.227500000000015e-12
396,0.11000000000000042,344,10,1.8713336962717494e-06,0.00994778540236763,1.2450000000000152e-12
397,0.1102777777777782,344,10,1.870988954312605e-06,0.009947232747623052,1.2625000000000157e-12
398,0.11055555555555598,344,10,1.8706405367489e-06,0.009946680123581518,1.280000000000016e-12
399,0.11083333333333376,344,10,1.8703004290070622e-06,0.00994612753024132,1.2975000000000158e-12
400,0.11111111111111154,344,10,1.8699704032950633e-06,0.009945574967600752,1.3150000000000167e-12
401,0.11138888888888931,344,10,1.8696410742873453e-06,0.009945022435658108,1.3325000000000168e-12
402,0.1116666666666671,344,10,1.8693027056835471e-06,0.00994446993441168,1.3500000000000173e-12
403,0.11194444444444487,344,10,1.868971234941243e-06,0.009943917463859768,1.3675000000000173e-12
404,0.11222222222222265,344,10,1.868633414283566e-06,0.009943365024000663,1.3850000000000176e-12
405,0.11250000000000043,344,10,1.8683025632269204e-06,0.009942812614832666,1.4025000000000183e-12
406,0.11277777777777821,345,10,1.8679688540374692e-06,0.009942260236354068,1.4200000000000184e-12
407,0.11305555555555599,345,10,1.8676373751047615e-06,0.009941707888563155,1.4375000000000189e-12
408,0.11333333333333377,345,10,1.867295166926456e-06,0.009941155571458235,1.4575000000000192e-12
409,0.11361111111111155,344,11,1.8669593711677284e-06,0.0099406032850376,1.4775000000000193e-12
410,0.11388888888888933,344,11,1.8666237543247726e-06,0.009940051029299546,1.4975000000000196e-12
411,0.11416666666666711,344,11,1.86628328496066e-06,0.00993949880424236,1.5175000000000203e-12
412,0.11444444444444489,344,11,1.8659529797405164e-06,0.009938946609864344,1.5375000000000203e-12
413,0.11472222222222267,344,11,1.8656283191446733e-06,0.009938394446163797,1.557500000000021e-12
414,0.11500000000000045,344,11,1.8653045231367454e-06,0.009937842313139012,1.5775000000000213e-12
415,0.11527777777777823,344,11,1.8649730957791668e-06,0.009937290210788282,1.5975000000000214e-12
416,0.11555555555555601,344,11,1.8646406850795415e-06,0.009936738139109906,1.617500000000022e-12
417,0.11583333333333379,344,11,1.8643236251439644e-06,0.009936186098102177,1.6375000000000229e-12
418,0.11611111111111157,345,11,1.863987852192437e-06,0.009935634087763394,1.657500000000023e-12
419,0.11638888888888935,347,11,1.863646468607897e-06,0.009935082108091853,1.677500000000023e-12
420,0.11666666666666713,347,11,1.8633071445798628e-06,0.009934530159085847,1.6975000000000236e-12
421,0.1169444444444449,347,11,1.8629665529947443e-06,0.009933978240743675,1.7175000000000237e-12
422,0.11722222222222269,349,11,1.8626308210971253e-06,0.009933426353063634,1.7375000000000243e-12
423,0.11750000000000047,349,11,1.8622909826686612e-06,0.00993287449604402,1.7575000000000248e-12
424,0.11777777777777824,350,11,1.8619529203550834e-06,0.00993232266968313,1.7775000000000253e-12
425,0.11805555555555602,350,11,1.8616192176911152e-06,0.00993177087397926,1.7975000000000256e-12
426,0.1183333333333338,350,11,1.861273586583663e-06,0.009931219108930706,1.8175000000000263e-12
427,0.11861111111111158,350,11,1.8609336372410734e-06,0.009930667374535766,1.8375000000000265e-12
428,0.11888888888888936,350,11,1.8606073689270677e-06,0.009930115670792737,1.8575000000000268e-12
429,0.11916666666666714,350,11,1.8602813977702682e-06,0.009929563997699913,1.8775000000000275e-12
430,0.11944444444444492,351,11,1.8599507036137598e-06,0.009929012355255598,1.897500000000028e-12
431,0.1197222222222227,351,11,1.8596152017944838e-06,0.009928460743458085,1.9175000000000285e-12
432,0.12000000000000048,352,11,1.8592766831272652e-06,0.00992790916230567,1.937500000000029e-12
433,0.12027777777777826,352,11,1.8589342808063753e-06,0.009927357611796651,1.9575000000000288e-12
434,0.12055555555555604,352,11,1.8586067870366427e-06,0.00992680609192933,1.9775000000000303e-12
435,0.12083333333333382,352,11,1.8582707956359658e-06,0.009926254602702002,1.99750000000003e-12
436,0.1211111111111116,353,11,1.8579333875199007e-06,0.009925703144112964,2.017500000000031e-12
437,0.12138888888888938,353,11,1.8575842878257774e-06,0.009925151716160513,2.037500000000031e-12
438,0.12166666666666716,353,11,1.8572432260175148e-06,0.009924600318842949,2.055000000000031e-12
439,0.12194444444444494,353,11,1.856906888194062e-06,0.00992404895215857,2.072500000000032e-12
440,0.12222222222222272,354,11,1.856564708200966e-06,0.009923497616105675,2.092500000000032e-12
441,0.1225000000000005,354,11,1.8562260434099892e-06,0.00992294631068256,2.112500000000033e-12
442,0.12277777777777828,355,11,1.8558875957058994e-06,0.009922395035887517,2.1325000000000336e-12
443,0.12305555555555606,355,11,1.8555532692229641e-06,0.009921843791718859,2.152500000000034e-12
444,0.12333333333333384,355,11,1.8552068321198268e-06,0.009921292578174876,2.1725000000000346e-12
445,0.12361111111111162,355,11,1.854860162827364e-06,0.009920741395253866,2.192500000000035e-12
446,0.1238888888888894,356,11,1.8545119734403493e-06,0.00992019024295413,2.2125000000000357e-12
447,0.12416666666666717,356,11,1.8541713230939557e-06,0.009919639121273964,2.2325000000000364e-12
448,0.12444444444444495,356,11,1.853824504710139e-06,0.009919088030211675,2.2525000000000367e-12
449,0.12472222222222273,356,11,1.8534863669913432e-06,0.009918536969765551,2.2725000000000374e-12
450,0.1250000000000005,356,11,1.8531497714233031e-06,0.009917985939933899,2.2925000000000377e-12
451,0.12527777777777827,356,11,1.8528132580841325e-06,0.009917434940715014,2.312500000000039e-12
452,0.12555555555555603,356,11,1.8524762851708947e-06,0.009916883972107195,2.3325000000000388e-12
453,0.1258333333333338,356,11,1.8521411397191562e-06,0.009916333034108746,2.3525000000000395e-12
454,0.12611111111111156,357,11,1.8518050181835906e-06,0.009915782126717964,2.37250000000004e-12
455,0.12638888888888933,357,11,1.8514693317953445e-06,0.009915231249933144,2.392500000000041e-12
456,0.1266666666666671,357,11,1.8511284031110508e-06,0.009914680403752594,2.412500000000041e-12
457,0.12694444444444486,357,11,1.8507889979470975e-06,0.009914129588174605,2.432500000000042e-12
458,0.12722222222222263,357,11,1.8504482061291148e-06,0.009913578803197487,2.4550000000000423e-12
459,0.1275000000000004,357,12,1.8501121787232823e-06,0.009913028048819533,2.477500000000043e-12
460,0.12777777777777816,357,12,1.849772087858253e-06,0.00991247732503904,2.500000000000043e-12
461,0.12805555555555592,357,12,1.8494278987737163e-06,0.00991192663185432,2.5225000000000442e-12
462,0.1283333333333337,357,12,1.849080125901911e-06,0.00991137596926366,2.5450000000000446e-12
463,0.12861111111111145,357,12,1.8487418460593225e-06,0.009910825337265368,2.567500000000045e-12
464,0.12888888888888922,357,12,1.8483951182777593e-06,0.009910274735857741,2.5900000000000465e-12
465,0.12916666666666698,357,12,1.8480570292329913e-06,0.009909724165039085,2.612500000000047e-12
466,0.12944444444444475,357,12,1.847722016567115e-06,0.009909173624807694,2.6375000000000473e-12
467,0.12972222222222252,357,13,1.8473832615667866e-06,0.00990862311516187,2.662500000000048e-12
468,0.13000000000000028,358,13,1.8470473343721116e-06,0.009908072636099918,2.6875000000000485e-12
469,0.13027777777777805,358,13,1.8467085794109754e-06,0.009907522187620135,2.7125000000000493e-12
470,0.1305555555555558,358,13,1.8463807682231933e-06,0.009906971769720822,2.7375000000000497e-12
471,0.13083333333333358,358,13,1.8460368387903186e-06,0.009906421382400284,2.7625000000000505e-12
472,0.13111111111111134,358,13,1.8457095525009508e-06,0.009905871025656817,2.7875000000000513e-12
473,0.1313888888888891,358,13,1.8453713053184481e-06,0.009905320699488724,2.810000000000052e-12
474,0.13166666666666688,358,13,1.8450335332532973e-06,0.00990477040389431,2.832500000000053e-12
475,0.13194444444444464,358,13,1.844704235122796e-06,0.009904220138871872,2.855000000000053e-12
476,0.1322222222222224,359,13,1.8443699028399506e-06,0.009903669904419715,2.8800000000000544e-12
477,0.13250000000000017,359,13,1.844028947342649e-06,0.009903119700536134,2.9050000000000548e-12
478,0.13277777777777794,359,13,1.8436866439736254e-06,0.009902569527219436,2.930000000000055e-12
479,0.1330555555555557,359,13,1.8433496606880859e-06,0.009902019384467928,2.9550000000000556e-12
480,0.13333333333333347,360,13,1.8430153878515203e-06,0.0099014692722799,2.9775000000000567e-12
481,0.13361111111111124,360,13,1.8426780568152226e-06,0.009900919190653664,3.0000000000000575e-12
482,0.133888888888889,360,13,1.8423422909945774e-06,0.009900369139587514,3.0250000000000587e-12
483,0.13416666666666677,360,13,1.84199857518542e-06,0.00989981911907976,3.050000000000059e-12
484,0.13444444444444453,360,13,1.8416600300188767e-06,0.009899269129128701,3.0725000000000595e-12
485,0.1347222222222223,360,13,1.8413170431423021e-06,0.009898719169732638,3.0950000000000606e-12
486,0.13500000000000006,360,13,1.8409790500361862e-06,0.009898169240889878,3.120000000000061e-12
487,0.13527777777777783,360,13,1.840642711795587e-06,0.009897619342598718,3.1425000000000626e-12
488,0.1355555555555556,360,13,1.840309845439789e-06,0.009897069474857462,3.165000000000063e-12
489,0.13583333333333336,360,13,1.839970540688001e-06,0.009896519637664414,3.187500000000064e-12
490,0.13611111111111113,360,13,1.8396339240805536e-06,0.009895969831017879,3.2100000000000645e-12
491,0.1363888888888889,360,13,1.83930356263906e-06,0.009895420054916155,3.235000000000065e-12
492,0.13666666666666666,360,13,1.8389724287154091e-06,0.009894870309357552,3.257500000000066e-12
493,0.13694444444444442,361,13,1.8386378171874447e-06,0.009894320594340363,3.2800000000000672e-12
494,0.1372222222222222,361,13,1.8382993351811095e-06,0.009893770909862898,3.3025000000000676e-12
495,0.13749999999999996,360,14,1.8379670026193394e-06,0.009893221255923464,3.3250000000000683e-12
496,0.13777777777777772,360,14,1.8376253296850634e-06,0.009892671632520358,3.350000000000069e-12
497,0.1380555555555555,361,14,1.837289007577247e-06,0.009892122039651884,3.3750000000000703e-12
498,0.13833333333333325,361,14,1.8369458664475007e-06,0.009891572477316347,3.4000000000000707e-12
499,0.13861111111111102,361,14,1.836612158682267e-06,0.009891022945512055,3.4250000000000715e-12
500,0.13888888888888878,361,14,1.8362734024416377e-06,0.009890473444237304,3.4500000000000727e-12
501,0.13916666666666655,361,14,1.8359380272849974e-06,0.0098899239734904,3.475000000000074e-12
502,0.13944444444444432,361,14,1.8355957305111116e-06,0.009889374533269652,3.5000000000000743e-12
503,0.13972222222222208,361,14,1.8352557783884664e-06,0.009888825123573359,3.5250000000000735e-12
504,0.13999999999999985,361,14,1.8349154984857553e-06,0.009888275744399828,3.5500000000000755e-12
505,0.1402777777777776,361,14,1.8345754640042476e-06,0.009887726395747363,3.575000000000077e-12
506,0.14055555555555538,361,14,1.8342356673007588e-06,0.009887177077614266,3.600000000000077e-12
507,0.14083333333333314,361,14,1.833896621596175e-06,0.009886627789998844,3.6250000000000784e-12
508,0.1411111111111109,361,14,1.8335510580495506e-06,0.009886078532899401,3.650000000000079e-12
509,0.14138888888888868,361,14,1.8332029414075766e-06,0.009885529306314242,3.67500000000008e-12
510,0.14166666666666644,361,14,1.8328656527067416e-06,0.009884980110241665,3.700000000000081e-12
511,0.1419444444444442,361,14,1.8325270274419408e-06,0.009884430944679988,3.725000000000081e-12
512,0.14222222222222197,361,14,1.832182479213727e-06,0.009883881809627503,3.750000000000082e-12
513,0.14249999999999974,361,14,1.831832336458247e-06,0.009883332705082523,3.775000000000083e-12
514,0.1427777777777775,361,14,1.831508166866986e-06,0.009882783631043357,3.800000000000085e-12
515,0.14305555555555527,361,14,1.8311679836745518e-06,0.009882234587508294,3.825000000000086e-12
516,0.14333333333333304,361,14,1.8308346834109086e-06,0.009881685574475657,3.850000000000086e-12
517,0.1436111111111108,361,14,1.8304910920734996e-06,0.009881136591943743,3.875000000000087e-12
518,0.14388888888888857,361,14,1.8301451541615533e-06,0.009880587639910858,3.900000000000088e-12
519,0.14416666666666633,361,14,1.8298144204657314e-06,0.00988003871837531,3.92500000000009e-12
520,0.1444444444444441,362,14,1.8294768916952166e-06,0.0098794898273354,3.95000000000009e-12
521,0.14472222222222186,362,14,1.8291313780855182e-06,0.009878940966789434,3.975000000000091e-12
522,0.14499999999999963,362,14,1.8288022658607951e-06,0.009878392136735723,4.000000000000094e-12
523,0.1452777777777774,362,14,1.8284563058977354e-06,0.009877843337172574,4.025000000000094e-12
524,0.14555555555555516,362,14,1.8281104154199955e-06,0.009877294568098284,4.0500000000000944e-12
525,0.14583333333333293,362,14,1.8277667251788358e-06,0.009876745829511169,4.075000000000095e-12
526,0.1461111111111107,362,14,1.8274293032366887e-06,0.00987619712140953,4.100000000000096e-12
527,0.14638888888888846,362,14,1.827081826065731e-06,0.009875648443791674,4.1250000000000964e-12
528,0.14666666666666622,362,14,1.8267329306292504e-06,0.00987509979665591,4.1500000000000984e-12
529,0.146944444444444,363,14,1.8263936181078054e-06,0.00987455118000054,4.1750000000001e-12
530,0.14722222222222175,363,14,1.8260556971367567e-06,0.009874002593823875,4.1975000000001004e-12
531,0.14749999999999952,363,14,1.8257185150438556e-06,0.009873454038124216,4.220000000000101e-12
532,0.14777777777777729,363,14,1.8253744793755536e-06,0.009872905512899877,4.2450000000001016e-12
533,0.14805555555555505,363,14,1.8250354963391794e-06,0.00987235701814916,4.2700000000001036e-12
534,0.14833333333333282,363,14,1.8247015061787075e-06,0.009871808553870376,4.295000000000104e-12
535,0.14861111111111058,363,14,1.8243576283084158e-06,0.009871260120061827,4.320000000000106e-12
536,0.14888888888888835,363,14,1.8240242079801572e-06,0.009870711716721823,4.345000000000106e-12
537,0.14916666666666611,363,14,1.8236876019046183e-06,0.009870163343848671,4.370000000000108e-12
538,0.14944444444444388,363,14,1.8233529760180605e-06,0.00986961500144068,4.395000000000109e-12
539,0.14972222222222165,363,14,1.8230175728698155e-06,0.009869066689496157,4.42000000000011e-12
540,0.1499999999999994,363,14,1.8226712969381002e-06,0.009868518408013406,4.445000000000111e-12
541,0.15027777777777718,364,14,1.8223364199302198e-06,0.00986797015699074,4.470000000000112e-12
542,0.15055555555555494,364,14,1.8219889824768604e-06,0.009867421936426464,4.495000000000114e-12
543,0.1508333333333327,365,14,1.821639223847834e-06,0.009866873746318887,4.520000000000113e-12
544,0.15111111111111047,365,14,1.8212976519940826e-06,0.009866325586666311,4.542500000000115e-12
545,0.15138888888888824,366,14,1.8209587626939607e-06,0.009865777457467051,4.567500000000117e-12
546,0.151666666666666,365,15,1.8206177565953818e-06,0.009865229358719417,4.595000000000117e-12
547,0.15194444444444377,365,15,1.8202781762170609e-06,0.00986468129042171,4.622500000000119e-12
548,0.15222222222222154,365,15,1.8199369030206889e-06,0.00986413325257224,4.650000000000119e-12
549,0.1524999999999993,365,15,1.8196011146411912e-06,0.00986358524516932,4.677500000000121e-12
550,0.15277777777777707,365,15,1.8192622584832393e-06,0.009863037268211253,4.705000000000121e-12
551,0.15305555555555483,365,15,1.8189224562289255e-06,0.009862489321696354,4.735000000000123e-12
552,0.1533333333333326,364,16,1.8185806181825894e-06,0.009861941405622927,4.765000000000124e-12
553,0.15361111111111037,364,16,1.8182405958438921e-06,0.009861393519989282,4.795000000000126e-12
554,0.15388888888888813,364,16,1.8179019682974313e-06,0.009860845664793727,4.825000000000126e-12
555,0.1541666666666659,364,16,1.8175654235094624e-06,0.00986029784003457,4.855000000000128e-12
556,0.15444444444444366,364,16,1.817220699903034e-06,0.009859750045710125,4.887500000000129e-12
557,0.15472222222222143,363,17,1.8168809314500537e-06,0.0098592022818187,4.920000000000129e-12
558,0.1549999999999992,364,17,1.8165343850641312e-06,0.009858654548358601,4.952500000000132e-12
559,0.15527777777777696,364,17,1.816189432877969e-06,0.009858106845328134,4.985000000000132e-12
560,0.15555555555555473,364,17,1.8158400514225961e-06,0.009857559172725615,5.0175000000001345e-12
561,0.1558333333333325,364,17,1.815490980399178e-06,0.009857011530549353,5.050000000000136e-12
562,0.15611111111111026,364,17,1.8151499939926777e-06,0.009856463918797655,5.0825000000001355e-12
563,0.15638888888888802,364,17,1.8148138767219053e-06,0.009855916337468837,5.115000000000137e-12
564,0.1566666666666658,365,17,1.8144793220830299e-06,0.0098553687865612,5.147500000000139e-12
565,0.15694444444444355,365,17,1.814133901598038e-06,0.009854821266073057,5.180000000000141e-12
566,0.15722222222222132,365,17,1.8137911880410984e-06,0.00985427377600272,5.212500000000142e-12
567,0.15749999999999909,365,17,1.8134563088279196e-06,0.009853726316348496,5.245000000000143e-12
568,0.15777777777777685,365,17,1.8131201250943428e-06,0.0098531788871087,5.2775000000001435e-12
569,0.15805555555555462,366,17,1.8127980808446035e-06,0.009852631488281641,5.310000000000145e-12
570,0.15833333333333238,366,17,1.8124581370624876e-06,0.009852084119865623,5.342500000000147e-12
571,0.15861111111111015,367,17,1.8121197438256607e-06,0.009851536781858966,5.375000000000148e-12
572,0.1588888888888879,367,17,1.811791181402934e-06,0.009850989474259973,5.407500000000149e-12
573,0.15916666666666568,367,17,1.8114449920294432e-06,0.009850442197066957,5.4400000000001505e-12
574,0.15944444444444344,367,17,1.8110964233849703e-06,0.009849894950278233,5.4725000000001514e-12
575,0.1597222222222212,369,17,1.8107576344959676e-06,0.009849347733892105,5.505000000000152e-12
576,0.15999999999999898,369,17,1.8104173440826582e-06,0.009848800547906891,5.537500000000154e-12
577,0.16027777777777674,369,17,1.8100667718273143e-06,0.009848253392320896,5.570000000000157e-12
578,0.1605555555555545,369,17,1.8097296044165073e-06,0.009847706267132434,5.6025000000001575e-12
579,0.16083333333333227,369,17,1.8093954121560909e-06,0.009847159172339814,5.635000000000158e-12
580,0.16111111111111004,369,17,1.8090436849239918e-06,0.009846612107941353,5.667500000000159e-12
581,0.1613888888888878,369,17,1.808703238523452e-06,0.009846065073935355,5.700000000000161e-12
582,0.16166666666666557,369,17,1.8083607905077382e-06,0.009845518070320138,5.732500000000163e-12
583,0.16194444444444334,369,17,1.8080031240315604e-06,0.00984497109709401,5.7650000000001646e-12
584,0.1622222222222211,369,17,1.8076598145872592e-06,0.009844424154255283,5.797500000000165e-12
585,0.16249999999999887,369,17,1.8073184201790549e-06,0.009843877241802267,5.830000000000166e-12
586,0.16277777777777663,369,17,1.8069635473314152e-06,0.009843330359733279,5.862500000000168e-12
587,0.1630555555555544,370,17,1.8066236672486802e-06,0.009842783508046626,5.89500000000017e-12
588,0.16333333333333216,370,17,1.806284386428511e-06,0.009842236686740623,5.927500000000171e-12
589,0.16361111111110993,370,17,1.8059488752601817e-06,0.009841689895813585,5.962500000000171e-12
590,0.1638888888888877,369,18,1.8056186837664734e-06,0.009841143135263818,5.997500000000174e-12
591,0.16416666666666546,369,18,1.805276349393834e-06,0.009840596405089637,6.032500000000175e-12
592,0.16444444444444323,369,18,1.8049348334468238e-06,0.009840049705289355,6.067500000000176e-12
593,0.164722222222221,369,18,1.8045928705991966e-06,0.009839503035861282,6.102500000000178e-12
594,0.16499999999999876,369,18,1.8042471369848572e-06,0.009838956396803733,6.1375000000001806e-12
595,0.16527777777777652,369,18,1.8039121527772383e-06,0.009838409788115024,6.17250000000018e-12
596,0.1655555555555543,369,18,1.803555193728294e-06,0.009837863209793461,6.207500000000182e-12
597,0.16583333333333206,369,18,1.80321953529973e-06,0.009837316661837363,6.242500000000185e-12
598,0.16611111111110982,369,18,1.8028883018683987e-06,0.009836770144245038,6.2775000000001844e-12
599,0.1663888888888876,369,18,1.802547781853071e-06,0.009836223657014804,6.3125000000001874e-12
600,0.16666666666666535,369,18,1.8022156644583742e-06,0.009835677200144968,6.347500000000188e-12
601,0.16694444444444312,369,18,1.8018755781091315e-06,0.00983513077363385,6.382500000000189e-12
602,0.16722222222222088,369,18,1.8015399261092465e-06,0.00983458437747976,6.417500000000192e-12
603,0.16749999999999865,369,18,1.8011937335302e-06,0.00983403801168101,6.452500000000194e-12
604,0.16777777777777642,369,18,1.80085296091273e-06,0.009833491676235918,6.487500000000195e-12
605,0.16805555555555418,369,18,1.800503945282035e-06,0.009832945371142793,6.5225000000001964e-12
606,0.16833333333333195,369,18,1.8001566634617384e-06,0.009832399096399954,6.557500000000198e-12
607,0.1686111111111097,369,18,1.7998181847908582e-06,0.00983185285200571,6.592500000000199e-12
608,0.16888888888888748,369,18,1.7994798567895428e-06,0.009831306637958377,6.627500000000203e-12
609,0.16916666666666524,369,18,1.799139326657195e-06,0.009830760454256267,6.662500000000204e-12
610,0.169444444444443,369,18,1.7987899792566347e-06,0.009830214300897698,6.697500000000206e-12
611,0.16972222222222078,369,18,1.7984469576591022e-06,0.009829668177880984,6.7325000000002054e-12
612,0.16999999999999854,369,18,1.7980947369408077e-06,0.009829122085204435,6.767500000000208e-12
613,0.1702777777777763,369,18,1.7977503589327187e-06,0.009828576022866367,6.8025000000002106e-12
614,0.17055555555555407,369,18,1.7974043439273113e-06,0.009828029990865099,6.837500000000212e-12
615,0.17083333333333184,369,18,1.7970549146175252e-06,0.009827483989198938,6.875000000000214e-12
616,0.1711111111111096,368,19,1.7967300326750895e-06,0.009826938017866204,6.912500000000215e-12
617,0.17138888888888737,368,19,1.7963883175724938e-06,0.009826392076865212,6.950000000000217e-12
618,0.17166666666666514,368,19,1.7960472999420707e-06,0.009825846166194276,6.9875000000002176e-12
619,0.1719444444444429,369,19,1.795712819656332e-06,0.009825300285851709,7.025000000000219e-12
620,0.17222222222222067,369,19,1.7953627212882677e-06,0.009824754435835829,7.062500000000222e-12
621,0.17249999999999843,369,19,1.7950210956605795e-06,0.009824208616144952,7.100000000000224e-12
622,0.1727777777777762,371,19,1.7946703432381309e-06,0.009823662826777387,7.137500000000224e-12
623,0.17305555555555396,371,19,1.7943266737944174e-06,0.009823117067731455,7.175000000000227e-12
624,0.17333333333333173,372,19,1.7939684362075446e-06,0.00982257133900547,7.212500000000229e-12
625,0.1736111111111095,372,19,1.7936155270467117e-06,0.009822025640597748,7.250000000000231e-12
626,0.17388888888888726,373,19,1.7932688329618998e-06,0.009821479972506602,7.287500000000232e-12
627,0.17416666666666503,373,19,1.7929207757461817e-06,0.009820934334730353,7.325000000000234e-12
628,0.1744444444444428,373,19,1.7925670493193668e-06,0.009820388727267313,7.362500000000237e-12
629,0.17472222222222056,373,19,1.7922187500671255e-06,0.0098198431501158,7.400000000000239e-12
630,0.17499999999999832,373,19,1.7918707256007318e-06,0.009819297603274126,7.43750000000024e-12
631,0.1752777777777761,374,19,1.791515249768467e-06,0.009818752086740611,7.477500000000242e-12
632,0.17555555555555385,373,20,1.7911709589318968e-06,0.009818206600513572,7.517500000000244e-12
633,0.17583333333333162,373,20,1.7908247006706232e-06,0.009817661144591322,7.555000000000244e-12
634,0.1761111111111094,373,20,1.7904761513255826e-06,0.009817115718972176,7.592500000000247e-12
635,0.17638888888888715,373,20,1.79012276557107e-06,0.009816570323654458,7.632500000000248e-12
636,0.17666666666666492,373,20,1.789779907003245e-06,0.009816024958636477,7.67250000000025e-12
637,0.17694444444444268,373,20,1.7894241906169617e-06,0.00981547962391655,7.712500000000253e-12
638,0.17722222222222045,373,20,1.78908342167045e-06,0.009814934319493,7.752500000000255e-12
639,0.17749999999999821,373,20,1.7887374402684093e-06,0.009814389045364141,7.792500000000255e-12
640,0.17777777777777598,373,20,1.788390774589551e-06,0.009813843801528286,7.83250000000026e-12
641,0.17805555555555375,373,20,1.7880418360436093e-06,0.009813298587983757,7.87250000000026e-12
642,0.1783333333333315,373,20,1.7877010981023836e-06,0.009812753404728872,7.912500000000262e-12
643,0.17861111111110928,373,20,1.7873669809824084e-06,0.009812208251761942,7.952500000000264e-12
644,0.17888888888888704,373,20,1.7870262341009344e-06,0.009811663129081289,7.992500000000265e-12
645,0.1791666666666648,373,20,1.7866775096274573e-06,0.00981111803668523,8.032500000000267e-12
646,0.17944444444444257,373,20,1.7863416941730715e-06,0.00981057297457208,8.07250000000027e-12
647,0.17972222222222034,373,20,1.786002359812306e-06,0.009810027942740161,8.11250000000027e-12
648,0.1799999999999981,373,20,1.7856470953980311e-06,0.009809482941187785,8.152500000000274e-12
649,0.18027777777777587,374,20,1.785295260494348e-06,0.009808937969913275,8.192500000000275e-12
650,0.18055555555555364,374,20,1.7849466665784866e-06,0.009808393028914945,8.232500000000279e-12
651,0.1808333333333314,374,20,1.7846000467418393e-06,0.00980784811819112,8.27250000000028e-12
652,0.18111111111110917,374,20,1.7842513324421688e-06,0.009807303237740107,8.312500000000283e-12
653,0.18138888888888693,374,20,1.7839046917944904e-06,0.009806758387560233,8.352500000000285e-12
654,0.1816666666666647,374,20,1.7835576593844528e-06,0.009806213567649814,8.392500000000286e-12
655,0.18194444444444247,374,20,1.7832112387370595e-06,0.009805668778007166,8.432500000000288e-12
656,0.18222222222222023,374,20,1.7828600710896148e-06,0.00980512401863061,8.47250000000029e-12
657,0.182499999999998,374,20,1.7825222630203602e-06,0.009804579289518466,8.512500000000291e-12
658,0.18277777777777576,374,20,1.7821802962407915e-06,0.00980403459066905,8.552500000000293e-12
659,0.18305555555555353,374,20,1.7818383988281208e-06,0.009803489922080678,8.592500000000297e-12
660,0.1833333333333313,374,20,1.7814964541616421e-06,0.009802945283751674,8.632500000000298e-12
661,0.18361111111110906,374,20,1.7811518342840495e-06,0.009802400675680356,8.6725000000003e-12
662,0.18388888888888683,374,20,1.7808102231896946e-06,0.009801856097865038,8.710000000000302e-12
663,0.1841666666666646,375,20,1.7804719714620304e-06,0.009801311550304047,8.745000000000303e-12
664,0.18444444444444236,375,20,1.780134609132128e-06,0.009800767032995695,8.780000000000306e-12
665,0.18472222222222012,375,20,1.779798801245183e-06,0.00980022254593831,8.81750000000031e-12
666,0.1849999999999979,374,21,1.779449016555052e-06,0.0097996780891302,8.857500000000312e-12
667,0.18527777777777565,374,21,1.7791019379423925e-06,0.009799133662569693,8.897500000000314e-12
668,0.18555555555555342,375,21,1.7787621317000378e-06,0.009798589266255108,8.935000000000316e-12
669,0.18583333333333119,375,21,1.7784219551329273e-06,0.00979804490018476,8.972500000000316e-12
670,0.18611111111110895,375,21,1.7780727281253902e-06,0.009797500564356972,9.01000000000032e-12
671,0.18638888888888672,375,21,1.7777236565578864e-06,0.009796956258770063,9.047500000000321e-12
672,0.18666666666666448,375,21,1.7773746000685136e-06,0.009796411983422355,9.085000000000323e-12
673,0.18694444444444225,375,21,1.7770284744696294e-06,0.009795867738312165,9.122500000000325e-12
674,0.18722222222222,375,21,1.7766928456482558e-06,0.009795323523437814,9.160000000000327e-12
675,0.18749999999999778,376,21,1.7763476400516142e-06,0.009794779338797625,9.195000000000331e-12
676,0.18777777777777555,376,21,1.776003636283547e-06,0.009794235184389913,9.230000000000333e-12
677,0.1880555555555533,376,21,1.7756626200017645e-06,0.009793691060213003,9.265000000000336e-12
678,0.18833333333333108,376,21,1.7753205627678271e-06,0.009793146966265213,9.300000000000337e-12
679,0.18861111111110884,376,21,1.774975219105087e-06,0.009792602902544868,9.335000000000342e-12
680,0.1888888888888866,376,21,1.7746281042964084e-06,0.00979205886905028,9.370000000000342e-12
681,0.18916666666666437,376,21,1.7742842399711311e-06,0.009791514865779777,9.405000000000345e-12
682,0.18944444444444214,376,21,1.7739390548912903e-06,0.009790970892731678,9.440000000000346e-12
683,0.1897222222222199,376,21,1.7735982102798687e-06,0.009790426949904306,9.475000000000349e-12
684,0.18999999999999767,376,21,1.7732505709458619e-06,0.009789883037295976,9.51000000000035e-12
685,0.19027777777777544,376,21,1.7728991960436417e-06,0.009789339154905017,9.542500000000351e-12
686,0.1905555555555532,376,21,1.7725449933403518e-06,0.009788795302729745,9.575000000000357e-12
687,0.19083333333333097,376,21,1.7721887832477273e-06,0.009788251480768482,9.607500000000356e-12
688,0.19111111111110873,377,21,1.7718384202495378e-06,0.00978770768901955,9.640000000000359e-12
689,0.1913888888888865,377,21,1.7714965381085537e-06,0.00978716392748127,9.672500000000363e-12
690,0.19166666666666426,377,21,1.771148456166588e-06,0.009786620196151969,9.705000000000365e-12
691,0.19194444444444203,377,21,1.7708065505031737e-06,0.00978607649502996,9.737500000000366e-12
692,0.1922222222222198,377,21,1.7704491890998608e-06,0.009785532824113569,9.770000000000369e-12
693,0.19249999999999756,377,21,1.7701150197610504e-06,0.009784989183401118,9.80250000000037e-12
694,0.19277777777777533,377,21,1.7697661470798615e-06,0.00978444557289093,9.835000000000376e-12
695,0.1930555555555531,377,21,1.769420190346668e-06,0.009783901992581326,9.867500000000377e-12
696,0.19333333333333086,377,21,1.7690841296292185e-06,0.009783358442470627,9.900000000000379e-12
697,0.19361111111110862,377,21,1.7687283808964765e-06,0.009782814922557155,9.932500000000382e-12
698,0.1938888888888864,378,21,1.7683861089584988e-06,0.009782271432839237,9.965000000000384e-12
699,0.19416666666666416,378,21,1.768037339478724e-06,0.009781727973315193,9.997500000000385e-12
700,0.19444444444444192,378,21,1.7676916271107793e-06,0.009781184543983341,1.003000000000039e-11
701,0.1947222222222197,378,21,1.767334001941358e-06,0.00978064114484201,1.006000000000039e-11
702,0.19499999999999745,379,21,1.7669726075887748e-06,0.009780097775889516,1.0087500000000393e-11
703,0.19527777777777522,379,21,1.7666244451386508e-06,0.00977955443712419,1.0117500000000395e-11
704,0.19555555555555298,378,22,1.7662687413301223e-06,0.009779011128544351,1.0147500000000397e-11
705,0.19583333333333075,377,23,1.7659112520667693e-06,0.009778467850148322,1.01775000000004e-11
706,0.19611111111110852,377,23,1.7655661959551518e-06,0.009777924601934425,1.0210000000000402e-11
707,0.19638888888888628,377,23,1.7652142740423004e-06,0.009777381383900982,1.0242500000000408e-11
708,0.19666666666666405,377,23,1.7648635958507821e-06,0.009776838196046323,1.0275000000000407e-11
709,0.1969444444444418,378,23,1.7645138520794384e-06,0.009776295038368766,1.0307500000000411e-11
710,0.19722222222221958,378,23,1.7641539265557946e-06,0.009775751910866631,1.0340000000000412e-11
711,0.19749999999999734,378,23,1.7637969226956495e-06,0.009775208813538251,1.0372500000000414e-11
712,0.1977777777777751,378,23,1.763461419744911e-06,0.009774665746381942,1.0405000000000417e-11
713,0.19805555555555288,378,23,1.7631103496635415e-06,0.009774122709396035,1.043750000000042e-11
714,0.19833333333333064,379,23,1.7627636571215438e-06,0.009773579702578845,1.0472500000000421e-11
715,0.1986111111111084,378,24,1.7624073748877643e-06,0.009773036725928701,1.0507500000000424e-11
716,0.19888888888888617,378,24,1.7620618112850015e-06,0.009772493779443928,1.0542500000000428e-11
717,0.19916666666666394,378,24,1.7617055197330859e-06,0.009771950863122849,1.0577500000000431e-11
718,0.1994444444444417,379,24,1.7613531630027497e-06,0.009771407976963787,1.0612500000000431e-11
719,0.19972222222221947,378,25,1.761008124649795e-06,0.009770865120965066,1.0647500000000434e-11
720,0.19999999999999724,378,25,1.7606550170067423e-06,0.009770322295125014,1.068500000000044e-11
721,0.200277777777775,378,25,1.7603049752043082e-06,0.009769779499441952,1.072500000000044e-11
722,0.20055555555555277,377,26,1.75995022792797e-06,0.009769236733914206,1.0765000000000442e-11
723,0.20083333333333053,377,26,1.7595907437442347e-06,0.009768693998540101,1.0805000000000444e-11
724,0.2011111111111083,377,26,1.7592367021578975e-06,0.00976815129331796,1.0842500000000448e-11
725,0.20138888888888606,377,26,1.7588846641971696e-06,0.00976760861824611,1.0880000000000451e-11
726,0.20166666666666383,377,26,1.7585291088085903e-06,0.009767065973322874,1.0917500000000453e-11
727,0.2019444444444416,377,26,1.7581789496280795e-06,0.009766523358546579,1.0955000000000458e-11
728,0.20222222222221936,377,26,1.7578276417911315e-06,0.009765980773915547,1.0995000000000459e-11
729,0.20249999999999713,377,26,1.7574871021484348e-06,0.009765438219428109,1.1035000000000461e-11
730,0.2027777777777749,377,26,1.7571385740532738e-06,0.009764895695082586,1.1072500000000464e-11
731,0.20305555555555266,377,26,1.7567949421119218e-06,0.009764353200877303,1.1110000000000468e-11
732,0.20333333333333042,378,26,1.756448984455264e-06,0.00976381073681059,1.115000000000047e-11
733,0.2036111111111082,378,26,1.7561019066767765e-06,0.009763268302880764,1.119000000000047e-11
734,0.20388888888888596,378,26,1.7557509451864767e-06,0.009762725899086163,1.1230000000000476e-11
735,0.20416666666666372,378,26,1.7554002989918347e-06,0.009762183525425102,1.1270000000000477e-11
736,0.2044444444444415,378,26,1.7550473199101271e-06,0.009761641181895913,1.1310000000000482e-11
737,0.20472222222221925,379,26,1.7546986302631105e-06,0.009761098868496918,1.1350000000000483e-11
738,0.20499999999999702,379,26,1.7543507073193783e-06,0.009760556585226446,1.1390000000000487e-11
739,0.20527777777777478,379,26,1.7540046966377006e-06,0.009760014332082822,1.142500000000049e-11
740,0.20555555555555255,379,26,1.7536614779134606e-06,0.009759472109064374,1.1460000000000491e-11
741,0.20583333333333032,379,26,1.753313961001693e-06,0.009758929916169426,1.1500000000000493e-11
742,0.20611111111110808,379,26,1.7529667474500944e-06,0.009758387753396306,1.1540000000000496e-11
743,0.20638888888888585,379,26,1.7526141008922053e-06,0.00975784562074334,1.15800000000005e-11
744,0.2066666666666636,379,26,1.7522702651606495e-06,0.009757303518208853,1.1622500000000502e-11
745,0.20694444444444138,379,27,1.7519159123692136e-06,0.009756761445791174,1.1662500000000505e-11
746,0.20722222222221914,379,27,1.751575610098431e-06,0.009756219403488635,1.1702500000000508e-11
747,0.2074999999999969,379,27,1.751224307198386e-06,0.009755677391299549,1.1740000000000512e-11
748,0.20777777777777467,379,27,1.750890676440325e-06,0.009755135409222258,1.1777500000000514e-11
749,0.20805555555555244,379,27,1.7505521651507166e-06,0.00975459345725508,1.1817500000000516e-11
750,0.2083333333333302,379,27,1.7502003317330185e-06,0.009754051535396343,1.185750000000052e-11
751,0.20861111111110797,380,27,1.7498481756384739e-06,0.009753509643644376,1.1897500000000524e-11
752,0.20888888888888574,380,27,1.7494983473599553e-06,0.009752967781997508,1.1935000000000525e-11
753,0.2091666666666635,381,27,1.7491529764619565e-06,0.009752425950454063,1.1972500000000529e-11
754,0.20944444444444127,381,27,1.7488015977788655e-06,0.00975188414901237,1.2012500000000533e-11
755,0.20972222222221903,381,27,1.7484555919595458e-06,0.00975134237767076,1.2052500000000532e-11
756,0.2099999999999968,381,27,1.7480974477696336e-06,0.009750800636427557,1.2097500000000535e-11
757,0.21027777777777457,379,29,1.7477466953255583e-06,0.009750258925281089,1.214250000000054e-11
758,0.21055555555555233,379,29,1.7473959028973308e-06,0.009749717244229683,1.2187500000000543e-11
759,0.2108333333333301,380,29,1.7470437728860106e-06,0.009749175593271674,1.2232500000000546e-11
760,0.21111111111110786,381,29,1.7466814058388874e-06,0.00974863397240538,1.2277500000000546e-11
761,0.21138888888888563,381,29,1.7463185635225073e-06,0.009748092381629136,1.232250000000055e-11
762,0.2116666666666634,381,29,1.745968953960237e-06,0.009747550820941267,1.2365000000000553e-11
763,0.21194444444444116,382,29,1.745621698895804e-06,0.009747009290340104,1.2407500000000556e-11
764,0.21222222222221893,382,29,1.7452656776435788e-06,0.009746467789823975,1.2450000000000562e-11
765,0.2124999999999967,382,29,1.7449180956451614e-06,0.009745926319391205,1.2492500000000563e-11
766,0.21277777777777446,382,29,1.744567502080567e-06,0.00974538487904013,1.2532500000000568e-11
767,0.21305555555555222,382,29,1.744225482023888e-06,0.009744843468769072,1.2572500000000569e-11
768,0.21333333333333,382,29,1.7438821966663533e-06,0.009744302088576363,1.2612500000000571e-11
769,0.21361111111110775,382,29,1.7435335489057788e-06,0.009743760738460332,1.2652500000000575e-11
770,0.21388888888888552,382,29,1.7431774999303404e-06,0.009743219418419305,1.2695000000000578e-11
771,0.21416666666666329,382,29,1.742823007979562e-06,0.009742678128451615,1.2737500000000584e-11
772,0.21444444444444105,383,29,1.7424637094100622e-06,0.009742136868555592,1.2780000000000585e-11
773,0.21472222222221882,383,29,1.7421298897524945e-06,0.009741595638729561,1.2822500000000588e-11
774,0.21499999999999658,384,29,1.7417827672777979e-06,0.009741054438971854,1.286500000000059e-11
775,0.21527777777777435,384,29,1.741439621368191e-06,0.0097405132692808,1.2907500000000596e-11
776,0.21555555555555211,384,29,1.7410841621897738e-06,0.009739972129654731,1.2950000000000597e-11
777,0.21583333333332988,385,29,1.7407285926484214e-06,0.009739431020091971,1.29950000000006e-11
778,0.21611111111110765,384,30,1.740374661877456e-06,0.009738889940590858,1.3040000000000604e-11
779,0.2163888888888854,384,30,1.7400369137169681e-06,0.009738348891149712,1.3085000000000607e-11
780,0.21666666666666318,383,31,1.7396847690224465e-06,0.009737807871766872,1.3132500000000609e-11
781,0.21694444444444094,382,32,1.7393340904672435e-06,0.009737266882440662,1.3182500000000614e-11
782,0.2172222222222187,382,32,1.7389820382788755e-06,0.009736725923169416,1.3232500000000615e-11
783,0.21749999999999647,382,32,1.7386341630707572e-06,0.009736184993951461,1.3282500000000619e-11
784,0.21777777777777424,382,32,1.7382841674642719e-06,0.009735644094785131,1.3330000000000623e-11
785,0.218055555555552,382,32,1.737931804841019e-06,0.009735103225668756,1.3377500000000623e-11
786,0.21833333333332977,382,32,1.7376005441377133e-06,0.009734562386600662,1.3427500000000627e-11
787,0.21861111111110754,383,32,1.7372511093953584e-06,0.009734021577579183,1.3477500000000631e-11
788,0.2188888888888853,383,32,1.7368947620895285e-06,0.009733480798602654,1.3527500000000635e-11
789,0.21916666666666307,384,32,1.7365370935020466e-06,0.009732940049669396,1.3577500000000636e-11
790,0.21944444444444083,384,32,1.7361834830486541e-06,0.009732399330777752,1.3627500000000643e-11
791,0.2197222222222186,384,32,1.7358426399458528e-06,0.00973185864192604,1.3677500000000644e-11
792,0.21999999999999637,384,32,1.7354854079449274e-06,0.009731317983112601,1.3727500000000648e-11
793,0.22027777777777413,384,32,1.7351312309991286e-06,0.00973077735433576,1.377750000000065e-11
794,0.2205555555555519,384,32,1.7347821552521275e-06,0.009730236755593853,1.3827500000000655e-11
795,0.22083333333332966,384,32,1.7344419937342245e-06,0.009729696186885212,1.3875000000000658e-11
796,0.22111111111110743,384,32,1.7340969358872391e-06,0.00972915564820816,1.3922500000000662e-11
797,0.2213888888888852,384,32,1.7337507318688317e-06,0.009728615139561041,1.3972500000000666e-11
798,0.22166666666666296,384,32,1.7334084485745845e-06,0.009728074660942176,1.4017500000000669e-11
799,0.22194444444444072,384,32,1.7330662279476913e-06,0.009727534212349901,1.4062500000000672e-11
800,0.2222222222222185,384,32,1.7327294228747351e-06,0.009726993793782548,1.4110000000000676e-11
801,0.22249999999999626,384,32,1.7323821670180932e-06,0.00972645340523845,1.4155000000000677e-11
802,0.22277777777777402,384,32,1.7320350570817572e-06,0.009725913046715938,1.4202500000000684e-11
803,0.2230555555555518,384,32,1.7316915002788623e-06,0.00972537271821334,1.4252500000000686e-11
804,0.22333333333332955,384,32,1.7313355288048467e-06,0.009724832419728997,1.4297500000000688e-11
805,0.22361111111110732,384,32,1.7309952170475456e-06,0.009724292151261233,1.434000000000069e-11
806,0.22388888888888508,384,32,1.7306468523208662e-06,0.009723751912808385,1.4385000000000697e-11
807,0.22416666666666285,385,32,1.7303030238753347e-06,0.009723211704368786,1.44300000000007e-11
808,0.22444444444444062,385,32,1.729946613888944e-06,0.009722671525940765,1.4475000000000702e-11
809,0.22472222222221838,385,32,1.7295927401111657e-06,0.00972213137752266,1.4525000000000704e-11
810,0.22499999999999615,385,32,1.7292456511800443e-06,0.009721591259112797,1.457500000000071e-11
811,0.2252777777777739,385,32,1.7289000960216148e-06,0.009721051170709514,1.4625000000000712e-11
812,0.22555555555555168,385,32,1.7285523214709012e-06,0.00972051111231114,1.467250000000072e-11
813,0.22583333333332944,385,32,1.728209221934384e-06,0.009719971083916012,1.472000000000072e-11
814,0.2261111111111072,386,32,1.727865869679384e-06,0.009719431085522461,1.4770000000000722e-11
815,0.22638888888888498,387,32,1.7275348748709858e-06,0.00971889111712882,1.4820000000000727e-11
816,0.22666666666666274,387,32,1.7271794512884402e-06,0.009718351178733427,1.486750000000073e-11
817,0.2269444444444405,387,32,1.7268343658642635e-06,0.00971781127033461,1.491500000000073e-11
818,0.22722222222221827,387,32,1.726479862766317e-06,0.009717271391930703,1.4960000000000736e-11
819,0.22749999999999604,387,32,1.7261298511964427e-06,0.00971673154352004,1.5005000000000744e-11
820,0.2277777777777738,387,32,1.7257839435525776e-06,0.009716191725100956,1.5050000000000745e-11
821,0.22805555555555157,387,32,1.7254337078683562e-06,0.009715651936671784,1.509750000000075e-11
822,0.22833333333332934,387,32,1.7250795966532933e-06,0.009715112178230859,1.5145000000000753e-11
823,0.2286111111111071,387,32,1.7247196330962523e-06,0.009714572449776512,1.5192500000000756e-11
824,0.22888888888888487,387,32,1.724367748293719e-06,0.00971403275130708,1.524000000000076e-11
825,0.22916666666666263,387,32,1.724019077886265e-06,0.009713493082820894,1.5287500000000763e-11
826,0.2294444444444404,387,32,1.7236686999553716e-06,0.009712953444316297,1.5335000000000767e-11
827,0.22972222222221816,386,33,1.7233156156307442e-06,0.009712413835791611,1.538250000000077e-11
828,0.22999999999999593,387,33,1.7229683838837517e-06,0.009711874257245179,1.5430000000000774e-11
829,0.2302777777777737,387,33,1.7226126936727763e-06,0.009711334708675332,1.5477500000000778e-11
830,0.23055555555555146,387,33,1.722260934164797e-06,0.009710795190080404,1.5522500000000782e-11
831,0.23083333333332923,387,33,1.7219106118400545e-06,0.009710255701458734,1.5565000000000785e-11
832,0.231111111111107,387,33,1.721558393077607e-06,0.009709716242808654,1.5610000000000793e-11
833,0.23138888888888476,387,33,1.7212097452084396e-06,0.009709176814128497,1.5657500000000797e-11
834,0.23166666666666252,386,34,1.7208636973628463e-06,0.009708637415416603,1.5707500000000796e-11
835,0.2319444444444403,386,34,1.7205042433813835e-06,0.009708098046671302,1.57575000000008e-11
836,0.23222222222221806,386,34,1.7201532240927137e-06,0.009707558707890931,1.58025000000008e-11
837,0.23249999999999582,386,34,1.7198043135750677e-06,0.009707019399073827,1.5847500000000808e-11
838,0.2327777777777736,386,34,1.7194457149863275e-06,0.009706480120218321,1.589750000000081e-11
839,0.23305555555555135,386,34,1.7190814809751907e-06,0.009705940871322757,1.5947500000000816e-11
840,0.23333333333332912,386,34,1.7187212151574687e-06,0.00970540165238546,1.5997500000000818e-11
841,0.23361111111110688,386,34,1.718379085990381e-06,0.009704862463404773,1.6047500000000824e-11
842,0.23388888888888465,386,34,1.7180265627004402e-06,0.00970432330437903,1.609750000000083e-11
843,0.23416666666666242,386,34,1.7176849742827942e-06,0.009703784175306563,1.6145000000000833e-11
844,0.23444444444444018,386,34,1.7173202690291125e-06,0.009703245076185711,1.6192500000000834e-11
845,0.23472222222221795,386,34,1.7169585074355054e-06,0.009702706007014814,1.624250000000084e-11
846,0.2349999999999957,386,34,1.716609053439571e-06,0.009702166967792202,1.6292500000000842e-11
847,0.23527777777777348,386,34,1.716259989587152e-06,0.009701627958516215,1.6342500000000844e-11
848,0.23555555555555124,386,34,1.7159095781783165e-06,0.009701088979185184,1.639250000000085e-11
849,0.235833333333329,386,34,1.7155618935840952e-06,0.009700550029797453,1.6442500000000855e-11
850,0.23611111111110678,386,34,1.7152106739445637e-06,0.009700011110351353,1.6492500000000854e-11
851,0.23638888888888454,387,34,1.7148630936827828e-06,0.009699472220845225,1.6542500000000863e-11
852,0.2366666666666623,389,34,1.7145083280939177e-06,0.009698933361277398,1.659250000000087e-11
853,0.23694444444444007,389,34,1.714151241363205e-06,0.009698394531646217,1.6642500000000868e-11
854,0.23722222222221784,389,34,1.7137948862856126e-06,0.009697855731950016,1.6687500000000873e-11
855,0.2374999999999956,389,34,1.713451168696183e-06,0.009697316962187128,1.6732500000000878e-11
856,0.23777777777777337,389,34,1.7131017192945377e-06,0.009696778222355897,1.6782500000000883e-11
857,0.23805555555555113,389,34,1.712749732413376e-06,0.009696239512454654,1.6832500000000886e-11
858,0.2383333333333289,389,34,1.7124098875005076e-06,0.009695700832481743,1.688250000000089e-11
859,0.23861111111110667,389,34,1.7120660207826073e-06,0.009695162182435492,1.6932500000000894e-11
860,0.23888888888888443,389,34,1.7117219999175676e-06,0.00969462356231425,1.6982500000000896e-11
861,0.2391666666666622,390,34,1.7113665754143774e-06,0.009694084972116341,1.7032500000000902e-11
862,0.23944444444443996,390,34,1.7110129416811945e-06,0.009693546411840115,1.7082500000000904e-11
863,0.23972222222221773,390,34,1.7106625396805695e-06,0.009693007881483902,1.713000000000091e-11
864,0.2399999999999955,390,34,1.7103035642698966e-06,0.009692469381046039,1.7177500000000915e-11
865,0.24027777777777326,390,34,1.7099514435629765e-06,0.009691930910524872,1.722750000000092e-11
866,0.24055555555555103,390,34,1.709599430643375e-06,0.009691392469918732,1.7275000000000924e-11
867,0.2408333333333288,390,34,1.7092481976675404e-06,0.00969085405922596,1.7322500000000924e-11
868,0.24111111111110656,390,34,1.7088961147410337e-06,0.00969031567844489,1.7367500000000932e-11
869,0.24138888888888432,390,34,1.7085450174522243e-06,0.009689777327573866,1.7415000000000933e-11
870,0.2416666666666621,392,34,1.7081979097446622e-06,0.009689239006611226,1.746500000000094e-11
871,0.24194444444443985,392,34,1.707851633756393e-06,0.0096887007155553,1.7512500000000945e-11
872,0.24222222222221762,392,34,1.7074984702776001e-06,0.009688162454404436,1.7560000000000945e-11
873,0.24249999999999539,392,34,1.7071446633908623e-06,0.009687624223156973,1.7607500000000952e-11
874,0.24277777777777315,392,34,1.7067803567341423e-06,0.009687086021811238,1.7655000000000953e-11
875,0.24305555555555092,392,34,1.7064241055645466e-06,0.009686547850365584,1.769750000000096e-11
876,0.24333333333332868,392,34,1.7060725921820326e-06,0.009686009708818341,1.7742500000000967e-11
877,0.24361111111110645,392,34,1.7057161966839083e-06,0.009685471597167853,1.7790000000000967e-11
878,0.24388888888888421,392,34,1.7053605053771611e-06,0.009684933515412454,1.7840000000000972e-11
879,0.24416666666666198,392,34,1.705014022874403e-06,0.009684395463550486,1.7890000000000978e-11
880,0.24444444444443975,392,34,1.7046564104874853e-06,0.00968385744158029,1.794000000000098e-11
881,0.2447222222222175,392,34,1.7043002618010218e-06,0.009683319449500202,1.799000000000099e-11
882,0.24499999999999528,392,34,1.7039401281130213e-06,0.009682781487308566,1.804250000000099e-11
883,0.24527777777777304,391,35,1.70358208223019e-06,0.009682243555003715,1.8095000000000998e-11
884,0.2455555555555508,391,35,1.7032321107551662e-06,0.00968170565258399,1.8145000000000998e-11
885,0.24583333333332857,391,35,1.7028780997570491e-06,0.00968116778004774,1.8195000000001003e-11
886,0.24611111111110634,391,35,1.7025194781485975e-06,0.009680629937393293,1.824500000000101e-11
887,0.2463888888888841,391,35,1.702166267943603e-06,0.009680092124618993,1.829500000000101e-11
888,0.24666666666666187,391,35,1.701808365909781e-06,0.009679554341723181,1.8347500000001012e-11
889,0.24694444444443964,391,35,1.701453195498045e-06,0.009679016588704199,1.8400000000001023e-11
890,0.2472222222222174,391,35,1.7011008656235727e-06,0.009678478865560378,1.8452500000001028e-11
891,0.24749999999999517,391,35,1.700744368757279e-06,0.00967794117229007,1.850500000000103e-11
892,0.24777777777777293,390,36,1.7003808004413195e-06,0.009677403508891612,1.8555000000001035e-11
893,0.2480555555555507,391,36,1.700019345719135e-06,0.009676865875363342,1.8605000000001037e-11
894,0.24833333333332847,391,36,1.6996560983523663e-06,0.009676328271703599,1.8655000000001043e-11
895,0.24861111111110623,392,36,1.6993023312607157e-06,0.009675790697910726,1.8705000000001045e-11
896,0.248888888888884,392,36,1.6989521682470129e-06,0.009675253153983062,1.8760000000001052e-11
897,0.24916666666666176,392,36,1.6985964285089223e-06,0.009674715639918955,1.8812500000001056e-11
898,0.24944444444443953,392,36,1.6982489053166357e-06,0.009674178155716735,1.886250000000106e-11
899,0.2497222222222173,392,36,1.697889643152454e-06,0.009673640701374754,1.8912500000001068e-11
900,0.24999999999999506,392,36,1.6975276801231644e-06,0.009673103276891346,1.897000000000107e-11
901,0.2502777777777728,391,37,1.6971741291347063e-06,0.009672565882264849,1.902500000000107e-11
902,0.2505555555555506,391,37,1.6968312394052664e-06,0.009672028517493615,1.908000000000108e-11
903,0.25083333333332836,391,37,1.6964586356798345e-06,0.009671491182575974,1.9137500000001082e-11
904,0.2511111111111061,391,37,1.6961049623635552e-06,0.009670953877510274,1.9192500000001088e-11
905,0.2513888888888839,392,37,1.6957422893773482e-06,0.00967041660229486,1.9245000000001093e-11
906,0.25166666666666165,392,37,1.6953880584284477e-06,0.009669879356928065,1.9297500000001097e-11
907,0.2519444444444394,391,38,1.6950267877959341e-06,0.009669342141408237,1.93525000000011e-11
908,0.2522222222222172,391,38,1.694677553764196e-06,0.009668804955733717,1.9410000000001106e-11
909,0.25249999999999495,391,38,1.694324033204482e-06,0.009668267799902841,1.9467500000001108e-11
910,0.2527777777777727,391,38,1.6939624100903922e-06,0.009667730673913959,1.9525000000001116e-11
911,0.2530555555555505,391,38,1.69362095827407e-06,0.009667193577765408,1.9580000000001123e-11
912,0.25333333333332825,391,38,1.69326865556641e-06,0.009666656511455533,1.963500000000112e-11
913,0.253611111111106,391,38,1.6929186636191832e-06,0.009666119474982674,1.969000000000113e-11
914,0.2538888888888838,391,38,1.6925715214104534e-06,0.009665582468345178,1.9740000000001132e-11
915,0.25416666666666154,392,38,1.6922158707011856e-06,0.009665045491541381,1.9790000000001138e-11
916,0.2544444444444393,392,38,1.6918662657399781e-06,0.009664508544569628,1.9842500000001142e-11
917,0.2547222222222171,392,38,1.6915063698629613e-06,0.00966397162742826,1.9895000000001147e-11
918,0.25499999999999484,392,38,1.6911446059681764e-06,0.009663434740115627,1.995000000000115e-11
919,0.2552777777777726,392,39,1.690793710555882e-06,0.009662897882630065,2.0000000000001156e-11
920,0.2555555555555504,392,39,1.6904305620193435e-06,0.009662361054969919,2.005000000000116e-11
921,0.25583333333332814,392,39,1.690066986478464e-06,0.009661824257133533,2.0097500000001168e-11
922,0.2561111111111059,393,39,1.6897086504353973e-06,0.00966128748911925,2.0147500000001174e-11
923,0.25638888888888367,393,39,1.6893523070180945e-06,0.009660750750925411,2.0200000000001175e-11
924,0.25666666666666144,393,39,1.689003375416687e-06,0.009660214042550358,2.0255000000001178e-11
925,0.2569444444444392,393,39,1.6886581151981043e-06,0.00965967736399244,2.0310000000001188e-11
926,0.25722222222221697,393,39,1.6882996127475829e-06,0.009659140715249995,2.036500000000119e-11
927,0.25749999999999473,393,39,1.6879544769335148e-06,0.009658604096321369,2.042000000000119e-11
928,0.2577777777777725,393,39,1.687608885670196e-06,0.009658067507204911,2.0475000000001198e-11
929,0.25805555555555026,393,39,1.6872518484028806e-06,0.009657530947898953,2.0530000000001208e-11
930,0.25833333333332803,393,39,1.6869016285970825e-06,0.00965699441840185,2.058250000000121e-11
931,0.2586111111111058,393,39,1.6865492836896837e-06,0.009656457918711938,2.0635000000001217e-11
932,0.25888888888888356,393,39,1.6861900826011957e-06,0.009655921448827565,2.0687500000001218e-11
933,0.2591666666666613,394,39,1.685837558211658e-06,0.009655385008747075,2.0742500000001228e-11
934,0.2594444444444391,393,40,1.685479119986728e-06,0.009654848598468815,2.079750000000123e-11
935,0.25972222222221686,393,40,1.6851234774344374e-06,0.009654312217991122,2.0855000000001233e-11
936,0.2599999999999946,393,40,1.684770448490752e-06,0.009653775867312343,2.091250000000124e-11
937,0.2602777777777724,393,40,1.6844195882743155e-06,0.009653239546430827,2.0967500000001242e-11
938,0.26055555555555016,393,40,1.6840643891731208e-06,0.009652703255344914,2.102250000000125e-11
939,0.2608333333333279,393,40,1.6837139429400186e-06,0.009652166994052951,2.1075000000001256e-11
940,0.2611111111111057,393,40,1.683362397107919e-06,0.00965163076255328,2.1130000000001256e-11
941,0.26138888888888345,394,40,1.683011314259876e-06,0.009651094560844252,2.118500000000127e-11
942,0.2616666666666612,393,41,1.682661652321072e-06,0.009650558388924204,2.124250000000127e-11
943,0.261944444444439,392,42,1.6823061710191358e-06,0.009650022246791486,2.130250000000128e-11
944,0.26222222222221675,392,42,1.681955150139323e-06,0.009649486134444442,2.1365000000001278e-11
945,0.2624999999999945,392,42,1.6816048643868291e-06,0.009648950051881417,2.1427500000001288e-11
946,0.2627777777777723,392,42,1.681262728644018e-06,0.00964841399910076,2.149000000000129e-11
947,0.26305555555555005,392,42,1.6809052448868666e-06,0.009647877976100807,2.1552500000001297e-11
948,0.2633333333333278,393,42,1.6805492499610767e-06,0.009647341982879915,2.16150000000013e-11
949,0.2636111111111056,393,42,1.6801934327289493e-06,0.00964680601943642,2.1675000000001307e-11
950,0.26388888888888334,393,42,1.679841636639353e-06,0.009646270085768675,2.1735000000001312e-11
951,0.2641666666666611,393,42,1.679490614402639e-06,0.009645734181875022,2.1795000000001316e-11
952,0.2644444444444389,393,42,1.6791421895219843e-06,0.009645198307753807,2.185500000000132e-11
953,0.26472222222221664,393,42,1.6787794119088535e-06,0.009644662463403376,2.1915000000001324e-11
954,0.2649999999999944,394,42,1.6784147852168384e-06,0.009644126648822077,2.197250000000133e-11
955,0.2652777777777722,394,42,1.678056441008538e-06,0.009643590864008253,2.2032500000001337e-11
956,0.26555555555554994,393,43,1.677696815396445e-06,0.009643055108960252,2.209250000000134e-11
957,0.2658333333333277,393,43,1.6773449258181458e-06,0.009642519383676421,2.215500000000135e-11
958,0.26611111111110547,393,43,1.6769886166849102e-06,0.009641983688155107,2.221750000000135e-11
959,0.26638888888888324,393,43,1.6766364571519657e-06,0.009641448022394654,2.228000000000136e-11
960,0.266666666666661,393,43,1.6762916722260022e-06,0.009640912386393412,2.2342500000001363e-11
961,0.26694444444443877,393,43,1.6759349463549494e-06,0.009640376780149722,2.2402500000001367e-11
962,0.26722222222221653,393,43,1.6755857286806244e-06,0.009639841203661934,2.246250000000137e-11
963,0.2674999999999943,392,44,1.675234781221818e-06,0.0096393056569284,2.2525000000001384e-11
964,0.26777777777777206,392,44,1.6748738779215761e-06,0.00963877013994746,2.2585000000001382e-11
965,0.26805555555554983,392,44,1.674519636783021e-06,0.009638234652717462,2.264500000000139e-11
966,0.2683333333333276,392,44,1.6741537503865523e-06,0.009637699195236757,2.2705000000001393e-11
967,0.26861111111110536,392,44,1.6738045753158376e-06,0.009637163767503688,2.2765000000001404e-11
968,0.2688888888888831,392,44,1.67344173031517e-06,0.009636628369516606,2.2827500000001407e-11
969,0.2691666666666609,392,44,1.6730779419988615e-06,0.009636093001273854,2.288750000000141e-11
970,0.26944444444443866,392,44,1.6727221147458587e-06,0.009635557662773785,2.294750000000142e-11
971,0.2697222222222164,392,44,1.6723646775126668e-06,0.009635022354014743,2.300500000000142e-11
972,0.2699999999999942,392,44,1.6720107016839823e-06,0.009634487074995075,2.3062500000001426e-11
973,0.27027777777777195,392,44,1.6716479321438317e-06,0.00963395182571313,2.3125000000001432e-11
974,0.2705555555555497,392,44,1.671284762060335e-06,0.009633416606167258,2.318750000000144e-11
975,0.2708333333333275,392,44,1.6709346180041578e-06,0.009632881416355805,2.3247500000001443e-11
976,0.27111111111110525,392,44,1.6705688663882584e-06,0.009632346256277118,2.3305000000001445e-11
977,0.271388888888883,392,44,1.670213558265867e-06,0.009631811125929549,2.3362500000001453e-11
978,0.2716666666666608,392,44,1.669862600620741e-06,0.00963127602531144,2.3422500000001458e-11
979,0.27194444444443855,392,44,1.6695062998913702e-06,0.009630740954421148,2.3482500000001465e-11
980,0.2722222222222163,392,44,1.6691441253038285e-06,0.009630205913257013,2.3542500000001476e-11
981,0.2724999999999941,392,44,1.6687842976807438e-06,0.009629670901817386,2.3602500000001477e-11
982,0.27277777777777185,392,44,1.668423455745954e-06,0.00962913592010062,2.366250000000148e-11
983,0.2730555555555496,392,44,1.6680707845809999e-06,0.009628600968105059,2.372000000000149e-11
984,0.2733333333333274,392,44,1.667711762834822e-06,0.009628066045829053,2.3780000000001494e-11
985,0.27361111111110514,391,45,1.6673517772426542e-06,0.009627531153270951,2.3840000000001504e-11
986,0.2738888888888829,392,45,1.66699710667926e-06,0.009626996290429103,2.3902500000001504e-11
987,0.2741666666666607,392,45,1.666634177680708e-06,0.00962646145730186,2.3962500000001508e-11
988,0.27444444444443844,392,45,1.6662892036132433e-06,0.009625926653887566,2.4022500000001512e-11
989,0.2747222222222162,392,45,1.665934566898996e-06,0.00962539188018457,2.4082500000001523e-11
990,0.27499999999999397,392,45,1.665584847623829e-06,0.009624857136191229,2.414500000000153e-11
991,0.27527777777777174,392,45,1.6652269305138377e-06,0.009624322421905885,2.4207500000001532e-11
992,0.2755555555555495,392,46,1.6648763379431172e-06,0.00962378773732689,2.4270000000001542e-11
993,0.27583333333332727,392,46,1.6645098748590093e-06,0.009623253082452592,2.4335000000001544e-11
994,0.27611111111110503,391,47,1.6641579018776171e-06,0.009622718457281349,2.440000000000155e-11
995,0.2763888888888828,391,47,1.6638109128793412e-06,0.009622183861811497,2.446500000000155e-11
996,0.27666666666666057,391,47,1.663453727717977e-06,0.009621649296041396,2.4530000000001562e-11
997,0.27694444444443833,391,47,1.6630997320437589e-06,0.009621114759969396,2.459250000000157e-11
998,0.2772222222222161,391,47,1.6627473842981106e-06,0.009620580253593844,2.465500000000157e-11
999,0.27749999999999386,391,47,1.662386305364233e-06,0.009620045776913088,2.471750000000158e-11
1000,0.27777777777777163,391,47,1.6620381530297382e-06,0.00961951132992548,2.477750000000159e-11
1001,0.2780555555555494,391,47,1.661687398160213e-06,0.009618976912629376,2.4842500000001597e-11
1002,0.27833333333332716,390,48,1.6613350501180662e-06,0.00961844252502312,2.4910000000001597e-11
1003,0.2786111111111049,390,48,1.6609862578402153e-06,0.009617908167105062,2.49775000000016e-11
1004,0.2788888888888827,390,48,1.6606310110497926e-06,0.009617373838873558,2.5045000000001605e-11
1005,0.27916666666666046,390,48,1.6602830846861366e-06,0.009616839540326954,2.511500000000161e-11
1006,0.2794444444444382,389,49,1.6599454421070998e-06,0.0096163052714636,2.5185000000001623e-11
1007,0.279722222222216,389,49,1.6595958690552366e-06,0.009615771032281853,2.5255000000001626e-11
1008,0.27999999999999375,389,49,1.6592461784632317e-06,0.00961523682278006,2.532500000000164e-11
1009,0.2802777777777715,389,49,1.6588963924785742e-06,0.009614702642956573,2.5395000000001638e-11
1010,0.2805555555555493,389,49,1.6585345550782542e-06,0.009614168492809742,2.5465000000001644e-11
1011,0.28083333333332705,389,49,1.658172025210436e-06,0.00961363437233792,2.5535000000001653e-11
1012,0.2811111111111048,389,49,1.657819978271073e-06,0.009613100281539456,2.5605000000001653e-11
1013,0.2813888888888826,389,49,1.6574625760963555e-06,0.009612566220412705,2.5677500000001664e-11
1014,0.28166666666666035,388,50,1.657110115053266e-06,0.009612032188956014,2.575000000000167e-11
1015,0.2819444444444381,388,50,1.6567587308001094e-06,0.009611498187167743,2.5822500000001677e-11
1016,0.2822222222222159,389,50,1.6564124453755387e-06,0.009610964215046232,2.5892500000001686e-11
1017,0.28249999999999365,389,50,1.6560569883841675e-06,0.009610430272589841,2.596500000000169e-11
1018,0.2827777777777714,388,51,1.6557138580026702e-06,0.00960989635979692,2.6040000000001698e-11
1019,0.2830555555555492,388,51,1.6553577419021311e-06,0.00960936247666582,2.6115000000001698e-11
1020,0.28333333333332694,388,51,1.655005525773921e-06,0.009608828623194895,2.6190000000001702e-11
1021,0.2836111111111047,388,51,1.6546577731936657e-06,0.009608294799382496,2.6265000000001715e-11
1022,0.2838888888888825,387,52,1.6543105421863696e-06,0.009607761005226973,2.6340000000001715e-11
1023,0.28416666666666024,387,52,1.6539570044398357e-06,0.009607227240726683,2.641500000000172e-11
1024,0.284444444444438,387,52,1.6536097228116929e-06,0.009606693505879976,2.6490000000001732e-11
1025,0.28472222222221577,388,52,1.6532517951174206e-06,0.009606159800685207,2.6565000000001736e-11
1026,0.28499999999999354,388,52,1.6528933626579815e-06,0.009605626125140723,2.6640000000001736e-11
1027,0.2852777777777713,388,52,1.6525433730466581e-06,0.009605092479244884,2.6715000000001746e-11
1028,0.28555555555554907,388,52,1.6521957364565125e-06,0.009604558862996035,2.6790000000001753e-11
1029,0.28583333333332683,388,52,1.6518450592606086e-06,0.009604025276392538,2.686500000000176e-11
1030,0.2861111111111046,388,52,1.651488674244882e-06,0.009603491719432738,2.6937500000001765e-11
1031,0.28638888888888236,388,52,1.6511285217242095e-06,0.00960295819211499,2.7010000000001776e-11
1032,0.28666666666666013,388,52,1.6507677935887096e-06,0.009602424694437652,2.708500000000178e-11
1033,0.2869444444444379,388,52,1.6504163775167402e-06,0.009601891226399073,2.7157500000001788e-11
1034,0.28722222222221566,388,52,1.6500654224988861e-06,0.009601357787997606,2.7230000000001793e-11
1035,0.2874999999999934,388,52,1.649711052494184e-06,0.009600824379231607,2.7302500000001804e-11
1036,0.2877777777777712,388,52,1.6493640975222597e-06,0.00960029100009943,2.7372500000001807e-11
1037,0.28805555555554896,388,52,1.6490053112047644e-06,0.009599757650599422,2.7442500000001806e-11
1038,0.2883333333333267,388,52,1.6486540070420102e-06,0.009599224330729945,2.7515000000001817e-11
1039,0.2886111111111045,388,52,1.648299429814787e-06,0.00959869104048935,2.759000000000183e-11
1040,0.28888888888888226,389,52,1.647945658947482e-06,0.00959815777987599,2.766500000000183e-11
1041,0.28916666666666,390,52,1.6475833456456688e-06,0.009597624548888219,2.774000000000184e-11
1042,0.2894444444444378,390,52,1.6472116033996085e-06,0.00959709134752439,2.781500000000184e-11
1043,0.28972222222221555,390,52,1.646848064345298e-06,0.009596558175782864,2.7887500000001856e-11
1044,0.2899999999999933,390,52,1.6464890452523254e-06,0.009596025033661986,2.7960000000001858e-11
1045,0.2902777777777711,390,52,1.6461351024098615e-06,0.009595491921160115,2.803500000000186e-11
1046,0.29055555555554885,390,52,1.6457732295686208e-06,0.00959495883827561,2.8110000000001868e-11
1047,0.2908333333333266,390,52,1.645424658649388e-06,0.009594425785006815,2.8185000000001875e-11
1048,0.2911111111111044,390,52,1.6450758044829522e-06,0.009593892761352094,2.8260000000001885e-11
1049,0.29138888888888215,390,52,1.6447209820113481e-06,0.009593359767309795,2.8335000000001892e-11
1050,0.2916666666666599,390,52,1.644365041219105e-06,0.009592826802878278,2.8410000000001895e-11
1051,0.2919444444444377,390,52,1.644020168239671e-06,0.009592293868055898,2.848500000000191e-11
1052,0.29222222222221544,389,53,1.6436723421287317e-06,0.009591760962841003,2.8560000000001903e-11
1053,0.2924999999999932,389,53,1.6433225689263958e-06,0.009591228087231958,2.8637500000001918e-11
1054,0.292777777777771,389,53,1.6429706120680888e-06,0.009590695241227114,2.8715000000001924e-11
1055,0.29305555555554874,388,54,1.642626063370406e-06,0.009590162424824824,2.879250000000193e-11
1056,0.2933333333333265,389,54,1.6422780321518684e-06,0.009589629638023444,2.8875000000001936e-11
1057,0.2936111111111043,388,55,1.6419289622078965e-06,0.009589096880821331,2.8957500000001942e-11
1058,0.29388888888888204,388,55,1.641569853999593e-06,0.009588564153216843,2.9040000000001956e-11
1059,0.2941666666666598,388,55,1.6412229477494975e-06,0.00958803145520833,2.912250000000195e-11
1060,0.29444444444443757,389,55,1.6408723306182615e-06,0.009587498786794152,2.920500000000197e-11
1061,0.29472222222221534,389,55,1.6405174836251357e-06,0.009586966147972664,2.928500000000197e-11
1062,0.2949999999999931,389,55,1.6401614700047861e-06,0.009586433538742221,2.9362500000001976e-11
1063,0.29527777777777087,389,55,1.6398081794005662e-06,0.009585900959101182,2.9437500000001986e-11
1064,0.29555555555554863,389,55,1.6394614775533682e-06,0.0095853684090479,2.9512500000001996e-11
1065,0.2958333333333264,389,55,1.6391086026621136e-06,0.009584835888580728,2.9590000000001995e-11
1066,0.29611111111110416,389,55,1.6387457044924284e-06,0.009584303397698031,2.9665000000002005e-11
1067,0.29638888888888193,389,55,1.6383896837347714e-06,0.009583770936398157,2.974000000000201e-11
1068,0.2966666666666597,389,55,1.6380353811948002e-06,0.009583238504679471,2.981750000000202e-11
1069,0.29694444444443746,388,56,1.63767639528392e-06,0.009582706102540323,2.989750000000203e-11
1070,0.2972222222222152,388,56,1.6373222399593972e-06,0.00958217372997907,2.997500000000203e-11
1071,0.297499999999993,388,56,1.6369730143922733e-06,0.009581641386994069,3.005250000000204e-11
1072,0.29777777777777076,388,56,1.6366226795023142e-06,0.009581109073583683,3.0130000000002046e-11
1073,0.2980555555555485,388,56,1.6362770207040159e-06,0.009580576789746262,3.021000000000206e-11
1074,0.2983333333333263,388,56,1.6359248600194928e-06,0.009580044535480165,3.029000000000206e-11
1075,0.29861111111110406,389,57,1.6355693921394792e-06,0.00957951231078375,3.037000000000207e-11
1076,0.2988888888888818,389,57,1.635220569283689e-06,0.009578980115655373,3.0447500000002074e-11
1077,0.2991666666666596,389,57,1.634876243310106e-06,0.009578447950093393,3.052750000000208e-11
1078,0.29944444444443735,388,58,1.6345264273438683e-06,0.009577915814096165,3.0605000000002094e-11
1079,0.2997222222222151,388,58,1.634162682165092e-06,0.009577383707662049,3.068000000000209e-11
1080,0.2999999999999929,388,58,1.6338179135336447e-06,0.009576851630789402,3.0757500000002104e-11
1081,0.30027777777777065,389,58,1.6334607946304813e-06,0.00957631958347658,3.083500000000211e-11
1082,0.3005555555555484,389,58,1.633105126152259e-06,0.009575787565721944,3.0912500000002115e-11
1083,0.3008333333333262,389,58,1.6327527360984916e-06,0.009575255577523846,3.099000000000213e-11
1084,0.30111111111110395,389,58,1.6323902108793958e-06,0.009574723618880652,3.106500000000214e-11
1085,0.3013888888888817,389,58,1.632037343574875e-06,0.009574191689790715,3.114000000000214e-11
1086,0.3016666666666595,389,58,1.6316793759618642e-06,0.009573659790252393,3.1217500000002147e-11
1087,0.30194444444443724,389,58,1.6313207067006393e-06,0.009573127920264046,3.1297500000002154e-11
1088,0.302222222222215,388,59,1.6309630514998962e-06,0.009572596079824032,3.137750000000216e-11
1089,0.3024999999999928,388,59,1.6306115189491412e-06,0.00957206426893071,3.145750000000217e-11
1090,0.30277777777777054,388,59,1.6302558351645225e-06,0.009571532487582433,3.153750000000218e-11
1091,0.3030555555555483,388,59,1.6298967108046982e-06,0.009571000735777569,3.1617500000002185e-11
1092,0.30333333333332607,388,59,1.6295432912054326e-06,0.009570469013514472,3.1697500000002186e-11
1093,0.30361111111110384,388,59,1.6291912511498204e-06,0.009569937320791498,3.1777500000002194e-11
1094,0.3038888888888816,388,59,1.6288489242213562e-06,0.00956940565760701,3.18575000000022e-11
1095,0.30416666666665937,388,59,1.6284907723065005e-06,0.009568874023959366,3.1937500000002216e-11
1096,0.30444444444443713,389,59,1.628141925569468e-06,0.009568342419846923,3.201750000000222e-11
1097,0.3047222222222149,389,59,1.6277929473200982e-06,0.009567810845268043,3.209750000000223e-11
1098,0.30499999999999267,389,59,1.627431953663654e-06,0.009567279300221084,3.217750000000223e-11
1099,0.30527777777777043,390,59,1.6270817834282833e-06,0.009566747784704406,3.225750000000224e-11
1100,0.3055555555555482,390,59,1.6267371225447163e-06,0.009566216298716367,3.233750000000225e-11
1101,0.30583333333332596,390,59,1.626384488124763e-06,0.009565684842255326,3.2417500000002256e-11
1102,0.30611111111110373,390,59,1.626026954494285e-06,0.009565153415319647,3.249500000000227e-11
1103,0.3063888888888815,390,59,1.625672941731901e-06,0.009564622017907684,3.2572500000002274e-11
1104,0.30666666666665926,390,59,1.625320616244089e-06,0.009564090650017803,3.264750000000228e-11
1105,0.306944444444437,390,59,1.6249766115071452e-06,0.009563559311648356,3.272250000000229e-11
1106,0.3072222222222148,390,59,1.6246091121893143e-06,0.009563028002797711,3.27975000000023e-11
1107,0.30749999999999256,390,59,1.6242409496821716e-06,0.00956249672346422,3.2875000000002303e-11
1108,0.3077777777777703,389,60,1.6238892411337553e-06,0.009561965473646253,3.295250000000231e-11
1109,0.3080555555555481,389,60,1.6235457875386689e-06,0.00956143425334216,3.3030000000002315e-11
1110,0.30833333333332585,389,60,1.6231892460143283e-06,0.009560903062550308,3.310750000000232e-11
1111,0.3086111111111036,389,60,1.6228337893504374e-06,0.009560371901269054,3.318500000000233e-11
1112,0.3088888888888814,389,60,1.6224881856413902e-06,0.009559840769496763,3.326500000000234e-11
1113,0.30916666666665915,390,60,1.6221326979863326e-06,0.009559309667231794,3.334750000000235e-11
1114,0.3094444444444369,389,61,1.6217700703221289e-06,0.0095587785944725,3.3430000000002366e-11
1115,0.3097222222222147,389,61,1.6214138364114442e-06,0.009558247551217255,3.351000000000237e-11
1116,0.30999999999999245,389,61,1.6210546828130654e-06,0.009557716537464407,3.3587500000002373e-11
1117,0.3102777777777702,389,61,1.6207038005146846e-06,0.009557185553212328,3.366750000000238e-11
1118,0.310555555555548,389,61,1.6203486019071797e-06,0.00955665459845937,3.374750000000239e-11
1119,0.31083333333332575,389,61,1.6199944429658563e-06,0.009556123673203902,3.382750000000239e-11
1120,0.3111111111111035,389,61,1.6196365923462742e-06,0.009555592777444279,3.39050000000024e-11
1121,0.3113888888888813,390,61,1.6192804744498054e-06,0.009555061911178867,3.398250000000241e-11
1122,0.31166666666665904,390,61,1.6189282103824107e-06,0.009554531074406025,3.406250000000243e-11
1123,0.3119444444444368,390,62,1.6185699822610134e-06,0.009554000267124113,3.414250000000243e-11
1124,0.3122222222222146,390,62,1.618209481472876e-06,0.009553469489331494,3.422500000000244e-11
1125,0.31249999999999234,390,62,1.6178513237209071e-06,0.009552938741026532,3.430500000000245e-11
1126,0.3127777777777701,389,63,1.6174904996109286e-06,0.009552408022207587,3.4385000000002455e-11
1127,0.31305555555554787,389,63,1.6171356506098966e-06,0.009551877332873021,3.447000000000246e-11
1128,0.31333333333332564,389,63,1.6167859594319058e-06,0.009551346673021193,3.4555000000002466e-11
1129,0.3136111111111034,389,63,1.616430733275234e-06,0.009550816042650472,3.4637500000002476e-11
1130,0.31388888888888117,389,63,1.6160683648023959e-06,0.009550285441759211,3.4720000000002485e-11
1131,0.31416666666665893,389,63,1.615719048193328e-06,0.009549754870345782,3.48075000000025e-11
1132,0.3144444444444367,388,64,1.6153615220648774e-06,0.00954922432840854,3.489500000000251e-11
1133,0.31472222222221446,389,64,1.6150025167566382e-06,0.009548693815945851,3.4982500000002514e-11
1134,0.31499999999999223,389,64,1.614640905009336e-06,0.009548163332956076,3.5070000000002515e-11
1135,0.31527777777777,388,65,1.6142788704554674e-06,0.009547632879437579,3.515750000000252e-11
1136,0.31555555555554776,388,65,1.6139251729110544e-06,0.009547102455388723,3.5242500000002535e-11
1137,0.3158333333333255,388,65,1.6135772944456197e-06,0.009546572060807867,3.532750000000254e-11
1138,0.3161111111111033,388,65,1.61322237288165e-06,0.009546041695693378,3.541500000000255e-11
1139,0.31638888888888106,389,65,1.6128701717246883e-06,0.009545511360043618,3.549750000000256e-11
1140,0.3166666666666588,389,65,1.6125207340032478e-06,0.009544981053856951,3.5577500000002565e-11
1141,0.3169444444444366,389,65,1.6121723053911355e-06,0.009544450777131735,3.5660000000002575e-11
1142,0.31722222222221436,389,65,1.6118295076832496e-06,0.009543920529866343,3.574000000000258e-11
1143,0.3174999999999921,389,65,1.6114819067216055e-06,0.009543390312059127,3.58225000000026e-11
1144,0.3177777777777699,388,66,1.611132100177519e-06,0.009542860123708457,3.5907500000002604e-11
1145,0.31805555555554765,388,66,1.6107933084397875e-06,0.009542329964812695,3.59925000000026e-11
1146,0.3183333333333254,388,66,1.610447366129989e-06,0.009541799835370205,3.6077500000002615e-11
1147,0.3186111111111032,389,66,1.610092705452533e-06,0.009541269735379351,3.616250000000263e-11
1148,0.31888888888888095,389,66,1.6097356250594246e-06,0.009540739664838498,3.624750000000264e-11
1149,0.3191666666666587,389,66,1.609386498588682e-06,0.009540209623746005,3.6332500000002644e-11
1150,0.3194444444444365,389,66,1.6090370989726279e-06,0.009539679612100243,3.6415000000002654e-11
1151,0.31972222222221425,389,66,1.6086941206613004e-06,0.009539149629899569,3.650000000000266e-11
1152,0.319999999999992,388,67,1.6083457508599797e-06,0.009538619677142353,3.6587500000002667e-11
1153,0.3202777777777698,388,67,1.6079982467227843e-06,0.009538089753826959,3.6675000000002674e-11
1154,0.32055555555554754,389,67,1.6076521810351203e-06,0.009537559859951746,3.676250000000268e-11
1155,0.3208333333333253,389,67,1.6073018212415386e-06,0.009537029995515083,3.6850000000002696e-11
1156,0.3211111111111031,389,67,1.6069461621362215e-06,0.00953650016051533,3.69400000000027e-11
1157,0.32138888888888084,388,68,1.6065926237435188e-06,0.009535970354950858,3.7030000000002715e-11
1158,0.3216666666666586,388,68,1.6062358567220852e-06,0.00953544057882003,3.712000000000272e-11
1159,0.3219444444444364,388,68,1.6058864570660201e-06,0.009534910832121206,3.721000000000273e-11
1160,0.32222222222221414,388,68,1.6055246598074057e-06,0.009534381114852757,3.7300000000002737e-11
1161,0.3224999999999919,388,68,1.605179501727232e-06,0.009533851427013042,3.7390000000002746e-11
1162,0.32277777777776967,388,68,1.6048295124533517e-06,0.00953332176860043,3.748000000000275e-11
1163,0.32305555555554744,389,68,1.6044694425676465e-06,0.009532792139613284,3.757000000000276e-11
1164,0.3233333333333252,389,68,1.6041181470793815e-06,0.009532262540049973,3.766000000000277e-11
1165,0.32361111111110297,389,68,1.6037655755102988e-06,0.009531732969908861,3.775000000000278e-11
1166,0.32388888888888073,389,68,1.603411411215042e-06,0.00953120342918831,3.7837500000002785e-11
1167,0.3241666666666585,389,68,1.6030571436265653e-06,0.00953067391788669,3.79250000000028e-11
1168,0.32444444444443626,388,69,1.6027077309779823e-06,0.009530144436002363,3.801500000000281e-11
1169,0.32472222222221403,388,69,1.6023692320432312e-06,0.009529614983533696,3.810500000000282e-11
1170,0.3249999999999918,389,69,1.6020064291696484e-06,0.009529085560479055,3.819500000000283e-11
1171,0.32527777777776956,389,69,1.6016551206399273e-06,0.009528556166836805,3.828250000000284e-11
1172,0.3255555555555473,389,69,1.601304046660461e-06,0.009528026802605317,3.836750000000284e-11
1173,0.3258333333333251,389,69,1.600942622254113e-06,0.00952749746778295,3.845500000000285e-11
1174,0.32611111111110286,389,69,1.6005879291496643e-06,0.009526968162368074,3.8542500000002855e-11
1175,0.3263888888888806,389,69,1.6002434473650052e-06,0.00952643888635905,3.863000000000287e-11
1176,0.3266666666666584,389,69,1.5998888345165388e-06,0.009525909639754257,3.8717500000002877e-11
1177,0.32694444444443616,389,69,1.5995407905847632e-06,0.009525380422552047,3.8805000000002884e-11
1178,0.3272222222222139,389,69,1.5991919240083704e-06,0.009524851234750796,3.88925000000029e-11
1179,0.3274999999999917,389,69,1.5988280334983254e-06,0.009524322076348863,3.89825000000029e-11
1180,0.32777777777776945,389,69,1.598468078976337e-06,0.009523792947344624,3.907250000000292e-11
1181,0.3280555555555472,389,69,1.5981189432939177e-06,0.009523263847736437,3.916250000000292e-11
1182,0.328333333333325,389,69,1.597767379365834e-06,0.009522734777522674,3.925250000000293e-11
1183,0.32861111111110275,389,69,1.5974181336689902e-06,0.0095222057367017,3.9342500000002946e-11
1184,0.3288888888888805,389,69,1.5970670028046579e-06,0.009521676725271887,3.9432500000002955e-11
1185,0.3291666666666583,389,69,1.5967080163645799e-06,0.009521147743231593,3.952250000000296e-11
1186,0.32944444444443605,389,69,1.5963575871103958e-06,0.00952061879057919,3.961000000000297e-11
1187,0.3297222222222138,389,69,1.5959990553539284e-06,0.00952008986731305,3.969750000000298e-11
1188,0.3299999999999916,389,69,1.5956470369170112e-06,0.009519560973431531,3.978500000000299e-11
1189,0.33027777777776934,389,69,1.5952946937295015e-06,0.009519032108933007,3.987000000000299e-11
1190,0.3305555555555471,389,69,1.594942108340678e-06,0.009518503273815846,3.9955000000003004e-11
1191,0.3308333333333249,389,69,1.5945824923285257e-06,0.00951797446807841,4.0040000000003016e-11
1192,0.33111111111110264,389,69,1.594231996354498e-06,0.009517445691719074,4.012500000000303e-11
1193,0.3313888888888804,389,69,1.5938698351642925e-06,0.0095169169447362,4.020750000000304e-11
1194,0.33166666666665817,389,69,1.5935161413354971e-06,0.009516388227128159,4.029000000000305e-11
1195,0.33194444444443594,389,69,1.593160951554255e-06,0.009515859538893319,4.037250000000306e-11
1196,0.3322222222222137,389,69,1.5928027449784895e-06,0.009515330880030048,4.045500000000306e-11
1197,0.33249999999999147,389,69,1.5924520020040803e-06,0.009514802250536714,4.054000000000308e-11
1198,0.33277777777776923,389,69,1.5921058578241179e-06,0.009514273650411685,4.0625000000003084e-11
1199,0.333055555555547,389,69,1.5917606452633775e-06,0.009513745079653328,4.071000000000309e-11
1200,0.33333333333332477,389,69,1.5914126403259104e-06,0.009513216538260014,4.07925000000031e-11
1201,0.33361111111110253,390,69,1.5910613930086987e-06,0.009512688026230114,4.0875000000003116e-11
1202,0.3338888888888803,390,69,1.5906946960613185e-06,0.009512159543561988,4.096000000000313e-11
1203,0.33416666666665806,390,69,1.5903382309829657e-06,0.009511631090254012,4.104500000000313e-11
1204,0.33444444444443583,390,69,1.589993633138355e-06,0.009511102666304554,4.1130000000003145e-11
1205,0.3347222222222136,390,69,1.5896452215326203e-06,0.009510574271711982,4.121250000000315e-11
1206,0.33499999999999136,390,69,1.5892922377086338e-06,0.009510045906474666,4.129500000000316e-11
1207,0.3352777777777691,390,69,1.588940137547255e-06,0.009509517570590972,4.138000000000317e-11
1208,0.3355555555555469,391,69,1.5885914893310364e-06,0.009508989264059273,4.146500000000318e-11
1209,0.33583333333332466,391,69,1.588226511754234e-06,0.009508460986877937,4.155000000000318e-11
1210,0.3361111111111024,391,69,1.5878571433565275e-06,0.009507932739045334,4.16350000000032e-11
1211,0.3363888888888802,391,69,1.587503398483859e-06,0.009507404520559832,4.172000000000321e-11
1212,0.33666666666665795,391,69,1.5871518817845715e-06,0.0095068763314198,4.1805000000003216e-11
1213,0.3369444444444357,391,69,1.5867881893517298e-06,0.00950634817162361,4.189000000000323e-11
1214,0.3372222222222135,391,69,1.586440903399759e-06,0.009505820041169632,4.197500000000324e-11
1215,0.33749999999999125,392,69,1.5860771961325084e-06,0.009505291940056235,4.206250000000324e-11
1216,0.337777777777769,392,70,1.5857155410195077e-06,0.009504763868281786,4.214750000000326e-11
1217,0.3380555555555468,392,70,1.5853581945040819e-06,0.009504235825844662,4.223250000000327e-11
1218,0.33833333333332455,392,70,1.5850111756515367e-06,0.009503707812743225,4.232000000000328e-11
1219,0.3386111111111023,392,70,1.5846546077922935e-06,0.009503179828975852,4.240500000000329e-11
1220,0.3388888888888801,392,70,1.5843039964335215e-06,0.009502651874540911,4.2490000000003296e-11
1221,0.33916666666665785,392,70,1.5839537392046125e-06,0.009502123949436768,4.25750000000033e-11
1222,0.3394444444444356,392,70,1.5836047299728875e-06,0.009501596053661798,4.266500000000332e-11
1223,0.3397222222222134,391,71,1.5832508025088838e-06,0.009501068187214374,4.275000000000333e-11
1224,0.33999999999999114,391,71,1.5829118701064896e-06,0.009500540350092863,4.283250000000333e-11
1225,0.3402777777777689,391,71,1.5825674201038114e-06,0.009500012542295634,4.2917500000003344e-11
1226,0.3405555555555467,391,71,1.5822125026233865e-06,0.009499484763821063,4.300500000000335e-11
1227,0.34083333333332444,391,71,1.5818721105401647e-06,0.009498957014667518,4.3092500000003366e-11
1228,0.3411111111111022,391,71,1.5815167970208737e-06,0.00949842929483337,4.318000000000338e-11
1229,0.34138888888887997,391,71,1.5811668457468303e-06,0.009497901604316992,4.326750000000338e-11
1230,0.34166666666665774,391,71,1.5808121179685123e-06,0.009497373943116751,4.3357500000003397e-11
1231,0.3419444444444355,391,71,1.5804654817887054e-06,0.009496846311231023,4.34475000000034e-11
1232,0.34222222222221327,391,71,1.5801071688252105e-06,0.00949631870865818,4.353500000000341e-11
1233,0.34249999999999103,391,71,1.5797548330989655e-06,0.009495791135396586,4.3620000000003425e-11
1234,0.3427777777777688,391,71,1.5793876200962217e-06,0.009495263591444621,4.370750000000344e-11
1235,0.34305555555554657,391,71,1.5790227630213191e-06,0.009494736076800648,4.379750000000345e-11
1236,0.34333333333332433,391,71,1.5786709938938221e-06,0.009494208591463047,4.388750000000346e-11
1237,0.3436111111111021,391,71,1.57831808057104e-06,0.00949368113543019,4.397500000000347e-11
1238,0.34388888888887986,391,71,1.5779714672020607e-06,0.009493153708700443,4.406000000000347e-11
1239,0.34416666666665763,391,71,1.5776180455222249e-06,0.009492626311272184,4.4147500000003485e-11
1240,0.3444444444444354,391,71,1.5772570687207304e-06,0.009492098943143781,4.42375000000035e-11
1241,0.34472222222221316,391,71,1.5769087457890726e-06,0.009491571604313607,4.432500000000351e-11
1242,0.3449999999999909,391,71,1.5765628502355044e-06,0.009491044294780034,4.4410000000003514e-11
1243,0.3452777777777687,391,71,1.5762131333298862e-06,0.009490517014541434,4.449750000000353e-11
1244,0.34555555555554646,391,71,1.5758624505451876e-06,0.009489989763596184,4.458250000000354e-11
1245,0.3458333333333242,392,71,1.5755072996285233e-06,0.009489462541942651,4.4667500000003545e-11
1246,0.346111111111102,392,71,1.5751592588103227e-06,0.00948893534957921,4.4752500000003563e-11
1247,0.34638888888887975,392,71,1.5747980251927424e-06,0.009488408186504232,4.484000000000357e-11
1248,0.3466666666666575,393,71,1.5744443155554163e-06,0.009487881052716094,4.492500000000358e-11
1249,0.3469444444444353,393,71,1.5740961519533299e-06,0.009487353948213166,4.5010000000003595e-11
1250,0.34722222222221305,393,71,1.5737421831114546e-06,0.009486826872993822,4.50975000000036e-11
1251,0.3474999999999908,393,71,1.573375950757721e-06,0.009486299827056432,4.5182500000003614e-11
1252,0.3477777777777686,393,71,1.5730165217349441e-06,0.009485772810399374,4.5267500000003626e-11
1253,0.34805555555554635,393,71,1.5726653377067731e-06,0.00948524582302102,4.5347500000003633e-11
1254,0.3483333333333241,394,71,1.5723237914063153e-06,0.00948471886491974,4.542500000000364e-11
1255,0.3486111111111019,394,71,1.5719718011169617e-06,0.009484191936093914,4.550500000000366e-11
1256,0.34888888888887964,394,71,1.571619182336135e-06,0.009483665036541907,4.558500000000366e-11
1257,0.3491666666666574,394,71,1.571269146750811e-06,0.009483138166262098,4.567000000000367e-11
1258,0.3494444444444352,394,71,1.5709147171395508e-06,0.009482611325252865,4.5755000000003685e-11
1259,0.34972222222221294,394,71,1.5705609413120862e-06,0.009482084513512573,4.58425000000037e-11
1260,0.3499999999999907,393,72,1.570196044652863e-06,0.0094815577310396,4.59250000000037e-11
1261,0.3502777777777685,393,72,1.569850124582537e-06,0.009481030977832318,4.600750000000372e-11
1262,0.35055555555554624,393,72,1.5694926315111793e-06,0.009480504253889107,4.609250000000373e-11
1263,0.350833333333324,393,72,1.5691295925376537e-06,0.009479977559208335,4.6180000000003744e-11
1264,0.35111111111110177,392,73,1.5687780830415607e-06,0.009479450893788379,4.626750000000375e-11
1265,0.35138888888887954,392,73,1.5684364210039613e-06,0.009478924257627613,4.635500000000376e-11
1266,0.3516666666666573,392,73,1.568086962727121e-06,0.009478397650724413,4.644000000000378e-11
1267,0.35194444444443507,392,73,1.5677279209313063e-06,0.00947787107307715,4.652250000000378e-11
1268,0.35222222222221283,392,73,1.5673761407841588e-06,0.009477344524684201,4.66050000000038e-11
1269,0.3524999999999906,392,73,1.5670331779744627e-06,0.009476818005543942,4.6687500000003807e-11
1270,0.35277777777776836,392,73,1.5666797699445353e-06,0.009476291515654746,4.677000000000382e-11
1271,0.35305555555554613,392,73,1.56633348787902e-06,0.009475765055014988,4.6852500000003826e-11
1272,0.3533333333333239,392,73,1.5659788030589514e-06,0.009475238623623043,4.6937500000003845e-11
1273,0.35361111111110166,392,73,1.5656320214879438e-06,0.009474712221477286,4.702250000000385e-11
1274,0.3538888888888794,392,73,1.5652784265398983e-06,0.009474185848576093,4.710750000000386e-11
1275,0.3541666666666572,392,73,1.5649289254466638e-06,0.009473659504917839,4.719500000000387e-11
1276,0.35444444444443496,390,75,1.5645709998197061e-06,0.0094731331905009,4.728250000000388e-11
1277,0.3547222222222127,390,75,1.564205865712733e-06,0.00947260690532365,4.73725000000039e-11
1278,0.3549999999999905,390,75,1.5638498101720625e-06,0.009472080649384467,4.7460000000003907e-11
1279,0.35527777777776826,391,75,1.5634932436050277e-06,0.009471554422681723,4.7547500000003914e-11
1280,0.355555555555546,391,75,1.563136241484987e-06,0.009471028225213797,4.763500000000393e-11
1281,0.3558333333333238,391,75,1.562785165806218e-06,0.009470502056979064,4.772250000000394e-11
1282,0.35611111111110155,391,75,1.5624323789509336e-06,0.009469975917975897,4.780750000000395e-11
1283,0.3563888888888793,391,75,1.5620766147931434e-06,0.009469449808202676,4.7892500000003966e-11
1284,0.3566666666666571,391,75,1.5617200514062186e-06,0.009468923727657778,4.797750000000398e-11
1285,0.35694444444443485,391,75,1.5613551075021144e-06,0.009468397676339573,4.806250000000399e-11
1286,0.3572222222222126,391,75,1.5609909636849838e-06,0.009467871654246446,4.8150000000004e-11
1287,0.3574999999999904,391,75,1.5606248520156526e-06,0.009467345661376764,4.8237500000004e-11
1288,0.35777777777776815,391,75,1.5602698848559297e-06,0.00946681969772891,4.832750000000401e-11
1289,0.3580555555555459,390,76,1.5599120015752644e-06,0.009466293763301258,4.8417500000004023e-11
1290,0.3583333333333237,390,76,1.559546146425282e-06,0.009465767858092188,4.8505000000004044e-11
1291,0.35861111111110144,390,76,1.5591905432140039e-06,0.00946524198210007,4.8592500000004045e-11
1292,0.3588888888888792,390,76,1.5588226491423177e-06,0.009464716135323287,4.868250000000407e-11
1293,0.359166666666657,390,76,1.55846124478665e-06,0.009464190317760213,4.8770000000004075e-11
1294,0.35944444444443474,390,76,1.5581005923741853e-06,0.009463664529409228,4.8860000000004084e-11
1295,0.3597222222222125,389,77,1.5577416449782396e-06,0.009463138770268706,4.8950000000004094e-11
1296,0.35999999999999027,389,77,1.5573802755872088e-06,0.009462613040337025,4.90375000000041e-11
1297,0.36027777777776804,391,77,1.5570232646731002e-06,0.009462087339612561,4.912750000000412e-11
1298,0.3605555555555458,390,78,1.5566619379566741e-06,0.009461561668093695,4.9220000000004135e-11
1299,0.36083333333332357,390,78,1.5563029026569193e-06,0.009461036025778802,4.9312500000004147e-11
1300,0.36111111111110133,390,78,1.5559385628756427e-06,0.009460510412666259,4.940250000000415e-11
1301,0.3613888888888791,390,78,1.5555870955923516e-06,0.009459984828754443,4.9490000000004164e-11
1302,0.36166666666665687,390,78,1.5552196250801516e-06,0.009459459274041737,4.957750000000418e-11
1303,0.36194444444443463,390,78,1.5548654453172698e-06,0.009458933748526513,4.96650000000042e-11
1304,0.3622222222222124,390,78,1.5545094824408739e-06,0.00945840825220715,4.97525000000042e-11
1305,0.36249999999999016,390,78,1.5541641150151323e-06,0.009457882785082026,4.984000000000421e-11
1306,0.36277777777776793,390,78,1.5538009314407283e-06,0.009457357347149522,4.992750000000422e-11
1307,0.3630555555555457,391,78,1.5534458614635395e-06,0.009456831938408015,5.001500000000425e-11
1308,0.36333333333332346,391,78,1.5530793571753235e-06,0.009456306558855881,5.010250000000425e-11
1309,0.3636111111111012,391,78,1.5527228613538262e-06,0.009455781208491502,5.0190000000004255e-11
1310,0.363888888888879,391,78,1.5523710830458876e-06,0.009455255887313253,5.027750000000428e-11
1311,0.36416666666665676,391,78,1.55202300205188e-06,0.009454730595319512,5.0365000000004283e-11
1312,0.3644444444444345,391,78,1.551671994695757e-06,0.009454205332508661,5.045250000000429e-11
1313,0.3647222222222123,391,78,1.5513100488436426e-06,0.009453680098879078,5.054000000000429e-11
1314,0.36499999999999005,391,78,1.5509623235404734e-06,0.009453154894429142,5.0627500000004325e-11
1315,0.3652777777777678,391,78,1.5506069975824047e-06,0.00945262971915723,5.0712500000004324e-11
1316,0.3655555555555456,391,78,1.550254567362938e-06,0.00945210457306172,5.079250000000434e-11
1317,0.36583333333332335,391,78,1.549903378650572e-06,0.009451579456140993,5.0875000000004354e-11
1318,0.3661111111111011,390,79,1.5495458780931013e-06,0.00945105436839343,5.0960000000004366e-11
1319,0.3663888888888789,390,79,1.5491966568281997e-06,0.009450529309817409,5.104750000000437e-11
1320,0.36666666666665665,390,79,1.5488384718607464e-06,0.009450004280411308,5.1135000000004394e-11
1321,0.3669444444444344,390,79,1.5484896181165626e-06,0.00944947928017351,5.12225000000044e-11
1322,0.3672222222222122,390,79,1.5481394832548066e-06,0.00944895430910239,5.130500000000442e-11
1323,0.36749999999998995,390,79,1.547789506362407e-06,0.009448429367196327,5.138500000000442e-11
1324,0.3677777777777677,390,79,1.5474355807326853e-06,0.009447904454453706,5.1467500000004435e-11
1325,0.3680555555555455,390,79,1.5470750285706465e-06,0.009447379570872905,5.154750000000446e-11
1326,0.36833333333332324,390,79,1.546715175062969e-06,0.0094468547164523,5.162500000000446e-11
1327,0.368611111111101,390,79,1.5463580976007599e-06,0.009446329891190276,5.170750000000447e-11
1328,0.3688888888888788,390,79,1.5460051752312334e-06,0.009445805095085209,5.179750000000448e-11
1329,0.36916666666665654,388,81,1.5456458567361487e-06,0.009445280328135481,5.1887500000004484e-11
1330,0.3694444444444343,389,81,1.54528483564931e-06,0.009444755590339476,5.197750000000451e-11
1331,0.36972222222221207,389,81,1.5449188744259588e-06,0.009444230881695569,5.206500000000453e-11
1332,0.36999999999998984,389,81,1.5445664325032943e-06,0.00944370620220214,5.215250000000453e-11
1333,0.3702777777777676,389,81,1.5442072618541541e-06,0.009443181551857575,5.2242500000004544e-11
1334,0.37055555555554537,389,81,1.5438559757908404e-06,0.009442656930660251,5.233250000000456e-11
1335,0.37083333333332313,389,81,1.5434919200339557e-06,0.009442132338608548,5.242250000000457e-11
1336,0.3711111111111009,389,81,1.5431394315671067e-06,0.009441607775700847,5.2512500000004585e-11
1337,0.37138888888887867,389,81,1.5427959853006923e-06,0.00944108324193553,5.2602500000004595e-11
1338,0.37166666666665643,389,81,1.5424433498509184e-06,0.009440558737310978,5.2695000000004606e-11
1339,0.3719444444444342,389,82,1.5420850108529769e-06,0.009440034261825572,5.2787500000004605e-11
1340,0.37222222222221196,389,82,1.5417280575117932e-06,0.009439509815477693,5.2877500000004634e-11
1341,0.37249999999998973,389,82,1.5413817433658667e-06,0.009438985398265723,5.2970000000004645e-11
1342,0.3727777777777675,388,83,1.5410362592596015e-06,0.009438461010188042,5.3065000000004646e-11
1343,0.37305555555554526,388,83,1.5406821924354276e-06,0.009437936651243033,5.316000000000467e-11
1344,0.373333333333323,388,83,1.5403365694551278e-06,0.009437412321429074,5.3255000000004686e-11
1345,0.3736111111111008,388,84,1.5399941879039644e-06,0.009436888020744551,5.335250000000469e-11
1346,0.37388888888887856,387,85,1.5396425848448859e-06,0.009436363749187842,5.3450000000004705e-11
1347,0.3741666666666563,387,85,1.5392852970739936e-06,0.009435839506757332,5.3547500000004714e-11
1348,0.3744444444444341,387,85,1.5389456843194215e-06,0.009435315293451403,5.364750000000473e-11
1349,0.37472222222221185,387,86,1.538608039566721e-06,0.009434791109268434,5.374750000000474e-11
1350,0.3749999999999896,387,86,1.5382664731307086e-06,0.00943426695420681,5.384750000000476e-11
1351,0.3752777777777674,387,86,1.5379275710662815e-06,0.009433742828264908,5.3945000000004764e-11
1352,0.37555555555554515,387,86,1.5375907820409845e-06,0.009433218731441118,5.404250000000477e-11
1353,0.3758333333333229,387,86,1.5372506633549303e-06,0.009432694663733813,5.413750000000479e-11
1354,0.3761111111111007,387,86,1.5368987212315396e-06,0.009432170625141385,5.42350000000048e-11
1355,0.37638888888887845,386,87,1.5365414578744516e-06,0.00943164661566221,5.433250000000482e-11
1356,0.3766666666666562,386,87,1.5361811733120865e-06,0.009431122635294673,5.443250000000482e-11
1357,0.376944444444434,385,88,1.5358475730841668e-06,0.009430598684037157,5.4532500000004853e-11
1358,0.37722222222221174,385,88,1.5354995206566038e-06,0.009430074761888044,5.4630000000004856e-11
1359,0.3774999999999895,385,88,1.5351602034374744e-06,0.009429550868845718,5.472750000000487e-11
1360,0.3777777777777673,385,88,1.5348187032331597e-06,0.00942902700490856,5.482500000000488e-11
1361,0.37805555555554504,386,88,1.5344635148000183e-06,0.009428503170074952,5.491750000000489e-11
1362,0.3783333333333228,386,88,1.534108605988125e-06,0.009427979364343284,5.5010000000004904e-11
1363,0.3786111111111006,386,88,1.5337574759110032e-06,0.009427455587711932,5.5105000000004924e-11
1364,0.37888888888887834,386,88,1.5334056728150691e-06,0.009426931840179282,5.520500000000493e-11
1365,0.3791666666666561,385,89,1.533043218546423e-06,0.009426408121743717,5.530000000000495e-11
1366,0.37944444444443387,385,89,1.5326981503142653e-06,0.009425884432403619,5.5392500000004974e-11
1367,0.37972222222221164,385,89,1.5323452190552077e-06,0.009425360772157375,5.548750000000497e-11
1368,0.3799999999999894,385,89,1.5319997403644959e-06,0.009424837141003367,5.5585000000004984e-11
1369,0.38027777777776717,385,89,1.5316491648069142e-06,0.009424313538939976,5.5682500000005006e-11
1370,0.38055555555554493,385,89,1.5313011830170593e-06,0.009423789965965592,5.577750000000501e-11
1371,0.3808333333333227,385,89,1.5309403714251007e-06,0.009423266422078594,5.587250000000502e-11
1372,0.38111111111110046,385,89,1.5305938841392036e-06,0.009422742907277367,5.596500000000505e-11
1373,0.38138888888887823,385,89,1.5302425510435077e-06,0.009422219421560296,5.605500000000507e-11
1374,0.381666666666656,385,89,1.5298969188778567e-06,0.009421695964925767,5.6150000000005074e-11
1375,0.38194444444443376,385,89,1.5295496489597944e-06,0.009421172537372161,5.624500000000508e-11
1376,0.3822222222222115,386,89,1.5291924842065767e-06,0.009420649138897862,5.63425000000051e-11
1377,0.3824999999999893,385,90,1.5288353733151892e-06,0.009420125769501258,5.643750000000511e-11
1378,0.38277777777776706,386,90,1.5284843137949046e-06,0.009419602429180728,5.6535000000005113e-11
1379,0.3830555555555448,385,91,1.5281390385747218e-06,0.009419079117934664,5.6632500000005136e-11
1380,0.3833333333333226,385,91,1.5277925811390425e-06,0.009418555835761445,5.673000000000515e-11
1381,0.38361111111110036,385,91,1.5274323187764674e-06,0.00941803258265946,5.682250000000516e-11
1382,0.3838888888888781,384,92,1.5270878595278149e-06,0.009417509358627089,5.691250000000517e-11
1383,0.3841666666666559,384,92,1.5267403515509031e-06,0.009416986163662721,5.7002500000005175e-11
1384,0.38444444444443365,384,92,1.5263807639706867e-06,0.009416462997764741,5.7097500000005196e-11
1385,0.3847222222222114,384,92,1.5260365883018216e-06,0.00941593986093153,5.719000000000521e-11
1386,0.3849999999999892,385,92,1.5256788772003176e-06,0.009415416753161479,5.728500000000523e-11
1387,0.38527777777776695,385,92,1.525321090187432e-06,0.009414893674452971,5.7377500000005245e-11
1388,0.3855555555555447,385,92,1.5249596088051258e-06,0.00941437062480439,5.746750000000524e-11
1389,0.3858333333333225,384,93,1.524610111987482e-06,0.009413847604214124,5.7560000000005266e-11
1390,0.38611111111110025,384,93,1.5242668963022518e-06,0.009413324612680556,5.766000000000527e-11
1391,0.386388888888878,383,94,1.5239134186877625e-06,0.009412801650202076,5.7760000000005295e-11
1392,0.3866666666666558,383,94,1.523569229327713e-06,0.009412278716777064,5.786000000000531e-11
1393,0.38694444444443354,383,94,1.523217424694335e-06,0.00941175581240391,5.796000000000532e-11
1394,0.3872222222222113,383,94,1.5228626937785115e-06,0.009411232937080998,5.806000000000535e-11
1395,0.3874999999999891,383,94,1.522521015737449e-06,0.009410710090806716,5.816000000000534e-11
1396,0.38777777777776684,383,94,1.5221709132509475e-06,0.00941018727357945,5.826000000000536e-11
1397,0.3880555555555446,383,94,1.5218148325133608e-06,0.009409664485397587,5.836250000000538e-11
1398,0.3883333333333224,382,95,1.5214649561592002e-06,0.009409141726259507,5.846500000000539e-11
1399,0.38861111111110014,382,95,1.5211007318057858e-06,0.009408618996163605,5.85675000000054e-11
1400,0.3888888888888779,382,95,1.5207561092698793e-06,0.009408096295108262,5.867000000000542e-11
1401,0.38916666666665567,382,95,1.5204095280590044e-06,0.009407573623091869,5.877500000000543e-11
1402,0.38944444444443344,382,95,1.5200737314675609e-06,0.00940705098011281,5.888000000000544e-11
1403,0.3897222222222112,381,96,1.51972057542589e-06,0.009406528366169467,5.898500000000546e-11
1404,0.38999999999998897,381,96,1.519373946643693e-06,0.009406005781260237,5.909250000000546e-11
1405,0.39027777777776673,380,97,1.519024452018056e-06,0.0094054832253835,5.920000000000548e-11
1406,0.3905555555555445,380,97,1.5186760342385715e-06,0.009404960698537647,5.930750000000551e-11
1407,0.39083333333332226,380,97,1.518327646721912e-06,0.009404438200721062,5.941500000000551e-11
1408,0.39111111111110003,380,97,1.51796839809111e-06,0.009403915731932133,5.952250000000552e-11
1409,0.3913888888888778,380,97,1.5176227591560416e-06,0.00940339329216925,5.963000000000554e-11
1410,0.39166666666665556,380,97,1.5172742962366868e-06,0.009402870881430794,5.973750000000555e-11
1411,0.3919444444444333,382,97,1.5169365015506288e-06,0.00940234849971516,5.984250000000558e-11
1412,0.3922222222222111,381,98,1.5165850325414903e-06,0.00940182614702073,5.995000000000558e-11
1413,0.39249999999998886,381,99,1.516241242606044e-06,0.009401303823345898,6.006000000000558e-11
1414,0.3927777777777666,381,99,1.5158965177546654e-06,0.009400781528689046,6.016750000000561e-11
1415,0.3930555555555444,381,99,1.515552082550815e-06,0.009400259263048561,6.027500000000563e-11
1416,0.39333333333332215,381,99,1.5152006924299754e-06,0.009399737026422838,6.037750000000564e-11
1417,0.3936111111110999,381,99,1.5148458561164143e-06,0.009399214818810259,6.048000000000564e-11
1418,0.3938888888888777,381,99,1.5144854343695086e-06,0.009398692640209216,6.058500000000566e-11
1419,0.39416666666665545,381,99,1.5141333895453665e-06,0.009398170490618089,6.069000000000569e-11
1420,0.3944444444444332,381,99,1.5137836787510363e-06,0.009397648370035282,6.07925000000057e-11
1421,0.394722222222211,381,99,1.5134440164222379e-06,0.00939712627845917,6.08950000000057e-11
1422,0.39499999999998875,380,100,1.5131013678253715e-06,0.009396604215888142,6.099750000000573e-11
1423,0.3952777777777665,380,100,1.512746132102974e-06,0.009396082182320593,6.110000000000573e-11
1424,0.3955555555555443,380,100,1.5123982301672685e-06,0.009395560177754909,6.120250000000575e-11
1425,0.39583333333332205,380,100,1.5120433316852165e-06,0.009395038202189477,6.130750000000575e-11
1426,0.3961111111110998,380,100,1.5116929693211975e-06,0.009394516255622688,6.141500000000577e-11
1427,0.3963888888888776,380,100,1.5113486240289931e-06,0.009393994338052934,6.15225000000058e-11
1428,0.39666666666665534,380,100,1.5109980626963835e-06,0.009393472449478598,6.162500000000581e-11
1429,0.3969444444444331,380,100,1.5106406203151508e-06,0.009392950589898072,6.172750000000582e-11
1430,0.3972222222222109,380,100,1.5102912251446391e-06,0.009392428759309745,6.183000000000584e-11
1431,0.39749999999998864,380,100,1.5099399400641811e-06,0.009391906957712004,6.193250000000585e-11
1432,0.3977777777777664,380,100,1.5095870306788256e-06,0.009391385185103246,6.203500000000586e-11
1433,0.39805555555554417,380,100,1.5092323150793711e-06,0.009390863441481849,6.213500000000588e-11
1434,0.39833333333332194,380,100,1.5088792651899505e-06,0.009390341726846212,6.22325000000059e-11
1435,0.3986111111110997,380,100,1.5085297640519066e-06,0.009389820041194718,6.233000000000591e-11
1436,0.39888888888887747,380,100,1.5081803683395414e-06,0.009389298384525766,6.242750000000593e-11
1437,0.39916666666665523,381,100,1.5078349668539494e-06,0.009388776756837736,6.252500000000593e-11
1438,0.399444444444433,380,101,1.5074966172641484e-06,0.009388255158129024,6.262000000000596e-11
1439,0.39972222222221077,380,101,1.507141877708879e-06,0.009387733588398017,6.272000000000598e-11
1440,0.39999999999998853,380,101,1.5067800648445537e-06,0.009387212047643107,6.282000000000597e-11
1441,0.4002777777777663,380,101,1.5064258199281817e-06,0.00938669053586268,6.2920000000006e-11
1442,0.40055555555554406,380,101,1.5060809286224584e-06,0.009386169053055135,6.3017500000006e-11
1443,0.40083333333332183,380,101,1.505721075203988e-06,0.009385647599218854,6.311500000000603e-11
1444,0.4011111111110996,380,101,1.5053703797843293e-06,0.009385126174352231,6.321250000000605e-11
1445,0.40138888888887736,380,101,1.5050196476408408e-06,0.009384604778453655,6.331250000000606e-11
1446,0.4016666666666551,380,101,1.5046762824985758e-06,0.009384083411521518,6.341250000000607e-11
1447,0.4019444444444329,380,101,1.504324156030824e-06,0.009383562073554213,6.351000000000607e-11
1448,0.40222222222221066,380,101,1.5039711529276613e-06,0.009383040764550127,6.360750000000609e-11
1449,0.4024999999999884,381,101,1.503611622503042e-06,0.009382519484507653,6.37100000000061e-11
1450,0.4027777777777662,380,102,1.5032560166479018e-06,0.009381998233425181,6.381000000000612e-11
1451,0.40305555555554395,380,102,1.502906274621551e-06,0.009381477011301102,6.391000000000614e-11
1452,0.4033333333333217,380,102,1.502550901888509e-06,0.009380955818133805,6.401000000000616e-11
1453,0.4036111111110995,380,102,1.5022044603536348e-06,0.009380434653921688,6.411000000000618e-11
1454,0.40388888888887725,380,102,1.5018412470762558e-06,0.009379913518663137,6.42100000000062e-11
1455,0.404166666666655,380,102,1.5014869318600765e-06,0.009379392412356547,6.43100000000062e-11
1456,0.4044444444444328,379,103,1.5011425411741154e-06,0.009378871335000306,6.441000000000622e-11
1457,0.40472222222221055,379,103,1.500787613427192e-06,0.009378350286592802,6.451250000000624e-11
1458,0.4049999999999883,379,103,1.500437854685765e-06,0.009377829267132437,6.461750000000625e-11
1459,0.4052777777777661,379,103,1.5000895708119286e-06,0.0093773082766176,6.472000000000627e-11
1460,0.40555555555554385,379,103,1.4997426592430752e-06,0.009376787315046677,6.482250000000628e-11
1461,0.4058333333333216,379,103,1.4993923538938382e-06,0.009376266382418062,6.492750000000629e-11
1462,0.4061111111110994,379,103,1.4990359301587391e-06,0.00937574547873015,6.503250000000631e-11
1463,0.40638888888887714,379,103,1.4986784566572867e-06,0.009375224603981332,6.513750000000633e-11
1464,0.4066666666666549,379,103,1.4983300284157706e-06,0.00937470375817,6.524500000000634e-11
1465,0.4069444444444327,378,104,1.4979840582466152e-06,0.009374182941294546,6.535250000000635e-11
1466,0.40722222222221044,378,104,1.4976524483076601e-06,0.009373662153353364,6.546000000000637e-11
1467,0.4074999999999882,378,104,1.4973062894542577e-06,0.009373141394344843,6.556250000000638e-11
1468,0.40777777777776597,378,104,1.4969537298900667e-06,0.009372620664267382,6.566250000000642e-11
1469,0.40805555555554374,378,104,1.4966006266874673e-06,0.009372099963119367,6.576250000000641e-11
1470,0.4083333333333215,378,104,1.4962535292068356e-06,0.009371579290899193,6.586500000000642e-11
1471,0.40861111111109927,378,104,1.4959060946098256e-06,0.009371058647605257,6.596750000000645e-11
1472,0.40888888888887703,378,105,1.4955511032290207e-06,0.009370538033235945,6.607000000000647e-11
1473,0.4091666666666548,378,105,1.4952005528264958e-06,0.009370017447789652,6.617500000000647e-11
1474,0.40944444444443256,377,106,1.4948559799323854e-06,0.009369496891264777,6.628000000000649e-11
1475,0.40972222222221033,377,106,1.4945097085725954e-06,0.009368976363659708,6.63850000000065e-11
1476,0.4099999999999881,377,106,1.4941606595186486e-06,0.00936845586497284,6.649000000000652e-11
1477,0.41027777777776586,377,106,1.493812147720852e-06,0.00936793539520256,6.659500000000654e-11
1478,0.4105555555555436,377,106,1.4934601519657367e-06,0.009367414954347272,6.669750000000656e-11
1479,0.4108333333333214,377,106,1.4931139885881632e-06,0.009366894542405364,6.680000000000657e-11
1480,0.41111111111109916,377,106,1.4927696634385527e-06,0.00936637415937523,6.690500000000658e-11
1481,0.4113888888888769,377,106,1.4924241653929996e-06,0.009365853805255267,6.70100000000066e-11
1482,0.4116666666666547,377,106,1.4920757747276605e-06,0.009365333480043862,6.711250000000661e-11
1483,0.41194444444443246,377,106,1.4917364793459436e-06,0.009364813183739414,6.721500000000664e-11
1484,0.4122222222222102,377,106,1.4913976227863764e-06,0.009364292916340321,6.731750000000665e-11
1485,0.412499999999988,378,106,1.4910561929656905e-06,0.009363772677844969,6.741750000000667e-11
1486,0.41277777777776575,378,106,1.4907223045194842e-06,0.009363252468251756,6.751750000000668e-11
1487,0.4130555555555435,378,106,1.4903754223159676e-06,0.009362732287559074,6.761500000000669e-11
1488,0.4133333333333213,378,106,1.490047295789871e-06,0.009362212135765323,6.771000000000671e-11
1489,0.41361111111109905,378,106,1.4897024300359051e-06,0.00936169201286889,6.780500000000673e-11
1490,0.4138888888888768,378,106,1.489343242167147e-06,0.009361171918868177,6.790000000000674e-11
1491,0.4141666666666546,378,106,1.4890060897657987e-06,0.009360651853761575,6.799250000000677e-11
1492,0.41444444444443235,378,106,1.4886630177172264e-06,0.009360131817547477,6.808250000000677e-11
1493,0.4147222222222101,378,106,1.4883186517777315e-06,0.009359611810224279,6.81775000000068e-11
1494,0.4149999999999879,378,106,1.4879747022621782e-06,0.009359091831790378,6.827250000000681e-11
1495,0.41527777777776564,378,106,1.4876322086326588e-06,0.009358571882244168,6.836500000000683e-11
1496,0.4155555555555434,378,106,1.487283472257272e-06,0.009358051961584042,6.845750000000683e-11
1497,0.4158333333333212,378,106,1.4869311570629002e-06,0.009357532069808399,6.855250000000684e-11
1498,0.41611111111109894,379,106,1.4865691542427745e-06,0.009357012206915634,6.864750000000687e-11
1499,0.4163888888888767,379,106,1.4862308973047064e-06,0.009356492372904137,6.874250000000688e-11
1500,0.4166666666666545,379,106,1.4858857960554933e-06,0.00935597256777231,6.88350000000069e-11
1501,0.41694444444443224,379,106,1.4855470993145502e-06,0.009355452791518545,6.892750000000692e-11
1502,0.41722222222221,380,106,1.485204743034668e-06,0.00935493304414124,6.902250000000695e-11
1503,0.41749999999998777,380,106,1.484863055756946e-06,0.009354413325638786,6.911500000000695e-11
1504,0.41777777777776554,380,106,1.4845179312416626e-06,0.009353893636009587,6.920750000000696e-11
1505,0.4180555555555433,380,106,1.4841701133678173e-06,0.009353373975252028,6.930000000000699e-11
1506,0.41833333333332107,380,106,1.4838303483509879e-06,0.009352854343364515,6.939250000000699e-11
1507,0.41861111111109883,380,106,1.4834875333439522e-06,0.009352334740345438,6.948500000000702e-11
1508,0.4188888888888766,380,106,1.483145688844451e-06,0.0093518151661932,6.957500000000702e-11
1509,0.41916666666665436,380,106,1.4827899386673514e-06,0.009351295620906188,6.966500000000704e-11
1510,0.41944444444443213,380,106,1.4824421009876629e-06,0.009350776104482804,6.975750000000706e-11
1511,0.4197222222222099,381,106,1.4820950100829123e-06,0.009350256616921444,6.985000000000707e-11
1512,0.41999999999998766,380,107,1.4817458507105804e-06,0.009349737158220505,6.99425000000071e-11
1513,0.4202777777777654,380,107,1.481389519486431e-06,0.009349217728378382,7.003250000000711e-11
1514,0.4205555555555432,380,107,1.4810488716424807e-06,0.009348698327393472,7.012250000000713e-11
1515,0.42083333333332096,380,107,1.4807003798546726e-06,0.009348178955264174,7.021250000000714e-11
1516,0.4211111111110987,380,107,1.4803484743700246e-06,0.009347659611988881,7.029250000000717e-11
1517,0.4213888888888765,380,107,1.4799962479331017e-06,0.009347140297565993,7.037500000000719e-11
1518,0.42166666666665426,380,107,1.4796496910331644e-06,0.009346621011993907,7.046250000000719e-11
1519,0.421944444444432,380,107,1.4793033478951486e-06,0.009346101755271017,7.05500000000072e-11
1520,0.4222222222222098,380,107,1.4789598071584713e-06,0.009345582527395724,7.063750000000723e-11
1521,0.42249999999998755,380,107,1.4786185555235909e-06,0.009345063328366427,7.072500000000724e-11
1522,0.4227777777777653,381,107,1.478261373613762e-06,0.009344544158181518,7.081250000000726e-11
1523,0.4230555555555431,382,107,1.4779178031513988e-06,0.009344025016839399,7.09025000000073e-11
1524,0.42333333333332085,382,107,1.4775619304430256e-06,0.009343505904338462,7.09925000000073e-11
1525,0.4236111111110986,383,107,1.477214835856157e-06,0.009342986820677109,7.108250000000731e-11
1526,0.4238888888888764,383,107,1.4768730771819957e-06,0.00934246776585374,7.117000000000733e-11
1527,0.42416666666665415,383,107,1.4765235928929796e-06,0.009341948739866749,7.125750000000735e-11
1528,0.4244444444444319,383,107,1.4761799104734242e-06,0.009341429742714532,7.135000000000736e-11
1529,0.4247222222222097,382,108,1.4758328464013372e-06,0.009340910774395493,7.144250000000739e-11
1530,0.42499999999998744,383,108,1.475484594111966e-06,0.009340391834908028,7.153750000000739e-11
1531,0.4252777777777652,382,109,1.4751389732120095e-06,0.009339872924250535,7.163250000000742e-11
1532,0.425555555555543,381,110,1.474794539862132e-06,0.009339354042421408,7.172750000000743e-11
1533,0.42583333333332074,381,110,1.4744581152629015e-06,0.009338835189419052,7.182500000000744e-11
1534,0.4261111111110985,381,110,1.4741088442152e-06,0.009338316365241864,7.192000000000744e-11
1535,0.42638888888887627,381,110,1.4737673714011742e-06,0.009337797569888237,7.201500000000748e-11
1536,0.42666666666665404,381,110,1.4734266989639769e-06,0.00933727880335658,7.211000000000749e-11
1537,0.4269444444444318,381,110,1.4730825059438123e-06,0.009336760065645279,7.220500000000751e-11
1538,0.42722222222220957,381,110,1.4727377461236361e-06,0.009336241356752747,7.230250000000753e-11
1539,0.42749999999998733,381,110,1.4723919412773027e-06,0.00933572267667737,7.240000000000755e-11
1540,0.4277777777777651,382,110,1.4720554303244962e-06,0.009335204025417555,7.249500000000758e-11
1541,0.42805555555554287,382,110,1.4717053652286664e-06,0.0093346854029717,7.258750000000758e-11
1542,0.42833333333332063,382,110,1.4713580887135437e-06,0.009334166809338202,7.268000000000759e-11
1543,0.4286111111110984,382,110,1.471006260574645e-06,0.009333648244515462,7.277500000000761e-11
1544,0.42888888888887616,383,110,1.4706587478984226e-06,0.009333129708501878,7.287000000000763e-11
1545,0.42916666666665393,383,110,1.4703048603892705e-06,0.00933261120129585,7.296750000000765e-11
1546,0.4294444444444317,383,110,1.4699473960281413e-06,0.009332092722895776,7.306250000000766e-11
1547,0.42972222222220946,383,110,1.4696041655433154e-06,0.009331574273300064,7.315750000000768e-11
1548,0.4299999999999872,383,110,1.4692504490317894e-06,0.0093310558525071,7.325000000000771e-11
1549,0.430277777777765,383,110,1.4688963232720718e-06,0.009330537460515294,7.33450000000077e-11
1550,0.43055555555554276,383,111,1.4685430839374051e-06,0.009330019097323044,7.344250000000773e-11
1551,0.4308333333333205,383,111,1.4682032427780193e-06,0.009329500762928749,7.354000000000775e-11
1552,0.4311111111110983,383,111,1.467861864766961e-06,0.00932898245733081,7.364000000000777e-11
1553,0.43138888888887605,383,111,1.4675260024845818e-06,0.009328464180527626,7.374000000000779e-11
1554,0.4316666666666538,383,111,1.4671700552601473e-06,0.009327945932517595,7.384000000000781e-11
1555,0.4319444444444316,383,111,1.466825997316131e-06,0.009327427713299122,7.393750000000782e-11
1556,0.43222222222220935,383,111,1.4664702126122068e-06,0.009326909522870604,7.403500000000784e-11
1557,0.4324999999999871,383,111,1.4661280829733133e-06,0.009326391361230446,7.413250000000786e-11
1558,0.4327777777777649,383,111,1.4657884885228717e-06,0.009325873228377045,7.423000000000787e-11
1559,0.43305555555554265,383,111,1.4654392717335674e-06,0.009325355124308802,7.433000000000789e-11
1560,0.4333333333333204,384,111,1.4650925406645594e-06,0.009324837049024115,7.442500000000791e-11
1561,0.4336111111110982,384,111,1.4647564422604776e-06,0.009324319002521396,7.452000000000791e-11
1562,0.43388888888887595,384,111,1.4644163714109587e-06,0.00932380098479903,7.461750000000792e-11
1563,0.4341666666666537,384,111,1.4640809008267428e-06,0.009323282995855432,7.471500000000796e-11
1564,0.4344444444444315,384,111,1.4637279894560225e-06,0.009322765035688999,7.481000000000797e-11
1565,0.43472222222220924,384,111,1.463372956737054e-06,0.009322247104298126,7.4907500000008e-11
1566,0.434999999999987,384,111,1.4630369527898013e-06,0.009321729201681221,7.5005000000008e-11
1567,0.4352777777777648,384,111,1.4626843061369693e-06,0.009321211327836683,7.509750000000803e-11
1568,0.43555555555554254,384,111,1.4623399401361337e-06,0.009320693482762916,7.518750000000803e-11
1569,0.4358333333333203,384,111,1.4619918616758317e-06,0.009320175666458319,7.528000000000806e-11
1570,0.43611111111109807,384,111,1.461635370205406e-06,0.009319657878921292,7.537500000000806e-11
1571,0.43638888888887584,384,111,1.4612843525452439e-06,0.009319140120150242,7.54725000000081e-11
1572,0.4366666666666536,384,111,1.4609347676231614e-06,0.009318622390143565,7.557250000000812e-11
1573,0.43694444444443137,384,111,1.4605772428874856e-06,0.00931810468889967,7.567250000000812e-11
1574,0.43722222222220913,384,111,1.4602248095701185e-06,0.009317587016416953,7.577250000000814e-11
1575,0.4374999999999869,384,111,1.4598673361215463e-06,0.00931706937269382,7.587000000000816e-11
1576,0.43777777777776467,384,111,1.459518637226122e-06,0.009316551757728669,7.596750000000818e-11
1577,0.43805555555554243,385,111,1.4591704063207792e-06,0.009316034171519908,7.606750000000821e-11
1578,0.4383333333333202,384,112,1.4588332330620412e-06,0.009315516614065936,7.616500000000824e-11
1579,0.43861111111109796,384,112,1.4584961719633118e-06,0.009314999085365155,7.626000000000824e-11
1580,0.43888888888887573,384,112,1.4581551333493846e-06,0.009314481585415969,7.635250000000827e-11
1581,0.4391666666666535,384,112,1.457813132359491e-06,0.00931396411421678,7.645000000000828e-11
1582,0.43944444444443126,384,112,1.4574721509459664e-06,0.009313446671765986,7.654500000000828e-11
1583,0.439722222222209,384,112,1.457123827185537e-06,0.009312929258062002,7.664000000000832e-11
1584,0.4399999999999868,384,112,1.4567818683954137e-06,0.009312411873103223,7.673750000000834e-11
1585,0.44027777777776456,384,112,1.4564276550329388e-06,0.009311894516888049,7.683750000000836e-11
1586,0.4405555555555423,383,113,1.4560821527881654e-06,0.009311377189414887,7.693500000000837e-11
1587,0.4408333333333201,383,113,1.4557370897692523e-06,0.009310859890682144,7.703250000000839e-11
1588,0.44111111111109785,384,113,1.4553959548208063e-06,0.009310342620688217,7.71300000000084e-11
1589,0.4413888888888756,384,113,1.4550372259520793e-06,0.009309825379431515,7.723000000000842e-11
1590,0.4416666666666534,383,114,1.454686353223057e-06,0.009309308166910434,7.732750000000842e-11
1591,0.44194444444443115,383,114,1.4543400199830143e-06,0.009308790983123382,7.742500000000846e-11
1592,0.4422222222222089,383,114,1.4539963655864096e-06,0.009308273828068765,7.752500000000848e-11
1593,0.4424999999999867,382,115,1.4536491015400975e-06,0.009307756701744985,7.762750000000849e-11
1594,0.44277777777776445,382,115,1.4533029979522845e-06,0.009307239604150443,7.773250000000851e-11
1595,0.4430555555555422,382,115,1.4529600355535723e-06,0.009306722535283547,7.784000000000854e-11
1596,0.44333333333332,382,116,1.4526159856054817e-06,0.009306205495142697,7.794750000000853e-11
1597,0.44361111111109774,382,116,1.4522682687539753e-06,0.009305688483726302,7.805250000000856e-11
1598,0.4438888888888755,382,116,1.4519207008704686e-06,0.009305171501032763,7.815750000000859e-11
1599,0.4441666666666533,382,116,1.4515727346392185e-06,0.009304654547060481,7.82650000000086e-11
1600,0.44444444444443104,383,116,1.4512287195532187e-06,0.009304137621807868,7.837250000000861e-11
1601,0.4447222222222088,383,116,1.4508926372199406e-06,0.009303620725273323,7.848250000000864e-11
1602,0.4449999999999866,382,117,1.4505486618752459e-06,0.009303103857455253,7.859500000000866e-11
1603,0.44527777777776434,381,118,1.4502141200938405e-06,0.00930258701835206,7.870750000000866e-11
1604,0.4455555555555421,381,118,1.4498719368563818e-06,0.009302070207962152,7.882000000000869e-11
1605,0.44583333333331987,381,118,1.4495270504492706e-06,0.009301553426283932,7.893250000000871e-11
1606,0.44611111111109764,381,118,1.4491783653459156e-06,0.009301036673315808,7.904500000000872e-11
1607,0.4463888888888754,381,118,1.4488332808147218e-06,0.009300519949056178,7.915750000000874e-11
1608,0.44666666666665317,381,118,1.4484901950459751e-06,0.009300003253503454,7.927000000000876e-11
1609,0.44694444444443093,381,118,1.4481531739130533e-06,0.009299486586656037,7.938250000000877e-11
1610,0.4472222222222087,381,118,1.4478144296574673e-06,0.009298969948512332,7.949500000000881e-11
1611,0.44749999999998646,381,118,1.4474700210765113e-06,0.00929845333907075,7.960750000000882e-11
1612,0.44777777777776423,381,118,1.4471204846154872e-06,0.009297936758329689,7.972000000000882e-11
1613,0.448055555555542,381,118,1.4467713738656894e-06,0.00929742020628756,7.983250000000886e-11
1614,0.44833333333331976,381,118,1.4464251167103043e-06,0.009296903682942769,7.994250000000887e-11
1615,0.4486111111110975,382,118,1.446082718994097e-06,0.009296387188293714,8.00525000000089e-11
1616,0.4488888888888753,382,118,1.4457401822688439e-06,0.009295870722338812,8.016250000000891e-11
1617,0.44916666666665306,382,118,1.4453984846700642e-06,0.009295354285076461,8.027250000000892e-11
1618,0.4494444444444308,382,118,1.4450545595950791e-06,0.009294837876505067,8.038000000000895e-11
1619,0.4497222222222086,383,118,1.4447086310064338e-06,0.00929432149662304,8.048750000000896e-11
1620,0.44999999999998636,383,118,1.4443804759302132e-06,0.009293805145428782,8.059500000000899e-11
1621,0.4502777777777641,383,118,1.4440381775208784e-06,0.009293288822920702,8.070250000000901e-11
1622,0.4505555555555419,383,118,1.4436906585584618e-06,0.009292772529097208,8.081000000000902e-11
1623,0.45083333333331965,384,118,1.4433457822356887e-06,0.009292256263956702,8.091750000000904e-11
1624,0.4511111111110974,384,118,1.4430037395519998e-06,0.009291740027497594,8.102500000000905e-11
1625,0.4513888888888752,383,119,1.4426552400951189e-06,0.00929122381971829,8.113250000000909e-11
1626,0.45166666666665295,383,119,1.442300669258639e-06,0.009290707640617192,8.124250000000909e-11
1627,0.4519444444444307,383,119,1.4419482210128847e-06,0.009290191490192714,8.135250000000912e-11
1628,0.4522222222222085,383,119,1.4416089334701685e-06,0.009289675368443261,8.146250000000913e-11
1629,0.45249999999998625,383,119,1.441259723865393e-06,0.009289159275367236,8.156750000000915e-11
1630,0.452777777777764,383,119,1.4409234653378166e-06,0.00928864321096305,8.167250000000917e-11
1631,0.4530555555555418,383,119,1.4405825359972188e-06,0.009288127175229107,8.17825000000092e-11
1632,0.45333333333331954,383,119,1.4402354593799408e-06,0.009287611168163816,8.18925000000092e-11
1633,0.4536111111110973,384,119,1.439882021237639e-06,0.009287095189765587,8.200250000000921e-11
1634,0.4538888888888751,384,119,1.4395385096111882e-06,0.009286579240032821,8.211250000000925e-11
1635,0.45416666666665284,384,119,1.4391928296546498e-06,0.009286063318963932,8.221750000000925e-11
1636,0.4544444444444306,384,119,1.4388396142214828e-06,0.009285547426557324,8.23225000000093e-11
1637,0.45472222222220837,384,119,1.4384974622606348e-06,0.009285031562811404,8.242500000000931e-11
1638,0.45499999999998614,384,119,1.4381578817523262e-06,0.009284515727724579,8.252750000000933e-11
1639,0.4552777777777639,384,119,1.437807887313292e-06,0.009283999921295262,8.263250000000933e-11
1640,0.45555555555554167,384,119,1.4374657674520507e-06,0.009283484143521856,8.274000000000936e-11
1641,0.45583333333331943,383,120,1.4371291270572809e-06,0.009282968394402773,8.284750000000939e-11
1642,0.4561111111110972,383,120,1.436787199203044e-06,0.009282452673936417,8.295250000000941e-11
1643,0.45638888888887497,383,120,1.4364401377926339e-06,0.0092819369821212,8.305750000000942e-11
1644,0.45666666666665273,383,120,1.4360957675203924e-06,0.009281421318955527,8.316500000000944e-11
1645,0.4569444444444305,383,120,1.4357540147017667e-06,0.00928090568443781,8.327250000000947e-11
1646,0.45722222222220826,384,120,1.4354097915229159e-06,0.00928039007856645,8.337750000000949e-11
1647,0.45749999999998603,384,120,1.4350654772909383e-06,0.009279874501339862,8.34825000000095e-11
1648,0.4577777777777638,384,120,1.434725909235182e-06,0.009279358952756457,8.358750000000952e-11
1649,0.45805555555554156,383,121,1.4343834514887854e-06,0.009278843432814637,8.369250000000953e-11
1650,0.4583333333333193,383,121,1.4340349247670898e-06,0.009278327941512813,8.379750000000955e-11
1651,0.4586111111110971,383,121,1.4336899451660803e-06,0.009277812478849397,8.390250000000958e-11
1652,0.45888888888887486,383,121,1.43334386380145e-06,0.009277297044822795,8.40075000000096e-11
1653,0.4591666666666526,383,121,1.4330042368275457e-06,0.009276781639431415,8.411250000000962e-11
1654,0.4594444444444304,384,121,1.432653659765514e-06,0.00927626626267367,8.421500000000965e-11
1655,0.45972222222220815,384,121,1.432305560103272e-06,0.009275750914547964,8.431750000000966e-11
1656,0.4599999999999859,384,121,1.4319614068584882e-06,0.009275235595052713,8.442250000000967e-11
1657,0.4602777777777637,384,121,1.431618399157711e-06,0.009274720304186322,8.452750000000972e-11
1658,0.46055555555554145,383,122,1.4312757826617625e-06,0.009274205041947202,8.463250000000972e-11
1659,0.4608333333333192,383,122,1.430924500691997e-06,0.00927368980833376,8.473750000000973e-11
1660,0.461111111111097,383,122,1.4305761545514413e-06,0.009273174603344408,8.484250000000977e-11
1661,0.46138888888887475,384,122,1.4302228610672037e-06,0.009272659426977555,8.494750000000979e-11
1662,0.4616666666666525,384,122,1.429870362587323e-06,0.009272144279231615,8.50525000000098e-11
1663,0.4619444444444303,384,122,1.4295187109286775e-06,0.00927162916010499,8.515750000000982e-11
1664,0.46222222222220805,384,122,1.4291816279644111e-06,0.009271114069596095,8.526250000000983e-11
1665,0.4624999999999858,384,122,1.428827711175818e-06,0.00927059900770334,8.536750000000985e-11
1666,0.4627777777777636,384,122,1.4284812652524729e-06,0.009270083974425134,8.547250000000989e-11
1667,0.46305555555554134,384,122,1.4281327152066762e-06,0.009269568969759888,8.55775000000099e-11
1668,0.4633333333333191,384,122,1.4277797782319132e-06,0.009269053993706013,8.568250000000992e-11
1669,0.4636111111110969,384,122,1.4274437537933602e-06,0.009268539046261919,8.578750000000994e-11
1670,0.46388888888887464,385,122,1.4270895653417045e-06,0.009268024127426016,8.589250000000995e-11
1671,0.4641666666666524,385,122,1.4267369604778058e-06,0.009267509237196714,8.599500000000997e-11
1672,0.46444444444443017,386,122,1.4263871954682458e-06,0.009266994375572426,8.610000000001001e-11
1673,0.46472222222220794,385,123,1.4260343180676095e-06,0.009266479542551562,8.620750000001001e-11
1674,0.4649999999999857,385,123,1.4256782686716977e-06,0.00926596473813253,8.631500000001002e-11
1675,0.46527777777776347,385,123,1.4253329620470587e-06,0.009265449962313745,8.642250000001006e-11
1676,0.46555555555554123,385,123,1.4249925037587051e-06,0.009264935215093617,8.653000000001008e-11
1677,0.465833333333319,385,123,1.4246429320868823e-06,0.009264420496470558,8.663500000001011e-11
1678,0.46611111111109677,385,123,1.4242947439289302e-06,0.009263905806442976,8.674000000001012e-11
1679,0.46638888888887453,385,123,1.4239376107266415e-06,0.009263391145009283,8.684500000001014e-11
1680,0.4666666666666523,385,123,1.4235877369862223e-06,0.009262876512167896,8.695000000001017e-11
1681,0.46694444444443006,385,123,1.4232472424236281e-06,0.00926236190791722,8.70500000000102e-11
1682,0.46722222222220783,385,123,1.4229040559987308e-06,0.009261847332255671,8.71500000000102e-11
1683,0.4674999999999856,385,123,1.4225628950827008e-06,0.009261332785181658,8.725250000001023e-11
1684,0.46777777777776336,385,123,1.4222087112912257e-06,0.00926081826669359,8.735750000001025e-11
1685,0.4680555555555411,385,123,1.421873123114719e-06,0.009260303776789885,8.746250000001027e-11
1686,0.4683333333333189,385,123,1.4215212784163825e-06,0.009259789315468954,8.757000000001029e-11
1687,0.46861111111109666,384,124,1.4211784187196048e-06,0.009259274882729207,8.767750000001031e-11
1688,0.4688888888888744,384,124,1.4208476617719962e-06,0.009258760478569054,8.778000000001033e-11
1689,0.4691666666666522,384,124,1.4204966796738523e-06,0.009258246102986912,8.788250000001035e-11
1690,0.46944444444442995,384,124,1.4201699525637017e-06,0.009257731755981193,8.798500000001037e-11
1691,0.4697222222222077,384,124,1.4198258289467845e-06,0.009257217437550301,8.808750000001039e-11
1692,0.4699999999999855,384,124,1.419480600191331e-06,0.009256703147692662,8.81925000000104e-11
1693,0.47027777777776325,383,125,1.4191419955947978e-06,0.009256188886406681,8.829500000001042e-11
1694,0.470555555555541,383,125,1.4188003691361754e-06,0.009255674653690768,8.839750000001043e-11
1695,0.4708333333333188,383,125,1.418456139375185e-06,0.00925516044954334,8.850000000001046e-11
1696,0.47111111111109655,384,125,1.4181149280677389e-06,0.009254646273962813,8.86050000000105e-11
1697,0.4713888888888743,384,125,1.4177714334294589e-06,0.009254132126947591,8.87100000000105e-11
1698,0.4716666666666521,384,125,1.4174285792043948e-06,0.009253618008496094,8.881250000001053e-11
1699,0.47194444444442984,384,125,1.4170883654657637e-06,0.009253103918606736,8.891500000001054e-11
1700,0.4722222222222076,384,125,1.4167488377915651e-06,0.009252589857277924,8.901750000001057e-11
1701,0.4724999999999854,384,125,1.416398845681463e-06,0.009252075824508075,8.911750000001059e-11
1702,0.47277777777776314,384,125,1.416057655427209e-06,0.0092515618202956,8.92175000000106e-11
1703,0.4730555555555409,384,125,1.4157052978074141e-06,0.00925104784463892,8.931500000001063e-11
1704,0.4733333333333187,384,125,1.4153487565746448e-06,0.00925053389753644,8.941000000001065e-11
1705,0.47361111111109644,384,125,1.4149976831945556e-06,0.009250019978986578,8.950250000001067e-11
1706,0.4738888888888742,384,125,1.4146533907763416e-06,0.009249506088987745,8.959500000001069e-11
1707,0.47416666666665197,384,125,1.414307639321468e-06,0.009248992227538355,8.968750000001071e-11
1708,0.47444444444442974,385,125,1.4139605557324145e-06,0.009248478394636826,8.978000000001074e-11
1709,0.4747222222222075,385,125,1.4136249822922678e-06,0.009247964590281571,8.987250000001074e-11
1710,0.47499999999998527,385,125,1.4132814488363617e-06,0.009247450814470998,8.996500000001078e-11
1711,0.47527777777776303,385,125,1.4129379994861073e-06,0.00924693706720353,9.00575000000108e-11
1712,0.4755555555555408,385,125,1.412592003050183e-06,0.009246423348477575,9.015000000001081e-11
1713,0.47583333333331856,384,126,1.4122482871143837e-06,0.009245909658291548,9.024000000001085e-11
1714,0.47611111111109633,384,126,1.4119112928757322e-06,0.009245395996643865,9.033000000001086e-11
1715,0.4763888888888741,384,126,1.4115777593562223e-06,0.009244882363532938,9.04200000000109e-11
1716,0.47666666666665186,384,126,1.4112389692340307e-06,0.009244368758957188,9.05075000000109e-11
1717,0.4769444444444296,383,127,1.4108963893596695e-06,0.009243855182915024,9.059500000001092e-11
1718,0.4772222222222074,384,127,1.4105523495081953e-06,0.009243341635404863,9.068250000001095e-11
1719,0.47749999999998516,384,127,1.4102038927740107e-06,0.009242828116425118,9.077000000001096e-11
1720,0.4777777777777629,384,127,1.409848787624748e-06,0.009242314625974206,9.0857500000011e-11
1721,0.4780555555555407,384,127,1.4094943028356299e-06,0.00924180116405054,9.0945000000011e-11
1722,0.47833333333331846,384,127,1.4091417761023854e-06,0.00924128773065254,9.103250000001103e-11
1723,0.4786111111110962,384,127,1.4087975491676404e-06,0.009240774325778613,9.112000000001105e-11
1724,0.478888888888874,384,127,1.4084544308354576e-06,0.00924026094942718,9.120500000001107e-11
1725,0.47916666666665175,384,127,1.4081031330345252e-06,0.009239747601596657,9.129000000001109e-11
1726,0.4794444444444295,384,127,1.4077480152956773e-06,0.009239234282285458,9.137500000001111e-11
1727,0.4797222222222073,384,127,1.4074108293025414e-06,0.009238720991491998,9.146000000001114e-11
1728,0.47999999999998505,385,127,1.4070745557547597e-06,0.009238207729214694,9.154500000001116e-11
1729,0.4802777777777628,385,127,1.4067403994700954e-06,0.00923769449545196,9.163000000001118e-11
1730,0.4805555555555406,385,127,1.4063955686718276e-06,0.009237181290202214,9.171500000001118e-11
1731,0.48083333333331835,385,127,1.4060429703019816e-06,0.00923666811346387,9.180000000001123e-11
1732,0.4811111111110961,385,127,1.4056884237851515e-06,0.009236154965235343,9.188500000001125e-11
1733,0.4813888888888739,385,127,1.4053443693177638e-06,0.009235641845515053,9.197000000001128e-11
1734,0.48166666666665164,385,127,1.4049981189020558e-06,0.009235128754301413,9.205500000001127e-11
1735,0.4819444444444294,385,127,1.4046597271886897e-06,0.00923461569159284,9.21400000000113e-11
1736,0.4822222222222072,385,127,1.404316706050191e-06,0.009234102657387755,9.222250000001132e-11
1737,0.48249999999998494,385,127,1.4039686931484513e-06,0.009233589651684564,9.230500000001135e-11
1738,0.4827777777777627,386,127,1.4036140878886665e-06,0.009233076674481694,9.238500000001136e-11
1739,0.4830555555555405,386,127,1.4032814268922198e-06,0.009232563725777557,9.246500000001139e-11
1740,0.48333333333331824,386,127,1.4029311117027748e-06,0.009232050805570569,9.254500000001141e-11
1741,0.483611111111096,387,127,1.402579042116953e-06,0.009231537913859151,9.262250000001143e-11
1742,0.48388888888887377,387,127,1.4022214274635578e-06,0.009231025050641712,9.270000000001145e-11
1743,0.48416666666665154,387,127,1.4018761431162437e-06,0.009230512215916678,9.278000000001148e-11
1744,0.4844444444444293,386,128,1.4015247966054714e-06,0.009229999409682462,9.286250000001151e-11
1745,0.48472222222220707,385,129,1.4011678991207271e-06,0.009229486631937478,9.294750000001151e-11
1746,0.48499999999998483,384,130,1.400819220633939e-06,0.009228973882680147,9.303500000001155e-11
1747,0.4852777777777626,383,131,1.400467865398364e-06,0.009228461161908888,9.312250000001156e-11
1748,0.48555555555554036,383,131,1.4001110216296013e-06,0.009227948469622117,9.320750000001159e-11
1749,0.48583333333331813,383,131,1.399778680659019e-06,0.009227435805818246,9.329250000001161e-11
1750,0.4861111111110959,383,131,1.3994219401683972e-06,0.009226923170495704,9.337500000001163e-11
1751,0.48638888888887366,383,131,1.3990674394211696e-06,0.009226410563652898,9.345750000001166e-11
1752,0.4866666666666514,383,131,1.3987245495884804e-06,0.00922589798528825,9.354000000001167e-11
1753,0.4869444444444292,383,131,1.39837780008644e-06,0.009225385435400179,9.362250000001171e-11
1754,0.48722222222220696,383,131,1.3980390157567947e-06,0.009224872913987103,9.370750000001172e-11
1755,0.4874999999999847,381,133,1.3976960955464755e-06,0.009224360421047436,9.379250000001175e-11
1756,0.4877777777777625,382,133,1.3973516093724277e-06,0.009223847956579602,9.387750000001177e-11
1757,0.48805555555554025,382,133,1.3970047193917381e-06,0.009223335520582012,9.396000000001179e-11
1758,0.488333333333318,383,133,1.396656267552609e-06,0.009222823113053093,9.404250000001181e-11
1759,0.4886111111110958,383,133,1.3963093032048526e-06,0.009222310733991258,9.412500000001182e-11
1760,0.48888888888887355,383,133,1.395972949095938e-06,0.009221798383394925,9.420750000001186e-11
1761,0.4891666666666513,383,133,1.395638295939822e-06,0.009221286061262515,9.429000000001187e-11
1762,0.4894444444444291,383,133,1.3952939869052449e-06,0.009220773767592444,9.43725000000119e-11
1763,0.48972222222220685,383,133,1.394947514050369e-06,0.009220261502383134,9.445500000001192e-11
1764,0.4899999999999846,383,133,1.3945981570428204e-06,0.009219749265633,9.453500000001193e-11
1765,0.4902777777777624,383,133,1.3942599052865786e-06,0.009219237057340467,9.461500000001197e-11
1766,0.49055555555554015,383,133,1.3939248854238708e-06,0.00921872487750395,9.469500000001198e-11
1767,0.4908333333333179,383,133,1.3935810910906052e-06,0.009218212726121862,9.4775000000012e-11
1768,0.4911111111110957,384,133,1.3932381006474936e-06,0.009217700603192637,9.485500000001202e-11
1769,0.49138888888887344,384,133,1.3928960979224572e-06,0.009217188508714683,9.493500000001204e-11
1770,0.4916666666666512,384,133,1.3925491926218606e-06,0.009216676442686419,9.501500000001208e-11
1771,0.491944444444429,384,133,1.3922076655854969e-06,0.00921616440510627,9.509250000001211e-11
1772,0.49222222222220674,384,133,1.3918650446372197e-06,0.009215652395972653,9.516750000001212e-11
1773,0.4924999999999845,384,133,1.3915287872710087e-06,0.00921514041528399,9.524250000001216e-11
1774,0.49277777777776227,384,133,1.391178493283046e-06,0.009214628463038697,9.531750000001217e-11
1775,0.49305555555554004,384,133,1.3908254711394376e-06,0.009214116539235193,9.539250000001219e-11
1776,0.4933333333333178,384,133,1.3904746423116603e-06,0.009213604643871906,9.546750000001221e-11
1777,0.49361111111109557,384,133,1.3901232995224986e-06,0.009213092776947247,9.554250000001222e-11
1778,0.49388888888887333,384,133,1.3897764675498583e-06,0.009212580938459636,9.561750000001226e-11
1779,0.4941666666666511,384,133,1.3894340819052108e-06,0.009212069128407501,9.569250000001228e-11
1780,0.49444444444442887,384,133,1.3890842292544777e-06,0.009211557346789254,9.576750000001229e-11
1781,0.49472222222220663,384,133,1.3887419321837568e-06,0.009211045593603324,9.584000000001232e-11
1782,0.4949999999999844,384,133,1.3883973563211183e-06,0.009210533868848124,9.591250000001233e-11
1783,0.49527777777776216,384,133,1.3880481885091057e-06,0.009210022172522078,9.598500000001236e-11
1784,0.49555555555553993,384,133,1.3876998779526535e-06,0.009209510504623604,9.605750000001238e-11
1785,0.4958333333333177,384,133,1.3873556942531566e-06,0.009208998865151126,9.613000000001239e-11
1786,0.49611111111109546,384,133,1.3870103606482412e-06,0.009208487254103063,9.620250000001242e-11
1787,0.4963888888888732,384,133,1.3866653588702619e-06,0.009207975671477832,9.627500000001246e-11
1788,0.496666666666651,384,133,1.3863187017567934e-06,0.009207464117273861,9.635000000001247e-11
1789,0.49694444444442876,383,134,1.38597647238614e-06,0.00920695259148957,9.64250000000125e-11
1790,0.4972222222222065,383,134,1.3856320323521873e-06,0.009206441094123377,9.650000000001253e-11
1791,0.4974999999999843,383,134,1.3852839051102444e-06,0.009205929625173704,9.657750000001255e-11
1792,0.49777777777776205,382,135,1.3849360494034906e-06,0.00920541818463897,9.665500000001256e-11
1793,0.4980555555555398,382,135,1.384595740785652e-06,0.009204906772517604,9.673250000001261e-11
1794,0.4983333333333176,382,135,1.384251491000388e-06,0.009204395388808018,9.681250000001261e-11
1795,0.49861111111109535,381,136,1.3839028436915857e-06,0.00920388403350864,9.689250000001264e-11
1796,0.4988888888888731,381,136,1.3835545556837716e-06,0.00920337270661789,9.697250000001265e-11
1797,0.4991666666666509,381,136,1.3832068453298064e-06,0.00920286140813419,9.70500000000127e-11
1798,0.49944444444442865,381,136,1.3828564377862045e-06,0.009202350138055959,9.71300000000127e-11
1799,0.4997222222222064,381,137,1.3824992412090253e-06,0.009201838896381624,9.721000000001272e-11
1800,0.4999999999999842,381,137,1.3821540142578757e-06,0.009201327683109606,9.729000000001275e-11
1801,0.500277777777762,381,137,1.3818094673396693e-06,0.009200816498238321,9.737000000001278e-11
1802,0.5005555555555398,381,137,1.3814668212995488e-06,0.009200305341766196,9.74500000000128e-11
1803,0.5008333333333176,381,137,1.3811198546325386e-06,0.009199794213691655,9.753250000001282e-11
1804,0.5011111111110954,380,138,1.380786087258016e-06,0.009199283114013116,9.762000000001284e-11
1805,0.5013888888888732,378,140,1.380440518431588e-06,0.009198772042729004,9.770750000001286e-11
1806,0.501666666666651,378,140,1.3801001942325838e-06,0.009198260999837742,9.779750000001287e-11
1807,0.5019444444444289,377,141,1.3797610371332183e-06,0.00919774998533775,9.78875000000129e-11
1808,0.5022222222222067,377,141,1.3794352788642382e-06,0.009197238999227454,9.797750000001292e-11
1809,0.5024999999999845,377,141,1.3791074136199188e-06,0.009196728041505276,9.806500000001296e-11
1810,0.5027777777777623,377,141,1.3787849363436703e-06,0.009196217112169638,9.815250000001296e-11
1811,0.5030555555555402,377,141,1.3784542470160076e-06,0.009195706211218962,9.824000000001302e-11
1812,0.503333333333318,377,141,1.3781241667550701e-06,0.00919519533865167,9.832750000001303e-11
1813,0.5036111111110958,377,141,1.3777986901782014e-06,0.00919468449446619,9.841500000001306e-11
1814,0.5038888888888736,377,141,1.3774580228959043e-06,0.009194173678660943,9.850250000001306e-11
1815,0.5041666666666514,377,141,1.3771192741825603e-06,0.009193662891234354,9.85875000000131e-11
1816,0.5044444444444293,377,141,1.3767758463088296e-06,0.009193152132184839,9.867250000001312e-11
1817,0.5047222222222071,377,141,1.3764377633924286e-06,0.009192641401510831,9.876000000001313e-11
1818,0.5049999999999849,376,142,1.376091857253573e-06,0.009192130699210745,9.884750000001316e-11
1819,0.5052777777777627,376,142,1.3757543271309306e-06,0.009191620025283011,9.893500000001319e-11
1820,0.5055555555555405,376,142,1.3754112053659833e-06,0.009191109379726052,9.90225000000132e-11
1821,0.5058333333333184,376,142,1.3750737989689365e-06,0.00919059876253829,9.911000000001323e-11
1822,0.5061111111110962,376,142,1.374729436610133e-06,0.009190088173718148,9.919750000001324e-11
1823,0.506388888888874,376,142,1.3743832358751957e-06,0.009189577613264052,9.928500000001327e-11
1824,0.5066666666666518,376,142,1.3740379189668208e-06,0.009189067081174429,9.937000000001329e-11
1825,0.5069444444444297,376,142,1.3737082908975562e-06,0.009188556577447696,9.945500000001333e-11
1826,0.5072222222222075,377,142,1.3733661930149678e-06,0.009188046102082284,9.954250000001335e-11
1827,0.5074999999999853,376,143,1.3730318321523269e-06,0.009187535655076611,9.963000000001335e-11
1828,0.5077777777777631,377,143,1.372701518825849e-06,0.009187025236429107,9.97175000000134e-11
1829,0.5080555555555409,377,143,1.3723675076916544e-06,0.009186514846138196,9.980500000001344e-11
1830,0.5083333333333188,377,143,1.3720310951020365e-06,0.0091860044842023,9.989250000001344e-11
1831,0.5086111111110966,377,143,1.3716814876114962e-06,0.009185494150619844,9.998250000001346e-11
1832,0.5088888888888744,376,144,1.3713305366331513e-06,0.009184983845389252,1.000725000000135e-10
1833,0.5091666666666522,376,144,1.370979375460579e-06,0.009184473568508954,1.0016000000001351e-10
1834,0.50944444444443,376,144,1.3706250283118824e-06,0.00918396331997737,1.0024750000001354e-10
1835,0.5097222222222079,376,144,1.3702786638684557e-06,0.009183453099792929,1.0033500000001354e-10
1836,0.5099999999999857,376,144,1.3699339313623867e-06,0.009182942907954052,1.0042250000001358e-10
1837,0.5102777777777635,376,144,1.369588298323469e-06,0.009182432744459165,1.0051250000001362e-10
1838,0.5105555555555413,375,145,1.3692355245356635e-06,0.009181922609306694,1.0060250000001362e-10
1839,0.5108333333333192,375,145,1.368908099232128e-06,0.009181412502495068,1.0069250000001365e-10
1840,0.511111111111097,375,145,1.3685666865107863e-06,0.009180902424022707,1.0078250000001367e-10
1841,0.5113888888888748,375,145,1.3682215987121447e-06,0.00918039237388804,1.008725000000137e-10
1842,0.5116666666666526,375,145,1.367882683409805e-06,0.00917988235208949,1.0096250000001371e-10
1843,0.5119444444444304,375,145,1.3675398467574346e-06,0.009179372358625483,1.0105500000001375e-10
1844,0.5122222222222083,374,146,1.3671973360456473e-06,0.00917886239349445,1.0114500000001376e-10
1845,0.5124999999999861,374,146,1.3668557304584739e-06,0.009178352456694813,1.012350000000138e-10
1846,0.5127777777777639,374,146,1.3665162182532588e-06,0.009177842548224997,1.0132750000001381e-10
1847,0.5130555555555417,374,146,1.3661693053323663e-06,0.00917733266808343,1.0142000000001383e-10
1848,0.5133333333333195,374,146,1.365836224175445e-06,0.009176822816268537,1.0151250000001388e-10
1849,0.5136111111110974,374,146,1.3654979382943524e-06,0.009176312992778744,1.0160500000001388e-10
1850,0.5138888888888752,375,146,1.3651536985646472e-06,0.00917580319761248,1.016950000000139e-10
1851,0.514166666666653,375,146,1.3648151027623673e-06,0.009175293430768167,1.0178500000001392e-10
1852,0.5144444444444308,375,146,1.3644796873893352e-06,0.009174783692244235,1.0187750000001396e-10
1853,0.5147222222222086,375,146,1.364139910517532e-06,0.00917427398203911,1.01970000000014e-10
1854,0.5149999999999865,374,147,1.363800568414979e-06,0.009173764300151219,1.02062500000014e-10
1855,0.5152777777777643,374,147,1.3634531008050793e-06,0.009173254646578989,1.0215500000001404e-10
1856,0.5155555555555421,374,147,1.363109460715879e-06,0.009172745021320847,1.0224750000001405e-10
1857,0.5158333333333199,375,147,1.362769597714268e-06,0.009172235424375218,1.0234000000001408e-10
1858,0.5161111111110978,375,147,1.3624354044716726e-06,0.009171725855740531,1.0243500000001408e-10
1859,0.5163888888888756,375,147,1.3621069910809786e-06,0.009171216315415212,1.0253000000001412e-10
1860,0.5166666666666534,375,147,1.3617727306425547e-06,0.00917070680339769,1.0262500000001413e-10
1861,0.5169444444444312,375,147,1.361426862859914e-06,0.009170197319686388,1.0272000000001416e-10
1862,0.517222222222209,375,147,1.3610898620776003e-06,0.00916968786427974,1.0281250000001419e-10
1863,0.5174999999999869,376,147,1.3607495847581502e-06,0.00916917843717617,1.0290500000001422e-10
1864,0.5177777777777647,376,147,1.3604046837155686e-06,0.009168669038374105,1.0300000000001424e-10
1865,0.5180555555555425,376,147,1.3600590909217423e-06,0.009168159667871975,1.0309500000001426e-10
1866,0.5183333333333203,376,147,1.3597288249278444e-06,0.009167650325668202,1.031900000000143e-10
1867,0.5186111111110981,376,147,1.3593983402353148e-06,0.00916714101176122,1.0328500000001432e-10
1868,0.518888888888876,376,147,1.3590667390215587e-06,0.009166631726149456,1.0338000000001433e-10
1869,0.5191666666666538,376,147,1.358736679975458e-06,0.009166122468831339,1.0347500000001437e-10
1870,0.5194444444444316,376,147,1.3584015882786353e-06,0.009165613239805291,1.0357000000001438e-10
1871,0.5197222222222094,376,147,1.3580666647842985e-06,0.009165104039069748,1.036625000000144e-10
1872,0.5199999999999873,376,147,1.3577238002265803e-06,0.009164594866623134,1.0375500000001443e-10
1873,0.5202777777777651,375,148,1.3573950919546243e-06,0.009164085722463876,1.0384750000001446e-10
1874,0.5205555555555429,375,148,1.357058672288454e-06,0.009163576606590406,1.0394250000001449e-10
1875,0.5208333333333207,375,148,1.3567234648568431e-06,0.009163067519001153,1.0403750000001453e-10
1876,0.5211111111110985,375,148,1.3563805567134087e-06,0.009162558459694542,1.0413250000001454e-10
1877,0.5213888888888764,375,148,1.356049988342971e-06,0.009162049428669002,1.0423000000001454e-10
1878,0.5216666666666542,374,149,1.355714019549658e-06,0.009161540425922966,1.0432750000001459e-10
1879,0.521944444444432,374,149,1.3553674040128958e-06,0.009161031451454858,1.0442500000001461e-10
1880,0.5222222222222098,375,149,1.3550337409119074e-06,0.009160522505263113,1.0452250000001463e-10
1881,0.5224999999999876,375,149,1.354700874583904e-06,0.009160013587346154,1.0461750000001466e-10
1882,0.5227777777777655,375,149,1.3543540567835215e-06,0.00915950469770241,1.047125000000147e-10
1883,0.5230555555555433,375,149,1.3540243849072411e-06,0.009158995836330317,1.0481000000001472e-10
1884,0.5233333333333211,375,149,1.353685781641215e-06,0.0091584870032283,1.0490750000001472e-10
1885,0.5236111111110989,375,149,1.3533515802128534e-06,0.009157978198394787,1.0500750000001475e-10
1886,0.5238888888888767,374,150,1.353004785352969e-06,0.009157469421828211,1.0510750000001479e-10
1887,0.5241666666666546,374,150,1.3526636937542607e-06,0.009156960673526997,1.0520750000001481e-10
1888,0.5244444444444324,374,150,1.3523304703458986e-06,0.009156451953489578,1.0530500000001483e-10
1889,0.5247222222222102,374,150,1.3519799811106198e-06,0.009155943261714388,1.0540500000001483e-10
1890,0.524999999999988,373,151,1.3516425785084042e-06,0.009155434598199846,1.0550500000001488e-10
1891,0.5252777777777659,373,152,1.3513127735829685e-06,0.009154925962944392,1.056000000000149e-10
1892,0.5255555555555437,373,152,1.3509700679368852e-06,0.00915441735594645,1.0569500000001492e-10
1893,0.5258333333333215,373,152,1.3506288147730528e-06,0.009153908777204452,1.0579250000001494e-10
1894,0.5261111111110993,373,152,1.3502913032693282e-06,0.00915340022671683,1.05887500000015e-10
1895,0.5263888888888771,373,152,1.3499551288192459e-06,0.009152891704482012,1.0598250000001499e-10
1896,0.526666666666655,373,152,1.3496115811951714e-06,0.009152383210498431,1.0607750000001503e-10
1897,0.5269444444444328,373,152,1.349277029466079e-06,0.009151874744764515,1.0617250000001506e-10
1898,0.5272222222222106,373,152,1.3489428525248357e-06,0.009151366307278695,1.0626750000001507e-10
1899,0.5274999999999884,373,152,1.3486005724489354e-06,0.009150857898039402,1.0636500000001512e-10
1900,0.5277777777777662,372,153,1.348271553871756e-06,0.009150349517045067,1.0646500000001513e-10
1901,0.5280555555555441,372,153,1.3479289809192748e-06,0.00914984116429412,1.0656500000001513e-10
1902,0.5283333333333219,372,153,1.3475844858698566e-06,0.009149332839784993,1.0666500000001516e-10
1903,0.5286111111110997,372,153,1.3472411510068837e-06,0.009148824543516116,1.0676500000001519e-10
1904,0.5288888888888775,372,153,1.3469079007747506e-06,0.009148316275485922,1.068650000000152e-10
1905,0.5291666666666553,372,153,1.34657806655735e-06,0.009147808035692838,1.0696500000001524e-10
1906,0.5294444444444332,372,153,1.346245847628426e-06,0.009147299824135301,1.070650000000153e-10
1907,0.529722222222211,372,153,1.3459023591717741e-06,0.009146791640811738,1.071650000000153e-10
1908,0.5299999999999888,372,153,1.3455619211199514e-06,0.009146283485720582,1.0726500000001533e-10
1909,0.5302777777777666,373,153,1.345222093949677e-06,0.009145775358860266,1.0736250000001535e-10
1910,0.5305555555555445,373,153,1.3448736663195017e-06,0.00914526726022922,1.0746250000001536e-10
1911,0.5308333333333223,373,154,1.3445271452493357e-06,0.009144759189825873,1.0756250000001542e-10
1912,0.5311111111111001,373,154,1.3441904558127882e-06,0.00914425114764866,1.0766250000001545e-10
1913,0.5313888888888779,373,154,1.3438551237286587e-06,0.009143743133696012,1.0776000000001544e-10
1914,0.5316666666666557,373,154,1.343518743653158e-06,0.009143235147966364,1.0785750000001547e-10
1915,0.5319444444444336,373,154,1.3431940058506412e-06,0.009142727190458144,1.0795750000001552e-10
1916,0.5322222222222114,373,154,1.3428630957766538e-06,0.009142219261169785,1.0805750000001553e-10
1917,0.5324999999999892,373,154,1.3425337451506026e-06,0.009141711360099718,1.0815750000001556e-10
1918,0.532777777777767,373,154,1.3421934905459497e-06,0.009141203487246383,1.0825750000001559e-10
1919,0.5330555555555448,373,154,1.341851421795525e-06,0.0091406956426082,1.083575000000156e-10
1920,0.5333333333333227,374,154,1.3415214647679134e-06,0.009140187826183614,1.0845750000001564e-10
1921,0.5336111111111005,374,154,1.3411762636872213e-06,0.009139680037971047,1.0855750000001564e-10
1922,0.5338888888888783,375,154,1.3408359747411852e-06,0.009139172277968937,1.0865750000001567e-10
1923,0.5341666666666561,375,154,1.3404983277773923e-06,0.00913866454617572,1.087575000000157e-10
1924,0.534444444444434,375,154,1.340151070950133e-06,0.009138156842589819,1.0885750000001571e-10
1925,0.5347222222222118,375,154,1.3398052500364513e-06,0.009137649167209678,1.0896000000001575e-10
1926,0.5349999999999896,374,155,1.3394655060556211e-06,0.009137141520033719,1.0906250000001579e-10
1927,0.5352777777777674,374,155,1.3391275702939222e-06,0.009136633901060386,1.0916500000001581e-10
1928,0.5355555555555452,374,155,1.338793954881137e-06,0.009136126310288106,1.0927000000001583e-10
1929,0.5358333333333231,373,156,1.338442048842586e-06,0.009135618747715311,1.0937500000001587e-10
1930,0.5361111111111009,373,156,1.3380998544714783e-06,0.00913511121334044,1.0948000000001586e-10
1931,0.5363888888888787,373,156,1.3377712660083508e-06,0.009134603707161919,1.0958500000001591e-10
1932,0.5366666666666565,373,156,1.3374342365324182e-06,0.009134096229178186,1.0969000000001592e-10
1933,0.5369444444444343,373,156,1.3370980489733029e-06,0.00913358877938768,1.0979500000001594e-10
1934,0.5372222222222122,374,156,1.3367539966002063e-06,0.009133081357788826,1.0990000000001599e-10
1935,0.53749999999999,374,156,1.336411344763951e-06,0.009132573964380058,1.10005000000016e-10
1936,0.5377777777777678,374,156,1.3360763275375682e-06,0.009132066599159815,1.1011000000001602e-10
1937,0.5380555555555456,374,156,1.335733564900546e-06,0.009131559262126531,1.1021250000001606e-10
1938,0.5383333333333234,374,156,1.3353891510010057e-06,0.009131051953278633,1.1031500000001609e-10
1939,0.5386111111111013,374,156,1.335055653987389e-06,0.009130544672614564,1.104175000000161e-10
1940,0.5388888888888791,374,156,1.3347228068818691e-06,0.00913003742013275,1.1052000000001614e-10
1941,0.5391666666666569,374,156,1.3343895571052172e-06,0.009129530195831634,1.1062250000001618e-10
1942,0.5394444444444347,374,156,1.3340489454808456e-06,0.009129022999709644,1.107250000000162e-10
1943,0.5397222222222126,374,156,1.333707710635724e-06,0.009128515831765213,1.1082500000001621e-10
1944,0.5399999999999904,375,156,1.3333676483563808e-06,0.009128008691996784,1.1092500000001624e-10
1945,0.5402777777777682,375,156,1.333031067436418e-06,0.009127501580402785,1.1102250000001629e-10
1946,0.540555555555546,376,156,1.332683689955459e-06,0.009126994496981651,1.1112000000001631e-10
1947,0.5408333333333238,376,156,1.3323497022184246e-06,0.009126487441731819,1.1121750000001631e-10
1948,0.5411111111111017,376,156,1.332010579554776e-06,0.009125980414651723,1.1131500000001636e-10
1949,0.5413888888888795,376,156,1.3316822765505887e-06,0.009125473415739799,1.1141000000001637e-10
1950,0.5416666666666573,376,156,1.3313521165536316e-06,0.00912496644499448,1.115075000000164e-10
1951,0.5419444444444351,376,156,1.3309974492863234e-06,0.009124459502414204,1.1160500000001643e-10
1952,0.542222222222213,376,156,1.3306577895203087e-06,0.009123952587997402,1.1170000000001644e-10
1953,0.5424999999999908,376,156,1.3303121482553794e-06,0.009123445701742514,1.1179500000001648e-10
1954,0.5427777777777686,376,156,1.3299635299387316e-06,0.009122938843647973,1.118925000000165e-10
1955,0.5430555555555464,376,157,1.3296094916332458e-06,0.009122432013712215,1.1198750000001651e-10
1956,0.5433333333333242,376,157,1.3292735961633353e-06,0.009121925211933677,1.1208250000001655e-10
1957,0.543611111111102,376,157,1.3289354703625432e-06,0.00912141843831079,1.121775000000166e-10
1958,0.5438888888888799,376,157,1.3285947548380117e-06,0.009120911692841996,1.1227250000001662e-10
1959,0.5441666666666577,376,157,1.3282407890547072e-06,0.009120404975525727,1.1236750000001663e-10
1960,0.5444444444444355,376,157,1.32789921578252e-06,0.00911989828636042,1.1246250000001667e-10
1961,0.5447222222222133,376,157,1.3275530733255708e-06,0.009119391625344512,1.125550000000167e-10
1962,0.5449999999999912,376,157,1.3272170568440813e-06,0.009118884992476435,1.1264500000001669e-10
1963,0.545277777777769,376,157,1.3268642599255487e-06,0.009118378387754634,1.1273500000001674e-10
1964,0.5455555555555468,376,157,1.3265202381978318e-06,0.009117871811177534,1.1282500000001675e-10
1965,0.5458333333333246,376,157,1.3261764528227877e-06,0.009117365262743583,1.129150000000168e-10
1966,0.5461111111111024,376,157,1.325826032244332e-06,0.009116858742451207,1.130050000000168e-10
1967,0.5463888888888803,376,157,1.3254703296655361e-06,0.00911635225029885,1.1309750000001686e-10
1968,0.5466666666666581,375,158,1.3251203787960702e-06,0.009115845786284944,1.1319000000001687e-10
1969,0.5469444444444359,375,158,1.324776399305997e-06,0.00911533935040793,1.132850000000169e-10
1970,0.5472222222222137,375,159,1.3244330104866207e-06,0.00911483294266624,1.1338000000001692e-10
1971,0.5474999999999915,376,159,1.3240912828653264e-06,0.009114326563058316,1.1347500000001695e-10
1972,0.5477777777777694,376,159,1.3237476113554143e-06,0.00911382021158259,1.1357000000001698e-10
1973,0.5480555555555472,376,159,1.323405327854429e-06,0.009113313888237502,1.1366500000001702e-10
1974,0.548333333333325,376,159,1.3230568705854013e-06,0.009112807593021488,1.1376000000001701e-10
1975,0.5486111111111028,376,159,1.3227212721558737e-06,0.009112301325932989,1.1385500000001705e-10
1976,0.5488888888888807,377,159,1.3223740296179725e-06,0.009111795086970437,1.1395000000001708e-10
1977,0.5491666666666585,377,159,1.3220336403302855e-06,0.009111288876132273,1.1404500000001709e-10
1978,0.5494444444444363,378,159,1.321696810266465e-06,0.00911078269341693,1.1414000000001716e-10
1979,0.5497222222222141,378,159,1.3213509957397992e-06,0.009110276538822853,1.1423500000001717e-10
1980,0.5499999999999919,378,159,1.320996162825863e-06,0.009109770412348474,1.1433000000001718e-10
1981,0.5502777777777698,378,159,1.3206615816147845e-06,0.009109264313992232,1.1442750000001721e-10
1982,0.5505555555555476,377,160,1.3203196670753772e-06,0.009108758243752567,1.1452500000001725e-10
1983,0.5508333333333254,377,160,1.31998436503859e-06,0.009108252201627916,1.1462250000001725e-10
1984,0.5511111111111032,377,160,1.319645598242477e-06,0.009107746187616714,1.1471750000001729e-10
1985,0.551388888888881,377,160,1.3193070181266215e-06,0.009107240201717402,1.1481250000001732e-10
1986,0.5516666666666589,377,160,1.318967821378132e-06,0.009106734243928416,1.1490750000001736e-10
1987,0.5519444444444367,377,160,1.3186227580578046e-06,0.0091062283142482,1.1500250000001737e-10
1988,0.5522222222222145,377,160,1.318272589807776e-06,0.009105722412675188,1.1509750000001741e-10
1989,0.5524999999999923,377,160,1.317926064736601e-06,0.009105216539207815,1.1519250000001741e-10
1990,0.5527777777777702,377,160,1.3175907747472432e-06,0.009104710693844525,1.1529250000001743e-10
1991,0.553055555555548,375,162,1.3172404826000857e-06,0.009104204876583756,1.1539250000001748e-10
1992,0.5533333333333258,375,162,1.3169047517931075e-06,0.009103699087423948,1.1549500000001752e-10
1993,0.5536111111111036,374,163,1.316570229092432e-06,0.009103193326363536,1.1559750000001754e-10
1994,0.5538888888888814,374,163,1.3162224784904687e-06,0.00910268759340096,1.1570250000001757e-10
1995,0.5541666666666593,373,164,1.3158968116749855e-06,0.009102181888534662,1.158075000000176e-10
1996,0.5544444444444371,373,164,1.315560276437977e-06,0.009101676211763075,1.159125000000176e-10
1997,0.5547222222222149,373,164,1.315216615431223e-06,0.009101170563084647,1.1601750000001765e-10
1998,0.5549999999999927,374,164,1.314879931994492e-06,0.009100664942497807,1.1612250000001766e-10
1999,0.5552777777777705,374,164,1.3145476623177417e-06,0.009100159350001002,1.1622750000001771e-10
2000,0.5555555555555484,374,164,1.3142100789160223e-06,0.009099653785592668,1.1633000000001772e-10
2001,0.5558333333333262,374,164,1.313873149843251e-06,0.009099148249271249,1.1643250000001776e-10
2002,0.556111111111104,374,164,1.3135280739007188e-06,0.00909864274103518,1.165325000000178e-10
2003,0.5563888888888818,374,164,1.3131900630663867e-06,0.009098137260882896,1.1663250000001782e-10
2004,0.5566666666666596,374,164,1.312852133111368e-06,0.00909763180881285,1.1673500000001785e-10
2005,0.5569444444444375,374,164,1.312516971518614e-06,0.009097126384823472,1.1683750000001785e-10
2006,0.5572222222222153,374,164,1.3121827505552752e-06,0.009096620988913203,1.169400000000179e-10
2007,0.5574999999999931,374,164,1.3118459534151565e-06,0.009096115621080484,1.1704500000001792e-10
2008,0.5577777777777709,373,165,1.311508254314795e-06,0.00909561028132376,1.1714750000001792e-10
2009,0.5580555555555488,373,165,1.3111697292268736e-06,0.009095104969641464,1.1725000000001795e-10
2010,0.5583333333333266,373,165,1.3108357345241514e-06,0.00909459968603204,1.17352500000018e-10
2011,0.5586111111111044,373,165,1.3105033572011165e-06,0.009094094430493926,1.1745500000001805e-10
2012,0.5588888888888822,373,165,1.3101569622841289e-06,0.009093589203025568,1.1755750000001805e-10
2013,0.55916666666666,373,165,1.3098133246710748e-06,0.0090930840036254,1.176600000000181e-10
2014,0.5594444444444379,373,165,1.309465038681936e-06,0.009092578832291866,1.177625000000181e-10
2015,0.5597222222222157,373,165,1.3091330307714546e-06,0.009092073689023403,1.1786750000001815e-10
2016,0.5599999999999935,372,166,1.308779008020045e-06,0.009091568573818461,1.1797250000001817e-10
2017,0.5602777777777713,371,167,1.3084342427316208e-06,0.009091063486675469,1.1807250000001818e-10
2018,0.5605555555555491,371,167,1.3080935158858284e-06,0.009090558427592876,1.1817500000001823e-10
2019,0.560833333333327,372,167,1.30775413573243e-06,0.00909005339656912,1.1828000000001825e-10
2020,0.5611111111111048,372,167,1.3074133037915585e-06,0.009089548393602645,1.1838750000001827e-10
2021,0.5613888888888826,371,168,1.307079704891902e-06,0.009089043418691892,1.184950000000183e-10
2022,0.5616666666666604,370,169,1.306730935597259e-06,0.009088538471835297,1.186025000000183e-10
2023,0.5619444444444383,370,169,1.3063811880324173e-06,0.009088033553031305,1.1871000000001838e-10
2024,0.5622222222222161,370,169,1.3060468668462935e-06,0.00908752866227836,1.1882250000001838e-10
2025,0.5624999999999939,369,170,1.3057167406390713e-06,0.009087023799574902,1.1893500000001842e-10
2026,0.5627777777777717,369,170,1.3053785552312282e-06,0.009086518964919368,1.1904750000001845e-10
2027,0.5630555555555495,369,170,1.3050503425186303e-06,0.009086014158310209,1.1916000000001846e-10
2028,0.5633333333333274,369,170,1.304717824998544e-06,0.009085509379745858,1.192725000000185e-10
2029,0.5636111111111052,370,170,1.3043799995237623e-06,0.00908500462922476,1.193850000000185e-10
2030,0.563888888888883,370,170,1.3040486000356932e-06,0.009084499906745359,1.1950000000001856e-10
2031,0.5641666666666608,369,171,1.3037165181139364e-06,0.009083995212306096,1.1961500000001857e-10
2032,0.5644444444444386,369,171,1.3033755536724675e-06,0.009083490545905413,1.197275000000186e-10
2033,0.5647222222222165,369,171,1.3030536432214432e-06,0.00908298590754175,1.1984000000001863e-10
2034,0.5649999999999943,369,171,1.3027307909993283e-06,0.009082481297213554,1.1995250000001864e-10
2035,0.5652777777777721,369,171,1.3024035154810088e-06,0.009081976714919265,1.200650000000187e-10
2036,0.5655555555555499,369,171,1.3020674571463501e-06,0.009081472160657324,1.201775000000187e-10
2037,0.5658333333333277,369,171,1.3017352205005654e-06,0.009080967634426177,1.2028750000001875e-10
2038,0.5661111111111056,369,171,1.3014045805663015e-06,0.009080463136224265,1.203975000000188e-10
2039,0.5663888888888834,369,171,1.3010698427542127e-06,0.00907995866605003,1.2051250000001882e-10
2040,0.5666666666666612,368,172,1.3007336248424805e-06,0.009079454223901917,1.2062750000001882e-10
2041,0.566944444444439,368,172,1.3004044399411544e-06,0.009078949809778367,1.2074000000001886e-10
2042,0.5672222222222169,368,172,1.3000691508600738e-06,0.009078445423677825,1.2085250000001892e-10
2043,0.5674999999999947,368,172,1.2997323915063134e-06,0.009077941065598734,1.2096500000001893e-10
2044,0.5677777777777725,368,172,1.299400404859397e-06,0.009077436735539533,1.2107750000001894e-10
2045,0.5680555555555503,368,172,1.2990719147471175e-06,0.00907693243349867,1.2119250000001897e-10
2046,0.5683333333333281,368,172,1.2987364830857664e-06,0.009076428159474586,1.21305000000019e-10
2047,0.568611111111106,368,172,1.2984006944975312e-06,0.009075923913465728,1.2141750000001904e-10
2048,0.5688888888888838,368,172,1.298071629883582e-06,0.009075419695470537,1.2153000000001904e-10
2049,0.5691666666666616,368,172,1.2977422540729844e-06,0.009074915505487452,1.2164250000001908e-10
2050,0.5694444444444394,368,172,1.2974012022281991e-06,0.009074411343514928,1.217550000000191e-10
2051,0.5697222222222172,368,172,1.2970633954611115e-06,0.009073907209551398,1.2186750000001915e-10
2052,0.5699999999999951,368,172,1.2967330378421956e-06,0.00907340310359531,1.2197750000001916e-10
2053,0.5702777777777729,368,172,1.2963929370684162e-06,0.009072899025645113,1.2208500000001918e-10
2054,0.5705555555555507,368,172,1.296056351499518e-06,0.009072394975699245,1.2219250000001922e-10
2055,0.5708333333333285,368,172,1.2957076965857749e-06,0.009071890953756148,1.2230500000001926e-10
2056,0.5711111111111064,367,173,1.295376388889017e-06,0.009071386959814276,1.2241750000001926e-10
2057,0.5713888888888842,367,173,1.295042511296915e-06,0.009070882993872063,1.225300000000193e-10
2058,0.571666666666662,368,173,1.294709634356461e-06,0.009070379055927957,1.226425000000193e-10
2059,0.5719444444444398,368,173,1.2943759668676676e-06,0.009069875145980408,1.2275500000001937e-10
2060,0.5722222222222176,368,173,1.2940494988723853e-06,0.009069371264027853,1.228675000000194e-10
2061,0.5724999999999955,368,173,1.2937198231211325e-06,0.00906886741006874,1.2298000000001944e-10
2062,0.5727777777777733,368,173,1.2933780586549426e-06,0.009068363584101515,1.2309250000001947e-10
2063,0.5730555555555511,368,173,1.2930383957356644e-06,0.009067859786124623,1.232050000000195e-10
2064,0.5733333333333289,368,173,1.2927104676996078e-06,0.009067356016136504,1.2331750000001951e-10
2065,0.5736111111111067,368,173,1.2923736614673176e-06,0.009066852274135607,1.2343000000001955e-10
2066,0.5738888888888846,368,173,1.2920544628815947e-06,0.009066348560120377,1.2354250000001956e-10
2067,0.5741666666666624,368,173,1.2917229850883308e-06,0.00906584487408926,1.236575000000196e-10
2068,0.5744444444444402,367,174,1.2913854788387452e-06,0.0090653412160407,1.2377000000001962e-10
2069,0.574722222222218,367,174,1.291044765892999e-06,0.009064837585973142,1.2388500000001963e-10
2070,0.5749999999999958,366,175,1.29071615020788e-06,0.009064333983885032,1.2400000000001968e-10
2071,0.5752777777777737,366,175,1.2903949336624049e-06,0.009063830409774818,1.2411250000001972e-10
2072,0.5755555555555515,366,175,1.290058409313843e-06,0.009063326863640942,1.2422750000001975e-10
2073,0.5758333333333293,366,175,1.2897226075021337e-06,0.009062823345481849,1.2434250000001978e-10
2074,0.5761111111111071,366,175,1.2893889842123683e-06,0.00906231985529599,1.244600000000198e-10
2075,0.576388888888885,366,175,1.2890529441411232e-06,0.009061816393081809,1.2458000000001982e-10
2076,0.5766666666666628,365,176,1.2887271275744295e-06,0.009061312958837745,1.2469750000001988e-10
2077,0.5769444444444406,365,176,1.2883877936663937e-06,0.009060809552562258,1.2481250000001988e-10
2078,0.5772222222222184,365,176,1.2880596012406178e-06,0.009060306174253782,1.249300000000199e-10
2079,0.5774999999999962,365,176,1.287735932865941e-06,0.009059802823910768,1.2505000000001995e-10
2080,0.5777777777777741,365,176,1.2873989398259425e-06,0.009059299501531663,1.2517000000001997e-10
2081,0.5780555555555519,365,176,1.28706285095576e-06,0.009058796207114911,1.2529000000002002e-10
2082,0.5783333333333297,366,176,1.2867348258798024e-06,0.00905829294065896,1.2541000000002004e-10
2083,0.5786111111111075,366,176,1.2864047503390795e-06,0.009057789702162256,1.2553000000002006e-10
2084,0.5788888888888853,366,176,1.2860742188853806e-06,0.009057286491623249,1.2565000000002009e-10
2085,0.5791666666666632,367,176,1.2857471184454142e-06,0.00905678330904038,1.2577250000002013e-10
2086,0.579444444444441,366,177,1.2854114656876827e-06,0.0090562801544121,1.2589500000002014e-10
2087,0.5797222222222188,366,177,1.2850691291649424e-06,0.009055777027736857,1.260175000000202e-10
2088,0.5799999999999966,366,177,1.2847291831288295e-06,0.009055273929013091,1.2614000000002023e-10
2089,0.5802777777777745,366,177,1.2843923421309726e-06,0.00905477085823926,1.2626500000002024e-10
2090,0.5805555555555523,365,178,1.2840584118610096e-06,0.0090542678154138,1.2639000000002028e-10
2091,0.5808333333333301,365,178,1.2837315882402292e-06,0.009053764800535168,1.2651500000002027e-10
2092,0.5811111111111079,365,178,1.283396266388186e-06,0.009053261813601806,1.2664000000002033e-10
2093,0.5813888888888857,365,178,1.2830636727364706e-06,0.00905275885461216,1.2676500000002034e-10
2094,0.5816666666666636,365,178,1.2827302566177336e-06,0.009052255923564682,1.2689000000002038e-10
2095,0.5819444444444414,365,178,1.2824025901997355e-06,0.009051753020457819,1.270150000000204e-10
2096,0.5822222222222192,365,178,1.2820674885979894e-06,0.009051250145290016,1.2713750000002046e-10
2097,0.582499999999997,365,178,1.2817394211392902e-06,0.00905074729805972,1.2726000000002046e-10
2098,0.5827777777777748,365,178,1.2814127677256791e-06,0.009050244478765386,1.273825000000205e-10
2099,0.5830555555555527,365,178,1.2810796265882401e-06,0.009049741687405457,1.275075000000205e-10
2100,0.5833333333333305,366,178,1.2807415513330768e-06,0.009049238923978376,1.2763250000002057e-10
2101,0.5836111111111083,366,178,1.2804019257037719e-06,0.009048736188482601,1.277575000000206e-10
2102,0.5838888888888861,366,178,1.2800632981706188e-06,0.009048233480916573,1.2788500000002062e-10
2103,0.584166666666664,365,179,1.279726444871308e-06,0.009047730801278747,1.2800750000002064e-10
2104,0.5844444444444418,365,179,1.279389743703088e-06,0.009047228149567564,1.2812750000002069e-10
2105,0.5847222222222196,365,179,1.2790543707035115e-06,0.01956854364594345,1.2824750000002073e-10
2106,0.5849999999999974,365,178,1.2787256431999564e-06,0.01956745650462979,1.2836500000002073e-10
2107,0.5852777777777752,365,178,1.2783941290528831e-06,0.019566369423712864,1.2848250000002078e-10
2108,0.585555555555553,365,178,1.2780614105715769e-06,0.019565282403189325,1.286000000000208e-10
2109,0.5858333333333309,365,178,1.2777449833479223e-06,0.019564195443055817,1.2871750000002083e-10
2110,0.5861111111111087,365,178,1.277417463231812e-06,0.036557330114303115,1.2883500000002086e-10
2111,0.5863888888888865,365,177,1.2770831976717907e-06,0.03655529915151899,1.2895250000002089e-10
2112,0.5866666666666643,365,177,1.276758612255413e-06,0.05271308030316355,1.290700000000209e-10
2113,0.5869444444444422,365,176,1.2764251240724476e-06,0.05271015179870226,1.2918750000002094e-10
2114,0.58722222222222,365,176,1.276098506540057e-06,0.05270722345693566,1.29302500000021e-10
2115,0.5874999999999978,365,176,1.2757596469900264e-06,0.05270429527785474,1.2941750000002102e-10
2116,0.5877777777777756,365,176,1.2754259420399691e-06,0.05270136726145041,1.2953500000002102e-10
2117,0.5880555555555534,364,177,1.2750996398827906e-06,0.06320206693072819,1.2965250000002108e-10
2118,0.5883333333333313,364,176,1.2747716739565387e-06,0.06319855570478759,1.2977250000002112e-10
2119,0.5886111111111091,363,177,1.2744329681717181e-06,0.06319504467391508,1.2989250000002112e-10
2120,0.5888888888888869,363,177,1.2740945083760862e-06,0.06319153383809988,1.3001250000002114e-10
2121,0.5891666666666647,363,177,1.273763041933419e-06,0.06318802319733109,1.301325000000212e-10
2122,0.5894444444444426,363,177,1.2734467122459593e-06,0.06318451275159791,1.302525000000212e-10
2123,0.5897222222222204,363,177,1.273112937532842e-06,0.0631810025008895,1.3037250000002128e-10
2124,0.5899999999999982,363,177,1.272777895989834e-06,0.06317749244519501,1.3049250000002128e-10
2125,0.590277777777776,363,177,1.2724453592751578e-06,0.0631739825845036,1.3061500000002132e-10
2126,0.5905555555555538,362,178,1.2721139628768905e-06,0.06317047291880447,1.3073750000002134e-10
2127,0.5908333333333317,362,178,1.2717839581758054e-06,0.07375138883282766,1.3086250000002137e-10
2128,0.5911111111111095,363,178,1.2714677549783122e-06,0.07374729153344806,1.3098750000002139e-10
2129,0.5913888888888873,363,178,1.2711432685500793e-06,0.07374319446169622,1.3111250000002145e-10
2130,0.5916666666666651,363,178,1.2708200570278439e-06,0.07373909761755947,1.312375000000215e-10
2131,0.5919444444444429,363,178,1.2704969917822766e-06,0.07373500100102516,1.313600000000215e-10
2132,0.5922222222222208,363,178,1.2701693016799663e-06,0.07373090461208065,1.3148250000002152e-10
2133,0.5924999999999986,363,178,1.2698410639058156e-06,0.07372680845071333,1.3160750000002156e-10
2134,0.5927777777777764,363,178,1.2695164426136027e-06,0.07372271251691051,1.317325000000216e-10
2135,0.5930555555555542,363,178,1.2691949070010248e-06,0.07371861681065957,1.3185750000002164e-10
2136,0.593333333333332,363,178,1.2688665136498064e-06,0.07371452133194788,1.3198250000002165e-10
2137,0.5936111111111099,363,178,1.268534005691722e-06,0.07371042608076277,1.3210750000002166e-10
2138,0.5938888888888877,363,178,1.2681920120130532e-06,0.07370633105709161,1.322325000000217e-10
2139,0.5941666666666655,362,179,1.267859217008842e-06,0.07370223626092177,1.3236000000002176e-10
2140,0.5944444444444433,361,180,1.2675360225671023e-06,0.07369814169224062,1.3248500000002177e-10
2141,0.5947222222222212,361,180,1.2671983312586355e-06,0.07369404735103549,1.326100000000218e-10
2142,0.594999999999999,361,180,1.266878776645181e-06,0.07368995323729377,1.3273750000002182e-10
2143,0.5952777777777768,361,180,1.2665413045651901e-06,0.08426766867712326,1.3286500000002185e-10
2144,0.5955555555555546,361,179,1.2662134854609136e-06,0.09510694884111305,1.3299250000002191e-10
2145,0.5958333333333324,361,178,1.2658864658474164e-06,0.09510166512173296,1.3312000000002195e-10
2146,0.5961111111111103,360,179,1.265551897004899e-06,0.09509638169589289,1.3325000000002195e-10
2147,0.5963888888888881,359,180,1.2652131333702024e-06,0.09509109856357645,1.3338000000002198e-10
2148,0.5966666666666659,359,180,1.2648841490224302e-06,0.09508581572476738,1.33510000000022e-10
2149,0.5969444444444437,358,181,1.264551073160217e-06,0.09508053317944933,1.3363750000002207e-10
2150,0.5972222222222215,358,181,1.2642325453824387e-06,0.09507525092760603,1.3376500000002208e-10
2151,0.5974999999999994,358,181,1.2639007050672036e-06,0.09506996896922118,1.3389000000002212e-10
2152,0.5977777777777772,358,181,1.2635745280070494e-06,0.09506468730427843,1.3401500000002215e-10
2153,0.598055555555555,357,182,1.2632453450908473e-06,0.09505940593276153,1.341425000000222e-10
2154,0.5983333333333328,357,182,1.262919528123409e-06,0.09505412485465416,1.3426750000002223e-10
2155,0.5986111111111106,356,183,1.2625950501816204e-06,0.09504884406994002,1.3439000000002227e-10
2156,0.5988888888888885,356,183,1.2622546270145e-06,0.09504356357860279,1.3451250000002226e-10
2157,0.5991666666666663,356,183,1.2619370441866618e-06,0.09503828338062623,1.346375000000223e-10
2158,0.5994444444444441,356,183,1.2616095893892329e-06,0.09503300347599396,1.3476000000002234e-10
2159,0.5997222222222219,356,183,1.2612936648715372e-06,0.11067648644513367,1.3488250000002236e-10
2160,0.5999999999999998,356,182,1.2609593950100169e-06,0.11067033775144235,1.350050000000224e-10
2161,0.6002777777777776,356,182,1.2606299863970477e-06,0.11066418939934504,1.3512750000002242e-10
2162,0.6005555555555554,356,182,1.260302956598992e-06,0.11065804138882283,1.3525250000002246e-10
2163,0.6008333333333332,354,184,1.2599704362841966e-06,0.11065189371985681,1.3537500000002247e-10
2164,0.601111111111111,354,184,1.2596346805605802e-06,0.11064574639242794,1.3549250000002253e-10
2165,0.6013888888888889,354,184,1.2593061349749908e-06,0.11063959940651723,1.3561000000002255e-10
2166,0.6016666666666667,354,184,1.2589788324800034e-06,0.12599065264176657,1.3572750000002258e-10
2167,0.6019444444444445,353,184,1.258654025555667e-06,0.12598365316106422,1.3584500000002263e-10
2168,0.6022222222222223,353,184,1.2583330054823883e-06,0.12597665406922195,1.3596250000002265e-10
2169,0.6025000000000001,354,184,1.257998012989952e-06,0.12596965536621813,1.3608000000002268e-10
2170,0.602777777777778,354,184,1.2576723745732401e-06,0.12596265705203108,1.361950000000227e-10
2171,0.6030555555555558,354,184,1.2573317345479652e-06,0.12595565912663934,1.3631000000002277e-10
2172,0.6033333333333336,354,184,1.2569994180717202e-06,0.1259486615900212,1.3642750000002277e-10
2173,0.6036111111111114,354,184,1.2566845833115392e-06,0.1259416644421551,1.3654500000002282e-10
2174,0.6038888888888893,354,184,1.256361545520445e-06,0.1259346676830194,1.3666250000002282e-10
2175,0.6041666666666671,354,184,1.2560341498582881e-06,0.12592767131259255,1.3677750000002287e-10
2176,0.6044444444444449,354,184,1.2556971477277642e-06,0.125920675330853,1.368925000000229e-10
2177,0.6047222222222227,354,184,1.2553653291185634e-06,0.125913679737779,1.3700500000002294e-10
2178,0.6050000000000005,354,184,1.2550387818619003e-06,0.1259066845333492,1.37120000000023e-10
2179,0.6052777777777784,355,184,1.2547036981682604e-06,0.12589968971754176,1.37235000000023e-10
2180,0.6055555555555562,355,184,1.2543738604744302e-06,0.12589269529033525,1.3735000000002305e-10
2181,0.605833333333334,355,184,1.254043182990277e-06,0.125885701251708,1.374625000000231e-10
2182,0.6061111111111118,355,184,1.2537130811788585e-06,0.12587870760163847,1.375750000000231e-10
2183,0.6063888888888896,356,184,1.253386188596633e-06,0.12587171434010505,1.3769000000002313e-10
2184,0.6066666666666675,356,184,1.2530513772263382e-06,0.12586472146708616,1.3780500000002316e-10
2185,0.6069444444444453,356,184,1.2527303618147324e-06,0.12585772898256023,1.379175000000232e-10
2186,0.6072222222222231,356,184,1.2523878848506715e-06,0.1258507368865056,1.3802750000002323e-10
2187,0.6075000000000009,356,184,1.2520477595341845e-06,0.13678734168384746,1.3813750000002327e-10
2188,0.6077777777777787,356,183,1.2517152633623757e-06,0.13677974238708726,1.382475000000233e-10
2189,0.6080555555555566,356,183,1.2513864084571753e-06,0.1367721435125102,1.3836000000002332e-10
2190,0.6083333333333344,356,183,1.2510562890124464e-06,0.13676454506009283,1.3847250000002335e-10
2191,0.6086111111111122,356,183,1.250723581517265e-06,0.1367569470298117,1.385825000000234e-10
2192,0.60888888888889,356,183,1.2503914175858264e-06,0.13674934942164343,1.3869250000002343e-10
2193,0.6091666666666679,356,183,1.2500644889185173e-06,0.13674175223556445,1.3880250000002347e-10
2194,0.6094444444444457,356,183,1.2497371974258164e-06,0.13673415547155138,1.389125000000235e-10
2195,0.6097222222222235,356,183,1.2494155626608318e-06,0.1367265591295807,1.3902250000002352e-10
2196,0.6100000000000013,356,183,1.2490877474309028e-06,0.1367189632096291,1.3913250000002353e-10
2197,0.6102777777777791,356,183,1.248758270382823e-06,0.13671136771167297,1.392400000000236e-10
2198,0.610555555555557,356,183,1.2484410000832469e-06,0.136703772635689,1.3934750000002362e-10
2199,0.6108333333333348,356,183,1.2481248752627042e-06,0.1366961779816537,1.3945500000002366e-10
2200,0.6111111111111126,356,183,1.2477939509714517e-06,0.13668858374954362,1.3956500000002368e-10
2201,0.6113888888888904,355,184,1.2474586368586532e-06,0.13668098993933528,1.396750000000237e-10
2202,0.6116666666666682,355,184,1.2471236690699182e-06,0.13667339655100536,1.3978500000002375e-10
2203,0.6119444444444461,355,184,1.246787403327647e-06,0.1366658035845303,1.398925000000238e-10
2204,0.6122222222222239,355,184,1.2464518934779637e-06,0.1366582110398867,1.400000000000238e-10
2205,0.6125000000000017,355,184,1.2461264047617046e-06,0.1366506189170512,1.4010750000002383e-10
2206,0.6127777777777795,354,185,1.2458037316471917e-06,0.1366430272160002,1.4021500000002388e-10
2207,0.6130555555555574,354,185,1.2454827558367212e-06,0.13663543593671046,1.4032500000002391e-10
2208,0.6133333333333352,354,186,1.245156066680921e-06,0.13662784507915843,1.4043500000002395e-10
2209,0.613611111111113,354,186,1.244832838993944e-06,0.1366202546433207,1.40545000000024e-10
2210,0.6138888888888908,354,186,1.244509235396251e-06,0.14741649272786075,1.40652500000024e-10
2211,0.6141666666666686,353,186,1.2441842696048655e-06,0.1474083029227093,1.4076000000002405e-10
2212,0.6144444444444465,353,186,1.2438673145432267e-06,0.1474001135725469,1.408725000000241e-10
2213,0.6147222222222243,353,186,1.2435306791290116e-06,0.14739192467734843,1.409825000000241e-10
2214,0.6150000000000021,353,186,1.2432090539649236e-06,0.14738373623708856,1.4109500000002414e-10
2215,0.6152777777777799,352,187,1.2428820850706115e-06,0.1473755482517421,1.4120500000002417e-10
2216,0.6155555555555577,352,187,1.2425584046990057e-06,0.1473673607212837,1.4131500000002421e-10
2217,0.6158333333333356,352,187,1.2422322392245591e-06,0.14735917364568804,1.4142750000002425e-10
2218,0.6161111111111134,352,187,1.241907536940776e-06,0.1473509870249299,1.4154000000002428e-10
2219,0.6163888888888912,352,187,1.2415822770847049e-06,0.14734280085898413,1.4165250000002432e-10
2220,0.616666666666669,352,187,1.2412618704600001e-06,0.14733461514782528,1.4176500000002433e-10
2221,0.6169444444444468,352,187,1.2409265743475132e-06,0.1473264298914282,1.4187750000002439e-10
2222,0.6172222222222247,352,187,1.2406067543271262e-06,0.14731824508976754,1.419900000000244e-10
2223,0.6175000000000025,352,187,1.2402776737022469e-06,0.1473100607428181,1.4210250000002443e-10
2224,0.6177777777777803,352,187,1.2399439647158612e-06,0.14730187685055465,1.4221500000002446e-10
2225,0.6180555555555581,352,187,1.2396173955728237e-06,0.14729369341295187,1.4232750000002452e-10
2226,0.618333333333336,351,188,1.2392888829875816e-06,0.1472855104299845,1.4244000000002458e-10
2227,0.6186111111111138,351,188,1.2389575396779026e-06,0.14727732790162726,1.4255250000002457e-10
2228,0.6188888888888916,351,188,1.2386322335353219e-06,0.14726914582785494,1.426650000000246e-10
2229,0.6191666666666694,350,189,1.2383099935599258e-06,0.1472609642086423,1.4277750000002464e-10
2230,0.6194444444444472,349,190,1.2379803742502214e-06,0.14725278304396405,1.428900000000247e-10
2231,0.6197222222222251,349,190,1.237657026379937e-06,0.14724460233379494,1.430000000000247e-10
2232,0.6200000000000029,349,190,1.2373317892032193e-06,0.14723642207810972,1.4310750000002475e-10
2233,0.6202777777777807,348,191,1.2370090395638752e-06,0.1472282422768832,1.4321750000002477e-10
2234,0.6205555555555585,348,191,1.2366779956998763e-06,0.14722006293009005,1.4332750000002478e-10
2235,0.6208333333333363,347,192,1.236340390686416e-06,0.14721188403770505,1.4343750000002484e-10
2236,0.6211111111111142,347,192,1.2360005622555372e-06,0.14720370559970292,1.4355000000002488e-10
2237,0.621388888888892,346,193,1.2356672728757088e-06,0.14719552761605853,1.4366000000002492e-10
2238,0.6216666666666698,346,193,1.235338399565145e-06,0.1471873500867465,1.4377000000002496e-10
2239,0.6219444444444476,346,193,1.2350094553025218e-06,0.1471791730117417,1.4388000000002494e-10
2240,0.6222222222222255,346,193,1.2346857815635564e-06,0.14717099639101885,1.43990000000025e-10
2241,0.6225000000000033,346,193,1.2343474013682898e-06,0.14716282022455263,1.4410000000002505e-10
2242,0.6227777777777811,346,193,1.2340301607316708e-06,0.147154644512318,1.4421000000002506e-10
2243,0.6230555555555589,346,193,1.2337022616733418e-06,0.1471464692542895,1.4432000000002512e-10
2244,0.6233333333333367,346,193,1.2333839570135032e-06,0.14713829445044205,1.4442750000002517e-10
2245,0.6236111111111146,346,193,1.2330550301580318e-06,0.14713012010075038,1.4453500000002516e-10
2246,0.6238888888888924,345,194,1.2327287856553792e-06,0.1471219462051892,1.4464500000002522e-10
2247,0.6241666666666702,345,194,1.2324024709468205e-06,0.14711377276373336,1.447550000000252e-10
2248,0.624444444444448,345,194,1.2320777369396979e-06,0.14710559977635762,1.4486750000002525e-10
2249,0.6247222222222258,344,195,1.2317604389876892e-06,0.1470974272430367,1.449775000000253e-10
2250,0.6250000000000037,344,195,1.2314360545828924e-06,0.14708925516374546,1.4508500000002533e-10
2251,0.6252777777777815,344,195,1.2311134304952834e-06,0.14708108353845858,1.4519250000002537e-10
2252,0.6255555555555593,344,195,1.2307846270266646e-06,0.1470729123671509,1.4529750000002542e-10
2253,0.6258333333333371,345,195,1.2304536026591705e-06,0.14706474164979713,1.4540250000002542e-10
2254,0.626111111111115,345,195,1.2301281698063985e-06,0.1470565713863722,1.4550750000002546e-10
2255,0.6263888888888928,345,195,1.229803935021118e-06,0.14704840157685073,1.4561500000002553e-10
2256,0.6266666666666706,344,196,1.229481140540678e-06,0.14704023222120757,1.4572250000002558e-10
2257,0.6269444444444484,345,196,1.2291594421197087e-06,0.14703206331941746,1.458300000000256e-10
2258,0.6272222222222262,345,196,1.2288231056108861e-06,0.14702389487145534,1.459400000000256e-10
2259,0.627500000000004,345,196,1.228497221831504e-06,0.1470157268772958,1.4604750000002565e-10
2260,0.6277777777777819,345,196,1.2281709039964722e-06,0.15730551445367613,1.4615500000002572e-10
2261,0.6280555555555597,345,195,1.227839728470756e-06,0.15729677525842867,1.462625000000257e-10
2262,0.6283333333333375,345,195,1.2275250646670124e-06,0.15728803654869208,1.4637000000002573e-10
2263,0.6286111111111153,345,195,1.2272009469043482e-06,0.1572792983244394,1.4647750000002577e-10
2264,0.6288888888888932,346,195,1.2268816542404974e-06,0.1572705605856436,1.4658500000002581e-10
2265,0.629166666666671,346,195,1.226553843739442e-06,0.15726182333227776,1.4669250000002586e-10
2266,0.6294444444444488,345,196,1.22622816118346e-06,0.15725308656431483,1.468000000000259e-10
2267,0.6297222222222266,345,196,1.2259066866136158e-06,0.15724435028172795,1.4690750000002594e-10
2268,0.6300000000000044,345,196,1.22556889912447e-06,0.16725485272792565,1.4701500000002594e-10
2269,0.6302777777777823,345,195,1.2252497213456953e-06,0.167245560791663,1.47125000000026e-10
2270,0.6305555555555601,344,196,1.2249257190136664e-06,0.167236269371619,1.4723250000002602e-10
2271,0.6308333333333379,344,196,1.2246000948591036e-06,0.16722697846776505,1.4734000000002604e-10
2272,0.6311111111111157,344,196,1.2242727238831772e-06,0.1672176880800724,1.474475000000261e-10
2273,0.6313888888888936,344,196,1.2239485018088594e-06,0.16720839820851235,1.4755500000002612e-10
2274,0.6316666666666714,344,196,1.2236273049056101e-06,0.16719910885305636,1.4766500000002616e-10
2275,0.6319444444444492,343,197,1.2232963996212582e-06,0.16718982001367566,1.477750000000262e-10
2276,0.632222222222227,343,197,1.2229757444571279e-06,0.16718053169034156,1.4788500000002621e-10
2277,0.6325000000000048,343,197,1.2226510698210208e-06,0.1671712438830254,1.4799500000002628e-10
2278,0.6327777777777827,343,198,1.2223292881701518e-06,0.16716195659169858,1.481050000000263e-10
2279,0.6330555555555605,344,198,1.2219971951255316e-06,0.1671526698163324,1.4821500000002633e-10
2280,0.6333333333333383,344,198,1.2216762195095114e-06,0.16714338355689817,1.4832500000002637e-10
2281,0.6336111111111161,344,198,1.2213575182067594e-06,0.16713409781336722,1.484350000000264e-10
2282,0.6338888888888939,344,198,1.2210318024671304e-06,0.16712481258571094,1.4854750000002644e-10
2283,0.6341666666666718,342,200,1.2206995300362105e-06,0.1671155278739006,1.4866000000002648e-10
2284,0.6344444444444496,341,201,1.2203838741158455e-06,0.16710624367790766,1.4877250000002649e-10
2285,0.6347222222222274,341,201,1.2200691288538992e-06,0.1670969599977033,1.4888250000002655e-10
2286,0.6350000000000052,341,201,1.219745388105941e-06,0.167087676833259,1.4899250000002656e-10
2287,0.635277777777783,341,201,1.2194183662276446e-06,0.16707839418454606,1.491025000000266e-10
2288,0.6355555555555609,341,201,1.2190971056347846e-06,0.1670691120515358,1.4921000000002665e-10
2289,0.6358333333333387,341,201,1.218773236476086e-06,0.1670598304341996,1.4931750000002666e-10
2290,0.6361111111111165,341,201,1.218443440305337e-06,0.16705054933250882,1.494250000000267e-10
2291,0.6363888888888943,341,201,1.218123069655514e-06,0.16704126874643482,1.4953250000002675e-10
2292,0.6366666666666722,341,201,1.217796596810549e-06,0.16703198867594887,1.496425000000268e-10
2293,0.63694444444445,340,202,1.2174730576835276e-06,0.16702270912102246,1.497525000000268e-10
2294,0.6372222222222278,340,202,1.217154393755003e-06,0.16701343008162683,1.4986250000002684e-10
2295,0.6375000000000056,340,202,1.216829870799979e-06,0.16700415155773343,1.4997250000002688e-10
2296,0.6377777777777834,340,202,1.2165028382224468e-06,0.18646639485272193,1.5008250000002692e-10
2297,0.6380555555555613,340,201,1.2161782354433445e-06,0.18645603560856347,1.5019250000002696e-10
2298,0.6383333333333391,340,201,1.215859678347796e-06,0.18644567693991854,1.50302500000027e-10
2299,0.6386111111111169,340,201,1.2155371536593368e-06,0.18643531884675524,1.5041250000002703e-10
2300,0.6388888888888947,339,202,1.2152119455059424e-06,0.18642496132904152,1.5052250000002707e-10
2301,0.6391666666666725,339,202,1.21488383696458e-06,0.18641460438674548,1.5063250000002709e-10
2302,0.6394444444444504,339,202,1.2145555101443458e-06,0.18640424801983507,1.5074250000002715e-10
2303,0.6397222222222282,339,202,1.214245130541893e-06,0.18639389222827846,1.508525000000272e-10
2304,0.640000000000006,339,202,1.2139371705947868e-06,0.18638353701204355,1.509625000000272e-10
2305,0.6402777777777838,338,203,1.2136157349850665e-06,0.18637318237109843,1.5107250000002722e-10
2306,0.6405555555555617,338,203,1.2132947662972621e-06,0.18636282830541115,1.5118250000002728e-10
2307,0.6408333333333395,338,203,1.2129724296683091e-06,0.1863524748149498,1.512925000000273e-10
2308,0.6411111111111173,338,203,1.212641562432779e-06,0.1863421218996823,1.5140250000002736e-10
2309,0.6413888888888951,338,203,1.2123304819258821e-06,0.18633176955957673,1.515125000000274e-10
2310,0.6416666666666729,338,203,1.21200309154283e-06,0.18632141779460126,1.516225000000274e-10
2311,0.6419444444444508,338,203,1.2116789309374503e-06,0.18631106660472377,1.5173250000002745e-10
2312,0.6422222222222286,338,203,1.2113603065040189e-06,0.1863007159899124,1.518425000000275e-10
2313,0.6425000000000064,338,203,1.2110373896231972e-06,0.18629036595013518,1.5195250000002753e-10
2314,0.6427777777777842,338,203,1.2107125260249411e-06,0.18628001648536016,1.5206000000002757e-10
2315,0.643055555555562,338,203,1.2103899805017952e-06,0.18626966759555544,1.5216750000002761e-10
2316,0.6433333333333399,338,203,1.2100650826682652e-06,0.186259319280689,1.5227500000002766e-10
2317,0.6436111111111177,338,203,1.2097468925847768e-06,0.186248971540729,1.5238250000002768e-10
2318,0.6438888888888955,338,203,1.209439420736735e-06,0.18623862437564337,1.524925000000277e-10
2319,0.6441666666666733,337,204,1.2091225536117936e-06,0.18622827778540033,1.5260500000002775e-10
2320,0.6444444444444511,336,205,1.208818280751389e-06,0.1862179317699678,1.5271750000002778e-10
2321,0.644722222222229,336,205,1.208509369661241e-06,0.1862075863293139,1.5283000000002782e-10
2322,0.6450000000000068,336,205,1.2082092369594346e-06,0.18619724146340672,1.5294250000002785e-10
2323,0.6452777777777846,336,205,1.207895424382179e-06,0.18618689717221434,1.5305500000002786e-10
2324,0.6455555555555624,336,205,1.2075861991876207e-06,0.18617655345570475,1.531650000000279e-10
2325,0.6458333333333403,336,205,1.2072802073121828e-06,0.18616621031384611,1.5327500000002794e-10
2326,0.6461111111111181,336,205,1.2069620917671737e-06,0.18615586774660645,1.5338500000002798e-10
2327,0.6463888888888959,336,205,1.2066411406878752e-06,0.18614552575395388,1.5349250000002802e-10
2328,0.6466666666666737,335,206,1.2063186266645475e-06,0.18613518433585646,1.5360000000002806e-10
2329,0.6469444444444515,335,206,1.205996807659913e-06,0.18612484349228223,1.537075000000281e-10
2330,0.6472222222222294,335,206,1.2056789887387228e-06,0.18611450322319933,1.5381500000002815e-10
2331,0.6475000000000072,337,206,1.205363651602814e-06,0.18610416352857584,1.5392250000002814e-10
2332,0.647777777777785,337,206,1.205039895696254e-06,0.1860938244083798,1.540300000000282e-10
2333,0.6480555555555628,337,206,1.2047271358062745e-06,0.18608348586257933,1.5414250000002822e-10
2334,0.6483333333333406,335,208,1.2044024611512212e-06,0.18607314789114254,1.5425500000002828e-10
2335,0.6486111111111185,334,209,1.2040957204079812e-06,0.1860628104940375,1.543675000000283e-10
2336,0.6488888888888963,334,209,1.203777383348903e-06,0.1860524736712323,1.5448000000002835e-10
2337,0.6491666666666741,334,209,1.2034607129301675e-06,0.18604213742269496,1.545925000000284e-10
2338,0.6494444444444519,334,209,1.2031415477198546e-06,0.1860318017483937,1.5470500000002842e-10
2339,0.6497222222222298,334,209,1.2028254669110015e-06,0.18602146664829655,1.5481500000002846e-10
2340,0.6500000000000076,334,209,1.2025086284195995e-06,0.1860111321223717,1.549225000000285e-10
2341,0.6502777777777854,334,209,1.202183275241866e-06,0.18600079817058712,1.5503000000002852e-10
2342,0.6505555555555632,334,209,1.2018658407780017e-06,0.18599046479291098,1.5513500000002857e-10
2343,0.650833333333341,334,209,1.201540917293159e-06,0.1859801319893114,1.552375000000286e-10
2344,0.6511111111111189,334,209,1.2012319230921948e-06,0.18596979975975642,1.5534500000002864e-10
2345,0.6513888888888967,333,210,1.200914326427842e-06,0.18595946810421424,1.5545500000002867e-10
2346,0.6516666666666745,332,211,1.2006123784492659e-06,0.1859491370226529,1.555675000000287e-10
2347,0.6519444444444523,331,212,1.2002964059172564e-06,0.1961682601293274,1.5567750000002875e-10
2348,0.6522222222222301,331,211,1.199984792176281e-06,0.19615736189265354,1.5578750000002879e-10
2349,0.652500000000008,331,211,1.1996667802041173e-06,0.19614646426143728,1.558975000000288e-10
2350,0.6527777777777858,331,211,1.1993478267334898e-06,0.196135567235645,1.5600250000002887e-10
2351,0.6530555555555636,331,211,1.1990306514484531e-06,0.196124670815243,1.561100000000289e-10
2352,0.6533333333333414,330,212,1.1987010766663946e-06,0.19611377500019772,1.562150000000289e-10
2353,0.6536111111111192,330,212,1.1983831884478876e-06,0.20661689808516417,1.5632000000002899e-10
2354,0.6538888888888971,329,212,1.1980748524876117e-06,0.2066054193686039,1.56425000000029e-10
2355,0.6541666666666749,328,213,1.1977523913222945e-06,0.20659394128975003,1.5653000000002903e-10
2356,0.6544444444444527,328,213,1.1974425874114337e-06,0.2065824638485673,1.5663250000002908e-10
2357,0.6547222222222305,328,213,1.1971262335667168e-06,0.2065709870450202,1.567375000000291e-10
2358,0.6550000000000084,328,213,1.196804803708546e-06,0.2167083673417238,1.5684250000002915e-10
2359,0.6552777777777862,328,212,1.1964925489081214e-06,0.21669632798798252,1.5695000000002917e-10
2360,0.655555555555564,327,213,1.1961793214568014e-06,0.21668428930309439,1.5706000000002923e-10
2361,0.6558333333333418,327,213,1.1958703017451957e-06,0.21667225128702194,1.5717250000002924e-10
2362,0.6561111111111196,326,214,1.1955641188345e-06,0.21666021393972823,1.5728500000002933e-10
2363,0.6563888888888975,326,214,1.1952467297210345e-06,0.21664817726117602,1.574000000000293e-10
2364,0.6566666666666753,325,215,1.1949307895142015e-06,0.2166361412513282,1.5751500000002936e-10
2365,0.6569444444444531,325,215,1.194617438887987e-06,0.21662410591014758,1.576300000000294e-10
2366,0.6572222222222309,324,216,1.1943063589994037e-06,0.21661207123759701,1.5774500000002945e-10
2367,0.6575000000000087,324,216,1.1939965764541109e-06,0.21660003723363938,1.5785750000002948e-10
2368,0.6577777777777866,324,216,1.1936893966172276e-06,0.21658800389823754,1.5797000000002952e-10
2369,0.6580555555555644,324,216,1.193380707897593e-06,0.21657597123135439,1.5808250000002955e-10
2370,0.6583333333333422,324,216,1.1930635942747016e-06,0.21656393923295258,1.581950000000296e-10
2371,0.65861111111112,324,216,1.192749476148998e-06,0.21655190790299517,1.5830750000002962e-10
2372,0.6588888888888979,324,216,1.1924340877574415e-06,0.21653987724144505,1.5842500000002965e-10
2373,0.6591666666666757,323,218,1.19212589945444e-06,0.21652784724826496,1.585425000000297e-10
2374,0.6594444444444535,323,218,1.1918121638694149e-06,0.2165158179234179,1.5866000000002972e-10
2375,0.6597222222222313,323,218,1.1914948869544516e-06,0.21650378926686653,1.5877500000002978e-10
2376,0.6600000000000091,323,218,1.191185170466812e-06,0.21649176127857395,1.5888750000002982e-10
2377,0.660277777777787,323,218,1.1908873254835505e-06,0.21647973395850295,1.5900000000002985e-10
2378,0.6605555555555648,323,218,1.1905733696960181e-06,0.21646770730661632,1.5911250000002988e-10
2379,0.6608333333333426,323,218,1.190263468292648e-06,0.21645568132287712,1.5922750000002994e-10
2380,0.6611111111111204,322,219,1.1899533663434819e-06,0.2164436560072481,1.5934000000002997e-10
2381,0.6613888888888982,322,219,1.1896372006121993e-06,0.21643163135969212,1.5945000000003e-10
2382,0.6616666666666761,322,219,1.1893341010497754e-06,0.21641960738017216,1.5956000000003005e-10
2383,0.6619444444444539,321,220,1.1890210107573368e-06,0.21640758406865107,1.5967000000003007e-10
2384,0.6622222222222317,321,220,1.188701747446618e-06,0.21639556142509167,1.5977750000003008e-10
2385,0.6625000000000095,321,220,1.1883897837858782e-06,0.21638353944945693,1.5988500000003015e-10
2386,0.6627777777777873,321,220,1.1880701316268722e-06,0.21637151814170974,1.5999250000003017e-10
2387,0.6630555555555652,321,220,1.1877511171158835e-06,0.216359497501813,1.601025000000302e-10
2388,0.663333333333343,320,221,1.187437863627231e-06,0.21634747752972952,1.6021250000003025e-10
2389,0.6636111111111208,320,221,1.1871310272683998e-06,0.2163354582254224,1.6032250000003029e-10
2390,0.6638888888888986,321,221,1.1868184819059498e-06,0.21632343958885425,1.6043000000003033e-10
2391,0.6641666666666765,321,221,1.1865069230028983e-06,0.22635794032908843,1.605375000000304e-10
2392,0.6644444444444543,321,220,1.186185279108735e-06,0.22634536488795903,1.606450000000304e-10
2393,0.6647222222222321,321,220,1.1858680934190386e-06,0.22633279014546534,1.6075250000003043e-10
2394,0.6650000000000099,321,220,1.1855521912461084e-06,0.2263202161015683,1.6086000000003048e-10
2395,0.6652777777777877,321,220,1.185237642024458e-06,0.22630764275622936,1.6096750000003052e-10
2396,0.6655555555555656,321,220,1.1849173317757811e-06,0.22629507010940955,1.6107500000003056e-10
2397,0.6658333333333434,321,220,1.1846120575122858e-06,0.22628249816107018,1.6118250000003058e-10
2398,0.6661111111111212,321,220,1.1843031161019024e-06,0.2262699269111723,1.6129000000003062e-10
2399,0.666388888888899,321,220,1.1839878354887325e-06,0.2262573563596773,1.6139500000003067e-10
2400,0.6666666666666768,321,220,1.183678980243476e-06,0.22624478650654622,1.615000000000307e-10
2401,0.6669444444444547,321,220,1.1833645681732932e-06,0.22623221735174037,1.6160500000003072e-10
2402,0.6672222222222325,321,220,1.1830570255637561e-06,0.22621964889522073,1.6171250000003079e-10
2403,0.6675000000000103,320,221,1.1827300968086656e-06,0.22620708113694876,1.618200000000308e-10
2404,0.6677777777777881,320,221,1.1824237987110859e-06,0.22619451407688565,1.6192500000003085e-10
2405,0.668055555555566,320,221,1.182111136893918e-06,0.22618194771499248,1.620300000000309e-10
2406,0.6683333333333438,320,221,1.181798899692498e-06,0.22616938205123055,1.6213750000003094e-10
2407,0.6686111111111216,320,221,1.181481658946604e-06,0.22615681708556107,1.6224500000003096e-10
2408,0.6688888888888994,320,221,1.1811703559182222e-06,0.2261442528179452,1.62352500000031e-10
2409,0.6691666666666772,320,221,1.1808524083668942e-06,0.22613168924834418,1.6246000000003105e-10
2410,0.6694444444444551,320,221,1.1805336080347515e-06,0.22611912637671927,1.6256750000003106e-10
2411,0.6697222222222329,320,221,1.1802262907783956e-06,0.22610656420303177,1.626750000000311e-10
2412,0.6700000000000107,320,221,1.1799081518937042e-06,0.22609400272724264,1.6278000000003115e-10
2413,0.6702777777777885,320,221,1.1795974720418505e-06,0.22608144194931343,1.628850000000312e-10
2414,0.6705555555555663,320,221,1.1792819870164846e-06,0.2260688818692051,1.629925000000312e-10
2415,0.6708333333333442,319,222,1.1789641101451278e-06,0.226056322486879,1.6309750000003127e-10
2416,0.671111111111122,319,222,1.1786645269406124e-06,0.2260437638022964,1.6320500000003128e-10
2417,0.6713888888888998,319,222,1.1783529837330245e-06,0.2368056970377285,1.6331250000003135e-10
2418,0.6716666666666776,318,222,1.1780396194900772e-06,0.23679254116567086,1.6342000000003137e-10
2419,0.6719444444444554,318,222,1.1777207332661226e-06,0.236779386024495,1.635325000000314e-10
2420,0.6722222222222333,318,222,1.1774087548042154e-06,0.23676623161416027,1.636450000000315e-10
2421,0.6725000000000111,318,222,1.1770986868817452e-06,0.23675307793462622,1.637575000000315e-10
2422,0.6727777777777889,318,222,1.1767910392773733e-06,0.23673992498585203,1.638700000000315e-10
2423,0.6730555555555667,317,223,1.1764691037032478e-06,0.23672677276779727,1.6398250000003157e-10
2424,0.6733333333333446,317,223,1.1761581625645529e-06,0.23671362128042128,1.6409250000003163e-10
2425,0.6736111111111224,317,223,1.1758387834873779e-06,0.2367004705236836,1.6420250000003165e-10
2426,0.6738888888889002,317,223,1.1755285005343175e-06,0.23668732049754332,1.643125000000317e-10
2427,0.674166666666678,316,224,1.1752243474232498e-06,0.2366741712019601,1.6442000000003173e-10
2428,0.6744444444444558,316,224,1.1749163362185025e-06,0.23666102263689331,1.6453000000003177e-10
2429,0.6747222222222337,316,224,1.17460646479995e-06,0.23664787480230248,1.646400000000318e-10
2430,0.6750000000000115,316,224,1.1743011020581904e-06,0.2366347276981467,1.6474750000003185e-10
2431,0.6752777777777893,317,224,1.1739830897142437e-06,0.23662158132438577,1.6485500000003187e-10
2432,0.6755555555555671,317,224,1.1736604335807768e-06,0.2366084356809788,1.649625000000319e-10
2433,0.6758333333333449,317,224,1.1733506755530407e-06,0.24713793671950934,1.6507250000003195e-10
2434,0.6761111111111228,317,223,1.1730386376238123e-06,0.24712420683413608,1.6518250000003202e-10
2435,0.6763888888889006,317,223,1.1727302128444886e-06,0.24711047771153416,1.6529000000003206e-10
2436,0.6766666666666784,317,223,1.1724098888325877e-06,0.24709674935166132,1.6539750000003208e-10
2437,0.6769444444444562,317,223,1.1721057699945963e-06,0.2470830217544751,1.6550500000003212e-10
2438,0.677222222222234,317,223,1.1717876209913315e-06,0.24706929491993318,1.6561250000003216e-10
2439,0.6775000000000119,317,223,1.1714778485233516e-06,0.2470555688479932,1.657200000000322e-10
2440,0.6777777777777897,317,223,1.1711665906162853e-06,0.24704184353861278,1.6582750000003222e-10
2441,0.6780555555555675,317,223,1.1708496783150455e-06,0.24702811899174953,1.6593250000003227e-10
2442,0.6783333333333453,317,223,1.1705407193317744e-06,0.24701439520736107,1.6603750000003232e-10
2443,0.6786111111111232,317,223,1.1702221349706168e-06,0.2470006721854051,1.6614250000003234e-10
2444,0.678888888888901,317,223,1.1699205441060822e-06,0.24698694992583928,1.6624750000003236e-10
2445,0.6791666666666788,317,223,1.169622514507202e-06,0.2469732284286212,1.6635500000003243e-10
2446,0.6794444444444566,316,224,1.169319045791661e-06,0.24695950769370847,1.6646750000003247e-10
2447,0.6797222222222344,314,226,1.1690168042130988e-06,0.24694578772105888,1.665800000000325e-10
2448,0.6800000000000123,314,226,1.1687030559118474e-06,0.24693206851062988,1.6669250000003256e-10
2449,0.6802777777777901,314,226,1.168402413346803e-06,0.24691835006237933,1.668025000000326e-10
2450,0.6805555555555679,314,226,1.1680910618189345e-06,0.2469046323762648,1.6691250000003261e-10
2451,0.6808333333333457,313,227,1.1677882702922377e-06,0.24689091545224387,1.6702250000003265e-10
2452,0.6811111111111235,313,227,1.1674727000731018e-06,0.24687719929027435,1.671325000000327e-10
2453,0.6813888888889014,313,227,1.1671729767480561e-06,0.24686348389031382,1.6724500000003273e-10
2454,0.6816666666666792,312,228,1.166873750602691e-06,0.2468497692523199,1.6735750000003276e-10
2455,0.681944444444457,312,228,1.1665770565345495e-06,0.2468360553762503,1.674700000000328e-10
2456,0.6822222222222348,312,228,1.1662736161078514e-06,0.2468223422620627,1.6758500000003288e-10
2457,0.6825000000000127,311,229,1.1659714666608295e-06,0.24680862990971486,1.677025000000329e-10
2458,0.6827777777777905,310,230,1.165660939936352e-06,0.24679491831916434,1.6782000000003293e-10
2459,0.6830555555555683,310,230,1.1653498529972486e-06,0.24678120749036883,1.6793750000003298e-10
2460,0.6833333333333461,310,230,1.1650409285882348e-06,0.24676749742328602,1.68055000000033e-10
2461,0.6836111111111239,310,230,1.1647387062488353e-06,0.2467537881178736,1.6817500000003303e-10
2462,0.6838888888889018,309,231,1.1644327309740823e-06,0.24674007957408936,1.682900000000331e-10
2463,0.6841666666666796,309,231,1.1641286444972494e-06,0.24672637179189078,1.684050000000331e-10
2464,0.6844444444444574,309,231,1.1638278399503787e-06,0.24671266477123568,1.685225000000332e-10
2465,0.6847222222222352,309,231,1.1635257921540316e-06,0.24669895851208176,1.6864000000003322e-10
2466,0.685000000000013,309,231,1.1632227694957108e-06,0.24668525301438662,1.6875750000003324e-10
2467,0.6852777777777909,308,232,1.1629206231825996e-06,0.2566784108104863,1.688750000000333e-10
2468,0.6855555555555687,308,231,1.1626166551804092e-06,0.2566641508987747,1.6899000000003332e-10
2469,0.6858333333333465,308,231,1.1623107055254514e-06,0.2566498917792802,1.6910500000003338e-10
2470,0.6861111111111243,308,231,1.1620122657285434e-06,0.2566356334519593,1.692200000000334e-10
2471,0.6863888888889021,308,231,1.1617095851173354e-06,0.2566213759167674,1.6933500000003344e-10
2472,0.68666666666668,308,231,1.1614019569418281e-06,0.25660711917366086,1.6945250000003346e-10
2473,0.6869444444444578,306,233,1.1611052830279373e-06,0.2565928632225957,1.6957000000003354e-10
2474,0.6872222222222356,306,233,1.1608080498918656e-06,0.25657860806352784,1.6969000000003356e-10
2475,0.6875000000000134,305,234,1.1605144717651804e-06,0.2565643536964132,1.698100000000336e-10
2476,0.6877777777777913,305,234,1.160206064527643e-06,0.2565501001212078,1.699275000000336e-10
2477,0.6880555555555691,305,234,1.159915086886621e-06,0.2565358473378678,1.7004500000003371e-10
2478,0.6883333333333469,305,234,1.1596222547911996e-06,0.25652159534634905,1.701575000000337e-10
2479,0.6886111111111247,305,234,1.1593142354149097e-06,0.25650734414660753,1.7027250000003375e-10
2480,0.6888888888889025,305,234,1.1590123656556758e-06,0.25649309373859946,1.703900000000338e-10
2481,0.6891666666666804,305,234,1.1587144919437878e-06,0.2564788441222806,1.7050750000003383e-10
2482,0.6894444444444582,305,234,1.1584097560964858e-06,0.2564645952976072,1.706250000000339e-10
2483,0.689722222222236,304,235,1.1581137770187843e-06,0.25645034726453514,1.7074500000003393e-10
2484,0.6900000000000138,303,236,1.1578136122282e-06,0.25643610002302036,1.7086500000003395e-10
2485,0.6902777777777916,303,236,1.1575171200304597e-06,0.25642185357301917,1.70982500000034e-10
2486,0.6905555555555695,303,236,1.157215259795783e-06,0.2564076079144873,1.7109750000003406e-10
2487,0.6908333333333473,303,236,1.1569117077255745e-06,0.2563933630473809,1.712100000000341e-10
2488,0.6911111111111251,303,236,1.156611810909298e-06,0.2563791189716561,1.7132500000003412e-10
2489,0.6913888888889029,303,236,1.1563136498494928e-06,0.2563648756872688,1.7144000000003418e-10
2490,0.6916666666666808,303,236,1.1560114777925396e-06,0.25635063319417506,1.715550000000342e-10
2491,0.6919444444444586,304,236,1.1557096837994357e-06,0.256336391492331,1.7166750000003424e-10
2492,0.6922222222222364,304,236,1.1554134121892944e-06,0.25632215058169255,1.717800000000343e-10
2493,0.6925000000000142,304,236,1.1551150535129437e-06,0.2563079104622158,1.7189500000003433e-10
2494,0.692777777777792,304,236,1.1548137083222832e-06,0.2562936711338568,1.7201000000003436e-10
2495,0.6930555555555699,304,236,1.1545117050691455e-06,0.25627943259657154,1.721225000000344e-10
2496,0.6933333333333477,303,237,1.1542003177889452e-06,0.2562651948503161,1.7223500000003446e-10
2497,0.6936111111111255,303,237,1.1538995741039185e-06,0.2562509578950468,1.7235500000003448e-10
2498,0.6938888888889033,301,239,1.1535965149012353e-06,0.2562367217307192,1.7247250000003453e-10
2499,0.6941666666666811,302,239,1.1533025263615896e-06,0.2562224863572898,1.7258750000003456e-10
2500,0.694444444444459,302,239,1.1530084372749975e-06,0.2562082517747144,1.727025000000346e-10
2501,0.6947222222222368,302,239,1.152717335286011e-06,0.2561940179829491,1.7281500000003465e-10
2502,0.6950000000000146,302,239,1.152424932413843e-06,0.2561797849819501,1.7293000000003468e-10
2503,0.6952777777777924,302,239,1.1521273336543998e-06,0.2561655527716733,1.7304250000003474e-10
2504,0.6955555555555702,302,239,1.1518314277926582e-06,0.25615132135207486,1.7315500000003478e-10
2505,0.6958333333333481,302,239,1.1515336327688744e-06,0.26647074553705136,1.732725000000348e-10
2506,0.6961111111111259,301,239,1.15124461322521e-06,0.2780197265940834,1.7338500000003484e-10
2507,0.6963888888889037,301,238,1.150956294495649e-06,0.2780042810537171,1.7349750000003487e-10
2508,0.6966666666666815,301,238,1.1506606377179243e-06,0.2779888363714364,1.7360750000003494e-10
2509,0.6969444444444594,301,238,1.1503549497868046e-06,0.2779733925471936,1.7372000000003497e-10
2510,0.6972222222222372,301,238,1.1500523192005604e-06,0.277957949580941,1.73832500000035e-10
2511,0.697500000000015,301,238,1.1497557965889578e-06,0.2779425074726309,1.7394500000003504e-10
2512,0.6977777777777928,300,239,1.1494649209985142e-06,0.27792706622221575,1.7406000000003507e-10
2513,0.6980555555555706,300,239,1.1491771091943115e-06,0.2779116258296479,1.7417500000003515e-10
2514,0.6983333333333485,300,239,1.1488849192979192e-06,0.27789618629487955,1.7429000000003513e-10
2515,0.6986111111111263,300,239,1.1485941221953639e-06,0.2778807476178632,1.7440750000003526e-10
2516,0.6988888888889041,299,240,1.1482961935749274e-06,0.28829391069371857,1.7452500000003528e-10
2517,0.6991666666666819,299,239,1.1480061495778804e-06,0.2882778943653468,1.746400000000353e-10
2518,0.6994444444444597,299,239,1.1477155406777507e-06,0.28826187892677085,1.7475500000003532e-10
2519,0.6997222222222376,299,239,1.1474211039020027e-06,0.2882458643779416,1.748750000000354e-10
2520,0.7000000000000154,299,239,1.1471351564560377e-06,0.30688035057675206,1.7499000000003542e-10
2521,0.7002777777777932,299,238,1.1468394584520492e-06,0.3068633016683867,1.7510250000003546e-10
2522,0.700555555555571,299,238,1.1465518639867431e-06,0.3068462537071829,1.752175000000355e-10
2523,0.7008333333333489,299,238,1.1462685420873867e-06,0.3172423518738319,1.7533250000003554e-10
2524,0.7011111111111267,299,237,1.1459704382779446e-06,0.3172247272987278,1.7544500000003558e-10
2525,0.7013888888889045,299,237,1.14567321167988e-06,0.3172071037027667,1.755575000000356e-10
2526,0.7016666666666823,297,239,1.1453752790496265e-06,0.31718948108589434,1.7566750000003565e-10
2527,0.7019444444444601,297,239,1.1450833335505043e-06,0.31717185944805626,1.757825000000357e-10
2528,0.702222222222238,297,239,1.1448001013129135e-06,0.317154238789198,1.7590000000003576e-10
2529,0.7025000000000158,296,240,1.1445066972093074e-06,0.3171366191092653,1.7601750000003578e-10
2530,0.7027777777777936,296,240,1.1442122184465283e-06,0.31711900040820373,1.7613250000003581e-10
2531,0.7030555555555714,296,240,1.1439305348287652e-06,0.3171013826859589,1.762500000000359e-10
2532,0.7033333333333492,296,240,1.1436372238386223e-06,0.3170837659424763,1.7636250000003593e-10
2533,0.7036111111111271,296,240,1.1433512696866806e-06,0.31706615017770173,1.7647500000003596e-10
2534,0.7038888888889049,295,241,1.1430660246886021e-06,0.31704853539158073,1.7659250000003599e-10
2535,0.7041666666666827,295,241,1.1427842085059834e-06,0.317030921584059,1.7671000000003604e-10
2536,0.7044444444444605,295,241,1.1424987822016734e-06,0.31701330875508216,1.768275000000361e-10
2537,0.7047222222222383,295,241,1.142207866258105e-06,0.3169956969045957,1.7694500000003611e-10
2538,0.7050000000000162,295,241,1.141917479063924e-06,0.31697808603254546,1.7706500000003614e-10
2539,0.705277777777794,295,241,1.141625404151399e-06,0.316960476138877,1.771875000000362e-10
2540,0.7055555555555718,294,242,1.1413317789576574e-06,0.316942867223536,1.7731000000003622e-10
2541,0.7058333333333496,294,242,1.1410464025258547e-06,0.3169252592864681,1.7743250000003626e-10
2542,0.7061111111111275,294,242,1.1407525348826561e-06,0.3169076523276188,1.7755500000003633e-10
2543,0.7063888888889053,294,242,1.1404685731004403e-06,0.3168900463469339,1.7768000000003634e-10
2544,0.7066666666666831,292,244,1.1401792109985077e-06,0.31687244134435916,1.778050000000364e-10
2545,0.7069444444444609,292,244,1.1398867032965425e-06,0.31685483731984004,1.7793250000003644e-10
2546,0.7072222222222387,292,244,1.1396005895845853e-06,0.32747937684928224,1.780600000000365e-10
2547,0.7075000000000166,292,243,1.139306410558865e-06,0.32746118355056836,1.7818750000003654e-10
2548,0.7077777777777944,292,243,1.1390189756826702e-06,0.32744299126259335,1.783150000000366e-10
2549,0.7080555555555722,292,243,1.1387338016504473e-06,0.32742479998530105,1.7844250000003663e-10
2550,0.70833333333335,292,243,1.1384465063764345e-06,0.32740660971863506,1.7856750000003664e-10
2551,0.7086111111111278,292,243,1.138169536707957e-06,0.32738842046253963,1.7869250000003668e-10
2552,0.7088888888889057,292,243,1.1378822233026196e-06,0.32737023221695843,1.7882250000003674e-10
2553,0.7091666666666835,291,244,1.1376010207982993e-06,0.3273520449818353,1.7895250000003677e-10
2554,0.7094444444444613,291,244,1.137314465844657e-06,0.32733385875711407,1.7907750000003686e-10
2555,0.7097222222222391,291,244,1.1370368441184854e-06,0.3273156735427387,1.7919750000003688e-10
2556,0.710000000000017,291,244,1.1367612360271587e-06,0.327297489338653,1.793225000000369e-10
2557,0.7102777777777948,290,245,1.1364871604271988e-06,0.3272793061448009,1.7945750000003694e-10
2558,0.7105555555555726,289,246,1.1361948031442484e-06,0.3501240728360116,1.7959250000003698e-10
2559,0.7108333333333504,289,244,1.1359074806926403e-06,0.3501046214986318,1.7972750000003703e-10
2560,0.7111111111111282,289,244,1.135619977871898e-06,0.35008517124188193,1.7986000000003705e-10
2561,0.7113888888889061,288,245,1.1353299043142854e-06,0.35006572206570175,1.799925000000371e-10
2562,0.7116666666666839,288,245,1.1350424859226658e-06,0.3500462739700315,1.8012000000003717e-10
2563,0.7119444444444617,288,245,1.1347626646440525e-06,0.35002682695481097,1.8024750000003717e-10
2564,0.7122222222222395,288,245,1.1344793379171391e-06,0.35000738101998013,1.8038000000003722e-10
2565,0.7125000000000173,288,245,1.1341861342405184e-06,0.349987936165479,1.8051250000003725e-10
2566,0.7127777777777952,288,245,1.1339022972519788e-06,0.3499684923912476,1.8064500000003735e-10
2567,0.713055555555573,288,245,1.1336226661067046e-06,0.3499490496972259,1.8077750000003738e-10
2568,0.7133333333333508,287,246,1.1333343216427308e-06,0.3499296080833538,1.8090750000003738e-10
2569,0.7136111111111286,287,246,1.1330550594273405e-06,0.3499101675495715,1.8103750000003746e-10
2570,0.7138888888889064,287,246,1.1327639387018287e-06,0.3498907280958187,1.8117250000003748e-10
2571,0.7141666666666843,286,247,1.132488301229193e-06,0.34987128972203557,1.813025000000375e-10
2572,0.7144444444444621,286,247,1.132196543769435e-06,0.34985185242816214,1.8143250000003754e-10
2573,0.7147222222222399,286,247,1.1319026626128557e-06,0.34983241621413846,1.8156250000003762e-10
2574,0.7150000000000177,286,247,1.1316193388493015e-06,0.3498129810799043,1.8169500000003765e-10
2575,0.7152777777777956,286,247,1.1313296587091284e-06,0.3497935470253999,1.8182750000003773e-10
2576,0.7155555555555734,286,248,1.1310471814524003e-06,0.34977411405056513,1.8195750000003776e-10
2577,0.7158333333333512,286,248,1.1307528041909703e-06,0.34975468215534006,1.820825000000378e-10
2578,0.716111111111129,286,248,1.1304766757063173e-06,0.3497352513396648,1.8220750000003786e-10
2579,0.7163888888889068,285,249,1.1301851080401366e-06,0.3647906431183477,1.8233750000003786e-10
2580,0.7166666666666847,285,248,1.129911530228345e-06,0.3647703769715079,1.824700000000379e-10
2581,0.7169444444444625,283,250,1.1296265277720726e-06,0.3765448506985408,1.8260500000003796e-10
2582,0.7172222222222403,283,249,1.1293430770178047e-06,0.3874459081009364,1.8273750000003798e-10
2583,0.7175000000000181,282,249,1.1290586871183505e-06,0.3874243833282641,1.8287000000003806e-10
2584,0.7177777777777959,282,249,1.1287778549164372e-06,0.38740285975141253,1.8300750000003808e-10
2585,0.7180555555555738,282,249,1.1284957991222791e-06,0.3873813373703153,1.8314500000003815e-10
2586,0.7183333333333516,282,249,1.1282081535460052e-06,0.3873598161849058,1.8328250000003816e-10
2587,0.7186111111111294,282,250,1.1279297248986696e-06,0.3873382961951178,1.8342500000003822e-10
2588,0.7188888888889072,280,252,1.1276561941754679e-06,0.38731677740088477,1.8356750000003828e-10
2589,0.719166666666685,280,252,1.1273773497093118e-06,0.3872952598021403,1.8370750000003832e-10
2590,0.7194444444444629,279,253,1.127098062870356e-06,0.38727374339881787,1.8384750000003836e-10
2591,0.7197222222222407,279,253,1.1268104908745438e-06,0.3872522281908513,1.839875000000384e-10
2592,0.7200000000000185,279,253,1.1265300104035783e-06,0.3872307141781741,1.8413000000003845e-10
2593,0.7202777777777963,278,254,1.1262438312837475e-06,0.38720920136071973,1.8427250000003849e-10
2594,0.7205555555555742,278,254,1.1259665605726397e-06,0.387187689738422,1.8441750000003851e-10
2595,0.720833333333352,278,254,1.1256928897897191e-06,0.38716617931121433,1.8456250000003857e-10
2596,0.7211111111111298,277,255,1.1254086946648002e-06,0.38714467007903036,1.8470500000003858e-10
2597,0.7213888888889076,277,255,1.1251239984948534e-06,0.38712316204180375,1.8485000000003863e-10
2598,0.7216666666666854,276,256,1.124840207046025e-06,0.3871016551994681,1.8499250000003872e-10
2599,0.7219444444444633,276,256,1.1245655333796035e-06,0.387080149551957,1.8513500000003872e-10
2600,0.7222222222222411,276,256,1.1242793966446941e-06,0.3870586450992042,1.8528000000003875e-10
2601,0.7225000000000189,276,256,1.1239958725162168e-06,0.38703714184114313,1.8542750000003886e-10
2602,0.7227777777777967,276,256,1.1237119874058951e-06,0.38701563977770753,1.8557250000003883e-10
2603,0.7230555555555745,277,256,1.1234321845341392e-06,0.386994138908831,1.857175000000389e-10
2604,0.7233333333333524,277,256,1.1231447223534371e-06,0.38697263923444714,1.8586250000003897e-10
2605,0.7236111111111302,277,256,1.1228696912229792e-06,0.38695114075448966,1.86007500000039e-10
2606,0.723888888888908,277,256,1.122585661259029e-06,0.38692964346889214,1.8615250000003905e-10
2607,0.7241666666666858,277,256,1.1223100062806694e-06,0.38690814737758844,1.8629750000003908e-10
2608,0.7244444444444637,277,256,1.1220227584814544e-06,0.3868866524805119,1.8644000000003911e-10
2609,0.7247222222222415,277,256,1.1217445326971693e-06,0.3868651587775963,1.8658250000003915e-10
2610,0.7250000000000193,277,256,1.1214675728250991e-06,0.38684366626877537,1.8672500000003923e-10
2611,0.7252777777777971,277,256,1.121177717630503e-06,0.38682217495398263,1.8686750000003927e-10
2612,0.7255555555555749,277,256,1.120897840562178e-06,0.38680068483315183,1.870100000000393e-10
2613,0.7258333333333528,277,256,1.120609539399999e-06,0.3867791959062167,1.8715250000003933e-10
2614,0.7261111111111306,277,256,1.1203208289760274e-06,0.38675770817311084,1.8729250000003937e-10
2615,0.7263888888889084,277,256,1.1200387263605721e-06,0.3867362216337679,1.8743250000003943e-10
2616,0.7266666666666862,277,256,1.1197606243948344e-06,0.38671473628812153,1.875725000000395e-10
2617,0.726944444444464,277,256,1.1194764782802542e-06,0.3866932521361056,1.8771500000003953e-10
2618,0.7272222222222419,276,257,1.1192035532931182e-06,0.3866717691776536,1.8786000000003953e-10
2619,0.7275000000000197,276,257,1.1189163735724039e-06,0.38665028741269936,1.8800500000003962e-10
2620,0.7277777777777975,276,257,1.1186324232153087e-06,0.3866288068411764,1.8815000000003964e-10
2621,0.7280555555555753,276,257,1.1183516420921626e-06,0.3866073274630186,1.8829500000003967e-10
2622,0.7283333333333532,276,257,1.1180651548541914e-06,0.3865858492781595,1.8844000000003973e-10
2623,0.728611111111131,276,257,1.11777448868576e-06,0.38656437228653295,1.8858500000003978e-10
2624,0.7288888888889088,276,257,1.1174852521412044e-06,0.3865428964880726,1.887300000000398e-10
2625,0.7291666666666866,276,257,1.1172069614285295e-06,0.38652142188271227,1.8887500000003987e-10
2626,0.7294444444444644,276,257,1.1169296976372488e-06,0.3864999484703854,1.890150000000399e-10
2627,0.7297222222222423,276,257,1.1166436403587394e-06,0.38647847625102594,1.8915500000003994e-10
2628,0.7300000000000201,276,257,1.1163573322343268e-06,0.3982051871236407,1.8930000000004e-10
2629,0.7302777777777979,276,256,1.1160899270151246e-06,0.39818306461324504,1.8944250000004003e-10
2630,0.7305555555555757,276,256,1.1158157292091063e-06,0.39816094333187757,1.895850000000401e-10
2631,0.7308333333333535,276,256,1.1155400884548894e-06,0.3981388232794702,1.8972750000004015e-10
2632,0.7311111111111314,275,257,1.11526484616493e-06,0.3981167044559547,1.8987000000004018e-10
2633,0.7313888888889092,275,257,1.1149865929940431e-06,0.3980945868612627,1.9001250000004022e-10
2634,0.731666666666687,275,257,1.1147046435845458e-06,0.39807247049532607,1.9015500000004025e-10
2635,0.7319444444444648,275,257,1.1144246711274993e-06,0.4091218360916127,1.902975000000403e-10
2636,0.7322222222222426,275,256,1.1141511705604647e-06,0.4090991071007188,1.9044000000004034e-10
2637,0.7325000000000205,275,256,1.113882530502752e-06,0.4090763793725465,1.9058250000004037e-10
2638,0.7327777777777983,275,256,1.1136077609972602e-06,0.4090536529070258,1.9072750000004043e-10
2639,0.7330555555555761,275,257,1.1133166717552614e-06,0.4090309277040865,1.908700000000405e-10
2640,0.7333333333333539,275,257,1.1130362027745136e-06,0.40900820376365854,1.910125000000405e-10
2641,0.7336111111111318,275,257,1.1127517658797039e-06,0.4089854810856718,1.9115500000004053e-10
2642,0.7338888888889096,275,257,1.1124768323977277e-06,0.4089627596700559,1.9130000000004058e-10
2643,0.7341666666666874,273,259,1.112192818227794e-06,0.4089400395167409,1.9144250000004064e-10
2644,0.7344444444444652,273,259,1.111911769526774e-06,0.4089173206256566,1.915850000000407e-10
2645,0.734722222222243,273,259,1.1116309574969517e-06,0.40889460299673297,1.9172750000004076e-10
2646,0.7350000000000209,273,259,1.1113514577540673e-06,0.4088718866298998,1.9187000000004082e-10
2647,0.7352777777777987,274,259,1.1110734204575208e-06,0.4088491715250871,1.9201250000004083e-10
2648,0.7355555555555765,274,259,1.1107967850268813e-06,0.4088264576822246,1.921550000000409e-10
2649,0.7358333333333543,274,259,1.1105125768448142e-06,0.40880374510124234,1.9230000000004092e-10
2650,0.7361111111111321,273,260,1.1102425586994599e-06,0.40878103378207004,1.9244500000004097e-10
2651,0.73638888888891,274,260,1.1099592782428313e-06,0.4087583237246377,1.92590000000041e-10
2652,0.7366666666666878,274,260,1.10968293604196e-06,0.4087356149288752,1.9273250000004106e-10
2653,0.7369444444444656,274,260,1.1094098355775773e-06,0.40871290739471255,1.9287500000004112e-10
2654,0.7372222222222434,274,260,1.1091394204148231e-06,0.40869020112207954,1.9301750000004113e-10
2655,0.7375000000000212,274,260,1.1088591737997851e-06,0.408667496110906,1.9316000000004119e-10
2656,0.7377777777777991,274,260,1.108593897881262e-06,0.4086447923611221,1.9330250000004125e-10
2657,0.7380555555555769,274,260,1.108310532105887e-06,0.4086220898726576,1.934425000000413e-10
2658,0.7383333333333547,274,260,1.1080422676598826e-06,0.40859938864544243,1.9358250000004135e-10
2659,0.7386111111111325,274,260,1.1077607904557021e-06,0.40857668867940666,1.9372250000004136e-10
2660,0.7388888888889104,274,260,1.1074844749240088e-06,0.40855398997448,1.9386250000004147e-10
2661,0.7391666666666882,273,261,1.1072064396216798e-06,0.40853129253059267,1.9400000000004146e-10
2662,0.739444444444466,273,261,1.1069291433119492e-06,0.4085085963476742,1.941375000000415e-10
2663,0.7397222222222438,273,261,1.1066483059378704e-06,0.40848590142565494,1.9427750000004162e-10
2664,0.7400000000000216,274,261,1.1063734991373483e-06,0.40846320776446465,1.9442000000004158e-10
2665,0.7402777777777995,274,262,1.1060901381155189e-06,0.4084405153640333,1.9456250000004164e-10
2666,0.7405555555555773,274,262,1.1058085796103848e-06,0.40841782422429085,1.947050000000417e-10
2667,0.7408333333333551,274,262,1.1055451911802645e-06,0.4083951343451673,1.9484750000004173e-10
2668,0.7411111111111329,273,263,1.1052755718677785e-06,0.4083724457265926,1.9499000000004176e-10
2669,0.7413888888889107,273,263,1.1049987493613633e-06,0.4083497583684967,1.951350000000418e-10
2670,0.7416666666666886,272,264,1.1047218886683706e-06,0.4083270722708095,1.952800000000419e-10
2671,0.7419444444444664,272,264,1.1044407191518643e-06,0.40830438743346115,1.9542750000004192e-10
2672,0.7422222222222442,272,264,1.1041688948889968e-06,0.4082817038563816,1.9557500000004195e-10
2673,0.742500000000022,272,264,1.103893465924748e-06,0.40825902153950067,1.9572250000004197e-10
2674,0.7427777777777999,272,264,1.1036255185209582e-06,0.4082363404827485,1.9586750000004205e-10
2675,0.7430555555555777,272,264,1.1033482706869908e-06,0.4082136606860549,1.9601500000004213e-10
2676,0.7433333333333555,271,265,1.1030707678246654e-06,0.4081909821493502,1.9616500000004215e-10
2677,0.7436111111111333,271,265,1.1028000356412855e-06,0.4081683048725641,1.9631500000004217e-10
2678,0.7438888888889111,271,265,1.102528528039691e-06,0.4081456288556269,1.9646250000004225e-10
2679,0.744166666666689,271,265,1.1022428378929666e-06,0.40812295409846816,1.966050000000423e-10
2680,0.7444444444444668,271,265,1.1019659082132253e-06,0.40810028060101833,1.9674500000004232e-10
2681,0.7447222222222446,270,266,1.1016946439378454e-06,0.4080776083632071,1.9688750000004243e-10
2682,0.7450000000000224,270,266,1.1014157048375415e-06,0.40805493738496473,1.9703250000004243e-10
2683,0.7452777777778002,270,266,1.1011458283649388e-06,0.40803226766622114,1.9717750000004246e-10
2684,0.7455555555555781,270,266,1.1008722204955722e-06,0.4185548515335551,1.9731750000004252e-10
2685,0.7458333333333559,270,265,1.1005975493119866e-06,0.4185315984862477,1.9745750000004256e-10
2686,0.7461111111111337,270,265,1.1003273735052316e-06,0.41850834673077625,1.976025000000426e-10
2687,0.7463888888889115,269,266,1.1000596076213992e-06,0.4184850962670691,1.9775000000004267e-10
2688,0.7466666666666893,267,268,1.0997771540054536e-06,0.41846184709505424,1.9790000000004269e-10
2689,0.7469444444444672,267,268,1.0994993274161386e-06,0.4184385992146601,1.9805000000004276e-10
2690,0.747222222222245,266,269,1.099224241701024e-06,0.4184153526258148,1.982000000000428e-10
2691,0.7475000000000228,266,269,1.0989567958383651e-06,0.4183921073284468,1.9835250000004285e-10
2692,0.7477777777778006,266,269,1.0986827039413638e-06,0.4183688633224841,1.9850500000004291e-10
2693,0.7480555555555785,267,269,1.0984089318451873e-06,0.4301520273659762,1.9865000000004294e-10
2694,0.7483333333333563,267,268,1.0981478449728267e-06,0.4301281300311225,1.9879500000004297e-10
2695,0.7486111111111341,267,268,1.097885349881224e-06,0.4301042340238985,1.9894500000004304e-10
2696,0.7488888888889119,266,269,1.0976118159111858e-06,0.4300803393442307,1.9909250000004307e-10
2697,0.7491666666666897,266,269,1.0973463409747293e-06,0.4300564459920449,1.9924000000004314e-10
2698,0.7494444444444676,265,270,1.097074750520235e-06,0.43003255396726753,1.9939000000004316e-10
2699,0.7497222222222454,265,270,1.096803640994527e-06,0.43000866326982484,1.9954000000004318e-10
2700,0.7500000000000232,265,270,1.0965352142612123e-06,0.4299847738996432,1.9969000000004328e-10
2701,0.750277777777801,265,270,1.0962664601569225e-06,0.42996088585664877,1.998425000000433e-10
2702,0.7505555555555788,264,271,1.0960052648566269e-06,0.44213499456446914,1.9999750000004339e-10
2703,0.7508333333333567,263,271,1.095738228141324e-06,0.44211043150921553,2.001550000000434e-10
2704,0.7511111111111345,263,272,1.0954770389440052e-06,0.44208586981857617,2.0031250000004345e-10
2705,0.7513888888889123,262,273,1.0952103900404633e-06,0.44206130949247524,2.004675000000435e-10
2706,0.7516666666666901,262,273,1.0949441278289795e-06,0.4420367505308367,2.0062000000004353e-10
2707,0.751944444444468,262,273,1.094682734974404e-06,0.442012192933585,2.0077250000004357e-10
2708,0.7522222222222458,262,273,1.0944176079282982e-06,0.4532384447919782,2.0092750000004366e-10
2709,0.7525000000000236,262,272,1.0941582702068212e-06,0.4532132648783786,2.0108500000004367e-10
2710,0.7527777777778014,261,273,1.093895694378147e-06,0.4531880863636632,2.012425000000437e-10
2711,0.7530555555555792,260,274,1.093628663722232e-06,0.4531629092477541,2.014000000000438e-10
2712,0.7533333333333571,260,274,1.0933712926818226e-06,0.4531377335305737,2.0155750000004382e-10
2713,0.7536111111111349,259,275,1.0931101984057151e-06,0.4531125592120443,2.0171500000004385e-10
2714,0.7538888888889127,259,275,1.0928470017565858e-06,0.453087386292088,2.018725000000439e-10
2715,0.7541666666666905,259,275,1.0926009345455065e-06,0.45306221477062736,2.0202750000004395e-10
2716,0.7544444444444683,259,275,1.0923424425851485e-06,0.45303704464758465,2.02180000000044e-10
2717,0.7547222222222462,259,275,1.0920849429797176e-06,0.45301187592288195,2.0233250000004403e-10
2718,0.755000000000024,259,275,1.0918272965722796e-06,0.4529867085964418,2.0249000000004412e-10
2719,0.7552777777778018,259,276,1.0915579077714689e-06,0.4529615426681865,2.0264750000004412e-10
2720,0.7555555555555796,259,276,1.0912994503732878e-06,0.4648218464608801,2.0280500000004418e-10
2721,0.7558333333333574,259,275,1.0910363037856467e-06,0.4647960230249656,2.0296250000004427e-10
2722,0.7561111111111353,259,275,1.0907673011042537e-06,0.4647702010236865,2.0312000000004427e-10
2723,0.7563888888889131,259,275,1.0905012774747186e-06,0.464744380456963,2.0327000000004434e-10
2724,0.7566666666666909,259,275,1.090237616318268e-06,0.4647185613247153,2.034200000000444e-10
2725,0.7569444444444687,259,275,1.0899686391340286e-06,0.4646927436268639,2.0357500000004443e-10
2726,0.7572222222222466,259,275,1.0897140742156122e-06,0.46466692736332904,2.0373000000004446e-10
2727,0.7575000000000244,259,275,1.0894497578510425e-06,0.46464111253403123,2.038825000000445e-10
2728,0.7577777777778022,259,275,1.0891949804571067e-06,0.46461529913889044,2.0403500000004457e-10
2729,0.75805555555558,259,275,1.0889335257872354e-06,0.4645894871778272,2.0419000000004464e-10
2730,0.7583333333333578,259,275,1.0886850741078386e-06,0.46456367665076176,2.0434250000004465e-10
2731,0.7586111111111357,259,275,1.0884237600874013e-06,0.4645378675576145,2.044950000000447e-10
2732,0.7588888888889135,259,275,1.08817022869754e-06,0.4645120598983057,2.0464250000004477e-10
2733,0.7591666666666913,259,275,1.0879141028328702e-06,0.4644862536727559,2.0479250000004482e-10
2734,0.7594444444444691,258,276,1.0876588937278324e-06,0.46446044888088517,2.049425000000449e-10
2735,0.759722222222247,258,276,1.087394163027663e-06,0.47446379535367317,2.050925000000449e-10
2736,0.7600000000000248,258,275,1.0871391010888074e-06,0.47443743625393137,2.0524750000004495e-10
2737,0.7602777777778026,257,276,1.086871865554422e-06,0.4744110786185839,2.05400000000045e-10
2738,0.7605555555555804,257,276,1.086604169032953e-06,0.4743847224475496,2.0555250000004503e-10
2739,0.7608333333333582,257,276,1.0863403591690805e-06,0.47435836774074697,2.0570500000004512e-10
2740,0.761111111111136,258,276,1.0860712570092167e-06,0.47433201449809465,2.0585500000004514e-10
2741,0.7613888888889139,258,276,1.085808911099957e-06,0.47430566271951136,2.0600500000004521e-10
2742,0.7616666666666917,258,276,1.0855317553524255e-06,0.474279312404916,2.0615500000004526e-10
2743,0.7619444444444695,258,276,1.0852641171544742e-06,0.48621210901093725,2.0630500000004528e-10
2744,0.7622222222222473,257,276,1.085005266846573e-06,0.49650598796339585,2.0645750000004537e-10
2745,0.7625000000000252,257,275,1.0847419430978122e-06,0.4964784042973978,2.0660750000004534e-10
2746,0.762777777777803,257,275,1.0844858578955101e-06,0.4964508221638257,2.0675750000004544e-10
2747,0.7630555555555808,257,275,1.0842187290389834e-06,0.49642324156259454,2.0690750000004546e-10
2748,0.7633333333333586,257,275,1.0839713467834258e-06,0.4963956624936187,2.0706000000004555e-10
2749,0.7636111111111364,256,276,1.0837053548449656e-06,0.4963680849568136,2.072075000000456e-10
2750,0.7638888888889143,256,276,1.0834367216517908e-06,0.49634050895209386,2.0735500000004563e-10
2751,0.7641666666666921,256,276,1.0831683136121327e-06,0.49631293447937425,2.0750750000004567e-10
2752,0.7644444444444699,256,276,1.0829168439552798e-06,0.49628536153856995,2.076600000000457e-10
2753,0.7647222222222477,256,276,1.0826589465346597e-06,0.4962577901295955,2.0781250000004575e-10
2754,0.7650000000000255,256,276,1.0823981315832537e-06,0.49623022025236607,2.0796500000004582e-10
2755,0.7652777777778034,256,276,1.0821320327543268e-06,0.49620265190679647,2.0811750000004586e-10
2756,0.7655555555555812,256,276,1.081871776235376e-06,0.49617508509280167,2.0827250000004595e-10
2757,0.765833333333359,255,277,1.0816088332756863e-06,0.506661538102955,2.08425000000046e-10
2758,0.7661111111111368,256,276,1.0813528460177428e-06,0.5066333902397271,2.0857750000004603e-10
2759,0.7663888888889147,256,276,1.0811003585992292e-06,0.5066052439402694,2.0873250000004607e-10
2760,0.7666666666666925,256,276,1.0808370334417013e-06,0.5065770992044949,2.0888500000004616e-10
2761,0.7669444444444703,256,276,1.0805834590069833e-06,0.5065489560323169,2.090400000000462e-10
2762,0.7672222222222481,256,276,1.0803228917677022e-06,0.5065208144236484,2.091925000000462e-10
2763,0.7675000000000259,256,276,1.0800675867699836e-06,0.5064926743784027,2.0934750000004623e-10
2764,0.7677777777778038,255,277,1.0798088243718587e-06,0.51952799863619,2.0950250000004632e-10
2765,0.7680555555555816,255,276,1.0795487782966643e-06,0.5194991359695991,2.0965750000004636e-10
2766,0.7683333333333594,255,276,1.0792871962579367e-06,0.5194702749064896,2.0981250000004642e-10
2767,0.7686111111111372,255,276,1.079029288133212e-06,0.5194414154467727,2.0997000000004645e-10
2768,0.768888888888915,255,276,1.0787766644188163e-06,0.519412557590359,2.101275000000465e-10
2769,0.7691666666666929,255,276,1.0785070250828363e-06,0.5193837013371596,2.1028250000004655e-10
2770,0.7694444444444707,255,276,1.0782525369381914e-06,0.5193548466870852,2.1043750000004658e-10
2771,0.7697222222222485,255,276,1.0779989470480606e-06,0.5193259936400471,2.1059750000004664e-10
2772,0.7700000000000263,254,277,1.0777473162452186e-06,0.519297142195956,2.107550000000467e-10
2773,0.7702777777778042,254,277,1.0774832911779742e-06,0.5192682923547228,2.1091250000004676e-10
2774,0.770555555555582,254,277,1.077222216885906e-06,0.5192394441162588,2.1107000000004684e-10
2775,0.7708333333333598,253,278,1.0769619960746943e-06,0.5192105974804745,2.1122750000004685e-10
2776,0.7711111111111376,253,278,1.0766961320220294e-06,0.519181752447281,2.113850000000469e-10
2777,0.7713888888889154,253,278,1.0764398703623058e-06,0.5191529090165896,2.1154000000004694e-10
2778,0.7716666666666933,253,278,1.0761835867829781e-06,0.519124067188311,2.1169500000004703e-10
2779,0.7719444444444711,253,278,1.0759296386308226e-06,0.5190952269623561,2.1185000000004707e-10
2780,0.7722222222222489,253,278,1.0756645506601845e-06,0.5190663883386359,2.120050000000471e-10
2781,0.7725000000000267,253,278,1.0754113675617958e-06,0.5190375513170616,2.1215750000004715e-10
2782,0.7727777777778045,253,278,1.0751507982381252e-06,0.5190087158975439,2.1230750000004717e-10
2783,0.7730555555555824,253,278,1.074888987764275e-06,0.5189798820799941,2.1245750000004727e-10
2784,0.7733333333333602,252,279,1.074624021202865e-06,0.5189510498643232,2.1260750000004734e-10
2785,0.773611111111138,252,279,1.074361680373251e-06,0.5189222192504419,2.1276000000004738e-10
2786,0.7738888888889158,252,279,1.0740985259295681e-06,0.5290573101441441,2.129100000000474e-10
2787,0.7741666666666936,252,278,1.0738370857302554e-06,0.5290279180713584,2.1306250000004744e-10
2788,0.7744444444444715,252,278,1.0735738792382473e-06,0.5289985276314655,2.1321500000004748e-10
2789,0.7747222222222493,252,278,1.0733113887839567e-06,0.5289691388243749,2.1336500000004755e-10
2790,0.7750000000000271,252,278,1.0730479574360442e-06,0.528939751649996,2.1351500000004763e-10
2791,0.7752777777778049,250,280,1.0727893121067534e-06,0.5289103661082375,2.1366500000004762e-10
2792,0.7755555555555828,250,280,1.072527241936718e-06,0.5288809821990093,2.138150000000477e-10
2793,0.7758333333333606,249,281,1.0722630564873795e-06,0.5394805973775416,2.1396750000004773e-10
2794,0.7761111111111384,248,281,1.0720070090338123e-06,0.5394506262332429,2.1412250000004777e-10
2795,0.7763888888889162,248,281,1.0717472080470592e-06,0.5502058066995854,2.1427750000004786e-10
2796,0.776666666666694,247,281,1.071494382085199e-06,0.5501752397103244,2.144325000000479e-10
2797,0.7769444444444719,247,281,1.0712362464677862e-06,0.5501446744192295,2.1458750000004793e-10
2798,0.7772222222222497,247,281,1.0709785544800059e-06,0.5501141108262062,2.14742500000048e-10
2799,0.7775000000000275,247,281,1.0707290894977046e-06,0.5500835489311603,2.1489750000004803e-10
2800,0.7777777777778053,246,282,1.0704719556956614e-06,0.5500529887339974,2.1505250000004807e-10
2801,0.7780555555555831,246,282,1.070223174938574e-06,0.5500224302346234,2.1520750000004816e-10
2802,0.778333333333361,246,282,1.0699662462384956e-06,0.5499918734329438,2.153625000000482e-10
2803,0.7786111111111388,247,282,1.0697170193823504e-06,0.5603410546629396,2.1552000000004826e-10
2804,0.7788888888889166,246,282,1.0694555605647658e-06,0.5603099246043471,2.156775000000483e-10
2805,0.7791666666666944,246,282,1.0691998913856609e-06,0.5602787962752025,2.1583500000004835e-10
2806,0.7794444444444723,246,282,1.068946411641014e-06,0.5602476696754094,2.159875000000484e-10
2807,0.7797222222222501,246,282,1.0686918249241416e-06,0.5724175558425035,2.1614500000004845e-10
2808,0.7800000000000279,244,283,1.068444834589192e-06,0.572385754867179,2.1630000000004849e-10
2809,0.7802777777778057,244,283,1.0681895784764006e-06,0.5723539556585753,2.1645500000004857e-10
2810,0.7805555555555835,244,283,1.067938578909049e-06,0.5723221582165942,2.1661500000004863e-10
2811,0.7808333333333614,244,285,1.0676927130862103e-06,0.5722903625411377,2.1677500000004863e-10
2812,0.7811111111111392,244,285,1.0674406020145546e-06,0.5722585686321078,2.1693500000004869e-10
2813,0.781388888888917,244,285,1.0671860886845784e-06,0.572226776489406,2.1709500000004874e-10
2814,0.7816666666666948,243,286,1.066937134928018e-06,0.5721949861129343,2.172550000000488e-10
2815,0.7819444444444726,243,286,1.0666874556330932e-06,0.5828106026751837,2.1741250000004885e-10
2816,0.7822222222222505,243,285,1.0664360581146305e-06,0.5827782243083685,2.1756750000004884e-10
2817,0.7825000000000283,243,285,1.066182478832123e-06,0.5827458477403513,2.1772000000004896e-10
2818,0.7827777777778061,243,285,1.065939224994781e-06,0.5827134729710324,2.17872500000049e-10
2819,0.7830555555555839,244,285,1.0656892003612045e-06,0.5939263472552802,2.18025000000049e-10
2820,0.7833333333333617,244,284,1.0654471751017608e-06,0.5938933513470993,2.1817750000004908e-10
2821,0.7836111111111396,244,284,1.0651941043543746e-06,0.5938603572720245,2.1833000000004915e-10
2822,0.7838888888889174,244,284,1.0649354084934616e-06,0.5938273650299538,2.184825000000492e-10
2823,0.7841666666666952,244,285,1.0646824362290544e-06,0.6053353144311063,2.1863750000004928e-10
2824,0.784444444444473,244,284,1.064435188601242e-06,0.6053016846914158,2.187950000000493e-10
2825,0.7847222222222509,243,285,1.0641894401090967e-06,0.6052680568200439,2.1895250000004935e-10
2826,0.7850000000000287,244,285,1.0639456412485758e-06,0.6052344308168873,2.191125000000494e-10
2827,0.7852777777778065,245,285,1.0636935170354686e-06,0.6052008066818418,2.1927250000004945e-10
2828,0.7855555555555843,245,285,1.063442150069575e-06,0.6051671844148041,2.1943250000004953e-10
2829,0.7858333333333621,245,285,1.063202014402271e-06,0.6051335640156699,2.1959500000004953e-10
2830,0.78611111111114,244,286,1.0629527909905153e-06,0.6050999454843357,2.1976000000004963e-10
2831,0.7863888888889178,245,287,1.0627004119456173e-06,0.6050663288206977,2.1992500000004965e-10
2832,0.7866666666666956,245,287,1.062458122888477e-06,0.605032714024652,2.200875000000497e-10
2833,0.7869444444444734,245,287,1.0622139517356414e-06,0.6049991010960952,2.2025000000004977e-10
2834,0.7872222222222512,245,287,1.061964456991105e-06,0.6049654900349234,2.2041000000004978e-10
2835,0.7875000000000291,245,287,1.0617162518443912e-06,0.6049318808410324,2.2057000000004988e-10
2836,0.7877777777778069,245,287,1.0614676003047458e-06,0.604898273514319,2.2073000000004994e-10
2837,0.7880555555555847,245,287,1.0612173271612306e-06,0.6048646680546793,2.2089000000005e-10
2838,0.7883333333333625,245,288,1.0609684113743565e-06,0.6048310644620097,2.2105000000005e-10
2839,0.7886111111111404,245,288,1.0607246761236132e-06,0.6047974627362063,2.2121500000005007e-10
2840,0.7888888888889182,244,289,1.0604765426410484e-06,0.6047638628771654,2.2138000000005009e-10
2841,0.789166666666696,244,289,1.0602330442676065e-06,0.6047302648847834,2.2154500000005016e-10
2842,0.7894444444444738,244,289,1.0599854593427522e-06,0.6046966687589564,2.2171000000005023e-10
2843,0.7897222222222516,244,289,1.0597355065788467e-06,0.604663074499581,2.2187250000005028e-10
2844,0.7900000000000295,244,289,1.0594828697580898e-06,0.6046294821065533,2.220350000000503e-10
2845,0.7902777777778073,243,290,1.0592371000933823e-06,0.6045958915797696,2.221975000000504e-10
2846,0.7905555555555851,243,290,1.0589991262526993e-06,0.6045623029191263,2.2236000000005043e-10
2847,0.7908333333333629,243,290,1.058757164800889e-06,0.6045287161245197,2.2252250000005053e-10
2848,0.7911111111111407,243,290,1.0585106236475004e-06,0.6044951311958461,2.2268500000005053e-10
2849,0.7913888888889186,243,290,1.0582721420571924e-06,0.604461548133002,2.228475000000506e-10
2850,0.7916666666666964,242,291,1.0580356352163437e-06,0.6044279669358833,2.2301000000005065e-10
2851,0.7919444444444742,242,291,1.0577790624177998e-06,0.604394387604387,2.2317250000005068e-10
2852,0.792222222222252,242,291,1.057532782465753e-06,0.6043608101384089,2.2333500000005073e-10
2853,0.7925000000000298,242,291,1.0572837804487695e-06,0.617092845268656,2.234975000000508e-10
2854,0.7927777777778077,242,290,1.0570394896830423e-06,0.6170585623328079,2.2365750000005088e-10
2855,0.7930555555555855,242,290,1.056798384172249e-06,0.6170242813015672,2.238175000000509e-10
2856,0.7933333333333633,242,290,1.0565553051081468e-06,0.6270265921307736,2.2397750000005096e-10
2857,0.7936111111111411,241,290,1.0563104453297769e-06,0.6269917573200998,2.24132500000051e-10
2858,0.793888888888919,241,290,1.056062323851462e-06,0.6442187783293992,2.2428750000005104e-10
2859,0.7941666666666968,241,289,1.0558160800454442e-06,0.6441829883972697,2.2444000000005113e-10
2860,0.7944444444444746,241,289,1.0555676253975366e-06,0.6441472004534701,2.2459500000005112e-10
2861,0.7947222222222524,241,289,1.0553298163257312e-06,0.6441114144978893,2.2475500000005128e-10
2862,0.7950000000000302,240,290,1.0550874700525234e-06,0.6440756305304172,2.2491500000005128e-10
2863,0.7952777777778081,240,290,1.0548423831545316e-06,0.6440398485509432,2.2507500000005128e-10
2864,0.7955555555555859,240,290,1.0546025821718065e-06,0.6440040685593572,2.2523250000005134e-10
2865,0.7958333333333637,240,290,1.0543571081524973e-06,0.6439682905555484,2.2539000000005142e-10
2866,0.7961111111111415,239,291,1.054108586586052e-06,0.6439325145394064,2.255525000000515e-10
2867,0.7963888888889193,238,292,1.0538785418264358e-06,0.6438967405108209,2.257150000000515e-10
2868,0.7966666666666972,238,292,1.0536405329290652e-06,0.6438609684696813,2.2588000000005157e-10
2869,0.796944444444475,237,293,1.0534010755819169e-06,0.6438251984158776,2.2604500000005164e-10
2870,0.7972222222222528,237,293,1.053158431952414e-06,0.6560145931621121,2.262125000000517e-10
2871,0.7975000000000306,236,293,1.0529188043933794e-06,0.6559781479069364,2.2637750000005173e-10
2872,0.7977777777778085,235,294,1.0526789487797736e-06,0.6559417046764972,2.265425000000518e-10
2873,0.7980555555555863,237,294,1.0524418784035682e-06,0.6559052634706821,2.2671000000005187e-10
2874,0.7983333333333641,237,294,1.0522053132031087e-06,0.655868824289378,2.268775000000519e-10
2875,0.7986111111111419,237,294,1.051961294297669e-06,0.655832387132473,2.2704000000005196e-10
2876,0.7988888888889197,237,294,1.051723943794201e-06,0.6667422540002986,2.27200000000052e-10
2877,0.7991666666666976,237,293,1.0514828893428545e-06,0.6667052127639653,2.2736250000005206e-10
2878,0.7994444444444754,237,294,1.0512453445118463e-06,0.6666681735854785,2.2752750000005213e-10
2879,0.7997222222222532,237,294,1.0510043686316585e-06,0.6784375432190018,2.2769250000005215e-10
2880,0.800000000000031,237,293,1.050766893873429e-06,0.6783998522443786,2.2785750000005222e-10
2881,0.8002777777778088,237,293,1.0505296418093588e-06,0.6783621633636985,2.2802250000005224e-10
2882,0.8005555555555867,237,293,1.0502791478577818e-06,0.678324476576845,2.2818750000005231e-10
2883,0.8008333333333645,237,293,1.0500416995859773e-06,0.6782867918837018,2.2835500000005238e-10
2884,0.8011111111111423,236,294,1.0498010349417927e-06,0.6782491092841527,2.2852250000005245e-10
2885,0.8013888888889201,236,294,1.049559223689688e-06,0.6782114287780814,2.2868750000005247e-10
2886,0.801666666666698,236,294,1.0493272918716768e-06,0.6781737503653716,2.2885250000005254e-10
2887,0.8019444444444758,236,294,1.049094686976064e-06,0.6781360740459068,2.2901750000005256e-10
2888,0.8022222222222536,236,294,1.0488600389875416e-06,0.6780983998195709,2.2918000000005263e-10
2889,0.8025000000000314,236,294,1.048624505072267e-06,0.6885539747022654,2.2934250000005268e-10
2890,0.8027777777778092,236,293,1.0483843991414471e-06,0.6885157217036709,2.2950500000005278e-10
2891,0.803055555555587,235,294,1.0481438635940553e-06,0.6884774708302429,2.296675000000528e-10
2892,0.8033333333333649,235,294,1.0478992011461184e-06,0.6884392220818636,2.2983000000005286e-10
2893,0.8036111111111427,235,294,1.047665008268872e-06,0.6884009754584146,2.2999250000005293e-10
2894,0.8038888888889205,235,294,1.0474220445140828e-06,0.6883627309597781,2.3015500000005298e-10
2895,0.8041666666666983,235,294,1.0471861644513569e-06,0.6883244885858357,2.30317500000053e-10
2896,0.8044444444444762,235,294,1.046947897008917e-06,0.6882862483364699,2.304800000000531e-10
2897,0.804722222222254,235,294,1.046717728239923e-06,0.6882480102115625,2.306425000000531e-10
2898,0.8050000000000318,235,294,1.046484385923704e-06,0.6882097742109952,2.3080500000005313e-10
2899,0.8052777777778096,236,294,1.046255618135856e-06,0.6881715403346501,2.3096500000005324e-10
2900,0.8055555555555874,236,294,1.0460236040193927e-06,0.6881333085824093,2.3112500000005334e-10
2901,0.8058333333333653,238,294,1.0457806500739675e-06,0.6880950789541547,2.3128500000005335e-10
2902,0.8061111111111431,238,294,1.0455413605289662e-06,0.6880568514497685,2.314450000000534e-10
2903,0.8063888888889209,239,294,1.0453014311920122e-06,0.6880186260691323,2.3160000000005344e-10
2904,0.8066666666666987,239,294,1.045060541500702e-06,0.6879804028121286,2.3175500000005353e-10
2905,0.8069444444444765,239,294,1.0448241089885507e-06,0.687942181678639,2.3191250000005353e-10
2906,0.8072222222222544,238,295,1.044587551064115e-06,0.6879039626685458,2.3207250000005364e-10
2907,0.8075000000000322,237,296,1.0443523763045282e-06,0.6878657457817309,2.322325000000537e-10
2908,0.80777777777781,237,296,1.044119351783032e-06,0.6878275310180764,2.3239250000005375e-10
2909,0.8080555555555878,237,296,1.0438758975012485e-06,0.6985611465610317,2.3255000000005378e-10
2910,0.8083333333333657,237,295,1.0436422988255951e-06,0.6985223376084451,2.3270750000005384e-10
2911,0.8086111111111435,237,295,1.0434078053027504e-06,0.6984835308119113,2.328700000000539e-10
2912,0.8088888888889213,236,296,1.0431685971816292e-06,0.6984447261713107,2.3303000000005394e-10
2913,0.8091666666666991,235,297,1.0429312593764896e-06,0.6984059236865232,2.33190000000054e-10
2914,0.8094444444444769,235,297,1.04268484284574e-06,0.6983671233574297,2.3335000000005405e-10
2915,0.8097222222222548,235,297,1.0424493779659846e-06,0.7097528899247861,2.335150000000541e-10
2916,0.8100000000000326,233,298,1.042215837433103e-06,0.7097134592086791,2.3368000000005414e-10
2917,0.8102777777778104,234,298,1.0419884970203375e-06,0.7096740306831676,2.338400000000542e-10
2918,0.8105555555555882,234,298,1.0417614166798934e-06,0.7096346043481296,2.3400250000005427e-10
2919,0.810833333333366,233,299,1.0415260197817548e-06,0.7095951802034438,2.341650000000543e-10
2920,0.8111111111111439,233,299,1.0412965868074534e-06,0.7095557582489879,2.3433250000005436e-10
2921,0.8113888888889217,230,302,1.0410682079432382e-06,0.7095163384846409,2.345000000000544e-10
2922,0.8116666666666995,230,302,1.040834152849497e-06,0.7094769209102807,2.3467250000005444e-10
2923,0.8119444444444773,229,303,1.0406078113894589e-06,0.7094375055257856,2.348450000000545e-10
2924,0.8122222222222552,229,303,1.040381029178012e-06,0.7200903347923677,2.350175000000546e-10
2925,0.812500000000033,229,302,1.0401547633757804e-06,0.7200503297737681,2.3519000000005464e-10
2926,0.8127777777778108,229,302,1.0399232703261974e-06,0.7200103269776696,2.353625000000547e-10
2927,0.8130555555555886,229,302,1.0396919151975304e-06,0.7320155097012532,2.3553250000005473e-10
2928,0.8133333333333664,229,301,1.0394638029781904e-06,0.7319748421729365,2.357000000000549e-10
2929,0.8136111111111443,229,301,1.039237318168095e-06,0.7319341769039269,2.358675000000548e-10
2930,0.8138888888889221,229,301,1.039011463753512e-06,0.7318935138940988,2.3603250000005494e-10
2931,0.8141666666666999,229,301,1.0387867742607413e-06,0.7318528531433269,2.36197500000055e-10
2932,0.8144444444444777,229,301,1.038562962411159e-06,0.7318121946514858,2.3636500000005505e-10
2933,0.8147222222222555,228,302,1.038336418017693e-06,0.7430892914328612,2.365325000000551e-10
2934,0.8150000000000334,228,302,1.0381140663689905e-06,0.7430480086944484,2.367025000000551e-10
2935,0.8152777777778112,228,302,1.0378920963608997e-06,0.743006728249521,2.3687500000005524e-10
2936,0.815555555555589,228,302,1.037664351884749e-06,0.7538631552710874,2.370450000000552e-10
2937,0.8158333333333668,228,301,1.0374414973486424e-06,0.7538212739846835,2.372175000000553e-10
2938,0.8161111111111446,226,303,1.0372226884512427e-06,0.7537793950250176,2.3739500000005535e-10
2939,0.8163888888889225,225,304,1.0370096517284544e-06,0.7537375183919608,2.375750000000554e-10
2940,0.8166666666667003,224,305,1.0367900609084283e-06,0.7536956440853835,2.377525000000555e-10
2941,0.8169444444444781,224,305,1.0365690930955677e-06,0.7536537721051565,2.379300000000555e-10
2942,0.8172222222222559,224,305,1.0363507654271038e-06,0.7536119024511506,2.3810750000005557e-10
2943,0.8175000000000338,224,305,1.0361300894913466e-06,0.7535700351232367,2.382850000000556e-10
2944,0.8177777777778116,223,306,1.035900204461964e-06,0.7535281701212855,2.3846250000005567e-10
2945,0.8180555555555894,223,306,1.0356793537570995e-06,0.7659803160661329,2.3864000000005575e-10
2946,0.8183333333333672,223,305,1.0354597138856125e-06,0.7659377616041293,2.3881500000005585e-10
2947,0.818611111111145,222,306,1.0352355509421599e-06,0.7658952095062626,2.3898500000005586e-10
2948,0.8188888888889229,222,306,1.0350133595362889e-06,0.765852659772401,2.391550000000559e-10
2949,0.8191666666667007,222,306,1.0347904667904668e-06,0.7658101124024138,2.39327500000056e-10
2950,0.8194444444444785,220,308,1.0345799165220376e-06,0.7657675673961691,2.39502500000056e-10
2951,0.8197222222222563,219,309,1.0343548642665132e-06,0.765725024753536,2.396775000000561e-10
2952,0.8200000000000341,219,309,1.0341437698087172e-06,0.7656824844743831,2.3985250000005617e-10
2953,0.820277777777812,218,310,1.03393170341296e-06,0.7783363235572242,2.400300000000562e-10
2954,0.8205555555555898,217,310,1.03371695422101e-06,0.77829308265036,2.402075000000562e-10
2955,0.8208333333333676,218,310,1.0335005889349644e-06,0.7782498441457684,2.403825000000563e-10
2956,0.8211111111111454,218,310,1.0332882239192587e-06,0.7782066080433159,2.405575000000564e-10
2957,0.8213888888889233,218,310,1.0330738622174312e-06,0.7781633743428691,2.407300000000564e-10
2958,0.8216666666667011,218,310,1.0328603257901365e-06,0.790070423183212,2.409025000000565e-10
2959,0.8219444444444789,218,309,1.0326502653079469e-06,0.7900265303819242,2.410750000000565e-10
2960,0.8222222222222567,218,309,1.0324434435208228e-06,0.7899826400191251,2.412475000000566e-10
2961,0.8225000000000345,218,309,1.0322298234248437e-06,0.7899387520946797,2.414200000000567e-10
2962,0.8227777777778124,218,309,1.0320114973576085e-06,0.7898948666084522,2.415950000000567e-10
2963,0.8230555555555902,217,310,1.0318009631980001e-06,0.7898509835603073,2.417675000000568e-10
2964,0.823333333333368,217,310,1.0315852813406257e-06,0.7898071029501094,2.419400000000568e-10
2965,0.8236111111111458,218,310,1.031370184154751e-06,0.7897632247777235,2.421125000000569e-10
2966,0.8238888888889236,217,311,1.0311554463903083e-06,0.7897193490430137,2.42285000000057e-10
2967,0.8241666666667015,216,312,1.0309438713054561e-06,0.7896754757458447,2.4246250000005695e-10
2968,0.8244444444444793,215,313,1.0307238297434172e-06,0.789631604886081,2.4264250000005705e-10
2969,0.8247222222222571,215,313,1.0305109971289789e-06,0.8026083040069415,2.428225000000571e-10
2970,0.8250000000000349,215,312,1.0302986541446767e-06,0.8025637146567188,2.4300000000005717e-10
2971,0.8252777777778127,215,312,1.0300833446226952e-06,0.8025191277836824,2.431775000000572e-10
2972,0.8255555555555906,215,312,1.0298693793402481e-06,0.8024745433876945,2.4335500000005727e-10
2973,0.8258333333333684,215,312,1.029664650669817e-06,0.8024299614686174,2.435350000000573e-10
2974,0.8261111111111462,215,312,1.0294577204523488e-06,0.8023853820263136,2.437150000000574e-10
2975,0.826388888888924,215,312,1.029246577910338e-06,0.8023408050606454,2.438950000000574e-10
2976,0.8266666666667019,215,312,1.029034867190107e-06,0.8022962305714755,2.4407500000005744e-10
2977,0.8269444444444797,215,312,1.0288204811158318e-06,0.8022516585586661,2.4425250000005757e-10
2978,0.8272222222222575,216,312,1.0286101374312327e-06,0.8022070890220795,2.4443000000005754e-10
2979,0.8275000000000353,216,312,1.028403492637921e-06,0.8021625219615782,2.4461250000005766e-10
2980,0.8277777777778131,214,314,1.028193861025054e-06,0.8021179573770248,2.4479500000005773e-10
2981,0.828055555555591,214,314,1.0279781857118091e-06,0.8020733952682816,2.4497500000005777e-10
2982,0.8283333333333688,213,315,1.0277668007805339e-06,0.8020288356352113,2.4515750000005784e-10
2983,0.8286111111111466,212,316,1.0275517964504589e-06,0.801984278477676,2.4534250000005793e-10
2984,0.8288888888889244,212,316,1.0273448485326945e-06,0.8019397237955384,2.45530000000058e-10
2985,0.8291666666667022,211,317,1.0271325264383344e-06,0.801895171588661,2.45717500000058e-10
2986,0.8294444444444801,210,318,1.0269262638064475e-06,0.8018506218569059,2.4590750000005807e-10
2987,0.8297222222222579,209,319,1.026719862952792e-06,0.8018060746001361,2.4609750000005815e-10
2988,0.8300000000000357,209,319,1.0265051467842626e-06,0.8017615298182139,2.4628750000005823e-10
2989,0.8302777777778135,209,319,1.0262882787355802e-06,0.8017169875110018,2.4647750000005825e-10
2990,0.8305555555555914,209,319,1.0260748699715184e-06,0.8016724476783623,2.466675000000583e-10
2991,0.8308333333333692,209,319,1.0258660792976138e-06,0.8016279103201579,2.468575000000583e-10
2992,0.831111111111147,208,320,1.0256577208661218e-06,0.8015833754362514,2.4704750000005844e-10
2993,0.8313888888889248,208,320,1.0254496425850864e-06,0.8015388430265049,2.472400000000585e-10
2994,0.8316666666667026,207,321,1.0252405067489539e-06,0.8014943130907813,2.474350000000585e-10
2995,0.8319444444444805,206,322,1.0250320358182207e-06,0.801449785628943,2.476300000000586e-10
2996,0.8322222222222583,206,322,1.0248298489109322e-06,0.8014052606408524,2.4782000000005866e-10
2997,0.8325000000000361,206,322,1.0246240510365495e-06,0.8013607381263724,2.480125000000587e-10
2998,0.8327777777778139,205,323,1.024422832907733e-06,0.8013162180853654,2.482075000000588e-10
2999,0.8330555555555917,205,323,1.0242213657843048e-06,0.801271700517694,2.484000000000588e-10
3000,0.8333333333333696,206,323,1.0240209408860157e-06,0.8012271854232209,2.4859250000005887e-10
3001,0.8336111111111474,206,323,1.0238124544478648e-06,0.8011826728018085,2.48787500000059e-10
3002,0.8338888888889252,206,323,1.02361090223726e-06,0.8011381626533196,2.48980000000059e-10
3003,0.834166666666703,205,324,1.0234100090616793e-06,0.8010936549776165,2.49167500000059e-10
3004,0.8344444444444808,205,324,1.023196625273902e-06,0.8010491497745623,2.493550000000591e-10
3005,0.8347222222222587,205,324,1.0229903746752399e-06,0.8010046470440193,2.4954750000005915e-10
3006,0.8350000000000365,205,324,1.022783835293802e-06,0.8009601467858501,2.497375000000592e-10
3007,0.8352777777778143,205,324,1.0225815771827736e-06,0.8009156489999177,2.4992750000005926e-10
3008,0.8355555555555921,205,324,1.0223796103603946e-06,0.8008711536860844,2.5012000000005936e-10
3009,0.83583333333337,205,324,1.022172062217315e-06,0.800826660844213,2.503075000000594e-10
3010,0.8361111111111478,205,324,1.0219681980003714e-06,0.8007821704741661,2.504975000000595e-10
3011,0.8363888888889256,205,325,1.0217554836429208e-06,0.8007376825758065,2.506875000000595e-10
3012,0.8366666666667034,205,325,1.0215490177488033e-06,0.8006931971489967,2.5088000000005957e-10
3013,0.8369444444444812,204,326,1.0213433469744961e-06,0.8006487141935995,2.510725000000596e-10
3014,0.8372222222222591,204,326,1.0211411051482674e-06,0.8006042337094776,2.5126250000005965e-10
3015,0.8375000000000369,204,326,1.0209352064456124e-06,0.800559755696494,2.5145500000005975e-10
3016,0.8377777777778147,203,327,1.0207235079512697e-06,0.8005152801545107,2.516500000000598e-10
3017,0.8380555555555925,203,327,1.0205177182794746e-06,0.8112426352656844,2.5184250000005987e-10
3018,0.8383333333333703,203,326,1.0203129076900849e-06,0.8111975662303919,2.5203750000006e-10
3019,0.8386111111111482,203,326,1.020112776612028e-06,0.8111524996989347,2.5223500000006003e-10
3020,0.838888888888926,203,326,1.0199063614044882e-06,0.8111074356711736,2.5243250000006007e-10
3021,0.8391666666667038,203,326,1.019704404863848e-06,0.8110623741469697,2.526300000000601e-10
3022,0.8394444444444816,203,326,1.0194931609747614e-06,0.8110173151261838,2.528250000000602e-10
3023,0.8397222222222595,204,326,1.0192893921401429e-06,0.8109722586086767,2.530225000000602e-10
3024,0.8400000000000373,203,327,1.0190907798228745e-06,0.8259699800381696,2.532225000000603e-10
3025,0.8402777777778151,202,327,1.0188885606922882e-06,0.8259240928170564,2.5342250000006034e-10
3026,0.8405555555555929,202,327,1.0186886612906017e-06,0.8258782081452333,2.5362250000006046e-10
3027,0.8408333333333707,202,327,1.0184923133080051e-06,0.8258323260225585,2.5382250000006047e-10
3028,0.8411111111111486,201,328,1.018289687137345e-06,0.8257864464488907,2.540225000000605e-10
3029,0.8413888888889264,201,328,1.0180919780023481e-06,0.825740569424088,2.542200000000606e-10
3030,0.8416666666667042,201,328,1.0178939769501096e-06,0.8256946949480088,2.5441500000006064e-10
3031,0.841944444444482,201,328,1.0176913499142633e-06,0.8256488230205119,2.546100000000607e-10
3032,0.8422222222222598,201,328,1.0174902614049683e-06,0.8256029536414551,2.548100000000608e-10
3033,0.8425000000000377,200,329,1.0172985857418573e-06,0.8255570868106972,2.550150000000608e-10
3034,0.8427777777778155,198,331,1.0171033960356523e-06,0.8255112225280967,2.5522000000006087e-10
3035,0.8430555555555933,198,331,1.016906259680945e-06,0.8254653607935118,2.5542250000006096e-10
3036,0.8433333333333711,198,331,1.0167071360748351e-06,0.8254195016068012,2.55622500000061e-10
3037,0.843611111111149,198,331,1.016508036245721e-06,0.8253736449678231,2.5582250000006103e-10
3038,0.8438888888889268,198,331,1.016310193768426e-06,0.8253277908764359,2.5602250000006114e-10
3039,0.8441666666667046,198,331,1.0161137523320926e-06,0.8252819393324986,2.5622500000006117e-10
3040,0.8444444444444824,198,331,1.015919582351091e-06,0.8252360903358689,2.564275000000612e-10
3041,0.8447222222222602,198,331,1.015719440528397e-06,0.8251902438864059,2.566300000000613e-10
3042,0.845000000000038,198,331,1.0155191079656733e-06,0.8251443999839677,2.5683250000006137e-10
3043,0.8452777777778159,198,331,1.0153248096900103e-06,0.8250985586284132,2.5703500000006145e-10
3044,0.8455555555555937,198,331,1.0151280641913792e-06,0.8250527198196003,2.572375000000615e-10
3045,0.8458333333333715,198,331,1.0149346201499892e-06,0.8250068835573882,2.5744250000006153e-10
3046,0.8461111111111493,197,332,1.0147463187799938e-06,0.824961049841635,2.576450000000616e-10
3047,0.8463888888889272,197,332,1.014553032905866e-06,0.8249152186721994,2.5784500000006163e-10
3048,0.846666666666705,196,333,1.0143569557100283e-06,0.8248693900489399,2.580450000000617e-10
3049,0.8469444444444828,196,333,1.014159869010994e-06,0.8248235639717147,2.582425000000618e-10
3050,0.8472222222222606,196,333,1.013968509315535e-06,0.8247777404403832,2.5844000000006187e-10
3051,0.8475000000000384,196,333,1.0137742499945016e-06,0.8247319194548034,2.586375000000619e-10
3052,0.8477777777778163,196,333,1.013573279073679e-06,0.8246861010148335,2.5883500000006195e-10
3053,0.8480555555555941,197,333,1.0133710666901764e-06,0.8246402851203327,2.59032500000062e-10
3054,0.8483333333333719,197,333,1.0131670211558448e-06,0.8245944717711594,2.592300000000621e-10
3055,0.8486111111111497,197,333,1.0129720930521444e-06,0.8245486609671722,2.5942500000006215e-10
3056,0.8488888888889276,197,333,1.0127772392894381e-06,0.8245028527082296,2.5962000000006217e-10
3057,0.8491666666667054,197,333,1.0125844993481973e-06,0.8244570469941902,2.5981500000006224e-10
3058,0.8494444444444832,197,333,1.0123825536181197e-06,0.8244112438249127,2.600100000000623e-10
3059,0.849722222222261,197,333,1.0121875975762385e-06,0.8243654432002558,2.602050000000624e-10
3060,0.8500000000000388,197,333,1.011986955278323e-06,0.8243196451200784,2.604000000000624e-10
3061,0.8502777777778167,197,333,1.011791426902443e-06,0.8369076127125096,2.605900000000625e-10
3062,0.8505555555555945,197,332,1.0115974867113325e-06,0.8368611178451367,2.6077750000006254e-10
3063,0.8508333333333723,197,332,1.0114098964110946e-06,0.8368146255608121,2.6096000000006266e-10
3064,0.8511111111111501,197,332,1.011217942877744e-06,0.836768135859392,2.6114250000006267e-10
3065,0.8513888888889279,197,332,1.0110257256249045e-06,0.8474165345608992,2.6132750000006276e-10
3066,0.8516666666667058,198,331,1.0108284394190256e-06,0.8473694558645347,2.615125000000628e-10
3067,0.8519444444444836,197,332,1.0106317697485847e-06,0.8473223797836533,2.6169500000006286e-10
3068,0.8522222222222614,197,332,1.0104357264825393e-06,0.8472753063181101,2.6187750000006293e-10
3069,0.8525000000000392,197,332,1.0102377092110812e-06,0.8472282354677589,2.62060000000063e-10
3070,0.852777777777817,197,332,1.0100391944798483e-06,0.8471811672324553,2.6224000000006304e-10
3071,0.8530555555555949,198,332,1.0098459820513757e-06,0.8471341016120534,2.624200000000631e-10
3072,0.8533333333333727,198,332,1.009645143375541e-06,0.8470870386064083,2.626000000000632e-10
3073,0.8536111111111505,198,332,1.0094460953916094e-06,0.8470399782153747,2.627800000000632e-10
3074,0.8538888888889283,198,332,1.0092557566521144e-06,0.8469929204388073,2.6296500000006326e-10
3075,0.8541666666667062,196,334,1.0090621457884007e-06,0.8469458652765607,2.6315000000006335e-10
3076,0.854444444444484,196,334,1.0088651847403728e-06,0.8468988127284897,2.6333500000006333e-10
3077,0.8547222222222618,196,334,1.0086724826045733e-06,0.8717740904529983,2.6352000000006347e-10
3078,0.8550000000000396,196,332,1.008486044859602e-06,0.8717256585590841,2.6370250000006354e-10
3079,0.8552777777778174,196,332,1.0082934181631656e-06,0.8716772293558309,2.638900000000636e-10
3080,0.8555555555555953,193,335,1.0080947271067752e-06,0.8716288028430891,2.640750000000637e-10
3081,0.8558333333333731,193,335,1.0079059262739104e-06,0.8715803790207088,2.642600000000637e-10
3082,0.8561111111111509,193,335,1.007707266741505e-06,0.871531957888541,2.644475000000638e-10
3083,0.8563888888889287,193,335,1.0075178823807766e-06,0.8714835394464362,2.6463500000006383e-10
3084,0.8566666666667065,193,335,1.007324368277362e-06,0.8714351236942448,2.6482500000006386e-10
3085,0.8569444444444844,192,336,1.0071273001918966e-06,0.8713867106318174,2.650150000000639e-10
3086,0.8572222222222622,192,336,1.0069367645929699e-06,0.8713383002590044,2.6520750000006404e-10
3087,0.85750000000004,191,337,1.0067489456371806e-06,0.8712898925756568,2.654000000000641e-10
3088,0.8577777777778178,191,337,1.0065576149074455e-06,0.8712414875816248,2.655925000000641e-10
3089,0.8580555555555957,191,337,1.0063605596057766e-06,0.8711930852767593,2.6578750000006426e-10
3090,0.8583333333333735,190,338,1.0061601588990044e-06,0.8820235503856416,2.6598000000006426e-10
3091,0.8586111111111513,190,337,1.0059620191001339e-06,0.8819745490772868,2.661725000000643e-10
3092,0.8588888888889291,190,337,1.005773832080784e-06,0.8819255504912271,2.663700000000644e-10
3093,0.8591666666667069,189,338,1.0055846450808006e-06,0.8818765546273111,2.665650000000644e-10
3094,0.8594444444444848,189,338,1.0053965595540104e-06,0.8818275614853872,2.667600000000645e-10
3095,0.8597222222222626,189,338,1.005203808933785e-06,0.8817785710653048,2.669550000000646e-10
3096,0.8600000000000404,189,338,1.005002787456619e-06,0.8928366994332472,2.671525000000646e-10
3097,0.8602777777778182,188,338,1.004812950197458e-06,0.8927870973943897,2.673475000000647e-10
3098,0.860555555555596,188,338,1.004618845318393e-06,0.8927374981112013,2.675425000000648e-10
3099,0.8608333333333739,188,338,1.00442571815701e-06,0.9035909957313707,2.6774250000006485e-10
3100,0.8611111111111517,187,338,1.0042320102071507e-06,0.9035407962316078,2.6794250000006486e-10
3101,0.8613888888889295,187,338,1.004041494069099e-06,0.903490599520706,2.681425000000649e-10
3102,0.8616666666667073,187,338,1.0038503908687982e-06,0.9034404055985106,2.6834250000006503e-10
3103,0.8619444444444851,186,339,1.0036619273704853e-06,0.9033902144648664,2.6854500000006506e-10
3104,0.862222222222263,185,340,1.0034779058347948e-06,0.9033400261196183,2.6874750000006515e-10
3105,0.8625000000000408,185,340,1.0032952184509743e-06,0.9032898405626114,2.689500000000652e-10
3106,0.8627777777778186,185,340,1.0031084197101826e-06,0.9032396577936914,2.6915250000006526e-10
3107,0.8630555555555964,185,340,1.002918718676257e-06,0.9031894778127031,2.6935500000006534e-10
3108,0.8633333333333743,185,340,1.0027352915631922e-06,0.9031393006194912,2.695550000000654e-10
3109,0.8636111111111521,185,340,1.0025533660594913e-06,0.9030891262139011,2.6975500000006547e-10
3110,0.8638888888889299,185,340,1.0023733618396997e-06,0.9030389545957782,2.6995500000006553e-10
3111,0.8641666666667077,185,340,1.0021914043844006e-06,0.9029887857649675,2.701550000000656e-10
3112,0.8644444444444855,185,340,1.0019993155650807e-06,0.9029386197213138,2.7035750000006567e-10
3113,0.8647222222222634,184,341,1.0018175830184382e-06,0.9028884564646628,2.705600000000657e-10
3114,0.8650000000000412,184,341,1.0016309008721398e-06,0.9028382959948591,2.7076250000006573e-10
3115,0.865277777777819,184,341,1.0014427666337759e-06,0.9027881383117483,2.7096500000006587e-10
3116,0.8655555555555968,184,341,1.0012516936035678e-06,0.9027379834151754,2.711650000000659e-10
3117,0.8658333333333746,183,342,1.0010647539565937e-06,0.9026878313049858,2.7136500000006594e-10
3118,0.8661111111111525,183,342,1.0008777895327376e-06,0.9026376819810245,2.71565000000066e-10
3119,0.8663888888889303,183,342,1.00069514041761e-06,0.9138077929183697,2.7176500000006606e-10
3120,0.8666666666667081,183,341,1.0005074464034243e-06,0.9137570258187632,2.7196500000006607e-10
3121,0.8669444444444859,183,341,1.0003219745087314e-06,0.913706261539551,2.721650000000662e-10
3122,0.8672222222222637,183,341,1.0001408867805104e-06,0.9136555000805765,2.7236500000006625e-10
3123,0.8675000000000416,183,341,9.999599421641706e-07,0.9136047414416835,2.725625000000664e-10
3124,0.8677777777778194,183,341,9.997781481017175e-07,0.9135539856227144,2.727600000000664e-10
3125,0.8680555555555972,183,341,9.99591801790213e-07,0.9135032326235132,2.7295750000006647e-10
3126,0.868333333333375,183,341,9.994118751707802e-07,0.913452482443923,2.7315250000006654e-10
3127,0.8686111111111529,183,341,9.99228266903129e-07,0.9134017350837872,2.733475000000666e-10
3128,0.8688888888889307,183,341,9.99045255019312e-07,0.9133509905429491,2.7354750000006667e-10
3129,0.8691666666667085,182,342,9.988603177068708e-07,0.9133002488212525,2.7374750000006673e-10
3130,0.8694444444444863,182,342,9.986763527376813e-07,0.9378092315788019,2.739475000000668e-10
3131,0.8697222222222641,182,340,9.98491477786438e-07,0.9377571310659366,2.741425000000669e-10
3132,0.870000000000042,182,340,9.98305898549009e-07,0.937705033447544,2.7433750000006693e-10
3133,0.8702777777778198,182,340,9.981238422185573e-07,0.9376529387234638,2.74535000000067e-10
3134,0.8705555555555976,182,340,9.979390582242338e-07,0.9376008468935344,2.7473250000006707e-10
3135,0.8708333333333754,182,340,9.97754585971126e-07,0.9375487579575962,2.749300000000671e-10
3136,0.8711111111111532,182,340,9.975729803178546e-07,0.9374966719154876,2.7513000000006717e-10
3137,0.8713888888889311,181,341,9.973868623901916e-07,0.9374445887670476,2.7533000000006723e-10
3138,0.8716666666667089,181,341,9.972038960956704e-07,0.937392508512116,2.755300000000673e-10
3139,0.8719444444444867,181,341,9.970211006799045e-07,0.9373404311505321,2.757325000000673e-10
3140,0.8722222222222645,180,342,9.968358498110299e-07,0.956106422061511,2.759325000000675e-10
3141,0.8725000000000424,180,341,9.96647156958174e-07,0.9560533050380634,2.7612750000006745e-10
3142,0.8727777777778202,180,341,9.964654360721152e-07,0.9560001909655613,2.763275000000675e-10
3143,0.873055555555598,178,343,9.962807467544138e-07,0.9673406221513724,2.7653000000006754e-10
3144,0.8733333333333758,178,342,9.960966079972572e-07,0.9672868810056976,2.7673500000006765e-10
3145,0.8736111111111536,177,343,9.959151258950254e-07,0.9672331428456414,2.769450000000678e-10
3146,0.8738888888889315,176,344,9.95742936048014e-07,0.9789130782685427,2.771575000000678e-10
3147,0.8741666666667093,175,344,9.955641501043708e-07,0.9922978263218005,2.773700000000678e-10
3148,0.8744444444444871,175,343,9.953847987950422e-07,0.9922426986647827,2.7758250000006794e-10
3149,0.8747222222222649,176,343,9.952068844780866e-07,0.9921875740704125,2.7779500000006806e-10
3150,0.8750000000000427,176,343,9.950290200609692e-07,1.0036990963396668,2.7800250000006813e-10
3151,0.8752777777778206,176,342,9.948456344635728e-07,1.003643335278759,2.782125000000682e-10
3152,0.8755555555555984,175,343,9.946579920700639e-07,1.003587577315688,2.7842250000006817e-10
3153,0.8758333333333762,175,343,9.944757256087764e-07,1.0035318224502814,2.7863250000006826e-10
3154,0.876111111111154,175,343,9.942924428481666e-07,1.0034760706823675,2.788425000000683e-10
3155,0.8763888888889318,175,343,9.941213043643423e-07,1.0034203220117741,2.790525000000684e-10
3156,0.8766666666667097,174,344,9.939456280346858e-07,1.021334421076785,2.7926250000006845e-10
3157,0.8769444444444875,174,343,9.937691906375663e-07,1.021277680275614,2.794725000000685e-10
3158,0.8772222222222653,174,343,9.93594480248908e-07,1.0333527827467206,2.796825000000686e-10
3159,0.8775000000000431,174,342,9.934108350891984e-07,1.03329537425879,2.7989250000006863e-10
3160,0.877777777777821,174,342,9.932276212469281e-07,1.0332379689602202,2.801025000000687e-10
3161,0.8780555555555988,174,342,9.930494128978894e-07,1.0331805668508334,2.8031250000006877e-10
3162,0.8783333333333766,174,342,9.928761006454691e-07,1.033123167930453,2.8052250000006886e-10
3163,0.8786111111111544,174,342,9.926996442325743e-07,1.0330657721989014,2.8073000000006894e-10
3164,0.8788888888889322,174,342,9.925219263786146e-07,1.0330083796560012,2.8093750000006896e-10
3165,0.8791666666667101,174,342,9.923421165679584e-07,1.032950990301576,2.8114500000006903e-10
3166,0.8794444444444879,174,342,9.921677479005705e-07,1.0437697800265018,2.813550000000691e-10
3167,0.8797222222222657,173,342,9.919915561603514e-07,1.0437117928165003,2.815600000000692e-10
3168,0.8800000000000435,173,342,9.91820216196143e-07,1.0436538088280105,2.817650000000692e-10
3169,0.8802777777778213,173,342,9.91657033034396e-07,1.0435958280608537,2.8197000000006934e-10
3170,0.8805555555555992,173,342,9.914778783191465e-07,1.0435378505148503,2.821750000000694e-10
3171,0.880833333333377,172,343,9.913101840983408e-07,1.0434798761898214,2.8238000000006944e-10
3172,0.8811111111111548,172,343,9.911296807920457e-07,1.0434219050855889,2.8258500000006955e-10
3173,0.8813888888889326,172,343,9.909515505403993e-07,1.0433639372019732,2.827875000000696e-10
3174,0.8816666666667105,172,343,9.907719323226047e-07,1.0433059725387954,2.8299250000006963e-10
3175,0.8819444444444883,171,344,9.905941698776551e-07,1.0432480110958764,2.8319750000006973e-10
3176,0.8822222222222661,172,344,9.904136448040249e-07,1.0431900528730378,2.8340250000006974e-10
3177,0.8825000000000439,172,344,9.90248835166584e-07,1.0431320978701004,2.8360750000006984e-10
3178,0.8827777777778217,172,344,9.900783681394158e-07,1.0531904416292943,2.838150000000699e-10
3179,0.8830555555555996,171,344,9.899045758834795e-07,1.053131931049204,2.840250000000699e-10
3180,0.8833333333333774,170,345,9.897396673100755e-07,1.0666931486873172,2.8423500000007e-10
3181,0.8836111111111552,170,344,9.895763166138254e-07,1.0666338879568347,2.844450000000701e-10
3182,0.883888888888933,170,344,9.894047212621951e-07,1.0665746305186148,2.8465250000007017e-10
3183,0.8841666666667108,170,344,9.89237195521052e-07,1.0791179484560298,2.848575000000702e-10
3184,0.8844444444444887,170,343,9.890619050282701e-07,1.0790579974588936,2.850600000000703e-10
3185,0.8847222222222665,170,343,9.88887494457136e-07,1.0789980497923684,2.8526000000007037e-10
3186,0.8850000000000443,170,343,9.88709914888284e-07,1.0789381054562688,2.8546000000007043e-10
3187,0.8852777777778221,170,343,9.885388149115444e-07,1.07887816445041,2.856600000000705e-10
3188,0.8855555555556,170,343,9.88362771751625e-07,1.0788182267746071,2.8586250000007057e-10
3189,0.8858333333333778,169,344,9.881902792934358e-07,1.078758292428675,2.8606500000007066e-10
3190,0.8861111111111556,169,344,9.880092285988757e-07,1.088807157744084,2.8626500000007067e-10
3191,0.8863888888889334,168,344,9.878379087181643e-07,1.0887466684575424,2.864675000000708e-10
3192,0.8866666666667112,167,345,9.87660952578262e-07,1.0991276807079393,2.8667000000007083e-10
3193,0.886944444444489,167,344,9.874861355240246e-07,1.0990666180590112,2.8687500000007094e-10
3194,0.8872222222222669,167,344,9.87314849830893e-07,1.0990055588024525,2.8707750000007097e-10
3195,0.8875000000000447,167,344,9.871408728830709e-07,1.0989445029380747,2.8728000000007105e-10
3196,0.8877777777778225,167,344,9.869691902135047e-07,1.0988834504656892,2.8748250000007113e-10
3197,0.8880555555556003,167,344,9.867967951811254e-07,1.0988224013851078,2.8768750000007113e-10
3198,0.8883333333333782,166,345,9.866306663520706e-07,1.0987613556961418,2.8789250000007124e-10
3199,0.888611111111156,166,345,9.864617628725005e-07,1.1113716076876579,2.880900000000713e-10
3200,0.8888888888889338,165,345,9.86293202616134e-07,1.1113098648205642,2.8828750000007137e-10
3201,0.8891666666667116,165,345,9.861321890915604e-07,1.1112481253836297,2.8848750000007143e-10
3202,0.8894444444444894,165,345,9.859570441775275e-07,1.111186389376664,2.886875000000715e-10
3203,0.8897222222222673,165,345,9.857920827592228e-07,1.1111246567994764,2.888900000000715e-10
3204,0.8900000000000451,165,345,9.856272195179264e-07,1.122066199914014,2.8909000000007164e-10
3205,0.8902777777778229,165,344,9.85464136979525e-07,1.122003862902908,2.8929000000007165e-10
3206,0.8905555555556007,165,344,9.853005324849892e-07,1.1326205648109913,2.8949250000007173e-10
3207,0.8908333333333786,165,343,9.851394311115626e-07,1.1325576414462795,2.896925000000718e-10
3208,0.8911111111111564,165,343,9.849740483260026e-07,1.1324947215773102,2.8989250000007195e-10
3209,0.8913888888889342,165,343,9.848094674733635e-07,1.1324318052038893,2.9009250000007196e-10
3210,0.891666666666712,165,343,9.846460577861897e-07,1.1323688923258226,2.902925000000721e-10
3211,0.8919444444444898,165,343,9.844868744351152e-07,1.1323059829429152,2.904925000000721e-10
3212,0.8922222222222677,164,344,9.843231092435727e-07,1.1322430770549743,2.9069750000007214e-10
3213,0.8925000000000455,162,346,9.841612367568039e-07,1.142946678748063,2.9090750000007223e-10
3214,0.8927777777778233,160,347,9.83992481779595e-07,1.155217620508476,2.9111750000007233e-10
3215,0.8930555555556011,159,347,9.838239361226699e-07,1.155153441751781,2.9132750000007237e-10
3216,0.8933333333333789,159,347,9.836537738218086e-07,1.1550892665605728,2.915425000000724e-10
3217,0.8936111111111568,159,347,9.834904542754812e-07,1.1550250949346528,2.9175750000007255e-10
3218,0.8938888888889346,159,347,9.833311676470888e-07,1.1549609268738232,2.919750000000726e-10
3219,0.8941666666667124,158,348,9.831809345511487e-07,1.1548967623778859,2.921925000000726e-10
3220,0.8944444444444902,158,348,9.830170077457313e-07,1.1548326014466426,2.924100000000727e-10
3221,0.894722222222268,157,349,9.828561412106844e-07,1.1547684440798953,2.9262500000007275e-10
3222,0.8950000000000459,157,349,9.826974395867415e-07,1.154704290277447,2.9284000000007284e-10
3223,0.8952777777778237,157,349,9.82533613527968e-07,1.1665874665300717,2.9305500000007287e-10
3224,0.8955555555556015,158,348,9.8237534097145e-07,1.1665226561152642,2.93270000000073e-10
3225,0.8958333333333793,158,348,9.822099610194334e-07,1.166457849301036,2.93482500000073e-10
3226,0.8961111111111572,158,348,9.820510137028973e-07,1.1663930460871859,2.936925000000731e-10
3227,0.896388888888935,160,348,9.818899378959265e-07,1.1663282464735145,2.939050000000732e-10
3228,0.8966666666667128,159,349,9.817311423272183e-07,1.1662634504598215,2.9412000000007327e-10
3229,0.8969444444444906,157,351,9.815783491297298e-07,1.166198658045907,2.9433750000007333e-10
3230,0.8972222222222684,156,352,9.814242726481636e-07,1.1661338692315713,2.945525000000734e-10
3231,0.8975000000000463,156,352,9.81271687456404e-07,1.1660690840166141,2.947650000000735e-10
3232,0.8977777777778241,155,353,9.811216732275128e-07,1.1660043024008355,2.949800000000735e-10
3233,0.8980555555556019,153,355,9.809753994797324e-07,1.1659395243840354,2.951950000000736e-10
3234,0.8983333333333797,153,355,9.808255922241134e-07,1.165874749966014,2.9541000000007374e-10
3235,0.8986111111111575,154,355,9.806799299762505e-07,1.1658099791465713,2.956250000000737e-10
3236,0.8988888888889354,154,355,9.805311458557046e-07,1.1657452119255078,2.958400000000738e-10
3237,0.8991666666667132,156,355,9.80378430972934e-07,1.165680448302623,2.9605500000007384e-10
3238,0.899444444444491,156,355,9.802273631018496e-07,1.1656156882777173,2.96265000000074e-10
3239,0.8997222222222688,156,355,9.800760251574417e-07,1.1764729084043015,2.96472500000074e-10
3240,0.9000000000000467,156,354,9.799217228873106e-07,1.1764075487982797,2.966825000000741e-10
3241,0.9002777777778245,157,354,9.797641038674105e-07,1.1763421928233462,2.968950000000742e-10
3242,0.9005555555556023,157,354,9.79611706151585e-07,1.1762768404793003,2.9710750000007424e-10
3243,0.9008333333333801,157,354,9.794565234420638e-07,1.1762114917659405,2.973200000000743e-10
3244,0.9011111111111579,157,354,9.793017649343444e-07,1.1761461466830647,2.9753250000007437e-10
3245,0.9013888888889358,157,354,9.791488324592365e-07,1.1760808052304712,2.9774500000007443e-10
3246,0.9016666666667136,157,354,9.789923361253797e-07,1.1760154674079584,2.979550000000745e-10
3247,0.9019444444444914,157,354,9.788396833173804e-07,1.1759501332153248,2.981650000000746e-10
3248,0.9022222222222692,157,354,9.78686262411962e-07,1.1758848026523683,2.9837500000007467e-10
3249,0.902500000000047,157,354,9.785393446476186e-07,1.1758194757188878,2.985850000000747e-10
3250,0.9027777777778249,157,354,9.78385967635937e-07,1.175754152414681,2.987975000000748e-10
3251,0.9030555555556027,157,354,9.782332690947596e-07,1.1899212066450817,2.990100000000749e-10
3252,0.9033333333333805,157,353,9.780790120764321e-07,1.189855099911379,2.992225000000749e-10
3253,0.9036111111111583,157,353,9.77920235799284e-07,1.189788996850273,2.99432500000075e-10
3254,0.9038888888889361,156,354,9.777685851815592e-07,1.189722897461559,2.996425000000751e-10
3255,0.904166666666714,154,356,9.776188059860938e-07,1.1896568017450333,2.9985750000007513e-10
3256,0.9044444444444918,154,356,9.774718955747358e-07,1.1895907097004923,3.0007250000007517e-10
3257,0.9047222222222696,154,356,9.773238674364513e-07,1.2027006006688883,3.0028750000007526e-10
3258,0.9050000000000474,154,355,9.771763212682008e-07,1.2026337839688512,3.0050250000007534e-10
3259,0.9052777777778253,154,355,9.770210167210223e-07,1.202566970980853,3.0071500000007536e-10
3260,0.9055555555556031,154,355,9.768674965501479e-07,1.2025001617046875,3.0092750000007547e-10
3261,0.9058333333333809,154,355,9.767131092345823e-07,1.2024333561401486,3.0113750000007557e-10
3262,0.9061111111111587,154,355,9.765619395690837e-07,1.2023665542870294,3.013475000000756e-10
3263,0.9063888888889365,153,356,9.764094897746833e-07,1.2022997561451245,3.0156000000007573e-10
3264,0.9066666666667144,153,356,9.762613162770085e-07,1.202232961714228,3.0177250000007574e-10
3265,0.9069444444444922,152,357,9.761119328364043e-07,1.2021661709941327,3.019825000000758e-10
3266,0.90722222222227,152,357,9.759637018143298e-07,1.2159055409288166,3.0219250000007593e-10
3267,0.9075000000000478,152,356,9.758154584492737e-07,1.2158379906209875,3.02402500000076e-10
3268,0.9077777777778256,152,356,9.756674938646633e-07,1.2157704440659531,3.02612500000076e-10
3269,0.9080555555556035,152,356,9.755119900767633e-07,1.215702901263505,3.0282250000007606e-10
3270,0.9083333333333813,152,356,9.753642573789262e-07,1.2156353622134348,3.0303250000007616e-10
3271,0.9086111111111591,152,356,9.752169933213392e-07,1.215567826915534,3.0323750000007626e-10
3272,0.9088888888889369,153,356,9.750595734698964e-07,1.2155002953695944,3.034475000000763e-10
3273,0.9091666666667148,152,358,9.74908878618199e-07,1.227914428634166,3.036625000000764e-10
3274,0.9094444444444926,152,357,9.747541378418302e-07,1.227846211165909,3.0387500000007646e-10
3275,0.9097222222222704,152,357,9.74605959927546e-07,1.2431981637605387,3.040850000000765e-10
3276,0.9100000000000482,151,357,9.74456340564436e-07,1.2431290971958855,3.042975000000766e-10
3277,0.910277777777826,150,358,9.743065888140799e-07,1.2430600344682634,3.045125000000767e-10
3278,0.9105555555556039,148,360,9.74162223131909e-07,1.24299097557746,3.0472250000007675e-10
3279,0.9108333333333817,148,360,9.740119870701306e-07,1.242921920523261,3.049300000000768e-10
3280,0.9111111111111595,148,360,9.738712153423783e-07,1.2428528693054544,3.0513000000007683e-10
3281,0.9113888888889373,148,360,9.737261288784395e-07,1.2427838219238259,3.05327500000077e-10
3282,0.9116666666667151,148,360,9.735760422087026e-07,1.2427147783781636,3.05525000000077e-10
3283,0.911944444444493,148,360,9.734258245013564e-07,1.2426457386682537,3.057225000000771e-10
3284,0.9122222222222708,148,360,9.732801226210864e-07,1.2425767027938832,3.0592250000007717e-10
3285,0.9125000000000486,148,361,9.731424654745278e-07,1.2425076707548393,3.061250000000772e-10
3286,0.9127777777778264,148,361,9.729966747850954e-07,1.2424386425509084,3.0632750000007734e-10
3287,0.9130555555556042,148,361,9.72852973249925e-07,1.2423696181818782,3.0653000000007737e-10
3288,0.9133333333333821,148,361,9.727137661348002e-07,1.2423005976475345,3.067350000000775e-10
3289,0.9136111111111599,148,361,9.725672188886795e-07,1.2422315809476652,3.0694250000007755e-10
3290,0.9138888888889377,147,362,9.724263490264134e-07,1.2421625680820572,3.071525000000776e-10
3291,0.9141666666667155,146,363,9.722877248310096e-07,1.2420935590504973,3.0736250000007763e-10
3292,0.9144444444444934,146,363,9.721523751718565e-07,1.242024553852772,3.075700000000777e-10
3293,0.9147222222222712,145,364,9.72012330313397e-07,1.2419555524886692,3.077750000000778e-10
3294,0.915000000000049,145,364,9.71867351933837e-07,1.2418865549579754,3.079800000000779e-10
3295,0.9152777777778268,145,364,9.717211183708678e-07,1.2418175612604778,3.081850000000779e-10
3296,0.9155555555556046,145,364,9.71574021373762e-07,1.2417485713959635,3.0839500000007806e-10
3297,0.9158333333333825,143,366,9.714344522436922e-07,1.2416795853642193,3.0860250000007814e-10
3298,0.9161111111111603,143,366,9.712940253506017e-07,1.2416106031650322,3.088100000000782e-10
3299,0.9163888888889381,141,368,9.711513528120552e-07,1.2415416247981899,3.090150000000782e-10
3300,0.9166666666667159,141,368,9.710105834695966e-07,1.241472650263479,3.0922500000007836e-10
3301,0.9169444444444937,140,369,9.708733293673142e-07,1.2414036795606869,3.094350000000784e-10
3302,0.9172222222222716,140,369,9.707351706523045e-07,1.2413347126896,3.0964500000007845e-10
3303,0.9175000000000494,140,369,9.705966963967207e-07,1.241265749650006,3.0985500000007854e-10
3304,0.9177777777778272,140,369,9.704641634124633e-07,1.2411967904416923,3.100625000000786e-10
3305,0.918055555555605,140,369,9.703248085396797e-07,1.2411278350644455,3.1027500000007863e-10
3306,0.9183333333333829,137,372,9.70187337303004e-07,1.241058883518053,3.104875000000788e-10
3307,0.9186111111111607,137,372,9.700509486381048e-07,1.240989935802302,3.1069500000007887e-10
3308,0.9188888888889385,136,373,9.69914899366117e-07,1.24092099191698,3.109025000000789e-10
3309,0.9191666666667163,136,373,9.697780907445555e-07,1.2408520518618733,3.11112500000079e-10
3310,0.9194444444444941,136,373,9.69641590534823e-07,1.24078311563677,3.1132000000007906e-10
3311,0.919722222222272,136,373,9.695022308537497e-07,1.240714183241457,3.1152750000007914e-10
3312,0.9200000000000498,136,373,9.693686759931802e-07,1.2406452546757214,3.1173250000007924e-10
3313,0.9202777777778276,136,373,9.69231150628879e-07,1.2506104392404258,3.1194000000007926e-10
3314,0.9205555555556054,134,374,9.690942673396204e-07,1.2505409608826903,3.1214750000007934e-10
3315,0.9208333333333832,134,374,9.689584878097947e-07,1.2504714863848636,3.1235500000007946e-10
3316,0.9211111111111611,134,374,9.688210177323693e-07,1.2504020157467313,3.1256500000007946e-10
3317,0.9213888888889389,133,375,9.686866412256973e-07,1.2503325489680788,3.1277250000007953e-10
3318,0.9216666666667167,133,375,9.685567092074114e-07,1.2502630860486916,3.129800000000796e-10
3319,0.9219444444444945,133,375,9.684273781538457e-07,1.2501936269883558,3.131900000000797e-10
3320,0.9222222222222723,133,375,9.682956224135576e-07,1.2501241717868563,3.134025000000798e-10
3321,0.9225000000000502,132,376,9.68171532095703e-07,1.250054720443979,3.1361500000007983e-10
3322,0.922777777777828,132,376,9.680383862162958e-07,1.24998527295951,3.138225000000799e-10
3323,0.9230555555556058,132,376,9.678987988395259e-07,1.2499158293332346,3.1403000000008e-10
3324,0.9233333333333836,132,376,9.67762158266915e-07,1.2498463895649383,3.1424000000008007e-10
3325,0.9236111111111615,132,377,9.676280728650674e-07,1.249776953654407,3.1445250000008014e-10
3326,0.9238888888889393,132,377,9.674987223183587e-07,1.2497075216014264,3.1466250000008023e-10
3327,0.9241666666667171,131,378,9.673658254174626e-07,1.249638093405782,3.1487000000008026e-10
3328,0.9244444444444949,131,378,9.672375330958336e-07,1.2495686690672594,3.150825000000803e-10
3329,0.9247222222222727,129,380,9.67106717103276e-07,1.2494992485856447,3.1529500000008044e-10
3330,0.9250000000000506,129,380,9.669751824212072e-07,1.2594962376512766,3.155075000000805e-10
3331,0.9252777777778284,129,379,9.66842266559341e-07,1.259426265638074,3.1572250000008054e-10
3332,0.9255555555556062,128,380,9.667084844819408e-07,1.271058106323876,3.159375000000807e-10
3333,0.925833333333384,128,379,9.66577935143407e-07,1.2812905394945204,3.1615500000008073e-10
3334,0.9261111111111618,128,379,9.664490060704692e-07,1.281219356686771,3.163725000000808e-10
3335,0.9263888888889397,128,379,9.663162657878272e-07,1.2811481778336216,3.1659000000008085e-10
3336,0.9266666666667175,128,379,9.661832146088007e-07,1.2810770029348533,3.168050000000809e-10
3337,0.9269444444444953,128,379,9.660565532634565e-07,1.2810058319902458,3.17020000000081e-10
3338,0.9272222222222731,128,379,9.659282650884661e-07,1.2809346649995799,3.172375000000811e-10
3339,0.927500000000051,128,379,9.657957996758404e-07,1.2808635019626353,3.174500000000812e-10
3340,0.9277777777778288,128,379,9.65668834564289e-07,1.2807923428791925,3.1766250000008126e-10
3341,0.9280555555556066,128,379,9.65543029534299e-07,1.2807211877490328,3.178725000000813e-10
3342,0.9283333333333844,128,379,9.654175514415944e-07,1.2806500365719362,3.1808000000008143e-10
3343,0.9286111111111622,128,379,9.652936581506581e-07,1.2805788893476817,3.1829000000008147e-10
3344,0.9288888888889401,128,379,9.651666808108229e-07,1.280507746076052,3.1849750000008155e-10
3345,0.9291666666667179,128,379,9.650386935738948e-07,1.2804366067568251,3.187050000000816e-10
3346,0.9294444444444957,129,379,9.649091277127033e-07,1.2803654713897832,3.189100000000817e-10
3347,0.9297222222222735,129,379,9.647839645645935e-07,1.2802943399747058,3.1911500000008183e-10
3348,0.9300000000000513,129,379,9.64656935810978e-07,1.280223212511374,3.193225000000818e-10
3349,0.9302777777778292,128,380,9.645313202442326e-07,1.280152088999568,3.19530000000082e-10
3350,0.930555555555607,128,380,9.644056064874446e-07,1.280080969439068,3.19737500000082e-10
3351,0.9308333333333848,128,380,9.642740228587563e-07,1.2923047196275228,3.1994250000008205e-10
3352,0.9311111111111626,128,379,9.641479590040416e-07,1.292232924920877,3.201500000000821e-10
3353,0.9313888888889404,127,380,9.640211994390343e-07,1.2921611342028259,3.2035500000008223e-10
3354,0.9316666666667183,127,380,9.63894633388004e-07,1.2920893474731479,3.205600000000823e-10
3355,0.9319444444444961,126,381,9.63768586761076e-07,1.2920175647316214,3.2076500000008233e-10
3356,0.9322222222222739,126,381,9.636416907233344e-07,1.2919457859780255,3.209700000000824e-10
3357,0.9325000000000517,126,381,9.635166573949953e-07,1.2918740112121379,3.211725000000825e-10
3358,0.9327777777778296,126,381,9.6338303056674e-07,1.291802240433737,3.2137500000008255e-10
3359,0.9330555555556074,126,381,9.63258791669187e-07,1.291730473642602,3.2157750000008263e-10
3360,0.9333333333333852,126,381,9.631360925119713e-07,1.2916587108385107,3.2178000000008277e-10
3361,0.933611111111163,126,381,9.63010342151533e-07,1.291586952021242,3.219825000000828e-10
3362,0.9338888888889408,126,381,9.628828780821877e-07,1.291515197190574,3.221825000000829e-10
3363,0.9341666666667187,126,381,9.62753751607442e-07,1.291443446346286,3.22382500000083e-10
3364,0.9344444444444965,126,381,9.626297838866299e-07,1.2913716994881554,3.2258250000008304e-10
3365,0.9347222222222743,126,381,9.6250331039703e-07,1.2912999566159618,3.2278250000008315e-10
3366,0.9350000000000521,126,381,9.623802510029307e-07,1.2912282177294834,3.229825000000832e-10
3367,0.9352777777778299,126,381,9.622529645017155e-07,1.2911564828284983,3.231825000000832e-10
3368,0.9355555555556078,126,381,9.621240042301396e-07,1.2910847519127857,3.2338250000008333e-10
3369,0.9358333333333856,127,381,9.619947883557388e-07,1.2910130249821241,3.235825000000834e-10
3370,0.9361111111111634,127,381,9.618697084112272e-07,1.2909413020362916,3.237825000000835e-10
3371,0.9363888888889412,126,382,9.617428297227218e-07,1.2908695830750672,3.2398250000008357e-10
3372,0.936666666666719,126,382,9.616186260607639e-07,1.29079786809823,3.2418000000008366e-10
3373,0.9369444444444969,126,382,9.61490948021596e-07,1.290726157105558,3.243775000000837e-10
3374,0.9372222222222747,126,382,9.613661516429676e-07,1.2906544500968298,3.2457500000008384e-10
3375,0.9375000000000525,126,382,9.612390304486125e-07,1.2905827470718247,3.2476750000008384e-10
3376,0.9377777777778303,126,382,9.611124252815866e-07,1.2905110480303206,3.2496000000008394e-10
3377,0.9380555555556082,126,382,9.609895560828305e-07,1.2904393529720966,3.25155000000084e-10
3378,0.938333333333386,126,382,9.60864414384259e-07,1.2903676618969315,3.253475000000841e-10
3379,0.9386111111111638,126,382,9.607366188623145e-07,1.309787104019578,3.255400000000842e-10
3380,0.9388888888889416,126,381,9.60609534345823e-07,1.3097143380693548,3.257350000000843e-10
3381,0.9391666666667194,126,381,9.604841202527986e-07,1.3096415761616846,3.259325000000843e-10
3382,0.9394444444444973,125,382,9.603535310778409e-07,1.3095688182963423,3.261300000000844e-10
3383,0.9397222222222751,125,382,9.602246579804408e-07,1.3094960644731035,3.2632500000008443e-10
3384,0.9400000000000529,125,382,9.60100538033898e-07,1.3094233146917438,3.265175000000846e-10
3385,0.9402777777778307,125,382,9.599765223421758e-07,1.3093505689520388,3.2671000000008463e-10
3386,0.9405555555556085,125,382,9.598478968216544e-07,1.309277827253764,3.269025000000847e-10
3387,0.9408333333333864,125,382,9.597189893788682e-07,1.3214605093636222,3.2709250000008476e-10
3388,0.9411111111111642,125,381,9.595889565699389e-07,1.32138709489088,3.2728250000008484e-10
3389,0.941388888888942,125,381,9.594649277792127e-07,1.3213136844967193,3.274725000000849e-10
3390,0.9416666666667198,125,381,9.59340217732251e-07,1.321240278180914,3.27662500000085e-10
3391,0.9419444444444977,125,381,9.59218587095251e-07,1.3338632529249408,3.278525000000851e-10
3392,0.9422222222222755,125,380,9.590931070545664e-07,1.3337891494108896,3.280400000000852e-10
3393,0.9425000000000533,125,380,9.589771784564108e-07,1.3337150500137,3.2822250000008525e-10
3394,0.9427777777778311,125,380,9.588505155147756e-07,1.3470072002946067,3.284050000000853e-10
3395,0.9430555555556089,125,379,9.587208626048521e-07,1.3469323665612571,3.2859000000008535e-10
3396,0.9433333333333868,124,380,9.585956416512226e-07,1.346857536985337,3.2877500000008544e-10
3397,0.9436111111111646,124,380,9.58470764834427e-07,1.3570934023920942,3.289625000000855e-10
3398,0.9438888888889424,123,380,9.583440802526846e-07,1.3570180083141834,3.2915000000008566e-10
3399,0.9441666666667202,123,380,9.582184920352469e-07,1.3569426184248325,3.2933750000008567e-10
3400,0.944444444444498,123,380,9.580915346225173e-07,1.3568672327238092,3.295250000000858e-10
3401,0.9447222222222759,123,380,9.579657405498866e-07,1.35679185121088,3.2971250000008583e-10
3402,0.9450000000000537,123,380,9.578412385236824e-07,1.3567164738858128,3.2989750000008587e-10
3403,0.9452777777778315,123,380,9.577199218382898e-07,1.366675210049444,3.3008500000008603e-10
3404,0.9455555555556093,122,380,9.575936969604906e-07,1.3791769583484532,3.302750000000861e-10
3405,0.9458333333333871,122,379,9.574720156884232e-07,1.3791003374063229,3.3046250000008617e-10
3406,0.946111111111165,122,379,9.57347312298028e-07,1.3790237207209115,3.306500000000862e-10
3407,0.9463888888889428,122,379,9.572270627938397e-07,1.3789471082919824,3.308375000000863e-10
3408,0.9466666666667206,122,379,9.57100783692261e-07,1.3788705001192998,3.3102500000008644e-10
3409,0.9469444444444984,122,379,9.56976624115281e-07,1.3787938962026265,3.312125000000865e-10
3410,0.9472222222222763,122,379,9.568559643662287e-07,1.3787172965417263,3.314025000000866e-10
3411,0.9475000000000541,122,379,9.567294657360663e-07,1.378640701136363,3.315900000000866e-10
3412,0.9477777777778319,122,379,9.566067496479865e-07,1.3785641099863002,3.317800000000866e-10
3413,0.9480555555556097,121,380,9.564816038190865e-07,1.3784875230913007,3.319725000000868e-10
3414,0.9483333333333875,121,380,9.563595266186453e-07,1.3784109404511289,3.3216250000008684e-10
3415,0.9486111111111654,121,380,9.562398981669686e-07,1.3783343620655486,3.3235250000008697e-10
3416,0.9488888888889432,121,380,9.56121979400725e-07,1.3782577879343225,3.32545000000087e-10
3417,0.949166666666721,121,380,9.559971486189643e-07,1.378181218057215,3.3273500000008705e-10
3418,0.9494444444444988,121,380,9.558732590890216e-07,1.3781046524339902,3.329225000000871e-10
3419,0.9497222222222766,121,380,9.557481765633924e-07,1.3780280910644103,3.3311250000008724e-10
3420,0.9500000000000545,121,380,9.55629737115247e-07,1.37795153394824,3.333050000000873e-10
3421,0.9502777777778323,121,380,9.55511399307921e-07,1.377874981085243,3.334975000000874e-10
3422,0.9505555555556101,121,380,9.55390800870039e-07,1.3777984324751829,3.336900000000875e-10
3423,0.9508333333333879,121,380,9.552721842280902e-07,1.3777218881178228,3.3388250000008754e-10
3424,0.9511111111111658,122,380,9.551505186966353e-07,1.3776453480129276,3.3407500000008764e-10
3425,0.9513888888889436,122,380,9.550277654498073e-07,1.3775688121602605,3.342700000000877e-10
3426,0.9516666666667214,121,381,9.549125628873617e-07,1.3874966697846862,3.344625000000878e-10
3427,0.9519444444444992,121,381,9.547946020171353e-07,1.3874195866363648,3.346550000000879e-10
3428,0.952222222222277,121,381,9.546718813576284e-07,1.3873425077704404,3.3484750000008796e-10
3429,0.9525000000000549,121,381,9.54553408854369e-07,1.3872654331866756,3.3504250000008803e-10
3430,0.9527777777778327,120,382,9.544345682918555e-07,1.3871883628848323,3.352375000000881e-10
3431,0.9530555555556105,121,382,9.543177187650313e-07,1.3871112968646715,3.3543250000008817e-10
3432,0.9533333333333883,121,382,9.542020208693275e-07,1.387034235125957,3.3562750000008824e-10
3433,0.9536111111111661,121,382,9.540831588517139e-07,1.3869571776684502,3.3582250000008836e-10
3434,0.953888888888944,121,382,9.539664153413982e-07,1.3868801244919131,3.360075000000884e-10
3435,0.9541666666667218,121,382,9.538510811551127e-07,1.386803075596108,3.3619250000008853e-10
3436,0.9544444444444996,121,382,9.53733034448653e-07,1.3867260309807972,3.363850000000886e-10
3437,0.9547222222222774,120,383,9.536111034968514e-07,1.3866489906457429,3.365775000000886e-10
3438,0.9550000000000552,120,383,9.534948038655912e-07,1.3865719545907071,3.367700000000887e-10
3439,0.9552777777778331,120,383,9.533731062766151e-07,1.3864949228154522,3.3695750000008874e-10
3440,0.9555555555556109,120,383,9.532578939286376e-07,1.3864178953197401,3.3714500000008885e-10
3441,0.9558333333333887,120,383,9.531390956224818e-07,1.3863408721033335,3.3733250000008896e-10
3442,0.9561111111111665,120,383,9.530275076882351e-07,1.396780470754246,3.3752000000008907e-10
3443,0.9563888888889444,120,382,9.529110924403625e-07,1.396702871839204,3.377075000000891e-10
3444,0.9566666666667222,120,382,9.527918911583137e-07,1.3966252772352132,3.378925000000892e-10
3445,0.9569444444445,120,382,9.526750447346903e-07,1.3965476869420335,3.3807750000008925e-10
3446,0.9572222222222778,120,382,9.525556020761149e-07,1.3964701009594256,3.3825750000008934e-10
3447,0.9575000000000556,120,382,9.524400856725432e-07,1.39639251928715,3.3844250000008943e-10
3448,0.9577777777778335,118,384,9.523231822676482e-07,1.3963149419249676,3.3863000000008954e-10
3449,0.9580555555556113,118,384,9.52212241840771e-07,1.3962373688726386,3.388150000000896e-10
3450,0.9583333333333891,118,384,9.520951314847251e-07,1.4081782159855385,3.3900000000008966e-10
3451,0.9586111111111669,118,383,9.519844064373597e-07,1.4080999838624284,3.391850000000898e-10
3452,0.9588888888889447,118,383,9.518649899243142e-07,1.408021756085547,3.3936750000008977e-10
3453,0.9591666666667226,118,383,9.517502409544798e-07,1.4079435326546534,3.395500000000899e-10
3454,0.9594444444445004,119,383,9.516315120979884e-07,1.407865313569506,3.3973250000008995e-10
3455,0.9597222222222782,119,383,9.51515717830789e-07,1.407787098829863,3.3991500000009007e-10
3456,0.960000000000056,119,383,9.514093234136146e-07,1.4077088884354836,3.400950000000901e-10
3457,0.9602777777778339,119,383,9.512925491946935e-07,1.4076306823861262,3.402750000000902e-10
3458,0.9605555555556117,119,383,9.511790627529022e-07,1.4075524806815494,3.4045750000009033e-10
3459,0.9608333333333895,118,384,9.51065276159322e-07,1.4181691691375535,3.4063500000009035e-10
3460,0.9611111111111673,118,383,9.509500077320017e-07,1.41809038196149,3.4081250000009043e-10
3461,0.9613888888889451,118,383,9.508365692471179e-07,1.4180115991624924,3.409925000000906e-10
3462,0.961666666666723,117,384,9.50722570681264e-07,1.4179328207403166,3.4117500000009064e-10
3463,0.9619444444445008,117,384,9.506101163171085e-07,1.4178540466947203,3.413550000000907e-10
3464,0.9622222222222786,117,384,9.505007467215519e-07,1.4177752770254595,3.4153750000009075e-10
3465,0.9625000000000564,116,385,9.503850097749192e-07,1.4176965117322915,3.4172000000009087e-10
3466,0.9627777777778342,116,385,9.50274370682879e-07,1.417617750814973,3.4190250000009094e-10
3467,0.9630555555556121,116,385,9.501623198164817e-07,1.417538994273261,3.42085000000091e-10
3468,0.9633333333333899,116,385,9.500483421952513e-07,1.417460242106913,3.4227000000009104e-10
3469,0.9636111111111677,115,386,9.499349310415326e-07,1.4173814943156842,3.4245500000009113e-10
3470,0.9638888888889455,115,386,9.498166251382288e-07,1.4173027508993339,3.4264000000009127e-10
3471,0.9641666666667233,115,386,9.496990975032537e-07,1.4172240118576171,3.4282500000009135e-10
3472,0.9644444444445012,115,386,9.495790229334042e-07,1.417145277190292,3.430075000000914e-10
3473,0.964722222222279,115,386,9.494665919415281e-07,1.4170665468971146,3.431900000000915e-10
3474,0.9650000000000568,115,386,9.493527794426217e-07,1.4280784757288212,3.433750000000916e-10
3475,0.9652777777778346,114,386,9.492415396017685e-07,1.427999138035725,3.4356250000009163e-10
3476,0.9655555555556125,113,387,9.491302786630693e-07,1.4279198047502786,3.4375000000009174e-10
3477,0.9658333333333903,113,387,9.490155647990637e-07,1.427840475872237,3.4393750000009185e-10
3478,0.9661111111111681,113,387,9.489012011654403e-07,1.4277611514013553,3.441250000000919e-10
3479,0.9663888888889459,113,387,9.487884730124527e-07,1.4276818313373887,3.4431250000009197e-10
3480,0.9666666666667237,113,387,9.48675736399792e-07,1.427602515680092,3.4450250000009204e-10
3481,0.9669444444445016,112,388,9.485654465720203e-07,1.4275232044292208,3.446925000000921e-10
3482,0.9672222222222794,112,388,9.484531241514547e-07,1.4274438975845303,3.4488250000009215e-10
3483,0.9675000000000572,112,388,9.483407907503649e-07,1.427364595145776,3.4507250000009233e-10
3484,0.967777777777835,112,388,9.482284359661003e-07,1.4272852971127121,3.452625000000924e-10
3485,0.9680555555556128,112,388,9.481162078957722e-07,1.4272060034850949,3.454525000000925e-10
3486,0.9683333333333907,112,388,9.480018078686384e-07,1.427126714262679,3.4564250000009257e-10
3487,0.9686111111111685,112,388,9.478917771870907e-07,1.4270474294452202,3.4583250000009265e-10
3488,0.9688888888889463,112,388,9.477858926604802e-07,1.4370047389881817,3.460200000000927e-10
3489,0.9691666666667241,112,387,9.476723914402984e-07,1.4369249053915716,3.4620750000009276e-10
3490,0.969444444444502,112,387,9.475548356671542e-07,1.436845076230161,3.463950000000928e-10
3491,0.9697222222222798,112,387,9.474407378682862e-07,1.4367652515037037,3.46582500000093e-10
3492,0.9700000000000576,112,387,9.473322159409752e-07,1.4366854312119535,3.46770000000093e-10
3493,0.9702777777778354,112,387,9.472180845080917e-07,1.436605615354664,3.4695750000009315e-10
3494,0.9705555555556132,112,387,9.471078964441795e-07,1.448230505685535,3.4714500000009316e-10
3495,0.9708333333333911,112,386,9.470005281035719e-07,1.448150048435219,3.473325000000933e-10
3496,0.9711111111111689,111,387,9.468911604525708e-07,1.4480695956547505,3.475200000000933e-10
3497,0.9713888888889467,110,388,9.467804392271557e-07,1.4479891473438806,3.477075000000934e-10
3498,0.9716666666667245,110,388,9.466662599828335e-07,1.4479087035023621,3.478950000000935e-10
3499,0.9719444444445023,110,388,9.465578843757414e-07,1.4478282641299451,3.480800000000936e-10
3500,0.9722222222222802,110,388,9.4644552354723e-07,1.4477478292263823,3.4826500000009366e-10
3501,0.972500000000058,110,388,9.463387163882677e-07,1.4476673987914255,3.4845000000009375e-10
3502,0.9727777777778358,110,388,9.462285286024517e-07,1.4475869728248256,3.4863000000009385e-10
3503,0.9730555555556136,110,388,9.461148239184959e-07,1.4475065513263357,3.488075000000939e-10
3504,0.9733333333333914,110,388,9.460065690406232e-07,1.4474261342957062,3.48982500000094e-10
3505,0.9736111111111693,110,388,9.458959152652688e-07,1.4473457217326902,3.491575000000941e-10
3506,0.9738888888889471,110,388,9.457802168461857e-07,1.4472653136370384,3.4933250000009414e-10
3507,0.9741666666667249,110,388,9.456692464329482e-07,1.447184910008503,3.495075000000942e-10
3508,0.9744444444445027,110,388,9.45561814732392e-07,1.4471045108468361,3.496850000000943e-10
3509,0.9747222222222806,109,389,9.454515083022818e-07,1.4470241161517887,3.498625000000944e-10
3510,0.9750000000000584,109,389,9.453422378486905e-07,1.446943725923114,3.500375000000945e-10
3511,0.9752777777778362,109,389,9.452313962003699e-07,1.4468633401605626,3.5021000000009453e-10
3512,0.975555555555614,109,389,9.451175140913875e-07,1.4467829588638872,3.5038500000009463e-10
3513,0.9758333333333918,109,389,9.450063999409551e-07,1.446702582032839,3.505600000000947e-10
3514,0.9761111111111697,109,389,9.448944889603201e-07,1.4609853512437667,3.507375000000948e-10
3515,0.9763888888889475,108,389,9.447871466605761e-07,1.46090418539092,3.5091250000009497e-10
3516,0.9766666666667253,108,389,9.446753714125296e-07,1.460823024047287,3.5109500000009504e-10
3517,0.9769444444445031,105,392,9.445624896013846e-07,1.4607418672126178,3.5127500000009503e-10
3518,0.977222222222281,105,392,9.444543918165848e-07,1.4738823710979403,3.5145500000009513e-10
3519,0.9775000000000588,105,391,9.443467781791437e-07,1.47380048874399,3.5163750000009525e-10
3520,0.9777777777778366,105,391,9.442426739344103e-07,1.4737186109390603,3.518225000000953e-10
3521,0.9780555555556144,104,392,9.44137386917881e-07,1.4736367376828967,3.520075000000953e-10
3522,0.9783333333333922,104,392,9.440338895898789e-07,1.473554868975248,3.5219250000009546e-10
3523,0.97861111111117,105,392,9.439323976734677e-07,1.4734730048158602,3.5237750000009555e-10
3524,0.9788888888889479,105,392,9.438289966994553e-07,1.4733911452044817,3.5256250000009563e-10
3525,0.9791666666667257,105,392,9.43725487857806e-07,1.4733092901408595,3.5274750000009567e-10
3526,0.9794444444445035,105,392,9.436173907956416e-07,1.4732274396247402,3.5293000000009584e-10
3527,0.9797222222222813,105,392,9.435125399537979e-07,1.4731455936558724,3.531125000000959e-10
3528,0.9800000000000592,105,392,9.434083119896569e-07,1.4730637522340027,3.532950000000959e-10
3529,0.980277777777837,105,392,9.432992605118418e-07,1.472981915358879,3.53477500000096e-10
3530,0.9805555555556148,105,392,9.432024096023276e-07,1.4729000830302477,3.5366000000009616e-10
3531,0.9808333333333926,104,393,9.43097943418191e-07,1.472818255247857,3.538425000000962e-10
3532,0.9811111111111704,104,393,9.429932105074052e-07,1.4727364320114549,3.5402500000009634e-10
3533,0.9813888888889483,104,393,9.428865105215796e-07,1.4726546133207874,3.542075000000964e-10
3534,0.9816666666667261,104,393,9.427809339494565e-07,1.472572799175603,3.5439000000009647e-10
3535,0.9819444444445039,103,394,9.426798920003291e-07,1.4724909895756488,3.545725000000965e-10
3536,0.9822222222222817,103,394,9.425791818076354e-07,1.4724091845206722,3.547550000000966e-10
3537,0.9825000000000595,103,394,9.42474347496035e-07,1.4723273840104214,3.549400000000967e-10
3538,0.9827777777778374,102,395,9.423723113765442e-07,1.4722455880446428,3.551225000000968e-10
3539,0.9830555555556152,102,395,9.422665012997405e-07,1.472163796623085,3.5530250000009686e-10
3540,0.983333333333393,102,395,9.421607363219091e-07,1.4720820097454945,3.5548250000009695e-10
3541,0.9836111111111708,102,395,9.420599051578224e-07,1.47200022741162,3.5566250000009705e-10
3542,0.9838888888889487,102,395,9.419601443800897e-07,1.4719184496212085,3.5584250000009715e-10
3543,0.9841666666667265,102,395,9.418566845624218e-07,1.471836676374007,3.560250000000972e-10
3544,0.9844444444445043,101,396,9.417562890223109e-07,1.4717549076697645,3.5620750000009723e-10
3545,0.9847222222222821,101,396,9.41653075299171e-07,1.485807350039027,3.563900000000973e-10
3546,0.9850000000000599,101,395,9.415461884466649e-07,1.4973172102280428,3.565725000000974e-10
3547,0.9852777777778378,101,394,9.414433372135886e-07,1.509137135253065,3.567550000000976e-10
3548,0.9855555555556156,101,393,9.413395726584706e-07,1.5236888205683043,3.569300000000976e-10
3549,0.9858333333333934,101,392,9.412339793158971e-07,1.523604171189384,3.571075000000977e-10
3550,0.9861111111111712,101,392,9.411319872379724e-07,1.5235195265132069,3.5728750000009776e-10
3551,0.986388888888949,101,392,9.410352818778956e-07,1.5234348865395115,3.5747250000009784e-10
3552,0.9866666666667269,99,394,9.409319316805116e-07,1.5233502512680375,3.57657500000098e-10
3553,0.9869444444445047,99,394,9.408312209235578e-07,1.5232656206985224,3.57842500000098e-10
3554,0.9872222222222825,99,394,9.407324469245653e-07,1.5231809948307056,3.5802500000009814e-10
3555,0.9875000000000603,99,394,9.406315948738389e-07,1.5230963736643264,3.582075000000982e-10
3556,0.9877777777778382,99,394,9.405369353524769e-07,1.5512344557424025,3.583925000000983e-10
3557,0.988055555555616,99,392,9.40435870808989e-07,1.551148276050417,3.585725000000984e-10
3558,0.9883333333333938,99,392,9.403394293752079e-07,1.5510621011461923,3.587525000000985e-10
3559,0.9886111111111716,99,392,9.40236735092668e-07,1.5509759310294617,3.5893250000009853e-10
3560,0.9888888888889494,99,392,9.401345033140538e-07,1.5508897656999603,3.591125000000986e-10
3561,0.9891666666667273,99,392,9.400342103393351e-07,1.5508036051574214,3.592950000000987e-10
3562,0.9894444444445051,99,392,9.399326284024308e-07,1.5507174494015794,3.594775000000988e-10
3563,0.9897222222222829,99,392,9.398320193409402e-07,1.5506312984321684,3.596600000000988e-10
3564,0.9900000000000607,99,392,9.397375069914891e-07,1.5505451522489218,3.5984250000009894e-10
3565,0.9902777777778385,99,392,9.396440857105883e-07,1.550459010851575,3.600275000000991e-10
3566,0.9905555555556164,98,393,9.395462817884765e-07,1.5503728742398613,3.6021250000009907e-10
3567,0.9908333333333942,98,393,9.394474689110933e-07,1.5502867424135143,3.6040000000009923e-10
3568,0.991111111111172,97,394,9.39345839267397e-07,1.5502006153722692,3.605875000000993e-10
3569,0.9913888888889498,97,394,9.392429265757906e-07,1.5501144931158597,3.607750000000994e-10
3570,0.9916666666667276,97,394,9.391426830149263e-07,1.5500283756440203,3.609650000000994e-10
3571,0.9919444444445055,96,395,9.390428837663395e-07,1.549942262956484,3.6115500000009955e-10
3572,0.9922222222222833,96,395,9.389449700662628e-07,1.5498561550529866,3.613425000000996e-10
3573,0.9925000000000611,95,396,9.388440579854107e-07,1.5497700519332618,3.6152500000009973e-10
3574,0.9927777777778389,95,396,9.387497292068427e-07,1.5496839535970433,3.617050000000998e-10
3575,0.9930555555556168,95,396,9.38649349568623e-07,1.5495978600440656,3.6188500000009987e-10
3576,0.9933333333333946,95,396,9.385566765216487e-07,1.5495117712740631,3.6206500000009997e-10
3577,0.9936111111111724,96,396,9.38458359047009e-07,1.5494256872867704,3.6224500000010006e-10
3578,0.9938888888889502,96,396,9.383630334479056e-07,1.549339608081921,3.6242250000010014e-10
3579,0.994166666666728,97,396,9.382672518694808e-07,1.5492535336592501,3.6260250000010023e-10
3580,0.9944444444445059,96,397,9.381685175912128e-07,1.5491674640184911,3.627825000001003e-10
3581,0.9947222222222837,96,397,9.380760352272658e-07,1.5490813991593788,3.629625000001004e-10
3582,0.9950000000000615,95,398,9.379834096825751e-07,1.5489953390816478,3.6314250000010047e-10
3583,0.9952777777778393,95,398,9.378855324464058e-07,1.5489092837850322,3.633250000001006e-10
3584,0.9955555555556171,95,398,9.37792766108678e-07,1.5488232332692666,3.635100000001007e-10
3585,0.995833333333395,94,399,9.376995055812621e-07,1.548737187534085,3.636950000001007e-10
3586,0.9961111111111728,94,399,9.376040403789413e-07,1.5486511465792223,3.638775000001008e-10
3587,0.9963888888889506,94,399,9.375126369321142e-07,1.5485651104044122,3.6405750000010093e-10
3588,0.9966666666667284,94,399,9.3741676510571e-07,1.5484790790093896,3.64232500000101e-10
3589,0.9969444444445063,94,399,9.37322622453805e-07,1.5483930523938891,3.6441000000010106e-10
3590,0.9972222222222841,93,400,9.372262156670917e-07,1.560502011088352,3.6458750000010113e-10
3591,0.9975000000000619,93,399,9.371267055286241e-07,1.5604153165321808,3.647650000001012e-10
3592,0.9977777777778397,93,399,9.370314290008747e-07,1.5603286267923733,3.6494250000010133e-10
3593,0.9980555555556175,93,399,9.369376999921001e-07,1.573905504084516,3.6512000000010146e-10
3594,0.9983333333333954,93,398,9.368439153647292e-07,1.5738180648898448,3.6529750000010154e-10
3595,0.9986111111111732,93,398,9.367511508777817e-07,1.5737306305529064,3.6547500000010156e-10
3596,0.998888888888951,93,398,9.366632140840382e-07,1.5843407309005184,3.6565250000010163e-10
3597,0.9991666666667288,92,398,9.365714895873368e-07,1.584252711971024,3.6582750000010174e-10
3598,0.9994444444445066,92,398,9.364773554055574e-07,1.5841646979314699,3.6600500000010187e-10
3599,0.9997222222222845,91,399,9.363832987677451e-07,1.584076688781585,3.661850000001019e-10
3600,1.0000000000000622,91,399,9.362894203309921e-07,1.5953092355247664,3.66365000000102e-10
