,time,healthy_cells,infected_cells,mean_c_substrate,mean_c_phage,mean_c_quorum
0,0.0,0,0,0.0,0.0,0.0
1,0.0002777777777777778,300,0,1.9996963744124266e-06,9.999444444444443e-07,1e-13
2,0.0005555555555555556,300,0,1.999382646198874e-06,9.998888919753085e-07,1e-13
3,0.0008333333333333333,300,0,1.9990685078310573e-06,9.998333425924205e-07,1e-13
4,0.0011111111111111111,300,0,1.998754860328254e-06,9.9977779629561e-07,1e-13
5,0.001388888888888889,300,0,1.998439123775276e-06,9.99722253084705e-07,1e-13
6,0.0016666666666666668,300,0,1.9981263154554634e-06,9.996667129595332e-07,1e-13
7,0.0019444444444444446,300,0,1.9978093531718483e-06,9.99611175919924e-07,1e-13
8,0.0022222222222222222,300,0,1.9974953461459973e-06,9.995556419657066e-07,1e-13
9,0.0025,300,0,1.997186230947665e-06,9.995001110967087e-07,1e-13
10,0.002777777777777778,300,0,1.9968793755003747e-06,9.99444583312759e-07,1e-13
11,0.0030555555555555557,300,0,1.996570821821418e-06,9.99389058613686e-07,1.0000000000000003e-13
12,0.0033333333333333335,300,0,1.996269691899722e-06,9.993335369993185e-07,1.0000000000000003e-13
13,0.0036111111111111114,300,0,1.9959606951501377e-06,9.99278018469485e-07,1.0000000000000003e-13
14,0.003888888888888889,300,0,1.9956470988133528e-06,9.992225030240148e-07,1.0000000000000003e-13
15,0.004166666666666667,300,0,1.9953341151953465e-06,9.99166990662736e-07,1.0000000000000003e-13
16,0.0044444444444444444,300,0,1.9950264996464247e-06,9.991114813854766e-07,1.0000000000000003e-13
17,0.004722222222222222,300,0,1.9947184233156377e-06,9.990559751920664e-07,1.0000000000000003e-13
18,0.005,300,0,1.994413862630985e-06,9.99000472082333e-07,1.0000000000000003e-13
19,0.005277777777777778,300,0,1.9941122779364462e-06,9.989449720561066e-07,1.0000000000000005e-13
20,0.005555555555555556,300,0,1.9938059996709426e-06,9.988894751132143e-07,1.0000000000000005e-13
21,0.005833333333333334,300,0,1.9934981478648467e-06,9.988339812534865e-07,1.0000000000000005e-13
22,0.006111111111111111,300,0,1.9931830249249427e-06,9.987784904767501e-07,1.0000000000000005e-13
23,0.006388888888888889,300,0,1.992867428262024e-06,9.987230027828347e-07,1.0000000000000005e-13
24,0.006666666666666667,300,0,1.9925538198088572e-06,9.986675181715695e-07,1.0000000000000005e-13
25,0.006944444444444445,300,0,1.9922441499282263e-06,9.986120366427816e-07,1.0000000000000005e-13
26,0.007222222222222223,300,0,1.9919385041457467e-06,9.985565581963018e-07,1.0000000000000005e-13
27,0.007500000000000001,301,0,1.9916341552638487e-06,9.98501082831958e-07,1.0000000000000007e-13
28,0.007777777777777778,301,0,1.991332019803825e-06,9.984456105495784e-07,1.0000000000000007e-13
29,0.008055555555555555,301,0,1.991021063143911e-06,9.983901413489921e-07,1.0000000000000009e-13
30,0.008333333333333333,301,0,1.990712280562208e-06,9.983346752300287e-07,1.0000000000000009e-13
31,0.008611111111111111,302,0,1.990404106333591e-06,9.982792121925156e-07,1.0000000000000009e-13
32,0.008888888888888889,302,0,1.9900853419689094e-06,9.982237522362826e-07,1.000000000000001e-13
33,0.009166666666666667,303,0,1.98977380440048e-06,9.981682953611587e-07,1.000000000000001e-13
34,0.009444444444444445,303,0,1.989468389946355e-06,9.981128415669718e-07,1.000000000000001e-13
35,0.009722222222222222,303,0,1.9891587678293253e-06,9.980573908535511e-07,1.0000000000000013e-13
36,0.01,303,0,1.988841177847286e-06,9.980019432207266e-07,1.0000000000000013e-13
37,0.010277777777777778,303,0,1.988534538863565e-06,9.979464986683252e-07,1.0000000000000013e-13
38,0.010555555555555556,303,0,1.9882317568886014e-06,9.97891057196177e-07,1.0000000000000015e-13
39,0.010833333333333334,303,0,1.987926987729244e-06,9.978356188041106e-07,1.0000000000000015e-13
40,0.011111111111111112,303,0,1.987615238104909e-06,9.977801834919544e-07,1.0000000000000015e-13
41,0.01138888888888889,303,0,1.9873100804564065e-06,9.977247512595382e-07,1.0000000000000017e-13
42,0.011666666666666667,303,0,1.987004967675766e-06,9.976693221066902e-07,1.0000000000000017e-13
43,0.011944444444444445,303,0,1.986691140348365e-06,9.976138960332401e-07,1.0000000000000019e-13
44,0.012222222222222223,303,0,1.9863834305460868e-06,9.97558473039016e-07,1.0000000000000019e-13
45,0.0125,303,0,1.986069304909354e-06,9.975030531238478e-07,1.0000000000000019e-13
46,0.012777777777777779,303,0,1.985751283437316e-06,9.974476362875626e-07,1.0000000000000022e-13
47,0.013055555555555556,303,0,1.9854374604316467e-06,9.973922225299918e-07,1.0000000000000022e-13
48,0.013333333333333334,303,0,1.985120153074468e-06,9.97336811850962e-07,1.0000000000000023e-13
49,0.013611111111111112,303,0,1.984816721898237e-06,9.972814042503038e-07,1.0000000000000023e-13
50,0.01388888888888889,303,0,1.98450804285244e-06,9.972259997278456e-07,1.0000000000000023e-13
51,0.014166666666666668,303,0,1.9841985382366525e-06,9.971705982834166e-07,1.0000000000000026e-13
52,0.014444444444444446,304,0,1.983891760460926e-06,9.971151999168453e-07,1.0000000000000026e-13
53,0.014722222222222223,305,0,1.983585823732642e-06,9.97059804627961e-07,1.0000000000000028e-13
54,0.015000000000000001,305,0,1.9832669816798635e-06,9.97004412416593e-07,1.0000000000000028e-13
55,0.015277777777777779,305,0,1.9829494585927737e-06,9.9694902328257e-07,1.0000000000000028e-13
56,0.015555555555555557,306,0,1.9826340737272677e-06,9.968936372257206e-07,1.0000000000000032e-13
57,0.015833333333333335,306,0,1.9823265786447565e-06,9.96838254245875e-07,1.0000000000000032e-13
58,0.01611111111111111,306,0,1.982018027667892e-06,9.967828743428623e-07,1.0000000000000033e-13
59,0.016388888888888887,306,0,1.981705400251511e-06,9.9672749751651e-07,1.0000000000000033e-13
60,0.016666666666666663,306,0,1.9813947336988035e-06,9.966721237666482e-07,1.0000000000000033e-13
61,0.01694444444444444,306,0,1.9810743655608794e-06,9.966167530931059e-07,1.0000000000000033e-13
62,0.017222222222222215,306,0,1.980760211260767e-06,9.96561385495712e-07,1.0000000000000036e-13
63,0.01749999999999999,306,0,1.9804488357709244e-06,9.965060209742953e-07,1.0000000000000036e-13
64,0.017777777777777767,306,0,1.9801399388227834e-06,9.964506595286855e-07,1.0000000000000036e-13
65,0.018055555555555543,307,0,1.979834751710558e-06,9.963953011587116e-07,1.000000000000004e-13
66,0.01833333333333332,307,0,1.9795315437559905e-06,9.963399458642036e-07,1.000000000000004e-13
67,0.018611111111111096,307,0,1.9792251124723023e-06,9.962845936449885e-07,1.000000000000004e-13
68,0.018888888888888872,307,0,1.978914182919153e-06,9.962292445008973e-07,1.0000000000000042e-13
69,0.019166666666666648,308,0,1.978597338547017e-06,9.961738984317588e-07,1.0000000000000044e-13
70,0.019444444444444424,308,0,1.9782902693318704e-06,9.961185554374016e-07,1.0000000000000044e-13
71,0.0197222222222222,308,0,1.9779758862151857e-06,9.960632155176548e-07,1.0000000000000044e-13
72,0.019999999999999976,308,0,1.9776629024370436e-06,9.960078786723492e-07,1.0000000000000046e-13
73,0.020277777777777752,308,0,1.9773574291517853e-06,9.959525449013113e-07,1.0000000000000048e-13
74,0.02055555555555553,308,0,1.977048088128993e-06,9.95897214204372e-07,1.0000000000000048e-13
75,0.020833333333333304,309,0,1.9767354309229504e-06,9.95841886581361e-07,1.0000000000000051e-13
76,0.02111111111111108,309,0,1.9764305834297836e-06,9.957865620321064e-07,1.0000000000000052e-13
77,0.021388888888888857,309,0,1.976119354623182e-06,9.957312405564378e-07,1.0000000000000055e-13
78,0.021666666666666633,309,0,1.975805240886253e-06,9.956759221541847e-07,1.0000000000000055e-13
79,0.02194444444444441,309,0,1.975493183671083e-06,9.956206068251755e-07,1.0000000000000056e-13
80,0.022222222222222185,309,0,1.975181869302169e-06,9.955652945692412e-07,1.0000000000000058e-13
81,0.02249999999999996,309,0,1.9748734007168423e-06,9.955099853862095e-07,1.0000000000000061e-13
82,0.022777777777777737,309,0,1.9745513494179605e-06,9.9545467927591e-07,1.0000000000000062e-13
83,0.023055555555555513,309,0,1.974245395180058e-06,9.953993762381722e-07,1.0000000000000062e-13
84,0.02333333333333329,309,0,1.9739279465256926e-06,9.953440762728257e-07,1.0000000000000065e-13
85,0.023611111111111065,309,0,1.9736109101538356e-06,9.952887793796995e-07,1.0000000000000067e-13
86,0.02388888888888884,309,0,1.9733070593302362e-06,9.952334855586225e-07,1.0000000000000068e-13
87,0.024166666666666618,309,0,1.972988991673165e-06,9.951781948094256e-07,1.0000000000000068e-13
88,0.024444444444444394,309,0,1.9726742073750246e-06,9.951229071319362e-07,1.0000000000000071e-13
89,0.02472222222222217,309,0,1.9723604090340116e-06,9.950676225259838e-07,1.0000000000000074e-13
90,0.024999999999999946,309,0,1.9720502381035975e-06,9.950123409913996e-07,1.0000000000000075e-13
91,0.025277777777777722,309,0,1.9717452995407338e-06,9.949570625280116e-07,1.0000000000000075e-13
92,0.025555555555555498,309,0,1.971438455102826e-06,9.949017871356487e-07,1.0000000000000077e-13
93,0.025833333333333274,309,0,1.971122936893562e-06,9.948465148141415e-07,1.0000000000000077e-13
94,0.02611111111111105,309,0,1.9708206227421824e-06,9.94791245563318e-07,1.000000000000008e-13
95,0.026388888888888826,309,0,1.970514916625869e-06,9.94735979383009e-07,1.0000000000000081e-13
96,0.026666666666666602,310,0,1.97019794238608e-06,9.946807162730435e-07,1.0000000000000084e-13
97,0.02694444444444438,311,0,1.969889458292024e-06,9.946254562332506e-07,1.0000000000000085e-13
98,0.027222222222222155,311,0,1.969579938746746e-06,9.945701992634605e-07,1.0000000000000085e-13
99,0.02749999999999993,311,0,1.969267307260069e-06,9.94514945363501e-07,1.0000000000000087e-13
100,0.027777777777777707,311,0,1.9689598061933728e-06,9.94459694533203e-07,1.000000000000009e-13
101,0.028055555555555483,311,0,1.9686465578085144e-06,9.944044467723958e-07,1.000000000000009e-13
102,0.02833333333333326,311,0,1.968332052928592e-06,9.943492020809085e-07,1.0000000000000091e-13
103,0.028611111111111035,311,0,1.9680208308560467e-06,9.942939604585706e-07,1.0000000000000091e-13
104,0.02888888888888881,311,0,1.967707008852783e-06,9.942387219052117e-07,1.0000000000000094e-13
105,0.029166666666666587,311,0,1.9673975549448113e-06,9.941834864206617e-07,1.0000000000000094e-13
106,0.029444444444444363,311,0,1.9670838018278123e-06,9.941282540047486e-07,1.0000000000000096e-13
107,0.02972222222222214,311,0,1.966767434420093e-06,9.940730246573043e-07,1.0000000000000097e-13
108,0.029999999999999916,311,0,1.966456117099569e-06,9.940177983781563e-07,1.0000000000000097e-13
109,0.03027777777777769,311,0,1.966140075452905e-06,9.939625751671357e-07,1.00000000000001e-13
110,0.030555555555555468,311,0,1.9658276144651324e-06,9.939073550240714e-07,1.00000000000001e-13
111,0.030833333333333244,311,0,1.9655074751681676e-06,9.93852137948792e-07,1.0000000000000103e-13
112,0.03111111111111102,311,0,1.9651945456981655e-06,9.937969239411282e-07,1.0000000000000103e-13
113,0.0313888888888888,312,0,1.964884753909679e-06,9.937417130009096e-07,1.0000000000000104e-13
114,0.03166666666666658,312,0,1.9645728138356808e-06,9.93686505127965e-07,1.0000000000000104e-13
115,0.03194444444444436,313,0,1.964262354262657e-06,9.936313003221247e-07,1.0000000000000106e-13
116,0.03222222222222214,313,0,1.9639427533128096e-06,9.935760985832178e-07,1.0000000000000106e-13
117,0.03249999999999992,313,0,1.9636225796263017e-06,9.935208999110741e-07,1.0000000000000106e-13
118,0.0327777777777777,313,0,1.9633205942285327e-06,9.934657043055235e-07,1.000000000000011e-13
119,0.03305555555555548,313,0,1.9630128530995954e-06,9.934105117663956e-07,1.000000000000011e-13
120,0.03333333333333326,313,0,1.9627068980612986e-06,9.933553222935194e-07,1.0000000000000113e-13
121,0.033611111111111036,313,0,1.9623909614766807e-06,9.933001358867254e-07,1.0000000000000113e-13
122,0.033888888888888816,313,0,1.9620735169202796e-06,9.932449525458425e-07,1.0000000000000114e-13
123,0.034166666666666595,313,0,1.961751626099343e-06,9.931897722707014e-07,1.0000000000000114e-13
124,0.034444444444444375,313,0,1.961439201030382e-06,9.931345950611309e-07,1.0000000000000114e-13
125,0.034722222222222154,313,0,1.9611319099738916e-06,9.930794209169616e-07,1.0000000000000119e-13
126,0.034999999999999934,314,0,1.960810019220467e-06,9.930242498380216e-07,1.0000000000000119e-13
127,0.035277777777777714,315,0,1.9604795479467606e-06,9.92969081824142e-07,1.0000000000000119e-13
128,0.03555555555555549,316,0,1.960162344560493e-06,9.929139168751514e-07,1.000000000000012e-13
129,0.03583333333333327,316,0,1.9598373330034238e-06,9.92858754990881e-07,1.0000000000000123e-13
130,0.03611111111111105,316,0,1.959521904102227e-06,9.928035961711595e-07,1.0000000000000123e-13
131,0.03638888888888883,316,0,1.959200516361423e-06,9.927484404158159e-07,1.0000000000000125e-13
132,0.03666666666666661,316,0,1.958896491059455e-06,9.926932877246822e-07,1.0000000000000127e-13
133,0.03694444444444439,317,0,1.9585896360808034e-06,9.92638138097586e-07,1.0000000000000127e-13
134,0.03722222222222217,317,0,1.9582705815530294e-06,9.925829915343582e-07,1.0000000000000127e-13
135,0.03749999999999995,317,0,1.9579513873208168e-06,9.925278480348292e-07,1.0000000000000127e-13
136,0.03777777777777773,317,0,1.9576384974693828e-06,9.92472707598827e-07,1.000000000000013e-13
137,0.03805555555555551,317,0,1.9573291751519166e-06,9.924175702261826e-07,1.000000000000013e-13
138,0.03833333333333329,317,0,1.957000786573034e-06,9.923624359167258e-07,1.000000000000013e-13
139,0.03861111111111107,317,0,1.9566930894885954e-06,9.923073046702856e-07,1.0000000000000133e-13
140,0.03888888888888885,318,0,1.956379685062401e-06,9.922521764866932e-07,1.0000000000000133e-13
141,0.03916666666666663,318,0,1.9560638317055755e-06,9.921970513657772e-07,1.0000000000000135e-13
142,0.03944444444444441,318,0,1.9557345539434258e-06,9.921419293073674e-07,1.0000000000000135e-13
143,0.03972222222222219,318,0,1.955427994825974e-06,9.920868103112948e-07,1.0000000000000135e-13
144,0.039999999999999966,318,0,1.955117540182149e-06,9.920316943773894e-07,1.0000000000000137e-13
145,0.040277777777777746,318,0,1.954817229368195e-06,9.919765815054788e-07,1.0000000000000137e-13
146,0.040555555555555525,318,0,1.954495317815252e-06,9.919214716953952e-07,1.0000000000000139e-13
147,0.040833333333333305,318,0,1.9541900231595986e-06,9.918663649469677e-07,1.0000000000000139e-13
148,0.041111111111111084,318,0,1.953870183938156e-06,9.918112612600263e-07,1.0000000000000139e-13
149,0.041388888888888864,318,0,1.9535579553165797e-06,9.917561606344005e-07,1.0000000000000139e-13
150,0.041666666666666644,318,0,1.9532341429362985e-06,9.917010630699212e-07,1.0000000000000142e-13
151,0.04194444444444442,318,0,1.952919742835377e-06,9.916459685664176e-07,1.0000000000000143e-13
152,0.0422222222222222,318,0,1.9525957123887456e-06,9.915908771237187e-07,1.0000000000000143e-13
153,0.04249999999999998,318,0,1.9522793959283433e-06,9.915357887416571e-07,1.0000000000000145e-13
154,0.04277777777777776,318,0,1.951958111112486e-06,9.914807034200603e-07,1.0000000000000145e-13
155,0.04305555555555554,318,0,1.9516401956897515e-06,9.914256211587592e-07,1.0000000000000148e-13
156,0.04333333333333332,318,0,1.951322307284005e-06,9.913705419575836e-07,1.0000000000000148e-13
157,0.0436111111111111,318,0,1.951006565707247e-06,9.913154658163638e-07,1.0000000000000148e-13
158,0.04388888888888888,318,0,1.950680572057508e-06,9.912603927349294e-07,1.0000000000000149e-13
159,0.04416666666666666,318,0,1.9503689681384015e-06,9.91205322713111e-07,1.0000000000000152e-13
160,0.04444444444444444,319,0,1.9500493705599342e-06,9.91150255750738e-07,1.0000000000000152e-13
161,0.04472222222222222,319,0,1.9497272011670565e-06,9.910951918476409e-07,1.0000000000000152e-13
162,0.045,319,0,1.9494063612607837e-06,9.910401310036498e-07,1.0000000000000153e-13
163,0.04527777777777778,319,0,1.9490855591137162e-06,9.909850732185937e-07,1.0000000000000156e-13
164,0.04555555555555556,319,0,1.94877107968232e-06,9.90930018492304e-07,1.0000000000000156e-13
165,0.04583333333333334,319,0,1.948447101970399e-06,9.908749668246092e-07,1.0000000000000156e-13
166,0.04611111111111112,319,0,1.9481360460409207e-06,9.90819918215342e-07,1.0000000000000159e-13
167,0.046388888888888896,319,0,1.947821010467786e-06,9.907648726643296e-07,1.0000000000000159e-13
168,0.046666666666666676,319,0,1.9475012743827574e-06,9.907098301714034e-07,1.0000000000000159e-13
169,0.046944444444444455,319,0,1.94718718565651e-06,9.906547907363946e-07,1.0000000000000162e-13
170,0.047222222222222235,320,0,1.9468679018447844e-06,9.905997543591314e-07,1.0000000000000162e-13
171,0.047500000000000014,321,0,1.946536057670429e-06,9.90544721039445e-07,1.0000000000000164e-13
172,0.047777777777777794,321,0,1.946219137881757e-06,9.904896907771648e-07,1.0000000000000164e-13
173,0.048055555555555574,321,0,1.9459024548865022e-06,9.90434663572122e-07,1.0000000000000164e-13
174,0.04833333333333335,321,0,1.9455845752857158e-06,9.903796394241456e-07,1.0000000000000166e-13
175,0.04861111111111113,321,0,1.9452686825113757e-06,9.903246183330663e-07,1.0000000000000168e-13
176,0.04888888888888891,321,0,1.9449463346358557e-06,9.902696002987146e-07,1.0000000000000168e-13
177,0.04916666666666669,321,0,1.9446346138381324e-06,9.902145853209202e-07,1.0000000000000171e-13
178,0.04944444444444447,321,0,1.944318230304566e-06,9.901595733995137e-07,1.0000000000000171e-13
179,0.04972222222222225,322,0,1.9440001040804985e-06,9.901045645343244e-07,1.0000000000000171e-13
180,0.05000000000000003,322,0,1.9436760435198014e-06,9.900495587251837e-07,1.0000000000000172e-13
181,0.05027777777777781,322,0,1.9433518998451263e-06,9.899945559719213e-07,1.0000000000000174e-13
182,0.05055555555555559,322,0,1.943040326104555e-06,9.899395562743675e-07,1.0000000000000174e-13
183,0.05083333333333337,322,0,1.942726197539496e-06,9.898845596323525e-07,1.0000000000000177e-13
184,0.05111111111111115,322,0,1.9424161642746767e-06,9.89829566045706e-07,1.0000000000000177e-13
185,0.05138888888888893,322,0,1.942112677190889e-06,9.89774575514259e-07,1.0000000000000177e-13
186,0.05166666666666671,322,0,1.9417924437074635e-06,9.897195880378418e-07,1.0000000000000178e-13
187,0.05194444444444449,322,0,1.9414784441619164e-06,9.896646036162843e-07,1.0000000000000178e-13
188,0.05222222222222227,322,0,1.9411646582450742e-06,9.896096222494167e-07,1.0000000000000181e-13
189,0.05250000000000005,323,0,1.940853237799265e-06,9.895546439370697e-07,1.0000000000000182e-13
190,0.052777777777777826,323,0,1.940527202006704e-06,9.894996686790732e-07,1.0000000000000182e-13
191,0.053055555555555606,324,0,1.940209988984698e-06,9.89444696475258e-07,1.0000000000000185e-13
192,0.053333333333333385,324,0,1.939892145185107e-06,9.893897273254533e-07,1.0000000000000185e-13
193,0.053611111111111165,324,0,1.9395693884824953e-06,9.89334761229491e-07,1.0000000000000187e-13
194,0.053888888888888944,324,0,1.9392451912017024e-06,9.892797981872e-07,1.0000000000000188e-13
195,0.054166666666666724,324,0,1.93891921384139e-06,9.892248381984123e-07,1.0000000000000188e-13
196,0.054444444444444504,324,0,1.9386076321555954e-06,9.891698812629573e-07,1.0000000000000191e-13
197,0.05472222222222228,325,0,1.938290080948446e-06,9.89114927380665e-07,1.0000000000000191e-13
198,0.05500000000000006,325,0,1.937979744417097e-06,9.89059976551366e-07,1.0000000000000193e-13
199,0.05527777777777784,326,0,1.9376606502412086e-06,9.89005028774891e-07,1.0000000000000193e-13
200,0.05555555555555562,326,0,1.937348967925522e-06,9.889500840510705e-07,1.0000000000000195e-13
201,0.0558333333333334,326,0,1.937029570944477e-06,9.888951423797345e-07,1.0000000000000195e-13
202,0.05611111111111118,327,0,1.936708067186139e-06,9.888402037607133e-07,1.0000000000000197e-13
203,0.05638888888888896,328,0,1.9363945600370945e-06,9.88785268193838e-07,1.00000000000002e-13
204,0.05666666666666674,328,0,1.9360818276589474e-06,9.88730335678938e-07,1.0000000000000201e-13
205,0.05694444444444452,328,0,1.935776398116484e-06,9.88675406215845e-07,1.0000000000000201e-13
206,0.0572222222222223,329,0,1.9354607056656544e-06,9.886204798043887e-07,1.0000000000000204e-13
207,0.05750000000000008,329,0,1.9351427065376474e-06,9.885655564443996e-07,1.0000000000000204e-13
208,0.05777777777777786,329,0,1.934835666168696e-06,9.885106361357078e-07,1.0000000000000205e-13
209,0.05805555555555564,329,0,1.9345299588173414e-06,9.884557188781453e-07,1.0000000000000207e-13
210,0.05833333333333342,329,0,1.934212264186631e-06,9.884008046715405e-07,1.0000000000000207e-13
211,0.0586111111111112,329,0,1.933898246082808e-06,9.883458935157252e-07,1.000000000000021e-13
212,0.05888888888888898,329,0,1.9335825233855705e-06,9.882909854105303e-07,1.0000000000000211e-13
213,0.059166666666666756,329,0,1.933259866292374e-06,9.88236080355785e-07,1.0000000000000211e-13
214,0.059444444444444536,329,0,1.9329368143118425e-06,9.881811783513203e-07,1.0000000000000214e-13
215,0.059722222222222315,329,0,1.932623454651667e-06,9.88126279396968e-07,1.0000000000000216e-13
216,0.060000000000000095,330,0,1.9323085966406648e-06,9.880713834925568e-07,1.0000000000000216e-13
217,0.060277777777777874,330,0,1.932002044268951e-06,9.880164906379191e-07,1.0000000000000217e-13
218,0.060555555555555654,330,0,1.9316839191554092e-06,9.879616008328834e-07,1.0000000000000217e-13
219,0.060833333333333434,330,0,1.931357798854084e-06,9.879067140772815e-07,1.0000000000000222e-13
220,0.06111111111111121,330,0,1.9310386206007163e-06,9.87851830370944e-07,1.0000000000000222e-13
221,0.06138888888888899,332,0,1.9307168619771394e-06,9.877969497137014e-07,1.0000000000000224e-13
222,0.06166666666666677,332,0,1.9304016922684624e-06,9.87742072105384e-07,1.0000000000000226e-13
223,0.06194444444444455,332,0,1.930080077300426e-06,9.876871975458224e-07,1.0000000000000226e-13
224,0.06222222222222233,332,0,1.929763953625745e-06,9.87632326034848e-07,1.0000000000000227e-13
225,0.06250000000000011,333,0,1.929445617378792e-06,9.875774575722901e-07,1.000000000000023e-13
226,0.06277777777777789,333,0,1.9291312807056973e-06,9.87522592157981e-07,1.000000000000023e-13
227,0.06305555555555567,333,0,1.928815793217014e-06,9.874677297917497e-07,1.0000000000000233e-13
228,0.06333333333333345,333,0,1.928498778711771e-06,9.874128704734283e-07,1.0000000000000234e-13
229,0.06361111111111123,333,0,1.9281771054623308e-06,9.873580142028466e-07,1.0000000000000236e-13
230,0.06388888888888901,333,0,1.927850561598105e-06,9.873031609798345e-07,1.0000000000000236e-13
231,0.06416666666666679,333,0,1.927525974405997e-06,9.872483108042247e-07,1.0000000000000239e-13
232,0.06444444444444457,333,0,1.9271939918180355e-06,9.871934636758465e-07,1.000000000000024e-13
233,0.06472222222222235,333,0,1.926870700172377e-06,9.871386195945314e-07,1.0000000000000243e-13
234,0.06500000000000013,333,0,1.9265514176145387e-06,9.870837785601095e-07,1.0000000000000243e-13
235,0.0652777777777779,333,0,1.9262200567927176e-06,9.870289405724113e-07,1.0000000000000245e-13
236,0.06555555555555569,333,0,1.9258973957627367e-06,9.869741056312683e-07,1.0000000000000246e-13
237,0.06583333333333347,333,0,1.9255675739340205e-06,9.869192737365114e-07,1.0000000000000246e-13
238,0.06611111111111125,333,0,1.925244539838283e-06,9.86864444887971e-07,1.000000000000025e-13
239,0.06638888888888902,334,0,1.924915480513324e-06,9.86809619085477e-07,1.000000000000025e-13
240,0.0666666666666668,334,0,1.9245922508976044e-06,9.867547963288613e-07,1.000000000000025e-13
241,0.06694444444444458,334,0,1.9242619654470648e-06,9.866999766179539e-07,1.0000000000000253e-13
242,0.06722222222222236,334,0,1.9239420311421614e-06,9.866451599525864e-07,1.0000000000000255e-13
243,0.06750000000000014,334,0,1.9236163531213464e-06,9.865903463325895e-07,1.0000000000000255e-13
244,0.06777777777777792,334,0,1.923291801222122e-06,9.865355357577926e-07,1.0000000000000255e-13
245,0.0680555555555557,334,0,1.9229872239830406e-06,9.864807282280287e-07,1.0000000000000257e-13
246,0.06833333333333348,334,0,1.9226601769712556e-06,9.86425923743127e-07,1.0000000000000257e-13
247,0.06861111111111126,334,0,1.922343628442982e-06,9.863711223029196e-07,1.0000000000000259e-13
248,0.06888888888888904,334,0,1.9220218437505704e-06,9.863163239072356e-07,1.0000000000000259e-13
249,0.06916666666666682,334,0,1.9217032782306894e-06,9.862615285559075e-07,1.0000000000000262e-13
250,0.0694444444444446,334,0,1.921388834686821e-06,9.862067362487656e-07,1.0000000000000262e-13
251,0.06972222222222238,334,0,1.9210628716230637e-06,9.861519469856407e-07,1.0000000000000263e-13
252,0.07000000000000016,335,0,1.9207371332240296e-06,9.860971607663641e-07,1.0000000000000263e-13
253,0.07027777777777794,335,0,1.9204176929403587e-06,9.86042377590766e-07,1.0000000000000265e-13
254,0.07055555555555572,335,0,1.9201079503830074e-06,9.859875974586772e-07,1.0000000000000268e-13
255,0.0708333333333335,335,0,1.919791457610795e-06,9.8593282036993e-07,1.0000000000000268e-13
256,0.07111111111111128,335,0,1.919461873272039e-06,9.858780463243538e-07,1.0000000000000268e-13
257,0.07138888888888906,335,0,1.9191401341609613e-06,9.858232753217804e-07,1.0000000000000269e-13
258,0.07166666666666684,336,0,1.918818089376056e-06,9.8576850736204e-07,1.0000000000000272e-13
259,0.07194444444444462,336,0,1.9184937145933963e-06,9.857137424449644e-07,1.0000000000000272e-13
260,0.0722222222222224,336,0,1.918175123325433e-06,9.856589805703844e-07,1.0000000000000274e-13
261,0.07250000000000018,336,0,1.917848793574845e-06,9.8560422173813e-07,1.0000000000000274e-13
262,0.07277777777777795,336,0,1.9175129461800364e-06,9.855494659480335e-07,1.0000000000000275e-13
263,0.07305555555555573,337,0,1.917188954427458e-06,9.85494713199925e-07,1.0000000000000275e-13
264,0.07333333333333351,337,0,1.9168769922817267e-06,9.85439963493637e-07,1.0000000000000275e-13
265,0.0736111111111113,337,0,1.9165583270587275e-06,9.85385216828998e-07,1.0000000000000278e-13
266,0.07388888888888907,337,0,1.9162304624720656e-06,9.853304732058413e-07,1.0000000000000278e-13
267,0.07416666666666685,337,0,1.915907666274002e-06,9.852757326239958e-07,1.0000000000000279e-13
268,0.07444444444444463,337,0,1.915594098330718e-06,9.85220995083295e-07,1.0000000000000279e-13
269,0.07472222222222241,337,0,1.9152668651106772e-06,9.85166260583568e-07,1.0000000000000282e-13
270,0.07500000000000019,337,0,1.914947197373199e-06,9.851115291246467e-07,1.0000000000000282e-13
271,0.07527777777777797,337,0,1.914618328363368e-06,9.850568007063618e-07,1.0000000000000282e-13
272,0.07555555555555575,337,0,1.914295694862085e-06,9.850020753285445e-07,1.0000000000000284e-13
273,0.07583333333333353,337,0,1.913971734063335e-06,9.849473529910263e-07,1.0000000000000284e-13
274,0.07611111111111131,337,0,1.913650636433787e-06,9.848926336936382e-07,1.0000000000000286e-13
275,0.07638888888888909,338,0,1.9133135970967897e-06,9.848379174362106e-07,1.0000000000000288e-13
276,0.07666666666666687,338,0,1.9129783477002325e-06,9.84783204218576e-07,1.0000000000000288e-13
277,0.07694444444444465,338,0,1.9126586275677025e-06,9.847284940405634e-07,1.0000000000000288e-13
278,0.07722222222222243,338,0,1.9123238782549115e-06,9.846737869020059e-07,1.000000000000029e-13
279,0.07750000000000021,338,0,1.911991925028108e-06,9.846190828027334e-07,1.000000000000029e-13
280,0.07777777777777799,339,0,1.911664828906659e-06,9.845643817425778e-07,1.0000000000000292e-13
281,0.07805555555555577,339,0,1.911333936749572e-06,9.845096837213698e-07,1.0000000000000292e-13
282,0.07833333333333355,339,0,1.910999961363869e-06,9.844549887389412e-07,1.0000000000000294e-13
283,0.07861111111111133,339,0,1.9106717391595732e-06,9.844002967951222e-07,1.0000000000000294e-13
284,0.0788888888888891,339,0,1.910345176843033e-06,9.843456078897452e-07,1.0000000000000294e-13
285,0.07916666666666689,339,0,1.9100132845841946e-06,9.842909220226403e-07,1.0000000000000297e-13
286,0.07944444444444466,339,0,1.909676891053197e-06,9.842362391936386e-07,1.0000000000000297e-13
287,0.07972222222222244,339,0,1.909340269710339e-06,9.841815594025723e-07,1.0000000000000297e-13
288,0.08000000000000022,339,0,1.909020072980891e-06,9.841268826492723e-07,1.0000000000000298e-13
289,0.080277777777778,340,0,1.908693152373004e-06,9.840722089335697e-07,1.0000000000000298e-13
290,0.08055555555555578,340,0,1.908362567928008e-06,9.840175382552954e-07,1.0000000000000298e-13
291,0.08083333333333356,340,0,1.9080344568942968e-06,9.83962870614281e-07,1.0000000000000301e-13
292,0.08111111111111134,340,0,1.9077045045914914e-06,9.839082060103587e-07,1.0000000000000301e-13
293,0.08138888888888912,340,0,1.9073809276410626e-06,9.838535444433583e-07,1.0000000000000301e-13
294,0.0816666666666669,340,0,1.907049733380908e-06,9.837988859131116e-07,1.0000000000000302e-13
295,0.08194444444444468,340,0,1.9067193606820545e-06,9.837442304194492e-07,1.0000000000000302e-13
296,0.08222222222222246,340,0,1.906387733206693e-06,9.836895779622038e-07,1.0000000000000304e-13
297,0.08250000000000024,340,0,1.9060656903802535e-06,9.836349285412065e-07,1.0000000000000304e-13
298,0.08277777777777802,340,0,1.905741186279478e-06,9.835802821562874e-07,1.0000000000000304e-13
299,0.0830555555555558,340,0,1.9054096400508203e-06,9.835256388072788e-07,1.0000000000000304e-13
300,0.08333333333333358,340,0,1.9050761365750371e-06,9.834709984940117e-07,1.0000000000000304e-13
301,0.08361111111111136,340,0,1.9047482814851202e-06,0.010000427860805655,1.0000000000000307e-13
302,0.08388888888888914,340,0,1.9044135340683468e-06,0.009999872281480056,1.0000000000000307e-13
303,0.08416666666666692,340,0,1.9040795299209038e-06,0.009999316733019977,1.0000000000000308e-13
304,0.0844444444444447,340,0,1.9037524589009036e-06,0.009998761215423691,1.0000000000000308e-13
305,0.08472222222222248,340,0,1.9034209407007084e-06,0.009998205728689508,1.0000000000000308e-13
306,0.08500000000000026,340,0,1.9030928455295242e-06,0.009997650272815685,1.0000000000000308e-13
307,0.08527777777777804,341,0,1.9027573045114755e-06,0.00999709484780053,1.0000000000000311e-13
308,0.08555555555555582,341,0,1.9024217556912492e-06,0.00999653945364232,1.0250000000000311e-13
309,0.0858333333333336,340,1,1.9020951424097602e-06,0.00999598409033934,1.0500000000000314e-13
310,0.08611111111111137,340,1,1.9017669321313994e-06,0.00999542875788988,1.0750000000000314e-13
311,0.08638888888888915,340,1,1.9014280968643895e-06,0.009994873456292214,1.1000000000000314e-13
312,0.08666666666666693,340,1,1.9011044311992998e-06,0.009994318185544648,1.1250000000000316e-13
313,0.08694444444444471,340,1,1.9007737971861679e-06,0.009993762945645445,1.1750000000000316e-13
314,0.08722222222222249,339,2,1.900450497805594e-06,0.009993207736592916,1.225000000000032e-13
315,0.08750000000000027,339,2,1.9001314056020673e-06,0.009992652558385325,1.275000000000032e-13
316,0.08777777777777805,339,2,1.8997990846246756e-06,0.009992097411020969,1.3250000000000322e-13
317,0.08805555555555583,341,2,1.8994729319556397e-06,0.009991542294498128,1.3750000000000328e-13
318,0.08833333333333361,341,2,1.8991537586300448e-06,0.009990987208815106,1.4500000000000327e-13
319,0.08861111111111139,340,3,1.8988342445716473e-06,0.009990432153970176,1.5250000000000334e-13
320,0.08888888888888917,341,3,1.8985177418871787e-06,0.00998987712996162,1.6000000000000333e-13
321,0.08916666666666695,341,3,1.898189563491283e-06,0.009989322136787732,1.6750000000000338e-13
322,0.08944444444444473,341,3,1.8978605440470106e-06,0.0099887671744468,1.7500000000000342e-13
323,0.08972222222222251,341,3,1.8975318615174868e-06,0.009988212242937113,1.8250000000000346e-13
324,0.09000000000000029,341,3,1.8972058679574314e-06,0.009987657342256947,1.9000000000000353e-13
325,0.09027777777777807,341,3,1.8968705185304872e-06,0.009987102472404601,1.9750000000000355e-13
326,0.09055555555555585,341,3,1.896555691693808e-06,0.009986547633378359,2.0500000000000357e-13
327,0.09083333333333363,341,3,1.8962423066617478e-06,0.009985992825176504,2.1250000000000364e-13
328,0.0911111111111114,342,3,1.8959178956266961e-06,0.009985438047797326,2.200000000000037e-13
329,0.09138888888888919,342,3,1.895594285402727e-06,0.009984883301239113,2.2750000000000373e-13
330,0.09166666666666697,342,3,1.8952758464107885e-06,0.009984328585500156,2.3500000000000374e-13
331,0.09194444444444475,342,3,1.8949529346760274e-06,0.00998377390057874,2.425000000000038e-13
332,0.09222222222222252,342,3,1.894631305689996e-06,0.00998321924647315,2.500000000000039e-13
333,0.0925000000000003,342,3,1.8943005664008149e-06,0.009982664623181687,2.575000000000039e-13
334,0.09277777777777808,342,3,1.8939779588916537e-06,0.009982110030702616,2.65000000000004e-13
335,0.09305555555555586,343,3,1.8936489880116012e-06,0.009981555469034245,2.725000000000041e-13
336,0.09333333333333364,343,3,1.8933256903002731e-06,0.009981000938174854,2.8000000000000416e-13
337,0.09361111111111142,343,3,1.893007679348802e-06,0.009980446438122735,2.875000000000042e-13
338,0.0938888888888892,343,3,1.8926821760225923e-06,0.009979891968876175,2.950000000000043e-13
339,0.09416666666666698,343,3,1.8923600216579136e-06,0.009979337530433455,3.0250000000000437e-13
340,0.09444444444444476,343,3,1.8920465108783782e-06,0.009978783122792878,3.100000000000044e-13
341,0.09472222222222254,344,3,1.8917187954656412e-06,0.009978228745952724,3.175000000000045e-13
342,0.09500000000000032,344,3,1.8913978729263543e-06,0.009977674399911278,3.2500000000000457e-13
343,0.0952777777777781,344,3,1.891068048433542e-06,0.009977120084666844,3.3250000000000464e-13
344,0.09555555555555588,344,3,1.8907323106534091e-06,0.00997656580021769,3.400000000000047e-13
345,0.09583333333333366,344,3,1.8904144788118293e-06,0.009976011546562129,3.475000000000048e-13
346,0.09611111111111144,344,3,1.8900923960882793e-06,0.009975457323698428,3.550000000000049e-13
347,0.09638888888888922,344,3,1.8897578508855248e-06,0.009974903131624892,3.6250000000000497e-13
348,0.096666666666667,344,3,1.8894317998001487e-06,0.009974348970339799,3.700000000000051e-13
349,0.09694444444444478,344,3,1.8891027988912312e-06,0.009973794839841451,3.775000000000051e-13
350,0.09722222222222256,344,3,1.8887941034759094e-06,0.009973240740128127,3.850000000000053e-13
351,0.09750000000000034,344,3,1.8884712345886386e-06,0.009972686671198118,3.9250000000000535e-13
352,0.09777777777777812,344,3,1.8881528863387689e-06,0.00997213263304972,4.000000000000054e-13
353,0.0980555555555559,345,3,1.8878334580708263e-06,0.009971578625681217,4.075000000000055e-13
354,0.09833333333333368,345,3,1.887514588741262e-06,0.009971024649090901,4.1500000000000555e-13
355,0.09861111111111145,345,3,1.8871773243414922e-06,0.009970470703277064,4.2250000000000567e-13
356,0.09888888888888923,346,3,1.886853641875957e-06,0.009969916788237993,4.325000000000057e-13
357,0.09916666666666701,345,4,1.8865275687952078e-06,0.00996936290397198,4.450000000000059e-13
358,0.0994444444444448,344,5,1.8862098668852244e-06,0.009968809050477317,4.57500000000006e-13
359,0.09972222222222257,344,5,1.8858801011284506e-06,0.009968255227752288,4.700000000000061e-13
360,0.10000000000000035,344,5,1.8855602370516276e-06,0.009967701435795194,4.850000000000061e-13
361,0.10027777777777813,344,6,1.8852382877380205e-06,0.009967147674604314,5.000000000000064e-13
362,0.10055555555555591,344,6,1.8849255910376743e-06,0.009966593944177947,5.150000000000065e-13
363,0.10083333333333369,345,6,1.8846125247774494e-06,0.009966040244514385,5.300000000000065e-13
364,0.10111111111111147,345,6,1.8842907225665817e-06,0.009965486575611911,5.450000000000067e-13
365,0.10138888888888925,345,6,1.8839671937421855e-06,0.009964932937468822,5.600000000000067e-13
366,0.10166666666666703,345,6,1.8836406956591303e-06,0.009964379330083406,5.750000000000069e-13
367,0.10194444444444481,345,6,1.883312306305654e-06,0.009963825753453958,5.900000000000071e-13
368,0.10222222222222259,345,6,1.882984338947613e-06,0.009963272207578764,6.050000000000072e-13
369,0.10250000000000037,345,6,1.88265654289074e-06,0.009962718692456126,6.200000000000074e-13
370,0.10277777777777815,345,6,1.8823438957502832e-06,0.00996216520808432,6.350000000000074e-13
371,0.10305555555555593,345,6,1.8820274138116316e-06,0.00996161175446165,6.500000000000077e-13
372,0.10333333333333371,345,6,1.8817056749499972e-06,0.009961058331586404,6.650000000000079e-13
373,0.10361111111111149,345,6,1.8813770279122709e-06,0.00996050493945687,6.800000000000081e-13
374,0.10388888888888927,345,6,1.8810530269995685e-06,0.009959951578071344,6.950000000000081e-13
375,0.10416666666666705,345,6,1.880727637422261e-06,0.009959398247428121,7.100000000000084e-13
376,0.10444444444444483,345,6,1.8804091997203349e-06,0.009958844947525485,7.250000000000085e-13
377,0.1047222222222226,345,6,1.8800822236115768e-06,0.009958291678361732,7.400000000000087e-13
378,0.10500000000000038,345,6,1.8797642110843383e-06,0.00995773843993516,7.550000000000087e-13
379,0.10527777777777816,346,6,1.8794397287520567e-06,0.00995718523224405,7.700000000000088e-13
380,0.10555555555555594,346,6,1.8791170074936738e-06,0.009956632055286704,7.850000000000092e-13
381,0.10583333333333372,347,6,1.8787917508907983e-06,0.00995607890906141,8.000000000000095e-13
382,0.1061111111111115,347,6,1.8784793590602245e-06,0.009955525793566464,8.150000000000097e-13
383,0.10638888888888928,347,6,1.8781633920624041e-06,0.009954972708800157,8.300000000000099e-13
384,0.10666666666666706,347,6,1.877841807078427e-06,0.009954419654760778,8.450000000000099e-13
385,0.10694444444444484,347,6,1.8775215627186946e-06,0.009953866631446621,8.6000000000001e-13
386,0.10722222222222262,348,6,1.877199387192665e-06,0.009953313638855989,8.750000000000105e-13
387,0.1075000000000004,348,6,1.876864125829619e-06,0.009952760676987164,8.900000000000106e-13
388,0.10777777777777818,348,6,1.8765365982805902e-06,0.009952207745838444,9.050000000000108e-13
389,0.10805555555555596,348,6,1.876215664773763e-06,0.009951654845408121,9.20000000000011e-13
390,0.10833333333333374,348,6,1.8758972541816635e-06,0.009951101975694484,9.350000000000113e-13
391,0.10861111111111152,348,6,1.8755663036346654e-06,0.009950549136695836,9.500000000000113e-13
392,0.1088888888888893,348,6,1.8752475846183077e-06,0.009949996328410465,9.650000000000117e-13
393,0.10916666666666708,348,6,1.8749114898290842e-06,0.009949443550836662,9.800000000000118e-13
394,0.10944444444444486,348,6,1.8745798512471514e-06,0.009948890803972729,9.950000000000122e-13
395,0.10972222222222264,348,6,1.8742552190001354e-06,0.009948338087816951,1.0100000000000123e-12
396,0.11000000000000042,349,6,1.8739328385972462e-06,0.00994778540236763,1.0250000000000127e-12
397,0.1102777777777782,349,6,1.8736003214412457e-06,0.009947232747623052,1.040000000000013e-12
398,0.11055555555555598,349,6,1.873269157552364e-06,0.009946680123581518,1.0575000000000132e-12
399,0.11083333333333376,348,7,1.87293672696038e-06,0.00994612753024132,1.0750000000000137e-12
400,0.11111111111111154,349,7,1.8726121071663146e-06,0.009945574967600752,1.0950000000000136e-12
401,0.11138888888888931,349,8,1.8722804442286157e-06,0.009945022435658108,1.115000000000014e-12
402,0.1116666666666671,350,8,1.8719521300775952e-06,0.00994446993441168,1.135000000000014e-12
403,0.11194444444444487,351,8,1.8716267422722282e-06,0.009943917463859768,1.1550000000000146e-12
404,0.11222222222222265,351,8,1.8712981076351686e-06,0.009943365024000663,1.1750000000000147e-12
405,0.11250000000000043,351,8,1.8709675315646015e-06,0.009942812614832666,1.195000000000015e-12
406,0.11277777777777821,352,8,1.8706362287762492e-06,0.009942260236354068,1.2150000000000155e-12
407,0.11305555555555599,352,8,1.8703074397147767e-06,0.009941707888563155,1.2350000000000154e-12
408,0.11333333333333377,352,8,1.8699942745100215e-06,0.009941155571458235,1.255000000000016e-12
409,0.11361111111111155,352,8,1.8696649717300701e-06,0.0099406032850376,1.2750000000000163e-12
410,0.11388888888888933,352,8,1.869337255173956e-06,0.009940051029299546,1.2950000000000164e-12
411,0.11416666666666711,352,8,1.8690166714640411e-06,0.00993949880424236,1.3150000000000167e-12
412,0.11444444444444489,352,8,1.8686885092343667e-06,0.009938946609864344,1.3350000000000168e-12
413,0.11472222222222267,352,8,1.8683678533249453e-06,0.009938394446163797,1.3575000000000174e-12
414,0.11500000000000045,351,9,1.8680351473029336e-06,0.009937842313139012,1.3800000000000177e-12
415,0.11527777777777823,351,9,1.8677128313087227e-06,0.009937290210788282,1.4025000000000181e-12
416,0.11555555555555601,351,9,1.867385095720343e-06,0.009936738139109906,1.4250000000000185e-12
417,0.11583333333333379,351,9,1.8670561925582002e-06,0.009936186098102177,1.4475000000000188e-12
418,0.11611111111111157,351,9,1.866726964468278e-06,0.009935634087763394,1.4700000000000192e-12
419,0.11638888888888935,351,9,1.8664082161461123e-06,0.009935082108091853,1.4925000000000195e-12
420,0.11666666666666713,351,9,1.8660821235225493e-06,0.009934530159085847,1.5150000000000195e-12
421,0.1169444444444449,351,9,1.865757726185871e-06,0.009933978240743675,1.5375000000000203e-12
422,0.11722222222222269,351,9,1.8654267082271453e-06,0.009933426353063634,1.5600000000000206e-12
423,0.11750000000000047,351,9,1.8651121739865536e-06,0.00993287449604402,1.5825000000000206e-12
424,0.11777777777777824,351,9,1.8647877768482133e-06,0.00993232266968313,1.6050000000000213e-12
425,0.11805555555555602,353,9,1.8644648090845568e-06,0.00993177087397926,1.6275000000000213e-12
426,0.1183333333333338,353,9,1.864140193189237e-06,0.009931219108930706,1.6500000000000225e-12
427,0.11861111111111158,353,9,1.863810546339498e-06,0.009930667374535766,1.6725000000000224e-12
428,0.11888888888888936,353,9,1.8634868327479253e-06,0.009930115670792737,1.6950000000000228e-12
429,0.11916666666666714,353,9,1.8631544475012176e-06,0.009929563997699913,1.7175000000000235e-12
430,0.11944444444444492,353,9,1.862832177683629e-06,0.009929012355255598,1.7400000000000235e-12
431,0.1197222222222227,353,9,1.8624933984905654e-06,0.009928460743458085,1.7650000000000245e-12
432,0.12000000000000048,352,10,1.8621649253318506e-06,0.00992790916230567,1.7900000000000247e-12
433,0.12027777777777826,352,10,1.8618372311411152e-06,0.009927357611796651,1.8150000000000253e-12
434,0.12055555555555604,352,10,1.8615055971008983e-06,0.00992680609192933,1.8400000000000253e-12
435,0.12083333333333382,352,10,1.8611800424477462e-06,0.009926254602702002,1.865000000000026e-12
436,0.1211111111111116,352,10,1.8608558515593919e-06,0.009925703144112964,1.890000000000026e-12
437,0.12138888888888938,352,10,1.860527171417457e-06,0.009925151716160513,1.9150000000000265e-12
438,0.12166666666666716,352,10,1.8601995643398543e-06,0.009924600318842949,1.9400000000000273e-12
439,0.12194444444444494,352,10,1.8598730667951989e-06,0.00992404895215857,1.9650000000000277e-12
440,0.12222222222222272,352,10,1.859555241785924e-06,0.009923497616105675,1.9900000000000285e-12
441,0.1225000000000005,352,10,1.8592218697731703e-06,0.00992294631068256,2.0150000000000285e-12
442,0.12277777777777828,352,10,1.858889696306194e-06,0.009922395035887517,2.0400000000000293e-12
443,0.12305555555555606,352,10,1.8585730542579382e-06,0.009921843791718859,2.0650000000000293e-12
444,0.12333333333333384,352,10,1.858248398111089e-06,0.009921292578174876,2.09000000000003e-12
445,0.12361111111111162,352,10,1.8579149994232491e-06,0.009920741395253866,2.115000000000031e-12
446,0.1238888888888894,353,10,1.8575842548655888e-06,0.00992019024295413,2.1400000000000313e-12
447,0.12416666666666717,353,10,1.857252459321337e-06,0.009919639121273964,2.1650000000000313e-12
448,0.12444444444444495,354,10,1.8569264614616759e-06,0.009919088030211675,2.1900000000000317e-12
449,0.12472222222222273,354,10,1.8565977851972018e-06,0.009918536969765551,2.2150000000000325e-12
450,0.1250000000000005,354,10,1.8562691081426961e-06,0.009917985939933899,2.240000000000033e-12
451,0.12527777777777827,354,10,1.8559398437648999e-06,0.009917434940715014,2.2650000000000337e-12
452,0.12555555555555603,355,10,1.8556213715074329e-06,0.009916883972107195,2.2900000000000337e-12
453,0.1258333333333338,356,10,1.8552948963074918e-06,0.009916333034108746,2.3150000000000345e-12
454,0.12611111111111156,356,10,1.854973843450898e-06,0.009915782126717964,2.342500000000035e-12
455,0.12638888888888933,355,11,1.8546529936200561e-06,0.009915231249933144,2.3700000000000353e-12
456,0.1266666666666671,356,11,1.8543235682336751e-06,0.009914680403752594,2.397500000000036e-12
457,0.12694444444444486,356,11,1.8540047775513539e-06,0.009914129588174605,2.425000000000037e-12
458,0.12722222222222263,356,11,1.8536715071567244e-06,0.009913578803197487,2.4525000000000375e-12
459,0.1275000000000004,356,11,1.8533486794267074e-06,0.009913028048819533,2.480000000000038e-12
460,0.12777777777777816,356,11,1.853021766994237e-06,0.00991247732503904,2.5075000000000387e-12
461,0.12805555555555592,356,11,1.8527016298206842e-06,0.00991192663185432,2.535000000000039e-12
462,0.1283333333333337,356,11,1.8523749770942178e-06,0.00991137596926366,2.5625000000000396e-12
463,0.12861111111111145,356,11,1.852052070501221e-06,0.009910825337265368,2.59000000000004e-12
464,0.12888888888888922,356,11,1.8517294589590068e-06,0.009910274735857741,2.617500000000041e-12
465,0.12916666666666698,356,11,1.8514285424935142e-06,0.009909724165039085,2.6450000000000417e-12
466,0.12944444444444475,356,11,1.8511032225315502e-06,0.009909173624807694,2.672500000000042e-12
467,0.12972222222222252,357,11,1.8507830201043692e-06,0.00990862311516187,2.700000000000043e-12
468,0.13000000000000028,357,11,1.8504536681805573e-06,0.009908072636099918,2.7275000000000443e-12
469,0.13027777777777805,357,11,1.8501160288013033e-06,0.009907522187620135,2.7550000000000443e-12
470,0.1305555555555558,357,11,1.8497812916313052e-06,0.009906971769720822,2.7825000000000447e-12
471,0.13083333333333358,359,11,1.849463776944877e-06,0.009906421382400284,2.8100000000000456e-12
472,0.13111111111111134,359,11,1.8491347569558308e-06,0.009905871025656817,2.837500000000046e-12
473,0.1313888888888891,359,11,1.8488125258324034e-06,0.009905320699488724,2.865000000000047e-12
474,0.13166666666666688,359,11,1.848480660150939e-06,0.00990477040389431,2.8925000000000477e-12
475,0.13194444444444464,359,11,1.848150986892741e-06,0.009904220138871872,2.9200000000000485e-12
476,0.1322222222222224,359,11,1.8478186003516792e-06,0.009903669904419715,2.9475000000000486e-12
477,0.13250000000000017,359,11,1.8474926530289954e-06,0.009903119700536134,2.97500000000005e-12
478,0.13277777777777794,360,11,1.8471746759880197e-06,0.009902569527219436,3.0025000000000503e-12
479,0.1330555555555557,360,11,1.846862243355581e-06,0.009902019384467928,3.030000000000051e-12
480,0.13333333333333347,360,11,1.8465252979018292e-06,0.0099014692722799,3.0575000000000515e-12
481,0.13361111111111124,360,11,1.8461962379044728e-06,0.009900919190653664,3.0850000000000524e-12
482,0.133888888888889,360,11,1.8458737347835042e-06,0.009900369139587514,3.112500000000054e-12
483,0.13416666666666677,360,11,1.8455442729468041e-06,0.00989981911907976,3.140000000000054e-12
484,0.13444444444444453,360,11,1.845218690929054e-06,0.009899269129128701,3.1675000000000545e-12
485,0.1347222222222223,360,11,1.8448885570423807e-06,0.009898719169732638,3.1950000000000554e-12
486,0.13500000000000006,362,11,1.8445617187914355e-06,0.009898169240889878,3.222500000000056e-12
487,0.13527777777777783,362,11,1.8442406600226206e-06,0.009897619342598718,3.250000000000057e-12
488,0.1355555555555556,362,11,1.843910001129497e-06,0.009897069474857462,3.2775000000000583e-12
489,0.13583333333333336,362,11,1.8435764022431376e-06,0.009896519637664414,3.3050000000000583e-12
490,0.13611111111111113,362,11,1.8432498510243148e-06,0.009895969831017879,3.33250000000006e-12
491,0.1363888888888889,362,11,1.8429259905399884e-06,0.009895420054916155,3.36000000000006e-12
492,0.13666666666666666,362,11,1.8425874969208535e-06,0.009894870309357552,3.3875000000000604e-12
493,0.13694444444444442,362,11,1.8422470331519433e-06,0.009894320594340363,3.4150000000000625e-12
494,0.1372222222222222,362,11,1.8419224268934602e-06,0.009893770909862898,3.4425000000000633e-12
495,0.13749999999999996,362,11,1.8415871199360005e-06,0.009893221255923464,3.470000000000064e-12
496,0.13777777777777772,362,11,1.8412537654399842e-06,0.009892671632520358,3.4975000000000642e-12
497,0.1380555555555555,362,11,1.8409348213163395e-06,0.009892122039651884,3.5250000000000655e-12
498,0.13833333333333325,362,11,1.8406114424258998e-06,0.009891572477316347,3.5525000000000663e-12
499,0.13861111111111102,362,11,1.8402746770456527e-06,0.009891022945512055,3.580000000000068e-12
500,0.13888888888888878,362,11,1.8399569718784488e-06,0.009890473444237304,3.607500000000068e-12
501,0.13916666666666655,363,11,1.8396255170071215e-06,0.0098899239734904,3.6350000000000684e-12
502,0.13944444444444432,363,11,1.8392919670043881e-06,0.009889374533269652,3.66250000000007e-12
503,0.13972222222222208,363,11,1.8389562338612316e-06,0.009888825123573359,3.690000000000071e-12
504,0.13999999999999985,363,11,1.838621840624223e-06,0.009888275744399828,3.717500000000072e-12
505,0.1402777777777776,363,11,1.838296475953624e-06,0.009887726395747363,3.745000000000073e-12
506,0.14055555555555538,363,11,1.8379632774612413e-06,0.009887177077614266,3.775000000000073e-12
507,0.14083333333333314,362,12,1.837647771098639e-06,0.009886627789998844,3.805000000000074e-12
508,0.1411111111111109,362,12,1.8373166318456286e-06,0.009886078532899401,3.835000000000075e-12
509,0.14138888888888868,363,12,1.8369958197339813e-06,0.009885529306314242,3.865000000000076e-12
510,0.14166666666666644,363,12,1.8366790215609894e-06,0.009884980110241665,3.895000000000077e-12
511,0.1419444444444442,363,12,1.8363548770088712e-06,0.009884430944679988,3.925000000000078e-12
512,0.14222222222222197,363,12,1.8360292672685334e-06,0.009883881809627503,3.955000000000078e-12
513,0.14249999999999974,363,12,1.8357022137329898e-06,0.009883332705082523,3.98500000000008e-12
514,0.1427777777777775,364,12,1.8353883692161167e-06,0.009882783631043357,4.015000000000082e-12
515,0.14305555555555527,364,12,1.8350727218111065e-06,0.009882234587508294,4.045000000000082e-12
516,0.14333333333333304,364,12,1.8347383202605421e-06,0.009881685574475657,4.0750000000000835e-12
517,0.1436111111111108,364,12,1.8344112747091711e-06,0.009881136591943743,4.105000000000083e-12
518,0.14388888888888857,364,12,1.8340933563945052e-06,0.009880587639910858,4.135000000000085e-12
519,0.14416666666666633,364,12,1.8337724316965704e-06,0.00988003871837531,4.1650000000000866e-12
520,0.1444444444444441,364,12,1.8334483268843586e-06,0.0098794898273354,4.195000000000088e-12
521,0.14472222222222186,364,12,1.8331291717199307e-06,0.009878940966789434,4.2250000000000875e-12
522,0.14499999999999963,364,12,1.8328064332798554e-06,0.009878392136735723,4.255000000000089e-12
523,0.1452777777777774,364,12,1.832477145831262e-06,0.009877843337172574,4.28500000000009e-12
524,0.14555555555555516,364,12,1.8321534394668454e-06,0.009877294568098284,4.315000000000091e-12
525,0.14583333333333293,364,12,1.831823211013166e-06,0.009876745829511169,4.345000000000093e-12
526,0.1461111111111107,364,12,1.831504259134031e-06,0.00987619712140953,4.375000000000094e-12
527,0.14638888888888846,364,12,1.831170752204618e-06,0.009875648443791674,4.4050000000000944e-12
528,0.14666666666666622,364,12,1.8308439036660074e-06,0.00987509979665591,4.4350000000000965e-12
529,0.146944444444444,364,12,1.8305134788287346e-06,0.00987455118000054,4.465000000000096e-12
530,0.14722222222222175,364,12,1.830175111269291e-06,0.009874002593823875,4.495000000000098e-12
531,0.14749999999999952,364,12,1.829850813719435e-06,0.009873454038124216,4.525000000000099e-12
532,0.14777777777777729,364,12,1.8295183035842169e-06,0.009872905512899877,4.5550000000001e-12
533,0.14805555555555505,365,12,1.8291990271598255e-06,0.00987235701814916,4.585000000000101e-12
534,0.14833333333333282,365,12,1.8288673230176584e-06,0.009871808553870376,4.615000000000102e-12
535,0.14861111111111058,365,12,1.8285510887733032e-06,0.009871260120061827,4.645000000000103e-12
536,0.14888888888888835,365,12,1.8282342479805202e-06,0.009870711716721823,4.675000000000104e-12
537,0.14916666666666611,365,12,1.8279008013992258e-06,0.009870163343848671,4.7050000000001065e-12
538,0.14944444444444388,365,12,1.8275859872238737e-06,0.00986961500144068,4.735000000000106e-12
539,0.14972222222222165,365,12,1.8272553300090872e-06,0.009869066689496157,4.765000000000108e-12
540,0.1499999999999994,365,12,1.8269221122442322e-06,0.009868518408013406,4.7950000000001095e-12
541,0.15027777777777718,365,12,1.8265942767268464e-06,0.00986797015699074,4.82500000000011e-12
542,0.15055555555555494,365,12,1.8262590169244873e-06,0.009867421936426464,4.855000000000112e-12
543,0.1508333333333327,365,12,1.8259330042258379e-06,0.009866873746318887,4.8850000000001126e-12
544,0.15111111111111047,366,12,1.8256029075189445e-06,0.009866325586666311,4.915000000000114e-12
545,0.15138888888888824,366,12,1.8252779957204674e-06,0.009865777457467051,4.945000000000115e-12
546,0.151666666666666,367,12,1.8249543008177615e-06,0.009865229358719417,4.975000000000117e-12
547,0.15194444444444377,367,12,1.82463103292829e-06,0.00986468129042171,5.005000000000118e-12
548,0.15222222222222154,367,12,1.8243195055784498e-06,0.00986413325257224,5.035000000000119e-12
549,0.1524999999999993,367,12,1.8239998151408786e-06,0.00986358524516932,5.06500000000012e-12
550,0.15277777777777707,368,12,1.823682757288152e-06,0.009863037268211253,5.095000000000122e-12
551,0.15305555555555483,368,12,1.8233654906459452e-06,0.009862489321696354,5.125000000000122e-12
552,0.1533333333333326,369,12,1.823036066319998e-06,0.009861941405622927,5.155000000000124e-12
553,0.15361111111111037,369,12,1.8227155073969922e-06,0.009861393519989282,5.185000000000125e-12
554,0.15388888888888813,369,12,1.8223990094371063e-06,0.009860845664793727,5.215000000000127e-12
555,0.1541666666666659,369,12,1.8220604185691423e-06,0.00986029784003457,5.245000000000127e-12
556,0.15444444444444366,369,12,1.8217343695125006e-06,0.009859750045710125,5.275000000000129e-12
557,0.15472222222222143,369,12,1.8214155771931012e-06,0.0098592022818187,5.305000000000131e-12
558,0.1549999999999992,369,12,1.8210834940631644e-06,0.009858654548358601,5.335000000000131e-12
559,0.15527777777777696,369,12,1.8207502139962536e-06,0.009858106845328134,5.365000000000132e-12
560,0.15555555555555473,369,12,1.8204303877586287e-06,0.009857559172725615,5.395000000000134e-12
561,0.1558333333333325,369,12,1.8201034658120297e-06,0.009857011530549353,5.425000000000136e-12
562,0.15611111111111026,369,12,1.819782463120321e-06,0.009856463918797655,5.455000000000136e-12
563,0.15638888888888802,369,12,1.8194574088405908e-06,0.009855916337468837,5.485000000000138e-12
564,0.1566666666666658,369,12,1.8191354351580455e-06,0.0098553687865612,5.5150000000001396e-12
565,0.15694444444444355,369,12,1.8188131852201694e-06,0.009854821266073057,5.545000000000141e-12
566,0.15722222222222132,369,12,1.8184814757119895e-06,0.00985427377600272,5.575000000000142e-12
567,0.15749999999999909,369,12,1.8181441041746606e-06,0.009853726316348496,5.6050000000001434e-12
568,0.15777777777777685,369,12,1.8178184380529952e-06,0.0098531788871087,5.635000000000145e-12
569,0.15805555555555462,370,12,1.8174944348478598e-06,0.009852631488281641,5.665000000000146e-12
570,0.15833333333333238,370,12,1.8171721875316825e-06,0.009852084119865623,5.695000000000148e-12
571,0.15861111111111015,370,12,1.8168402620892015e-06,0.009851536781858966,5.725000000000149e-12
572,0.1588888888888879,370,12,1.8165121696036506e-06,0.009850989474259973,5.755000000000151e-12
573,0.15916666666666568,370,12,1.8161803225151888e-06,0.009850442197066957,5.785000000000152e-12
574,0.15944444444444344,370,12,1.8158469432262535e-06,0.009849894950278233,5.815000000000154e-12
575,0.1597222222222212,370,12,1.815517352034703e-06,0.009849347733892105,5.8450000000001545e-12
576,0.15999999999999898,370,12,1.8151931230983381e-06,0.009848800547906891,5.875000000000156e-12
577,0.16027777777777674,370,12,1.8148637281124397e-06,0.009848253392320896,5.905000000000157e-12
578,0.1605555555555545,370,12,1.8145449625384838e-06,0.009847706267132434,5.935000000000158e-12
579,0.16083333333333227,370,12,1.8142115094406046e-06,0.009847159172339814,5.96500000000016e-12
580,0.16111111111111004,370,12,1.8138813791750686e-06,0.009846612107941353,5.995000000000162e-12
581,0.1613888888888878,370,12,1.813551395473393e-06,0.009846065073935355,6.025000000000164e-12
582,0.16166666666666557,370,12,1.8132196850282289e-06,0.009845518070320138,6.0550000000001635e-12
583,0.16194444444444334,370,12,1.812887109847857e-06,0.00984497109709401,6.085000000000166e-12
584,0.1622222222222211,370,12,1.8125481606596345e-06,0.009844424154255283,6.1150000000001685e-12
585,0.16249999999999887,370,12,1.812231876523677e-06,0.009843877241802267,6.145000000000169e-12
586,0.16277777777777663,370,12,1.8119056595621187e-06,0.009843330359733279,6.17500000000017e-12
587,0.1630555555555544,370,12,1.8115701835353133e-06,0.009842783508046626,6.205000000000172e-12
588,0.16333333333333216,370,12,1.8112396703610222e-06,0.009842236686740623,6.2350000000001745e-12
589,0.16361111111110993,370,12,1.8109099616097863e-06,0.009841689895813585,6.2650000000001766e-12
590,0.1638888888888877,370,12,1.8105767336064727e-06,0.009841143135263818,6.295000000000176e-12
591,0.16416666666666546,370,12,1.8102450857782465e-06,0.009840596405089637,6.32500000000018e-12
592,0.16444444444444323,371,12,1.8099234285597766e-06,0.009840049705289355,6.35500000000018e-12
593,0.164722222222221,371,12,1.8095995849645295e-06,0.009839503035861282,6.385000000000182e-12
594,0.16499999999999876,371,12,1.809263606793271e-06,0.009838956396803733,6.415000000000183e-12
595,0.16527777777777652,371,12,1.8089422957520466e-06,0.009838409788115024,6.445000000000185e-12
596,0.1655555555555543,371,12,1.808616214872872e-06,0.009837863209793461,6.475000000000187e-12
597,0.16583333333333206,371,12,1.808283810073655e-06,0.009837316661837363,6.5050000000001885e-12
598,0.16611111111110982,371,12,1.8079596369290448e-06,0.009836770144245038,6.535000000000189e-12
599,0.1663888888888876,371,12,1.8076314301522918e-06,0.009836223657014804,6.565000000000192e-12
600,0.16666666666666535,371,12,1.8073071440009763e-06,0.009835677200144968,6.595000000000192e-12
601,0.16694444444444312,371,12,1.8069770018061665e-06,0.00983513077363385,6.6250000000001944e-12
602,0.16722222222222088,371,12,1.8066515798016002e-06,0.00983458437747976,6.655000000000196e-12
603,0.16749999999999865,371,12,1.806338861599056e-06,0.00983403801168101,6.685000000000198e-12
604,0.16777777777777642,371,12,1.806019945659842e-06,0.009833491676235918,6.7150000000002e-12
605,0.16805555555555418,371,12,1.8056714446422224e-06,0.009832945371142793,6.745000000000202e-12
606,0.16833333333333195,371,12,1.8053376996111522e-06,0.009832399096399954,6.775000000000203e-12
607,0.1686111111111097,372,12,1.8050141259523964e-06,0.00983185285200571,6.805000000000205e-12
608,0.16888888888888748,372,12,1.804683906302259e-06,0.009831306637958377,6.835000000000205e-12
609,0.16916666666666524,372,12,1.8043550484168828e-06,0.009830760454256267,6.865000000000209e-12
610,0.169444444444443,372,12,1.8040304230209136e-06,0.009830214300897698,6.89500000000021e-12
611,0.16972222222222078,372,12,1.8036973327845326e-06,0.009829668177880984,6.9250000000002105e-12
612,0.16999999999999854,372,12,1.8033571876102536e-06,0.009829122085204435,6.955000000000213e-12
613,0.1702777777777763,372,12,1.8030174873267194e-06,0.009828576022866367,6.985000000000214e-12
614,0.17055555555555407,372,12,1.802691680848388e-06,0.009828029990865099,7.015000000000216e-12
615,0.17083333333333184,372,12,1.8023582369648103e-06,0.009827483989198938,7.045000000000217e-12
616,0.1711111111111096,372,12,1.8020326113878654e-06,0.009826938017866204,7.075000000000219e-12
617,0.17138888888888737,372,12,1.8017008954323663e-06,0.009826392076865212,7.1050000000002215e-12
618,0.17166666666666514,372,12,1.8013804736045605e-06,0.009825846166194276,7.1350000000002235e-12
619,0.1719444444444429,372,12,1.8010432152308569e-06,0.009825300285851709,7.165000000000226e-12
620,0.17222222222222067,372,12,1.800719215019411e-06,0.009824754435835829,7.195000000000225e-12
621,0.17249999999999843,372,12,1.800385220366615e-06,0.009824208616144952,7.225000000000229e-12
622,0.1727777777777762,372,12,1.8000537082721846e-06,0.009823662826777387,7.25500000000023e-12
623,0.17305555555555396,372,12,1.799722835489625e-06,0.009823117067731455,7.285000000000232e-12
624,0.17333333333333173,372,12,1.7993910879400772e-06,0.00982257133900547,7.315000000000234e-12
625,0.1736111111111095,372,12,1.7990546746997313e-06,0.009822025640597748,7.345000000000236e-12
626,0.17388888888888726,372,12,1.7987152283036795e-06,0.009821479972506602,7.375000000000236e-12
627,0.17416666666666503,372,12,1.798369588467716e-06,0.009820934334730353,7.405000000000238e-12
628,0.1744444444444428,373,12,1.798031493851187e-06,0.009820388727267313,7.43500000000024e-12
629,0.17472222222222056,373,12,1.797691360905484e-06,0.0098198431501158,7.465000000000243e-12
630,0.17499999999999832,373,12,1.797362892861536e-06,0.009819297603274126,7.495000000000246e-12
631,0.1752777777777761,373,12,1.7970402507887645e-06,0.009818752086740611,7.525000000000247e-12
632,0.17555555555555385,373,12,1.7967055316813287e-06,0.009818206600513572,7.555000000000249e-12
633,0.17583333333333162,373,12,1.7963679016790904e-06,0.009817661144591322,7.585000000000251e-12
634,0.1761111111111094,374,12,1.7960374418253443e-06,0.009817115718972176,7.615000000000253e-12
635,0.17638888888888715,374,12,1.7957056001612702e-06,0.009816570323654458,7.645000000000253e-12
636,0.17666666666666492,374,12,1.7953762605191787e-06,0.009816024958636477,7.675000000000256e-12
637,0.17694444444444268,374,12,1.795039296533381e-06,0.00981547962391655,7.705000000000258e-12
638,0.17722222222222045,374,12,1.794717419387827e-06,0.009814934319493,7.73500000000026e-12
639,0.17749999999999821,374,12,1.7943920660488894e-06,0.009814389045364141,7.765000000000262e-12
640,0.17777777777777598,374,12,1.7940678020406406e-06,0.009813843801528286,7.795000000000262e-12
641,0.17805555555555375,374,12,1.7937367341951358e-06,0.009813298587983757,7.825000000000264e-12
642,0.1783333333333315,374,12,1.793412384264932e-06,0.009812753404728872,7.857500000000267e-12
643,0.17861111111110928,373,13,1.7930839861851618e-06,0.009812208251761942,7.890000000000268e-12
644,0.17888888888888704,375,13,1.7927599159055673e-06,0.009811663129081289,7.92250000000027e-12
645,0.1791666666666648,375,13,1.7924313551695774e-06,0.00981111803668523,7.955000000000273e-12
646,0.17944444444444257,375,13,1.792103743379675e-06,0.00981057297457208,7.987500000000274e-12
647,0.17972222222222034,375,13,1.7917704952359503e-06,0.009810027942740161,8.020000000000276e-12
648,0.1799999999999981,375,13,1.791451203613564e-06,0.009809482941187785,8.052500000000277e-12
649,0.18027777777777587,375,13,1.7911249668048982e-06,0.009808937969913275,8.08500000000028e-12
650,0.18055555555555364,375,13,1.7908044955576238e-06,0.009808393028914945,8.117500000000282e-12
651,0.1808333333333314,375,13,1.790481162487048e-06,0.00980784811819112,8.150000000000283e-12
652,0.18111111111110917,375,13,1.7901550685235113e-06,0.009807303237740107,8.182500000000286e-12
653,0.18138888888888693,375,13,1.7898170522503336e-06,0.009806758387560233,8.215000000000288e-12
654,0.1816666666666647,375,13,1.789479180891461e-06,0.009806213567649814,8.24750000000029e-12
655,0.18194444444444247,375,13,1.7891524108128784e-06,0.009805668778007166,8.280000000000292e-12
656,0.18222222222222023,375,13,1.7888237827196119e-06,0.00980512401863061,8.312500000000294e-12
657,0.182499999999998,375,13,1.7885088362069617e-06,0.009804579289518466,8.345000000000295e-12
658,0.18277777777777576,375,13,1.7881866796691708e-06,0.00980403459066905,8.377500000000298e-12
659,0.18305555555555353,375,13,1.787852686321859e-06,0.009803489922080678,8.4100000000003e-12
660,0.1833333333333313,375,13,1.7875190600703365e-06,0.009802945283751674,8.442500000000303e-12
661,0.18361111111110906,375,13,1.7871906060957361e-06,0.009802400675680356,8.475000000000304e-12
662,0.18388888888888683,375,13,1.7868659637192793e-06,0.009801856097865038,8.507500000000306e-12
663,0.1841666666666646,375,13,1.786531802982504e-06,0.009801311550304047,8.540000000000309e-12
664,0.18444444444444236,375,13,1.7861928258478834e-06,0.009800767032995695,8.57250000000031e-12
665,0.18472222222222012,375,13,1.785865657333373e-06,0.00980022254593831,8.605000000000312e-12
666,0.1849999999999979,375,13,1.7855373290466714e-06,0.0097996780891302,8.637500000000315e-12
667,0.18527777777777565,375,13,1.7851914154916922e-06,0.009799133662569693,8.670000000000316e-12
668,0.18555555555555342,375,13,1.784852486100584e-06,0.009798589266255108,8.700000000000318e-12
669,0.18583333333333119,375,13,1.7845115677190636e-06,0.00979804490018476,8.730000000000318e-12
670,0.18611111111110895,375,13,1.7841833458142469e-06,0.009797500564356972,8.760000000000324e-12
671,0.18638888888888672,375,13,1.7838508663689238e-06,0.009796956258770063,8.790000000000324e-12
672,0.18666666666666448,375,13,1.7835219622330889e-06,0.009796411983422355,8.820000000000326e-12
673,0.18694444444444225,375,13,1.783185392864332e-06,0.009795867738312165,8.847500000000328e-12
674,0.18722222222222,375,13,1.782851641964435e-06,0.009795323523437814,8.875000000000331e-12
675,0.18749999999999778,375,13,1.7825265494826325e-06,0.009794779338797625,8.902500000000335e-12
676,0.18777777777777555,375,13,1.7821950351499978e-06,0.009794235184389913,8.930000000000335e-12
677,0.1880555555555533,375,13,1.7818627146805182e-06,0.009793691060213003,8.957500000000338e-12
678,0.18833333333333108,375,13,1.7815224600790516e-06,0.009793146966265213,8.982500000000339e-12
679,0.18861111111110884,375,13,1.7811918943471685e-06,0.009792602902544868,9.007500000000343e-12
680,0.1888888888888866,375,13,1.7808609238209365e-06,0.00979205886905028,9.032500000000343e-12
681,0.18916666666666437,375,13,1.7805266791173626e-06,0.009791514865779777,9.057500000000347e-12
682,0.18944444444444214,375,13,1.7801833574259765e-06,0.009790970892731678,9.082500000000349e-12
683,0.1897222222222199,376,13,1.7798415704713462e-06,0.009790426949904306,9.107500000000352e-12
684,0.18999999999999767,376,13,1.7795113209635623e-06,0.009789883037295976,9.132500000000353e-12
685,0.19027777777777544,376,13,1.779177736717639e-06,0.009789339154905017,9.157500000000354e-12
686,0.1905555555555532,376,13,1.7788526523301072e-06,0.009788795302729745,9.182500000000358e-12
687,0.19083333333333097,376,13,1.7785237053817282e-06,0.009788251480768482,9.20750000000036e-12
688,0.19111111111110873,376,13,1.7781885712674624e-06,0.00978770768901955,9.232500000000362e-12
689,0.1913888888888865,376,13,1.7778496164259205e-06,0.00978716392748127,9.257500000000365e-12
690,0.19166666666666426,376,13,1.7775124947697566e-06,0.009786620196151969,9.282500000000366e-12
691,0.19194444444444203,376,13,1.7771803975029462e-06,0.00978607649502996,9.307500000000368e-12
692,0.1922222222222198,378,13,1.7768483739341083e-06,0.009785532824113569,9.332500000000372e-12
693,0.19249999999999756,378,13,1.7765243297471389e-06,0.009784989183401118,9.357500000000372e-12
694,0.19277777777777533,378,13,1.7762038910010066e-06,0.00978444557289093,9.382500000000374e-12
695,0.1930555555555531,378,13,1.7758829859868722e-06,0.009783901992581326,9.407500000000377e-12
696,0.19333333333333086,379,13,1.7755387930590238e-06,0.009783358442470627,9.432500000000378e-12
697,0.19361111111110862,379,13,1.7751999649479836e-06,0.009782814922557155,9.457500000000381e-12
698,0.1938888888888864,379,13,1.7748771408654617e-06,0.009782271432839237,9.482500000000384e-12
699,0.19416666666666416,379,13,1.7745396595458794e-06,0.009781727973315193,9.507500000000385e-12
700,0.19444444444444192,379,13,1.7742089526331865e-06,0.009781184543983341,9.53250000000039e-12
701,0.1947222222222197,379,13,1.7738771103020886e-06,0.00978064114484201,9.557500000000391e-12
702,0.19499999999999745,379,13,1.7735475178069983e-06,0.009780097775889516,9.582500000000394e-12
703,0.19527777777777522,379,13,1.7732183696416053e-06,0.00977955443712419,9.607500000000397e-12
704,0.19555555555555298,379,13,1.7728989422355158e-06,0.009779011128544351,9.632500000000396e-12
705,0.19583333333333075,379,13,1.7725716069024966e-06,0.009778467850148322,9.6575000000004e-12
706,0.19611111111110852,379,13,1.7722508589886242e-06,0.009777924601934425,9.682500000000402e-12
707,0.19638888888888628,379,13,1.7719135186119526e-06,0.009777381383900982,9.707500000000405e-12
708,0.19666666666666405,379,13,1.7715757116462076e-06,0.009776838196046323,9.732500000000408e-12
709,0.1969444444444418,379,13,1.7712296601488035e-06,0.009776295038368766,9.75750000000041e-12
710,0.19722222222221958,379,13,1.7708988074085954e-06,0.009775751910866631,9.78250000000041e-12
711,0.19749999999999734,379,13,1.7705662637275375e-06,0.009775208813538251,9.810000000000415e-12
712,0.1977777777777751,378,14,1.7702337516549548e-06,0.009774665746381942,9.837500000000415e-12
713,0.19805555555555288,378,14,1.7699087402970629e-06,0.009774122709396035,9.86500000000042e-12
714,0.19833333333333064,379,14,1.7695701610839956e-06,0.009773579702578845,9.89500000000042e-12
715,0.1986111111111084,378,15,1.7692348723802966e-06,0.009773036725928701,9.925000000000424e-12
716,0.19888888888888617,378,15,1.7689007932918367e-06,0.009772493779443928,9.952500000000426e-12
717,0.19916666666666394,378,15,1.7685617924551085e-06,0.009771950863122849,9.977500000000428e-12
718,0.1994444444444417,378,15,1.76823048382772e-06,0.009771407976963787,1.0005000000000432e-11
719,0.19972222222221947,378,16,1.7679041928938919e-06,0.009770865120965066,1.0032500000000433e-11
720,0.19999999999999724,378,16,1.7675733806357914e-06,0.009770322295125014,1.0057500000000436e-11
721,0.200277777777775,379,16,1.76724204375232e-06,0.009769779499441952,1.0082500000000439e-11
722,0.20055555555555277,379,16,1.7669131820110037e-06,0.009769236733914206,1.0107500000000442e-11
723,0.20083333333333053,379,16,1.7665899340297792e-06,0.009768693998540101,1.0132500000000443e-11
724,0.2011111111111083,379,16,1.766274509678382e-06,0.00976815129331796,1.0157500000000447e-11
725,0.20138888888888606,379,16,1.7659587306645508e-06,0.00976760861824611,1.0182500000000445e-11
726,0.20166666666666383,379,16,1.7656333757356715e-06,0.009767065973322874,1.020750000000045e-11
727,0.2019444444444416,379,16,1.7652987344306406e-06,0.009766523358546579,1.0232500000000456e-11
728,0.20222222222221936,379,16,1.764966889482139e-06,0.009765980773915547,1.0257500000000454e-11
729,0.20249999999999713,379,16,1.764634314048677e-06,0.009765438219428109,1.0282500000000458e-11
730,0.2027777777777749,379,16,1.7643042588344024e-06,0.009764895695082586,1.030750000000046e-11
731,0.20305555555555266,379,16,1.7639745305774428e-06,0.009764353200877303,1.0332500000000462e-11
732,0.20333333333333042,379,16,1.7636390433566195e-06,0.00976381073681059,1.0357500000000465e-11
733,0.2036111111111082,379,16,1.7633045642273703e-06,0.009763268302880764,1.0382500000000466e-11
734,0.20388888888888596,379,16,1.7629784567296173e-06,0.009762725899086163,1.040750000000047e-11
735,0.20416666666666372,379,16,1.7626402858143982e-06,0.009762183525425102,1.0432500000000472e-11
736,0.2044444444444415,379,16,1.7623095023689517e-06,0.009761641181895913,1.0457500000000475e-11
737,0.20472222222221925,379,16,1.7619853220968418e-06,0.009761098868496918,1.0482500000000478e-11
738,0.20499999999999702,379,16,1.761654390538039e-06,0.009760556585226446,1.050750000000048e-11
739,0.20527777777777478,379,16,1.7613252286353994e-06,0.009760014332082822,1.0532500000000482e-11
740,0.20555555555555255,379,16,1.7609819871142333e-06,0.009759472109064374,1.0557500000000484e-11
741,0.20583333333333032,379,16,1.760641728526394e-06,0.009758929916169426,1.0582500000000487e-11
742,0.20611111111110808,379,16,1.760305209977134e-06,0.009758387753396306,1.0607500000000489e-11
743,0.20638888888888585,379,16,1.7599746891828902e-06,0.00975784562074334,1.0632500000000491e-11
744,0.2066666666666636,379,16,1.7596574095287748e-06,0.009757303518208853,1.0657500000000493e-11
745,0.20694444444444138,380,16,1.7593349394437259e-06,0.009756761445791174,1.0682500000000499e-11
746,0.20722222222221914,380,16,1.7590045359085509e-06,0.009756219403488635,1.07075000000005e-11
747,0.2074999999999969,380,16,1.758682758609146e-06,0.009755677391299549,1.0732500000000503e-11
748,0.20777777777777467,381,16,1.7583711802353367e-06,0.009755135409222258,1.0757500000000505e-11
749,0.20805555555555244,381,16,1.7580419578694685e-06,0.00975459345725508,1.0785000000000509e-11
750,0.2083333333333302,380,17,1.7577107001416482e-06,0.009754051535396343,1.0812500000000509e-11
751,0.20861111111110797,380,17,1.757379729512149e-06,0.009753509643644376,1.0840000000000512e-11
752,0.20888888888888574,380,17,1.7570472573340927e-06,0.009752967781997508,1.0867500000000515e-11
753,0.2091666666666635,380,17,1.7567353850691746e-06,0.009752425950454063,1.089500000000052e-11
754,0.20944444444444127,380,17,1.7564060933732787e-06,0.00975188414901237,1.0922500000000519e-11
755,0.20972222222221903,380,17,1.756070255854225e-06,0.00975134237767076,1.0950000000000525e-11
756,0.2099999999999968,380,17,1.7557401159084571e-06,0.009750800636427557,1.0977500000000525e-11
757,0.21027777777777457,381,17,1.7554162613889937e-06,0.009750258925281089,1.1005000000000528e-11
758,0.21055555555555233,381,17,1.755085018214578e-06,0.009749717244229683,1.1030000000000533e-11
759,0.2108333333333301,381,17,1.7547640083251035e-06,0.009749175593271674,1.1055000000000534e-11
760,0.21111111111110786,381,17,1.7544225310055989e-06,0.00974863397240538,1.1077500000000536e-11
761,0.21138888888888563,382,17,1.7540933648193453e-06,0.009748092381629136,1.110250000000054e-11
762,0.2116666666666634,381,18,1.753763839904467e-06,0.009747550820941267,1.1127500000000542e-11
763,0.21194444444444116,381,18,1.753431311560335e-06,0.009747009290340104,1.1152500000000545e-11
764,0.21222222222221893,381,18,1.7531092747668161e-06,0.009746467789823975,1.1177500000000546e-11
765,0.2124999999999967,382,18,1.752789104325214e-06,0.009745926319391205,1.1202500000000549e-11
766,0.21277777777777446,383,18,1.7524667954526733e-06,0.00974538487904013,1.1227500000000552e-11
767,0.21305555555555222,383,18,1.7521496481408106e-06,0.009744843468769072,1.1252500000000556e-11
768,0.21333333333333,383,18,1.7518246462392167e-06,0.009744302088576363,1.1277500000000557e-11
769,0.21361111111110775,383,18,1.7514976804129226e-06,0.009743760738460332,1.1302500000000562e-11
770,0.21388888888888552,383,18,1.751177305438855e-06,0.009743219418419305,1.1327500000000563e-11
771,0.21416666666666329,383,18,1.7508561913413558e-06,0.009742678128451615,1.1352500000000567e-11
772,0.21444444444444105,383,18,1.7505324604820808e-06,0.009742136868555592,1.1377500000000569e-11
773,0.21472222222221882,383,18,1.7501998500189205e-06,0.009741595638729561,1.1400000000000571e-11
774,0.21499999999999658,384,18,1.7498729640814566e-06,0.009741054438971854,1.1422500000000573e-11
775,0.21527777777777435,384,18,1.7495475006223258e-06,0.0097405132692808,1.1445000000000577e-11
776,0.21555555555555211,384,18,1.7492232046419222e-06,0.009739972129654731,1.146750000000058e-11
777,0.21583333333332988,384,18,1.7488915084998225e-06,0.009739431020091971,1.1492500000000583e-11
778,0.21611111111110765,383,19,1.748568466349797e-06,0.009738889940590858,1.1517500000000585e-11
779,0.2163888888888854,383,19,1.7482413630516161e-06,0.009738348891149712,1.1542500000000588e-11
780,0.21666666666666318,383,19,1.747911492519598e-06,0.009737807871766872,1.156750000000059e-11
781,0.21694444444444094,383,19,1.7475844481149433e-06,0.009737266882440662,1.1592500000000592e-11
782,0.2172222222222187,383,19,1.7472526502170845e-06,0.009736725923169416,1.1617500000000597e-11
783,0.21749999999999647,383,19,1.7469255808745677e-06,0.009736184993951461,1.1642500000000598e-11
784,0.21777777777777424,383,19,1.7466092195184316e-06,0.009735644094785131,1.1667500000000602e-11
785,0.218055555555552,383,19,1.7462876834119303e-06,0.009735103225668756,1.1692500000000604e-11
786,0.21833333333332977,383,19,1.7459708755820768e-06,0.009734562386600662,1.171750000000061e-11
787,0.21861111111110754,383,19,1.7456242600847016e-06,0.009734021577579183,1.1742500000000609e-11
788,0.2188888888888853,383,19,1.745300365063981e-06,0.009733480798602654,1.1767500000000612e-11
789,0.21916666666666307,383,19,1.7449818573947465e-06,0.009732940049669396,1.1792500000000615e-11
790,0.21944444444444083,383,19,1.7446544283051668e-06,0.009732399330777752,1.1817500000000616e-11
791,0.2197222222222186,383,19,1.7443367090925797e-06,0.00973185864192604,1.1840000000000622e-11
792,0.21999999999999637,383,19,1.744006478752996e-06,0.009731317983112601,1.1862500000000626e-11
793,0.22027777777777413,383,19,1.7436729668483597e-06,0.00973077735433576,1.1885000000000625e-11
794,0.2205555555555519,383,19,1.7433424713182787e-06,0.009730236755593853,1.1907500000000632e-11
795,0.22083333333332966,383,19,1.7430145923016588e-06,0.009729696186885212,1.1930000000000631e-11
796,0.22111111111110743,383,19,1.7426843621583205e-06,0.00972915564820816,1.1952500000000635e-11
797,0.2213888888888852,384,19,1.7423588001708297e-06,0.009728615139561041,1.1975000000000638e-11
798,0.22166666666666296,384,19,1.7420297370125727e-06,0.009728074660942176,1.1997500000000642e-11
799,0.22194444444444072,384,19,1.7417129099512319e-06,0.009727534212349901,1.2020000000000646e-11
800,0.2222222222222185,384,19,1.741393630116564e-06,0.009726993793782548,1.2042500000000648e-11
801,0.22249999999999626,384,19,1.7410611714813582e-06,0.00972645340523845,1.206500000000065e-11
802,0.22277777777777402,384,19,1.7407428330941326e-06,0.009725913046715938,1.2090000000000651e-11
803,0.2230555555555518,383,20,1.740418791675738e-06,0.00972537271821334,1.2115000000000656e-11
804,0.22333333333332955,383,20,1.740101420377263e-06,0.009724832419728997,1.214000000000066e-11
805,0.22361111111110732,383,20,1.739769817146957e-06,0.009724292151261233,1.216500000000066e-11
806,0.22388888888888508,383,20,1.7394474889392241e-06,0.009723751912808385,1.2190000000000664e-11
807,0.22416666666666285,383,20,1.7391186631770877e-06,0.009723211704368786,1.2215000000000666e-11
808,0.22444444444444062,383,20,1.738802637615801e-06,0.009722671525940765,1.2240000000000668e-11
809,0.22472222222221838,383,20,1.7384803765752355e-06,0.00972213137752266,1.2267500000000673e-11
810,0.22499999999999615,382,21,1.7381560922548194e-06,0.009721591259112797,1.2295000000000675e-11
811,0.2252777777777739,382,21,1.7378325590742854e-06,0.009721051170709514,1.232250000000068e-11
812,0.22555555555555168,382,21,1.7375202548519583e-06,0.00972051111231114,1.2350000000000681e-11
813,0.22583333333332944,382,21,1.7372083327740446e-06,0.009719971083916012,1.2377500000000683e-11
814,0.2261111111111072,382,21,1.7369006275622517e-06,0.009719431085522461,1.2402500000000688e-11
815,0.22638888888888498,383,21,1.7365794677746084e-06,0.00971889111712882,1.242750000000069e-11
816,0.22666666666666274,383,21,1.7362480991752783e-06,0.009718351178733427,1.2455000000000695e-11
817,0.2269444444444405,382,22,1.7359384622194236e-06,0.00971781127033461,1.2482500000000697e-11
818,0.22722222222221827,382,22,1.7356329745389397e-06,0.009717271391930703,1.2510000000000699e-11
819,0.22749999999999604,382,22,1.735316142670736e-06,0.00971673154352004,1.2537500000000702e-11
820,0.2277777777777738,382,22,1.7350000920237034e-06,0.009716191725100956,1.2565000000000705e-11
821,0.22805555555555157,382,22,1.7346890578712402e-06,0.009715651936671784,1.2592500000000708e-11
822,0.22833333333332934,382,22,1.7343623542187783e-06,0.009715112178230859,1.262000000000071e-11
823,0.2286111111111071,382,22,1.7340472954486632e-06,0.009714572449776512,1.2647500000000712e-11
824,0.22888888888888487,383,22,1.7337307164086591e-06,0.00971403275130708,1.2675000000000717e-11
825,0.22916666666666263,383,22,1.7334236366500628e-06,0.009713493082820894,1.2702500000000718e-11
826,0.2294444444444404,383,22,1.7330985151943187e-06,0.009712953444316297,1.2730000000000721e-11
827,0.22972222222221816,383,22,1.732780751669366e-06,0.009712413835791611,1.2757500000000728e-11
828,0.22999999999999593,383,22,1.7324625658539299e-06,0.009711874257245179,1.2785000000000728e-11
829,0.2302777777777737,383,22,1.7321405109207495e-06,0.009711334708675332,1.2812500000000733e-11
830,0.23055555555555146,383,22,1.7318138818401836e-06,0.009710795190080404,1.2840000000000735e-11
831,0.23083333333332923,383,22,1.7314876737358812e-06,0.009710255701458734,1.286750000000074e-11
832,0.231111111111107,383,22,1.7311770296768073e-06,0.009709716242808654,1.2895000000000741e-11
833,0.23138888888888476,383,22,1.7308573531951636e-06,0.009709176814128497,1.2922500000000746e-11
834,0.23166666666666252,383,22,1.7305447227862636e-06,0.009708637415416603,1.2950000000000748e-11
835,0.2319444444444403,383,22,1.7302230308075278e-06,0.009708098046671302,1.297750000000075e-11
836,0.23222222222221806,383,22,1.7299150681638754e-06,0.009707558707890931,1.3005000000000752e-11
837,0.23249999999999582,383,22,1.7296007538553049e-06,0.009707019399073827,1.3032500000000759e-11
838,0.2327777777777736,383,22,1.7292791036894188e-06,0.009706480120218321,1.3060000000000762e-11
839,0.23305555555555135,384,22,1.7289560432263016e-06,0.009705940871322757,1.3087500000000764e-11
840,0.23333333333332912,384,22,1.7286260400687815e-06,0.00970540165238546,1.3115000000000766e-11
841,0.23361111111110688,384,22,1.7283028936089337e-06,0.009704862463404773,1.3145000000000771e-11
842,0.23388888888888465,383,23,1.7279859636756176e-06,0.00970432330437903,1.3175000000000773e-11
843,0.23416666666666242,383,23,1.7276732078526724e-06,0.009703784175306563,1.3205000000000778e-11
844,0.23444444444444018,383,23,1.7273488746983243e-06,0.009703245076185711,1.323500000000078e-11
845,0.23472222222221795,383,23,1.7270350474430534e-06,0.009702706007014814,1.3265000000000782e-11
846,0.2349999999999957,383,23,1.7267101764003503e-06,0.009702166967792202,1.3295000000000785e-11
847,0.23527777777777348,383,23,1.7263912349930323e-06,0.009701627958516215,1.3325000000000787e-11
848,0.23555555555555124,383,23,1.7260682249728078e-06,0.009701088979185184,1.3355000000000789e-11
849,0.235833333333329,383,23,1.7257538364299902e-06,0.009700550029797453,1.3385000000000794e-11
850,0.23611111111110678,383,23,1.7254320786074153e-06,0.009700011110351353,1.3415000000000796e-11
851,0.23638888888888454,383,23,1.725103919611319e-06,0.009699472220845225,1.3445000000000801e-11
852,0.2366666666666623,384,23,1.724791631392436e-06,0.009698933361277398,1.3475000000000804e-11
853,0.23694444444444007,384,23,1.724478166223145e-06,0.009698394531646217,1.3505000000000809e-11
854,0.23722222222221784,384,23,1.7241572366595958e-06,0.009697855731950016,1.3535000000000811e-11
855,0.2374999999999956,384,23,1.723829853738538e-06,0.009697316962187128,1.3565000000000813e-11
856,0.23777777777777337,384,23,1.7235076576735655e-06,0.009696778222355897,1.3595000000000817e-11
857,0.23805555555555113,384,23,1.723197716518161e-06,0.009696239512454654,1.362750000000082e-11
858,0.2383333333333289,383,24,1.722873840755389e-06,0.009695700832481743,1.3660000000000822e-11
859,0.23861111111110667,383,24,1.7225563297764045e-06,0.009695162182435492,1.3692500000000828e-11
860,0.23888888888888443,384,24,1.7222417784759918e-06,0.00969462356231425,1.3725000000000827e-11
861,0.2391666666666622,384,24,1.7219408930632888e-06,0.009694084972116341,1.3757500000000833e-11
862,0.23944444444443996,384,24,1.7216295520831437e-06,0.009693546411840115,1.3790000000000835e-11
863,0.23972222222221773,384,24,1.7213101589167113e-06,0.009693007881483902,1.3822500000000843e-11
864,0.2399999999999955,384,24,1.720995085586919e-06,0.009692469381046039,1.3855000000000845e-11
865,0.24027777777777326,384,24,1.7206825394143643e-06,0.009691930910524872,1.3887500000000848e-11
866,0.24055555555555103,384,24,1.7203672553922256e-06,0.009691392469918732,1.391750000000085e-11
867,0.2408333333333288,384,24,1.7200535010515102e-06,0.00969085405922596,1.3947500000000855e-11
868,0.24111111111110656,384,24,1.7197345544790556e-06,0.00969031567844489,1.3977500000000859e-11
869,0.24138888888888432,384,24,1.7194114358248465e-06,0.009689777327573866,1.400750000000086e-11
870,0.2416666666666621,384,24,1.7190790836515638e-06,0.009689239006611226,1.4037500000000865e-11
871,0.24194444444443985,384,24,1.7187438158430559e-06,0.0096887007155553,1.4067500000000867e-11
872,0.24222222222221762,384,24,1.7184267476121677e-06,0.009688162454404436,1.4097500000000869e-11
873,0.24249999999999539,384,24,1.7181094118802062e-06,0.009687624223156973,1.4127500000000874e-11
874,0.24277777777777315,384,24,1.7177990097169363e-06,0.009687086021811238,1.4157500000000878e-11
875,0.24305555555555092,385,24,1.7174908348600102e-06,0.009686547850365584,1.4187500000000883e-11
876,0.24333333333332868,385,24,1.7171835707761068e-06,0.009686009708818341,1.4217500000000882e-11
877,0.24361111111110645,385,24,1.7168629842444389e-06,0.009685471597167853,1.4247500000000887e-11
878,0.24388888888888421,385,24,1.7165502987368627e-06,0.009684933515412454,1.4277500000000893e-11
879,0.24416666666666198,385,24,1.7162429811495478e-06,0.009684395463550486,1.4307500000000892e-11
880,0.24444444444443975,386,24,1.715934973063632e-06,0.00968385744158029,1.4337500000000897e-11
881,0.2447222222222175,386,24,1.7156280881809558e-06,0.009683319449500202,1.4367500000000899e-11
882,0.24499999999999528,386,24,1.7153152666051517e-06,0.009682781487308566,1.4397500000000904e-11
883,0.24527777777777304,386,24,1.7150028914956493e-06,0.009682243555003715,1.442750000000091e-11
884,0.2455555555555508,386,24,1.7146891463704847e-06,0.00968170565258399,1.4457500000000913e-11
885,0.24583333333332857,386,24,1.7143826925388298e-06,0.00968116778004774,1.4487500000000914e-11
886,0.24611111111110634,386,24,1.7140762396732814e-06,0.009680629937393293,1.4517500000000919e-11
887,0.2463888888888841,386,24,1.713772322698335e-06,0.009680092124618993,1.4547500000000921e-11
888,0.24666666666666187,386,24,1.71347505386822e-06,0.009679554341723181,1.4577500000000922e-11
889,0.24694444444443964,387,24,1.713162608982445e-06,0.009679016588704199,1.460750000000093e-11
890,0.2472222222222174,387,24,1.7128459254313845e-06,0.009678478865560378,1.4637500000000936e-11
891,0.24749999999999517,387,24,1.7125403512341191e-06,0.00967794117229007,1.4667500000000934e-11
892,0.24777777777777293,387,24,1.7122327958914924e-06,0.009677403508891612,1.469750000000094e-11
893,0.2480555555555507,387,24,1.7119223827194731e-06,0.009676865875363342,1.4727500000000945e-11
894,0.24833333333332847,387,24,1.711608653437655e-06,0.009676328271703599,1.4757500000000944e-11
895,0.24861111111110623,387,24,1.711304492740235e-06,0.009675790697910726,1.478750000000095e-11
896,0.248888888888884,387,24,1.7109806011933334e-06,0.009675253153983062,1.481750000000095e-11
897,0.24916666666666176,387,24,1.7106684126176011e-06,0.009674715639918955,1.4850000000000956e-11
898,0.24944444444443953,386,25,1.7103658503019873e-06,0.009674178155716735,1.488250000000096e-11
899,0.2497222222222173,386,25,1.710058544544138e-06,0.009673640701374754,1.4915000000000964e-11
900,0.24999999999999506,386,25,1.709751154010515e-06,0.009673103276891346,1.4947500000000968e-11
901,0.2502777777777728,386,25,1.7094574791336306e-06,0.009672565882264849,1.498000000000097e-11
902,0.2505555555555506,386,25,1.7091557426992872e-06,0.009672028517493615,1.5012500000000976e-11
903,0.25083333333332836,386,25,1.7088550218939343e-06,0.009671491182575974,1.5045000000000977e-11
904,0.2511111111111061,386,25,1.7085491226789921e-06,0.009670953877510274,1.507750000000098e-11
905,0.2513888888888839,386,25,1.7082531956647912e-06,0.00967041660229486,1.5110000000000986e-11
906,0.25166666666666165,386,25,1.7079496853034996e-06,0.009669879356928065,1.514250000000099e-11
907,0.2519444444444394,386,25,1.7076402495876208e-06,0.009669342141408237,1.517500000000099e-11
908,0.2522222222222172,386,25,1.7073355250607286e-06,0.009668804955733717,1.5207500000000998e-11
909,0.25249999999999495,386,25,1.7070182446031635e-06,0.009668267799902841,1.5242500000001e-11
910,0.2527777777777727,385,26,1.7067061073357883e-06,0.009667730673913959,1.5277500000001004e-11
911,0.2530555555555505,385,26,1.7064094525118475e-06,0.009667193577765408,1.5312500000001007e-11
912,0.25333333333332825,385,26,1.7061116998575313e-06,0.009666656511455533,1.534750000000101e-11
913,0.253611111111106,386,26,1.7058036117939914e-06,0.009666119474982674,1.538250000000102e-11
914,0.2538888888888838,386,26,1.7054915606320063e-06,0.009665582468345178,1.541750000000102e-11
915,0.25416666666666154,387,26,1.7051947444185266e-06,0.009665045491541381,1.5452500000001022e-11
916,0.2544444444444393,388,26,1.7048960525818933e-06,0.009664508544569628,1.5487500000001025e-11
917,0.2547222222222171,388,26,1.7045850561548496e-06,0.00966397162742826,1.552250000000103e-11
918,0.25499999999999484,388,26,1.7042920490034423e-06,0.009663434740115627,1.5557500000001034e-11
919,0.2552777777777726,388,26,1.7039966098195448e-06,0.009662897882630065,1.5592500000001037e-11
920,0.2555555555555504,388,26,1.7036901684627549e-06,0.009662361054969919,1.562750000000104e-11
921,0.25583333333332814,388,26,1.7033978003905607e-06,0.009661824257133533,1.5662500000001043e-11
922,0.2561111111111059,388,26,1.7030959889619744e-06,0.00966128748911925,1.5697500000001046e-11
923,0.25638888888888367,388,26,1.7028011593892638e-06,0.009660750750925411,1.5732500000001052e-11
924,0.25666666666666144,388,26,1.7025044937495137e-06,0.009660214042550358,1.576750000000106e-11
925,0.2569444444444392,390,26,1.7022199591193894e-06,0.00965967736399244,1.5802500000001058e-11
926,0.25722222222221697,390,26,1.7019337529310883e-06,0.009659140715249995,1.583750000000106e-11
927,0.25749999999999473,390,26,1.701649508306468e-06,0.009658604096321369,1.5872500000001064e-11
928,0.2577777777777725,390,26,1.7013683749236727e-06,0.009658067507204911,1.5907500000001067e-11
929,0.25805555555555026,390,26,1.7010730872258596e-06,0.009657530947898953,1.5942500000001074e-11
930,0.25833333333332803,390,26,1.70076996491388e-06,0.00965699441840185,1.5977500000001077e-11
931,0.2586111111111058,390,26,1.7004870573812072e-06,0.009656457918711938,1.6012500000001083e-11
932,0.25888888888888356,390,26,1.7001829373688253e-06,0.009655921448827565,1.6047500000001086e-11
933,0.2591666666666613,390,26,1.6998875871097153e-06,0.009655385008747075,1.6082500000001085e-11
934,0.2594444444444391,390,26,1.6995872386692954e-06,0.009654848598468815,1.612000000000109e-11
935,0.25972222222221686,389,27,1.699290533356417e-06,0.009654312217991122,1.61575000000011e-11
936,0.2599999999999946,389,27,1.699002053202437e-06,0.009653775867312343,1.62000000000011e-11
937,0.2602777777777724,387,29,1.6987151411088502e-06,0.009653239546430827,1.624250000000111e-11
938,0.26055555555555016,388,29,1.6984224079685519e-06,0.009652703255344914,1.628500000000111e-11
939,0.2608333333333279,388,29,1.698126741478062e-06,0.009652166994052951,1.6327500000001113e-11
940,0.2611111111111057,388,29,1.6978318873250887e-06,0.00965163076255328,1.637000000000112e-11
941,0.26138888888888345,388,29,1.6975437264291813e-06,0.009651094560844252,1.6412500000001118e-11
942,0.2616666666666612,388,29,1.6972497724781498e-06,0.009650558388924204,1.645500000000112e-11
943,0.261944444444439,388,29,1.6969607742431906e-06,0.009650022246791486,1.6497500000001127e-11
944,0.26222222222221675,388,29,1.696659388000084e-06,0.009649486134444442,1.6540000000001133e-11
945,0.2624999999999945,388,29,1.6963597381449191e-06,0.009648950051881417,1.6582500000001135e-11
946,0.2627777777777723,388,29,1.6960615658437532e-06,0.00964841399910076,1.662500000000114e-11
947,0.26305555555555005,389,29,1.6957811904032047e-06,0.009647877976100807,1.6667500000001147e-11
948,0.2633333333333278,389,29,1.6954947149984367e-06,0.009647341982879915,1.6710000000001147e-11
949,0.2636111111111056,389,29,1.6952047151132931e-06,0.00964680601943642,1.6752500000001156e-11
950,0.26388888888888334,389,29,1.6949118689758306e-06,0.009646270085768675,1.6795000000001155e-11
951,0.2641666666666611,389,29,1.6946234190989707e-06,0.009645734181875022,1.683750000000116e-11
952,0.2644444444444389,389,29,1.6943470003265615e-06,0.009645198307753807,1.6880000000001164e-11
953,0.26472222222221664,389,29,1.6940557303761167e-06,0.009644662463403376,1.692250000000117e-11
954,0.2649999999999944,389,29,1.6937595150658576e-06,0.009644126648822077,1.6965000000001173e-11
955,0.2652777777777722,389,29,1.6934776209877674e-06,0.009643590864008253,1.700750000000118e-11
956,0.26555555555554994,389,29,1.6931902672663375e-06,0.009643055108960252,1.7050000000001178e-11
957,0.2658333333333277,389,29,1.6929004666087724e-06,0.009642519383676421,1.7092500000001184e-11
958,0.26611111111110547,389,29,1.6926139242953517e-06,0.009641983688155107,1.7135000000001187e-11
959,0.26638888888888324,391,29,1.6923380335000064e-06,0.009641448022394654,1.7177500000001193e-11
960,0.266666666666661,391,29,1.6920496059290756e-06,0.009640912386393412,1.7220000000001195e-11
961,0.26694444444443877,391,29,1.6917532430456267e-06,0.009640376780149722,1.7262500000001208e-11
962,0.26722222222221653,391,29,1.6914669255138701e-06,0.009639841203661934,1.7305000000001207e-11
963,0.2674999999999943,391,29,1.6911852016719114e-06,0.0096393056569284,1.734750000000121e-11
964,0.26777777777777206,391,29,1.690901423039691e-06,0.00963877013994746,1.7390000000001213e-11
965,0.26805555555554983,391,29,1.6906098596932415e-06,0.009638234652717462,1.743250000000122e-11
966,0.2683333333333276,391,29,1.6903210418329526e-06,0.009637699195236757,1.747500000000122e-11
967,0.26861111111110536,391,29,1.6900251826925388e-06,0.009637163767503688,1.7517500000001227e-11
968,0.2688888888888831,391,29,1.6897405875946093e-06,0.009636628369516606,1.756000000000123e-11
969,0.2691666666666609,391,29,1.6894655871502142e-06,0.009636093001273854,1.7602500000001236e-11
970,0.26944444444443866,391,29,1.6891942435601315e-06,0.009635557662773785,1.7645000000001242e-11
971,0.2697222222222164,391,29,1.6889180945502816e-06,0.009635022354014743,1.768750000000124e-11
972,0.2699999999999942,391,29,1.6886453982295054e-06,0.009634487074995075,1.7730000000001247e-11
973,0.27027777777777195,391,29,1.6883786047842217e-06,0.00963395182571313,1.7772500000001253e-11
974,0.2705555555555497,391,29,1.6880851998129883e-06,0.009633416606167258,1.7815000000001256e-11
975,0.2708333333333275,391,29,1.687789063375972e-06,0.009632881416355805,1.7857500000001258e-11
976,0.27111111111110525,391,29,1.68751290848486e-06,0.009632346256277118,1.7900000000001264e-11
977,0.271388888888883,391,29,1.6872257756507866e-06,0.009631811125929549,1.794250000000127e-11
978,0.2716666666666608,391,29,1.686946346546785e-06,0.00963127602531144,1.7985000000001273e-11
979,0.27194444444443855,391,29,1.686676921222528e-06,0.009630740954421148,1.802750000000128e-11
980,0.2722222222222163,391,29,1.6863962893188442e-06,0.009630205913257013,1.807000000000128e-11
981,0.2724999999999941,391,29,1.6861109744074707e-06,0.009629670901817386,1.8112500000001287e-11
982,0.27277777777777185,391,29,1.685832924415464e-06,0.00962913592010062,1.8155000000001293e-11
983,0.2730555555555496,391,29,1.685548487572812e-06,0.009628600968105059,1.8197500000001296e-11
984,0.2733333333333274,392,29,1.6852594162659543e-06,0.009628066045829053,1.82400000000013e-11
985,0.27361111111110514,392,29,1.6849890234123317e-06,0.009627531153270951,1.8282500000001308e-11
986,0.2738888888888829,392,29,1.684697068517439e-06,0.009626996290429103,1.8325000000001307e-11
987,0.2741666666666607,392,29,1.6844168409109475e-06,0.00962646145730186,1.836750000000131e-11
988,0.27444444444443844,392,29,1.6841357923021916e-06,0.009625926653887566,1.8410000000001316e-11
989,0.2747222222222162,392,29,1.6838575838103946e-06,0.00962539188018457,1.8452500000001322e-11
990,0.27499999999999397,392,29,1.6835784049730736e-06,0.009624857136191229,1.8495000000001325e-11
991,0.27527777777777174,392,29,1.6833028380620917e-06,0.009624322421905885,1.8537500000001327e-11
992,0.2755555555555495,393,29,1.6830047213066559e-06,0.00962378773732689,1.8580000000001336e-11
993,0.27583333333332727,393,29,1.6827044121934053e-06,0.009623253082452592,1.8622500000001342e-11
994,0.27611111111110503,393,29,1.6824202104954395e-06,0.009622718457281349,1.8665000000001345e-11
995,0.2763888888888828,393,29,1.6821353893037989e-06,0.009622183861811497,1.870750000000135e-11
996,0.27666666666666057,393,29,1.681859045739969e-06,0.009621649296041396,1.8750000000001354e-11
997,0.27694444444443833,393,29,1.6815729377656736e-06,0.009621114759969396,1.8792500000001356e-11
998,0.2772222222222161,393,29,1.6812800820065449e-06,0.009620580253593844,1.8835000000001362e-11
999,0.27749999999999386,394,29,1.6809966492509654e-06,0.009620045776913088,1.8877500000001365e-11
1000,0.27777777777777163,394,29,1.680727202814966e-06,0.00961951132992548,1.892500000000137e-11
1001,0.2780555555555494,392,31,1.6804468620953687e-06,0.009618976912629376,1.8972500000001375e-11
1002,0.27833333333332716,392,31,1.6801697677019664e-06,0.00961844252502312,1.9017500000001377e-11
1003,0.2786111111111049,392,31,1.6798822256373531e-06,0.009617908167105062,1.9062500000001385e-11
1004,0.2788888888888827,392,31,1.6795985562614357e-06,0.009617373838873558,1.9107500000001386e-11
1005,0.27916666666666046,392,31,1.6793206039147842e-06,0.009616839540326954,1.9152500000001394e-11
1006,0.2794444444444382,392,31,1.679041215790357e-06,0.0096163052714636,1.9197500000001396e-11
1007,0.279722222222216,392,31,1.6787669175421357e-06,0.009615771032281853,1.9242500000001404e-11
1008,0.27999999999999375,392,31,1.6784941014505616e-06,0.00961523682278006,1.9287500000001406e-11
1009,0.2802777777777715,392,31,1.678224422053646e-06,0.009614702642956573,1.9332500000001417e-11
1010,0.2805555555555493,392,31,1.6779635950041969e-06,0.009614168492809742,1.9377500000001415e-11
1011,0.28083333333332705,392,31,1.6776695494050704e-06,0.00961363437233792,1.9422500000001423e-11
1012,0.2811111111111048,392,31,1.6773775901700307e-06,0.009613100281539456,1.9467500000001425e-11
1013,0.2813888888888826,392,31,1.677094901110528e-06,0.009612566220412705,1.9512500000001433e-11
1014,0.28166666666666035,392,31,1.6768055036719937e-06,0.009612032188956014,1.9557500000001434e-11
1015,0.2819444444444381,392,31,1.6765261289592488e-06,0.009611498187167743,1.9602500000001442e-11
1016,0.2822222222222159,392,31,1.6762493488382668e-06,0.009610964215046232,1.9647500000001444e-11
1017,0.28249999999999365,392,31,1.6759781661859033e-06,0.009610430272589841,1.9692500000001448e-11
1018,0.2827777777777714,392,31,1.675718481800478e-06,0.00960989635979692,1.9740000000001458e-11
1019,0.2830555555555492,391,32,1.675449070851571e-06,0.00960936247666582,1.978750000000146e-11
1020,0.28333333333332694,391,32,1.6751771793589662e-06,0.009608828623194895,1.9835000000001462e-11
1021,0.2836111111111047,391,32,1.6749002207300516e-06,0.009608294799382496,1.9882500000001466e-11
1022,0.2838888888888825,391,32,1.6746348189971762e-06,0.009607761005226973,1.9930000000001476e-11
1023,0.28416666666666024,391,32,1.674360595468894e-06,0.009607227240726683,1.997750000000148e-11
1024,0.284444444444438,391,32,1.6740853251780849e-06,0.009606693505879976,2.0025000000001483e-11
1025,0.28472222222221577,391,32,1.6738074838979645e-06,0.009606159800685207,2.0072500000001487e-11
1026,0.28499999999999354,391,32,1.6735393716381274e-06,0.009605626125140723,2.0120000000001494e-11
1027,0.2852777777777713,391,32,1.6732585557262283e-06,0.009605092479244884,2.01675000000015e-11
1028,0.28555555555554907,391,32,1.6729729828484248e-06,0.009604558862996035,2.0215000000001504e-11
1029,0.28583333333332683,391,32,1.6726960532972402e-06,0.009604025276392538,2.0262500000001507e-11
1030,0.2861111111111046,391,32,1.6724221678994858e-06,0.009603491719432738,2.031000000000151e-11
1031,0.28638888888888236,391,32,1.6721476396986755e-06,0.00960295819211499,2.0357500000001518e-11
1032,0.28666666666666013,391,32,1.6718674929286595e-06,0.009602424694437652,2.040500000000152e-11
1033,0.2869444444444379,391,32,1.6716011339858746e-06,0.009601891226399073,2.045250000000153e-11
1034,0.28722222222221566,391,32,1.671330073580441e-06,0.009601357787997606,2.0500000000001535e-11
1035,0.2874999999999934,392,32,1.6710600668905416e-06,0.009600824379231607,2.054750000000154e-11
1036,0.2877777777777712,392,32,1.6707758454005656e-06,0.00960029100009943,2.0595000000001542e-11
1037,0.28805555555554896,392,32,1.6705082604741687e-06,0.009599757650599422,2.064250000000155e-11
1038,0.2883333333333267,393,32,1.6702346002703702e-06,0.009599224330729945,2.0690000000001553e-11
1039,0.2886111111111045,393,32,1.669958340616395e-06,0.00959869104048935,2.0737500000001556e-11
1040,0.28888888888888226,393,32,1.6696789426534276e-06,0.00959815777987599,2.078750000000156e-11
1041,0.28916666666666,392,33,1.6694115753357857e-06,0.009597624548888219,2.0837500000001568e-11
1042,0.2894444444444378,392,33,1.6691496076037656e-06,0.00959709134752439,2.088750000000157e-11
1043,0.28972222222221555,393,33,1.6688746079686183e-06,0.009596558175782864,2.0937500000001576e-11
1044,0.2899999999999933,393,33,1.668621987598911e-06,0.009596025033661986,2.098750000000158e-11
1045,0.2902777777777711,393,33,1.6683512464366814e-06,0.009595491921160115,2.103750000000159e-11
1046,0.29055555555554885,393,33,1.6680926559827027e-06,0.00959495883827561,2.1087500000001593e-11
1047,0.2908333333333266,393,33,1.6678296707206802e-06,0.009594425785006815,2.1137500000001598e-11
1048,0.2911111111111044,393,33,1.667570894846521e-06,0.009593892761352094,2.1187500000001604e-11
1049,0.29138888888888215,393,33,1.667303969302378e-06,0.009593359767309795,2.123750000000161e-11
1050,0.2916666666666599,393,33,1.6670493055786759e-06,0.009592826802878278,2.1290000000001614e-11
1051,0.2919444444444377,392,34,1.666798145446951e-06,0.009592293868055898,2.1342500000001615e-11
1052,0.29222222222221544,392,34,1.6665370501555097e-06,0.009591760962841003,2.1395000000001623e-11
1053,0.2924999999999932,392,34,1.6662896220480148e-06,0.009591228087231958,2.1447500000001627e-11
1054,0.292777777777771,392,34,1.6660282127349596e-06,0.009590695241227114,2.1500000000001635e-11
1055,0.29305555555554874,392,34,1.66576658670159e-06,0.009590162424824824,2.1552500000001636e-11
1056,0.2933333333333265,393,34,1.6655042495484573e-06,0.009589629638023444,2.160500000000164e-11
1057,0.2936111111111043,393,34,1.6652458022421755e-06,0.009589096880821331,2.165750000000165e-11
1058,0.29388888888888204,393,34,1.664983465358304e-06,0.009588564153216843,2.1710000000001653e-11
1059,0.2941666666666598,393,34,1.6647230691861408e-06,0.00958803145520833,2.176250000000166e-11
1060,0.29444444444443757,393,34,1.6644651375000166e-06,0.009587498786794152,2.1815000000001665e-11
1061,0.29472222222221534,393,34,1.6642139313710944e-06,0.009586966147972664,2.1867500000001666e-11
1062,0.2949999999999931,393,34,1.6639466041648956e-06,0.009586433538742221,2.1920000000001668e-11
1063,0.29527777777777087,393,34,1.663693728949497e-06,0.009585900959101182,2.197250000000168e-11
1064,0.29555555555554863,394,34,1.663439557249424e-06,0.0095853684090479,2.2025000000001683e-11
1065,0.2958333333333264,394,34,1.663195881956343e-06,0.009584835888580728,2.2077500000001687e-11
1066,0.29611111111110416,394,34,1.6629432650829408e-06,0.009584303397698031,2.21300000000017e-11
1067,0.29638888888888193,394,34,1.6626918716767025e-06,0.009583770936398157,2.2182500000001703e-11
1068,0.2966666666666597,394,34,1.6624370343301792e-06,0.009583238504679471,2.2235000000001707e-11
1069,0.29694444444443746,394,34,1.6621908913136443e-06,0.009582706102540323,2.228750000000171e-11
1070,0.2972222222222152,394,34,1.661941094465734e-06,0.00958217372997907,2.234000000000172e-11
1071,0.297499999999993,394,34,1.661697587851271e-06,0.009581641386994069,2.2390000000001722e-11
1072,0.29777777777777076,394,34,1.6614385486015911e-06,0.009581109073583683,2.2440000000001724e-11
1073,0.2980555555555485,394,34,1.6611842646097993e-06,0.009580576789746262,2.249000000000173e-11
1074,0.2983333333333263,394,34,1.6609362466829671e-06,0.009580044535480165,2.2537500000001737e-11
1075,0.29861111111110406,395,34,1.6606866893718211e-06,0.00957951231078375,2.258500000000174e-11
1076,0.2988888888888818,395,34,1.6604384847217007e-06,0.009578980115655373,2.263250000000175e-11
1077,0.2991666666666596,395,34,1.6601921664102614e-06,0.009578447950093393,2.2680000000001757e-11
1078,0.29944444444443735,395,34,1.6599464326416781e-06,0.009577915814096165,2.272500000000176e-11
1079,0.2997222222222151,396,34,1.659697504503908e-06,0.009577383707662049,2.2770000000001767e-11
1080,0.2999999999999929,396,34,1.6594475167149101e-06,0.009576851630789402,2.281500000000177e-11
1081,0.30027777777777065,396,34,1.6591945897984934e-06,0.00957631958347658,2.2860000000001776e-11
1082,0.3005555555555484,396,34,1.658930533782977e-06,0.009575787565721944,2.2905000000001778e-11
1083,0.3008333333333262,396,34,1.658679662987437e-06,0.009575255577523846,2.2950000000001786e-11
1084,0.30111111111110395,396,34,1.6584284832420686e-06,0.009574723618880652,2.2995000000001787e-11
1085,0.3013888888888817,396,34,1.6581918243743427e-06,0.009574191689790715,2.30400000000018e-11
1086,0.3016666666666595,396,34,1.6579512456014405e-06,0.009573659790252393,2.30850000000018e-11
1087,0.30194444444443724,396,34,1.6577131591661542e-06,0.009573127920264046,2.3130000000001808e-11
1088,0.302222222222215,396,34,1.6574685281802213e-06,0.009572596079824032,2.3177500000001815e-11
1089,0.3024999999999928,395,35,1.6572308492135535e-06,0.00957206426893071,2.322500000000182e-11
1090,0.30277777777777054,395,35,1.6569913463134068e-06,0.009571532487582433,2.3272500000001825e-11
1091,0.3030555555555483,395,35,1.6567452673515896e-06,0.009571000735777569,2.332000000000183e-11
1092,0.30333333333332607,395,35,1.6564979601036003e-06,0.009570469013514472,2.3367500000001836e-11
1093,0.30361111111110384,395,35,1.656245889210325e-06,0.009569937320791498,2.3415000000001842e-11
1094,0.3038888888888816,395,35,1.6560009732636692e-06,0.00956940565760701,2.346250000000185e-11
1095,0.30416666666665937,395,35,1.6557555236100598e-06,0.009568874023959366,2.351000000000185e-11
1096,0.30444444444443713,395,35,1.655521134095774e-06,0.009568342419846923,2.3557500000001856e-11
1097,0.3047222222222149,395,35,1.6552816883357839e-06,0.009567810845268043,2.3605000000001866e-11
1098,0.30499999999999267,395,35,1.6550448658731479e-06,0.009567279300221084,2.3652500000001867e-11
1099,0.30527777777777043,395,35,1.6548089782585214e-06,0.009566747784704406,2.3700000000001877e-11
1100,0.3055555555555482,396,35,1.6545681614167584e-06,0.009566216298716367,2.374750000000188e-11
1101,0.30583333333332596,396,35,1.6543234405675274e-06,0.009565684842255326,2.3795000000001887e-11
1102,0.30611111111110373,396,35,1.6540819130606625e-06,0.009565153415319647,2.384250000000189e-11
1103,0.3063888888888815,396,35,1.6538440854216501e-06,0.009564622017907684,2.3890000000001894e-11
1104,0.30666666666665926,396,35,1.653603323941687e-06,0.009564090650017803,2.3937500000001898e-11
1105,0.306944444444437,396,35,1.653375931094118e-06,0.009563559311648356,2.3985000000001908e-11
1106,0.3072222222222148,397,35,1.6531302497902297e-06,0.009563028002797711,2.4032500000001912e-11
1107,0.30749999999999256,397,35,1.6528956333106769e-06,0.00956249672346422,2.4080000000001922e-11
1108,0.3077777777777703,397,35,1.6526511354762707e-06,0.009561965473646253,2.412750000000193e-11
1109,0.3080555555555481,397,35,1.6524179919869638e-06,0.00956143425334216,2.4172500000001933e-11
1110,0.30833333333332585,397,35,1.6521852968915448e-06,0.009560903062550308,2.4217500000001935e-11
1111,0.3086111111111036,397,35,1.651950549369778e-06,0.009560371901269054,2.4262500000001946e-11
1112,0.3088888888888814,397,35,1.6517153581867428e-06,0.009559840769496763,2.431000000000195e-11
1113,0.30916666666665915,396,36,1.6514817140898775e-06,0.009559309667231794,2.4357500000001953e-11
1114,0.3094444444444369,397,36,1.651232367054209e-06,0.0095587785944725,2.4405000000001957e-11
1115,0.3097222222222147,397,36,1.6509928553462495e-06,0.009558247551217255,2.4452500000001964e-11
1116,0.30999999999999245,397,36,1.6507515752298887e-06,0.009557716537464407,2.4500000000001967e-11
1117,0.3102777777777702,397,36,1.6505119469608137e-06,0.009557185553212328,2.4547500000001977e-11
1118,0.310555555555548,397,36,1.6502772328645488e-06,0.00955665459845937,2.4595000000001984e-11
1119,0.31083333333332575,398,36,1.6500221936839175e-06,0.009556123673203902,2.4642500000001988e-11
1120,0.3111111111111035,398,36,1.6497893715783646e-06,0.009555592777444279,2.469000000000199e-11
1121,0.3113888888888813,398,36,1.649554691489199e-06,0.009555061911178867,2.4735000000002002e-11
1122,0.31166666666665904,398,36,1.6493139962598644e-06,0.009554531074406025,2.4780000000002004e-11
1123,0.3119444444444368,398,36,1.649081616433052e-06,0.009554000267124113,2.482500000000201e-11
1124,0.3122222222222146,398,36,1.6488578091162268e-06,0.009553469489331494,2.4870000000002017e-11
1125,0.31249999999999234,399,36,1.6486221519785661e-06,0.009552938741026532,2.4915000000002025e-11
1126,0.3127777777777701,399,36,1.6483852805800364e-06,0.009552408022207587,2.496000000000203e-11
1127,0.31305555555554787,399,36,1.6481532094396238e-06,0.009551877332873021,2.5005000000002037e-11
1128,0.31333333333332564,399,36,1.647916599061921e-06,0.009551346673021193,2.5050000000002042e-11
1129,0.3136111111111034,399,36,1.6476860069678848e-06,0.009550816042650472,2.509500000000205e-11
1130,0.31388888888888117,399,36,1.647460386173899e-06,0.009550285441759211,2.5140000000002052e-11
1131,0.31416666666665893,400,36,1.6472331806017934e-06,0.009549754870345782,2.5185000000002063e-11
1132,0.3144444444444367,400,36,1.6470149063673247e-06,0.00954922432840854,2.523250000000207e-11
1133,0.31472222222221446,399,37,1.6467881398689075e-06,0.009548693815945851,2.528000000000207e-11
1134,0.31499999999999223,399,37,1.6465593457167204e-06,0.009548163332956076,2.5327500000002077e-11
1135,0.31527777777777,399,37,1.6463434202394731e-06,0.009547632879437579,2.5375000000002087e-11
1136,0.31555555555554776,399,37,1.6461315699737062e-06,0.009547102455388723,2.5422500000002094e-11
1137,0.3158333333333255,399,37,1.6459181020537555e-06,0.009546572060807867,2.54725000000021e-11
1138,0.3161111111111033,397,39,1.6457019418385104e-06,0.009546041695693378,2.5522500000002108e-11
1139,0.31638888888888106,399,39,1.6454796778430754e-06,0.009545511360043618,2.5575000000002106e-11
1140,0.3166666666666588,398,40,1.6452643740253482e-06,0.009544981053856951,2.562750000000211e-11
1141,0.3169444444444366,398,40,1.6450502209155306e-06,0.009544450777131735,2.568000000000212e-11
1142,0.31722222222221436,398,40,1.6448384975243855e-06,0.009543920529866343,2.573250000000213e-11
1143,0.3174999999999921,398,40,1.6446349098295288e-06,0.009543390312059127,2.5785000000002134e-11
1144,0.3177777777777699,398,40,1.6444235661892234e-06,0.009542860123708457,2.5837500000002138e-11
1145,0.31805555555554765,399,40,1.6442174383108844e-06,0.009542329964812695,2.5890000000002146e-11
1146,0.3183333333333254,399,40,1.6440137157116914e-06,0.009541799835370205,2.594250000000215e-11
1147,0.3186111111111032,399,40,1.6438002397923694e-06,0.009541269735379351,2.5995000000002158e-11
1148,0.31888888888888095,399,40,1.6435976219757218e-06,0.009540739664838498,2.6047500000002163e-11
1149,0.3191666666666587,400,40,1.643386628430263e-06,0.009540209623746005,2.6102500000002166e-11
1150,0.3194444444444365,399,41,1.643174071461831e-06,0.009539679612100243,2.6157500000002176e-11
1151,0.31972222222221425,399,41,1.6429721233227564e-06,0.009539149629899569,2.6212500000002182e-11
1152,0.319999999999992,399,41,1.642757940820918e-06,0.009538619677142353,2.6267500000002186e-11
1153,0.3202777777777698,399,41,1.6425580140505676e-06,0.009538089753826959,2.6322500000002195e-11
1154,0.32055555555554754,399,41,1.6423518439245562e-06,0.009537559859951746,2.6377500000002192e-11
1155,0.3208333333333253,399,41,1.6421422460425806e-06,0.009537029995515083,2.643250000000221e-11
1156,0.3211111111111031,400,41,1.641937988568892e-06,0.00953650016051533,2.6487500000002212e-11
1157,0.32138888888888084,400,41,1.6417380548206992e-06,0.009535970354950858,2.654250000000222e-11
1158,0.3216666666666586,400,41,1.6415333617011481e-06,0.00953544057882003,2.659750000000223e-11
1159,0.3219444444444364,400,41,1.6413351133707572e-06,0.009534910832121206,2.6652500000002225e-11
1160,0.32222222222221414,400,41,1.6411342377000677e-06,0.009534381114852757,2.6707500000002238e-11
1161,0.3224999999999919,400,41,1.6409271320154088e-06,0.009533851427013042,2.6762500000002248e-11
1162,0.32277777777776967,400,41,1.6407264305885756e-06,0.00953332176860043,2.681500000000225e-11
1163,0.32305555555554744,400,41,1.640517083962944e-06,0.009532792139613284,2.686750000000225e-11
1164,0.3233333333333252,400,41,1.6403118097579432e-06,0.009532262540049973,2.6920000000002267e-11
1165,0.32361111111110297,400,41,1.640105165752448e-06,0.009531732969908861,2.6972500000002265e-11
1166,0.32388888888888073,400,41,1.6398984672783164e-06,0.00953120342918831,2.702500000000228e-11
1167,0.3241666666666585,400,41,1.6396980714370864e-06,0.00953067391788669,2.7077500000002278e-11
1168,0.32444444444443626,401,41,1.6394886762820265e-06,0.009530144436002363,2.713000000000229e-11
1169,0.32472222222221403,401,41,1.639277540790137e-06,0.009529614983533696,2.71800000000023e-11
1170,0.3249999999999918,401,41,1.639079145704346e-06,0.009529085560479055,2.7230000000002306e-11
1171,0.32527777777776956,401,41,1.638888621349415e-06,0.009528556166836805,2.7282500000002308e-11
1172,0.3255555555555473,400,42,1.6386833046947598e-06,0.009528026802605317,2.7335000000002312e-11
1173,0.3258333333333251,400,42,1.6384864821466497e-06,0.00952749746778295,2.7387500000002323e-11
1174,0.32611111111110286,401,42,1.6382955911575338e-06,0.009526968162368074,2.744000000000233e-11
1175,0.3263888888888806,401,42,1.6380888905376025e-06,0.00952643888635905,2.7492500000002335e-11
1176,0.3266666666666584,401,42,1.637889997369422e-06,0.009525909639754257,2.754500000000234e-11
1177,0.32694444444443616,400,43,1.6376974431504425e-06,0.009525380422552047,2.7597500000002344e-11
1178,0.3272222222222139,400,43,1.6375002172820449e-06,0.009524851234750796,2.7650000000002352e-11
1179,0.3274999999999917,400,43,1.6372956700015176e-06,0.009524322076348863,2.7702500000002363e-11
1180,0.32777777777776945,400,43,1.6371118161403661e-06,0.009523792947344624,2.7755000000002367e-11
1181,0.3280555555555472,400,43,1.6369100597833925e-06,0.009523263847736437,2.780750000000237e-11
1182,0.328333333333325,401,43,1.6367180645249508e-06,0.009522734777522674,2.786000000000238e-11
1183,0.32861111111110275,401,43,1.6365211864437876e-06,0.0095222057367017,2.7912500000002387e-11
1184,0.3288888888888805,401,43,1.636326793163942e-06,0.009521676725271887,2.796500000000239e-11
1185,0.3291666666666583,401,43,1.6361455991750828e-06,0.009521147743231593,2.8017500000002402e-11
1186,0.32944444444443605,401,43,1.6359541269720598e-06,0.00952061879057919,2.807000000000241e-11
1187,0.3297222222222138,402,43,1.6357557453805075e-06,0.00952008986731305,2.8122500000002415e-11
1188,0.3299999999999916,404,43,1.635557701198639e-06,0.009519560973431531,2.817500000000242e-11
1189,0.33027777777776934,404,43,1.6353627888303195e-06,0.009519032108933007,2.8227500000002427e-11
1190,0.3305555555555471,405,43,1.6351702316346989e-06,0.009518503273815846,2.828000000000243e-11
1191,0.3308333333333249,405,43,1.6349781079388872e-06,0.00951797446807841,2.8332500000002442e-11
1192,0.33111111111110264,405,43,1.6347839627673374e-06,0.009517445691719074,2.838500000000245e-11
1193,0.3313888888888804,405,43,1.634601598311107e-06,0.0095169169447362,2.8437500000002448e-11
1194,0.33166666666665817,405,43,1.6344242782856212e-06,0.009516388227128159,2.8490000000002462e-11
1195,0.33194444444443594,405,43,1.6342433541835532e-06,0.009515859538893319,2.854500000000247e-11
1196,0.3322222222222137,404,44,1.6340604979117455e-06,0.009515330880030048,2.8600000000002472e-11
1197,0.33249999999999147,404,44,1.6338805963794816e-06,0.009514802250536714,2.8655000000002482e-11
1198,0.33277777777776923,404,44,1.633703061949689e-06,0.009514273650411685,2.8710000000002485e-11
1199,0.333055555555547,404,44,1.6335167377309921e-06,0.009513745079653328,2.8765000000002495e-11
1200,0.33333333333332477,405,44,1.6333346705998773e-06,0.009513216538260014,2.8820000000002505e-11
1201,0.33361111111110253,405,44,1.6331466693408216e-06,0.009512688026230114,2.887250000000251e-11
1202,0.3338888888888803,405,44,1.632960949451761e-06,0.009512159543561988,2.8925000000002517e-11
1203,0.33416666666665806,405,44,1.6327845566180219e-06,0.009511631090254012,2.8977500000002528e-11
1204,0.33444444444443583,406,44,1.6326070926328127e-06,0.009511102666304554,2.903000000000253e-11
1205,0.3347222222222136,406,44,1.6324206154577006e-06,0.009510574271711982,2.908250000000254e-11
1206,0.33499999999999136,406,44,1.6322354405320756e-06,0.009510045906474666,2.913500000000254e-11
1207,0.3352777777777691,406,44,1.6320459175637091e-06,0.009509517570590972,2.918750000000255e-11
1208,0.3355555555555469,406,44,1.631868624017188e-06,0.009508989264059273,2.924000000000256e-11
1209,0.33583333333332466,407,44,1.6316834678167899e-06,0.009508460986877937,2.9292500000002564e-11
1210,0.3361111111111024,407,44,1.6315009596754206e-06,0.009507932739045334,2.9345000000002575e-11
1211,0.3363888888888802,407,44,1.631323822417716e-06,0.009507404520559832,2.939750000000258e-11
1212,0.33666666666665795,407,44,1.6311452690054764e-06,0.0095068763314198,2.9450000000002584e-11
1213,0.3369444444444357,407,44,1.6309631516938364e-06,0.00950634817162361,2.9502500000002595e-11
1214,0.3372222222222135,407,44,1.630787343145456e-06,0.009505820041169632,2.95550000000026e-11
1215,0.33749999999999125,407,44,1.630606733837784e-06,0.009505291940056235,2.96075000000026e-11
1216,0.337777777777769,407,44,1.6304372024012564e-06,0.009504763868281786,2.966000000000261e-11
1217,0.3380555555555468,407,44,1.630261928697576e-06,0.009504235825844662,2.9710000000002624e-11
1218,0.33833333333332455,407,44,1.630083872173609e-06,0.009503707812743225,2.9760000000002626e-11
1219,0.3386111111111023,407,44,1.62990731850781e-06,0.009503179828975852,2.981000000000263e-11
1220,0.3388888888888801,407,44,1.6297331590992142e-06,0.009502651874540911,2.9860000000002644e-11
1221,0.33916666666665785,407,44,1.629556024091082e-06,0.009502123949436768,2.9910000000002646e-11
1222,0.3394444444444356,407,44,1.6293807987132081e-06,0.009501596053661798,2.9960000000002655e-11
1223,0.3397222222222134,407,44,1.6292156425482548e-06,0.009501068187214374,3.0010000000002664e-11
1224,0.33999999999999114,407,44,1.6290458519562034e-06,0.009500540350092863,3.006000000000268e-11
1225,0.3402777777777689,408,44,1.6288667192888351e-06,0.009500012542295634,3.011000000000268e-11
1226,0.3405555555555467,408,44,1.6286929242606794e-06,0.009499484763821063,3.0160000000002684e-11
1227,0.34083333333332444,408,44,1.6285199047986247e-06,0.009498957014667518,3.0210000000002687e-11
1228,0.3411111111111022,408,44,1.6283519544358797e-06,0.00949842929483337,3.0260000000002696e-11
1229,0.34138888888887997,408,44,1.6281830479808283e-06,0.009497901604316992,3.03100000000027e-11
1230,0.34166666666665774,408,44,1.628013426154384e-06,0.009497373943116751,3.036000000000271e-11
1231,0.3419444444444355,408,44,1.627832979426663e-06,0.009496846311231023,3.0410000000002716e-11
1232,0.34222222222221327,408,44,1.6276618582142549e-06,0.00949631870865818,3.046000000000273e-11
1233,0.34249999999999103,408,44,1.627488956282569e-06,0.009495791135396586,3.051000000000274e-11
1234,0.3427777777777688,408,44,1.6273060880858622e-06,0.009495263591444621,3.056000000000274e-11
1235,0.34305555555554657,408,44,1.6271381220917858e-06,0.009494736076800648,3.0610000000002745e-11
1236,0.34333333333332433,409,44,1.6269692017266584e-06,0.009494208591463047,3.0660000000002754e-11
1237,0.3436111111111021,409,44,1.6267940154412887e-06,0.00949368113543019,3.071000000000277e-11
1238,0.34388888888887986,409,44,1.6266165814366283e-06,0.009493153708700443,3.076000000000277e-11
1239,0.34416666666665763,410,44,1.6264385666295913e-06,0.009492626311272184,3.081000000000278e-11
1240,0.3444444444444354,410,44,1.626271932201859e-06,0.009492098943143781,3.086000000000279e-11
1241,0.34472222222221316,411,44,1.6260940598002102e-06,0.009491571604313607,3.091000000000279e-11
1242,0.3449999999999909,411,44,1.6259312670552985e-06,0.009491044294780034,3.09600000000028e-11
1243,0.3452777777777687,411,44,1.625764775065728e-06,0.009490517014541434,3.101000000000281e-11
1244,0.34555555555554646,411,44,1.6255859065370505e-06,0.009489989763596184,3.106000000000282e-11
1245,0.3458333333333242,411,44,1.6254030925723924e-06,0.009489462541942651,3.111000000000283e-11
1246,0.346111111111102,411,44,1.6252273037451511e-06,0.00948893534957921,3.116000000000283e-11
1247,0.34638888888887975,411,44,1.6250587535984223e-06,0.009488408186504232,3.121250000000284e-11
1248,0.3466666666666575,411,45,1.6248964417854943e-06,0.009487881052716094,3.1265000000002845e-11
1249,0.3469444444444353,411,45,1.6247248899570008e-06,0.009487353948213166,3.131750000000285e-11
1250,0.34722222222221305,411,45,1.6245510414121762e-06,0.009486826872993822,3.137000000000286e-11
1251,0.3474999999999908,411,45,1.6243778209837753e-06,0.009486299827056432,3.1422500000002865e-11
1252,0.3477777777777686,411,45,1.6242026970424543e-06,0.009485772810399374,3.1475000000002876e-11
1253,0.34805555555554635,412,45,1.6240219639522429e-06,0.00948524582302102,3.152750000000288e-11
1254,0.3483333333333241,412,45,1.6238472923074245e-06,0.00948471886491974,3.158250000000289e-11
1255,0.3486111111111019,411,46,1.6236758148736458e-06,0.009484191936093914,3.163750000000289e-11
1256,0.34888888888887964,411,46,1.623506902613784e-06,0.009483665036541907,3.1692500000002906e-11
1257,0.3491666666666574,411,46,1.6233360364614392e-06,0.009483138166262098,3.174750000000291e-11
1258,0.3494444444444352,410,47,1.623164478327391e-06,0.009482611325252865,3.180250000000292e-11
1259,0.34972222222221294,410,47,1.622986764980164e-06,0.009482084513512573,3.1857500000002926e-11
1260,0.3499999999999907,410,47,1.622809237185555e-06,0.0094815577310396,3.191250000000293e-11
1261,0.3502777777777685,410,47,1.6226371127834816e-06,0.009481030977832318,3.196750000000294e-11
1262,0.35055555555554624,410,47,1.6224642494247054e-06,0.009480504253889107,3.202250000000295e-11
1263,0.350833333333324,410,47,1.6222920094554065e-06,0.009479977559208335,3.207750000000296e-11
1264,0.35111111111110177,410,47,1.6221244390274044e-06,0.009479450893788379,3.213250000000297e-11
1265,0.35138888888887954,410,47,1.6219539576701255e-06,0.009478924257627613,3.218750000000297e-11
1266,0.3516666666666573,410,47,1.6217775915251778e-06,0.009478397650724413,3.224250000000298e-11
1267,0.35194444444443507,410,47,1.621608874497581e-06,0.00947787107307715,3.2297500000002984e-11
1268,0.35222222222221283,410,47,1.621433622922603e-06,0.009477344524684201,3.235250000000299e-11
1269,0.3524999999999906,410,47,1.6212640309630106e-06,0.009476818005543942,3.240500000000301e-11
1270,0.35277777777776836,411,47,1.6210941898605412e-06,0.009476291515654746,3.245750000000301e-11
1271,0.35305555555554613,411,47,1.620910667444056e-06,0.009475765055014988,3.251000000000302e-11
1272,0.3533333333333239,411,47,1.6207330662365332e-06,0.009475238623623043,3.256250000000303e-11
1273,0.35361111111110166,411,47,1.6205681853634621e-06,0.009474712221477286,3.261500000000303e-11
1274,0.3538888888888794,411,47,1.6203996120133533e-06,0.009474185848576093,3.2667500000003044e-11
1275,0.3541666666666572,411,47,1.6202296094432713e-06,0.009473659504917839,3.272000000000305e-11
1276,0.35444444444443496,411,47,1.6200575035489198e-06,0.0094731331905009,3.277250000000305e-11
1277,0.3547222222222127,411,47,1.619877762421329e-06,0.00947260690532365,3.282500000000307e-11
1278,0.3549999999999905,411,47,1.6197139449009454e-06,0.009472080649384467,3.2877500000003074e-11
1279,0.35527777777776826,411,47,1.6195397620188428e-06,0.009471554422681723,3.2930000000003085e-11
1280,0.355555555555546,411,47,1.6193567482545551e-06,0.009471028225213797,3.298250000000309e-11
1281,0.3558333333333238,411,47,1.6191779737359924e-06,0.009470502056979064,3.3035000000003094e-11
1282,0.35611111111110155,411,47,1.6190065789391535e-06,0.009469975917975897,3.30875000000031e-11
1283,0.3563888888888793,411,47,1.6188370407376308e-06,0.009469449808202676,3.314000000000311e-11
1284,0.3566666666666571,411,47,1.6186605688540506e-06,0.009468923727657778,3.3192500000003114e-11
1285,0.35694444444443485,412,47,1.6184907777930462e-06,0.009468397676339573,3.3245000000003125e-11
1286,0.3572222222222126,412,47,1.6183110864699369e-06,0.009467871654246446,3.3297500000003136e-11
1287,0.3574999999999904,412,47,1.6181341169519487e-06,0.009467345661376764,3.335000000000314e-11
1288,0.35777777777776815,412,47,1.6179630254395491e-06,0.00946681969772891,3.340250000000315e-11
1289,0.3580555555555459,412,47,1.6177853012299778e-06,0.009466293763301258,3.345500000000316e-11
1290,0.3583333333333237,412,47,1.6176067437869747e-06,0.009465767858092188,3.350750000000316e-11
1291,0.35861111111110144,412,47,1.617426344829093e-06,0.00946524198210007,3.356000000000317e-11
1292,0.3588888888888792,412,47,1.617251741364376e-06,0.009464716135323287,3.361250000000319e-11
1293,0.359166666666657,412,47,1.6170791395006598e-06,0.009464190317760213,3.366500000000319e-11
1294,0.35944444444443474,412,47,1.6169011559984466e-06,0.009463664529409228,3.37150000000032e-11
1295,0.3597222222222125,412,47,1.616729823516886e-06,0.009463138770268706,3.3765000000003205e-11
1296,0.35999999999999027,412,47,1.61655753523526e-06,0.009462613040337025,3.3810000000003216e-11
1297,0.36027777777776804,412,47,1.6163891757527682e-06,0.009462087339612561,3.3855000000003214e-11
1298,0.3605555555555458,412,47,1.6162133089199892e-06,0.009461561668093695,3.390000000000323e-11
1299,0.36083333333332357,412,47,1.6160349221321853e-06,0.009461036025778802,3.3945000000003236e-11
1300,0.36111111111110133,412,47,1.615856585834215e-06,0.009460510412666259,3.399000000000325e-11
1301,0.3613888888888791,412,47,1.6156815452642532e-06,0.009459984828754443,3.403500000000326e-11
1302,0.36166666666665687,412,47,1.6155029296307564e-06,0.009459459274041737,3.4080000000003264e-11
1303,0.36194444444443463,412,47,1.615330733696849e-06,0.009458933748526513,3.4125000000003275e-11
1304,0.3622222222222124,413,47,1.6151591415497861e-06,0.00945840825220715,3.417000000000328e-11
1305,0.36249999999999016,413,47,1.6149861782867777e-06,0.009457882785082026,3.4217500000003286e-11
1306,0.36277777777776793,412,48,1.6148139255068584e-06,0.009457357347149522,3.4265000000003293e-11
1307,0.3630555555555457,412,48,1.6146426930176642e-06,0.009456831938408015,3.43125000000033e-11
1308,0.36333333333332346,412,48,1.6144758407259068e-06,0.009456306558855881,3.4360000000003313e-11
1309,0.3636111111111012,412,48,1.6143096323950633e-06,0.009455781208491502,3.440750000000332e-11
1310,0.363888888888879,412,48,1.6141390630462652e-06,0.009455255887313253,3.445500000000333e-11
1311,0.36416666666665676,412,48,1.6139714368566365e-06,0.009454730595319512,3.450250000000334e-11
1312,0.3644444444444345,412,48,1.6138072663903145e-06,0.009454205332508661,3.455000000000334e-11
1313,0.3647222222222123,412,48,1.6136407818495373e-06,0.009453680098879078,3.4597500000003354e-11
1314,0.36499999999999005,412,48,1.6134810493952045e-06,0.009453154894429142,3.464500000000336e-11
1315,0.3652777777777678,412,48,1.6133149663387005e-06,0.00945262971915723,3.469250000000337e-11
1316,0.3655555555555456,412,48,1.6131372352027703e-06,0.00945210457306172,3.474000000000338e-11
1317,0.36583333333332335,412,48,1.6129716667600577e-06,0.009451579456140993,3.478750000000338e-11
1318,0.3661111111111011,413,48,1.6128021244594355e-06,0.00945105436839343,3.4835000000003394e-11
1319,0.3663888888888789,413,48,1.6126274951764149e-06,0.009450529309817409,3.48825000000034e-11
1320,0.36666666666665665,413,48,1.612456064172991e-06,0.009450004280411308,3.493250000000341e-11
1321,0.3669444444444344,412,49,1.6122877135052583e-06,0.00944947928017351,3.4982500000003425e-11
1322,0.3672222222222122,412,49,1.6121121751470142e-06,0.00944895430910239,3.503250000000343e-11
1323,0.36749999999998995,412,49,1.6119428760639597e-06,0.009448429367196327,3.5082500000003437e-11
1324,0.3677777777777677,412,49,1.6117678022885024e-06,0.009447904454453706,3.5132500000003446e-11
1325,0.3680555555555455,412,49,1.6116011893087856e-06,0.009447379570872905,3.518250000000346e-11
1326,0.36833333333332324,412,49,1.611429088462224e-06,0.0094468547164523,3.5232500000003463e-11
1327,0.368611111111101,412,49,1.6112509440451075e-06,0.009446329891190276,3.528250000000346e-11
1328,0.3688888888888788,412,49,1.6110739224195703e-06,0.009445805095085209,3.533250000000347e-11
1329,0.36916666666665654,412,49,1.6108918079849163e-06,0.009445280328135481,3.5382500000003484e-11
1330,0.3694444444444343,412,49,1.610723779915988e-06,0.009444755590339476,3.543250000000349e-11
1331,0.36972222222221207,412,49,1.6105518421577407e-06,0.009444230881695569,3.548250000000351e-11
1332,0.36999999999998984,412,49,1.6103794617269514e-06,0.00944370620220214,3.5532500000003517e-11
1333,0.3702777777777676,412,49,1.6102105323487645e-06,0.009443181551857575,3.558250000000352e-11
1334,0.37055555555554537,412,49,1.6100486625971133e-06,0.009442656930660251,3.5632500000003534e-11
1335,0.37083333333332313,412,49,1.6098814719138266e-06,0.009442132338608548,3.568250000000354e-11
1336,0.3711111111111009,412,49,1.6097066511945848e-06,0.009441607775700847,3.5732500000003546e-11
1337,0.37138888888887867,413,49,1.6095366728467228e-06,0.00944108324193553,3.5785000000003557e-11
1338,0.37166666666665643,412,50,1.6093627379960771e-06,0.009440558737310978,3.583750000000356e-11
1339,0.3719444444444342,412,50,1.6091891030840313e-06,0.009440034261825572,3.589000000000357e-11
1340,0.37222222222221196,412,50,1.6090264084766066e-06,0.009439509815477693,3.5942500000003576e-11
1341,0.37249999999998973,412,50,1.6088607228311083e-06,0.009438985398265723,3.599500000000359e-11
1342,0.3727777777777675,412,50,1.608685966221178e-06,0.009438461010188042,3.604750000000359e-11
1343,0.37305555555554526,412,50,1.6085193898371448e-06,0.009437936651243033,3.6102500000003605e-11
1344,0.373333333333323,411,51,1.608349063494352e-06,0.009437412321429074,3.615750000000361e-11
1345,0.3736111111111008,411,51,1.6081743022008676e-06,0.009436888020744551,3.621250000000362e-11
1346,0.37388888888887856,411,51,1.6080078242319336e-06,0.009436363749187842,3.6267500000003624e-11
1347,0.3741666666666563,411,51,1.6078355684285825e-06,0.009435839506757332,3.632250000000364e-11
1348,0.3744444444444341,411,51,1.6076570764717283e-06,0.009435315293451403,3.6377500000003644e-11
1349,0.37472222222221185,411,51,1.6074807286594148e-06,0.009434791109268434,3.643250000000365e-11
1350,0.3749999999999896,411,51,1.6073073653370077e-06,0.00943426695420681,3.6487500000003664e-11
1351,0.3752777777777674,411,51,1.6071321636473777e-06,0.009433742828264908,3.654250000000367e-11
1352,0.37555555555554515,412,51,1.6069620315488708e-06,0.009433218731441118,3.659750000000368e-11
1353,0.3758333333333229,412,51,1.606794583520805e-06,0.009432694663733813,3.665250000000368e-11
1354,0.3761111111111007,412,51,1.6066259152468717e-06,0.009432170625141385,3.67075000000037e-11
1355,0.37638888888887845,412,51,1.6064584355790951e-06,0.00943164661566221,3.676250000000371e-11
1356,0.3766666666666562,412,51,1.6062877318774184e-06,0.009431122635294673,3.6817500000003716e-11
1357,0.376944444444434,412,51,1.6061195540478177e-06,0.009430598684037157,3.687250000000373e-11
1358,0.37722222222221174,412,51,1.6059468746906052e-06,0.009430074761888044,3.6927500000003735e-11
1359,0.3774999999999895,412,51,1.6057807619243814e-06,0.009429550868845718,3.6982500000003735e-11
1360,0.3777777777777673,412,51,1.6056093484611937e-06,0.00942902700490856,3.703250000000375e-11
1361,0.37805555555554504,412,51,1.6054486593053398e-06,0.009428503170074952,3.708250000000375e-11
1362,0.3783333333333228,412,51,1.6052767216853634e-06,0.009427979364343284,3.713250000000377e-11
1363,0.3786111111111006,412,51,1.6051201964846222e-06,0.009427455587711932,3.718250000000378e-11
1364,0.37888888888887834,412,51,1.6049519991827458e-06,0.009426931840179282,3.723250000000378e-11
1365,0.3791666666666561,412,51,1.6047821399450264e-06,0.009426408121743717,3.7282500000003795e-11
1366,0.37944444444443387,412,51,1.6046116116298206e-06,0.009425884432403619,3.7332500000003804e-11
1367,0.37972222222221164,412,51,1.6044471916756657e-06,0.009425360772157375,3.7382500000003806e-11
1368,0.3799999999999894,412,51,1.6042693981523194e-06,0.009424837141003367,3.743250000000382e-11
1369,0.38027777777776717,412,51,1.604102561708986e-06,0.009424313538939976,3.748250000000383e-11
1370,0.38055555555554493,412,51,1.6039352075368405e-06,0.009423789965965592,3.753250000000384e-11
1371,0.3808333333333227,412,51,1.6037644101104288e-06,0.009423266422078594,3.758250000000385e-11
1372,0.38111111111110046,412,51,1.6035964500173083e-06,0.009422742907277367,3.763250000000386e-11
1373,0.38138888888887823,412,51,1.6034197294965507e-06,0.009422219421560296,3.7682500000003866e-11
1374,0.381666666666656,412,51,1.6032538870885476e-06,0.009421695964925767,3.7732500000003875e-11
1375,0.38194444444443376,412,51,1.6030842646423233e-06,0.009421172537372161,3.7782500000003884e-11
1376,0.3822222222222115,413,51,1.6029103819714456e-06,0.009420649138897862,3.78325000000039e-11
1377,0.3824999999999893,413,51,1.6027380688690413e-06,0.009420125769501258,3.788250000000391e-11
1378,0.38277777777776706,413,51,1.6025642454177883e-06,0.009419602429180728,3.793000000000391e-11
1379,0.3830555555555448,413,51,1.602395738335164e-06,0.009419079117934664,3.797750000000392e-11
1380,0.3833333333333226,414,51,1.6022169999414613e-06,0.009418555835761445,3.802500000000393e-11
1381,0.38361111111110036,414,51,1.6020492929656251e-06,0.00941803258265946,3.807250000000394e-11
1382,0.3838888888888781,414,51,1.6018769728394693e-06,0.009417509358627089,3.812250000000395e-11
1383,0.3841666666666559,413,52,1.6017034776939399e-06,0.009416986163662721,3.817750000000395e-11
1384,0.38444444444443365,411,54,1.6015279167541756e-06,0.009416462997764741,3.8232500000003964e-11
1385,0.3847222222222114,411,54,1.6013583798497891e-06,0.00941593986093153,3.8287500000003977e-11
1386,0.3849999999999892,411,54,1.6011872630275102e-06,0.009415416753161479,3.834250000000398e-11
1387,0.38527777777776695,411,54,1.6010096734194908e-06,0.009414893674452971,3.8400000000004e-11
1388,0.3855555555555447,410,55,1.6008370641734215e-06,0.00941437062480439,3.8457500000004e-11
1389,0.3858333333333225,410,55,1.60066713006132e-06,0.009413847604214124,3.851500000000401e-11
1390,0.38611111111110025,410,55,1.600492735958002e-06,0.009413324612680556,3.857500000000402e-11
1391,0.386388888888878,409,56,1.6003293851782902e-06,0.009412801650202076,3.863750000000402e-11
1392,0.3866666666666558,408,57,1.6001657211228755e-06,0.009412278716777064,3.870000000000404e-11
1393,0.38694444444443354,408,57,1.599990643868514e-06,0.00941175581240391,3.8762500000004045e-11
1394,0.3872222222222113,408,57,1.5998227761257123e-06,0.009411232937080998,3.882500000000405e-11
1395,0.3874999999999891,408,57,1.5996598168218323e-06,0.009410710090806716,3.888750000000407e-11
1396,0.38777777777776684,408,57,1.5994903693388536e-06,0.00941018727357945,3.895000000000407e-11
1397,0.3880555555555446,408,57,1.59932732061234e-06,0.009409664485397587,3.901250000000408e-11
1398,0.3883333333333224,408,57,1.5991576858549896e-06,0.009409141726259507,3.9075000000004095e-11
1399,0.38861111111110014,408,57,1.5989889596139777e-06,0.009408618996163605,3.913750000000411e-11
1400,0.3888888888888779,409,57,1.5988308711523805e-06,0.009408096295108262,3.919750000000411e-11
1401,0.38916666666665567,409,57,1.5986706759283802e-06,0.009407573623091869,3.9257500000004116e-11
1402,0.38944444444443344,409,57,1.5985018873152928e-06,0.00940705098011281,3.9317500000004134e-11
1403,0.3897222222222112,409,57,1.5983387370726697e-06,0.009406528366169467,3.9380000000004146e-11
1404,0.38999999999998897,409,58,1.5981827467678228e-06,0.009406005781260237,3.9442500000004146e-11
1405,0.39027777777776673,409,58,1.5980190106849717e-06,0.0094054832253835,3.950500000000415e-11
1406,0.3905555555555445,409,58,1.597852427946789e-06,0.009404960698537647,3.9567500000004165e-11
1407,0.39083333333332226,409,58,1.5976844470045305e-06,0.009404438200721062,3.963000000000417e-11
1408,0.39111111111110003,409,58,1.5975121009646452e-06,0.009403915731932133,3.9695000000004186e-11
1409,0.3913888888888778,408,59,1.5973414790472242e-06,0.00940339329216925,3.9760000000004194e-11
1410,0.39166666666665556,408,59,1.5971769640782851e-06,0.009402870881430794,3.982250000000421e-11
1411,0.3919444444444333,408,59,1.5970027460337804e-06,0.00940234849971516,3.988500000000422e-11
1412,0.3922222222222111,408,59,1.5968418978728767e-06,0.00940182614702073,3.9947500000004226e-11
1413,0.39249999999998886,408,59,1.5966783327686609e-06,0.009401303823345898,4.001000000000424e-11
1414,0.3927777777777666,408,59,1.59652026960274e-06,0.009400781528689046,4.007250000000424e-11
1415,0.3930555555555444,408,59,1.5963517833617294e-06,0.009400259263048561,4.0135000000004245e-11
1416,0.39333333333332215,408,59,1.5961871752492452e-06,0.009399737026422838,4.019750000000425e-11
1417,0.3936111111110999,408,59,1.5960221228729033e-06,0.009399214818810259,4.0260000000004264e-11
1418,0.3938888888888777,408,59,1.595862345124573e-06,0.009398692640209216,4.032250000000428e-11
1419,0.39416666666665545,408,59,1.5957018475950435e-06,0.009398170490618089,4.0385000000004296e-11
1420,0.3944444444444332,408,59,1.5955326028581775e-06,0.009397648370035282,4.0447500000004295e-11
1421,0.394722222222211,408,59,1.5953677413571694e-06,0.00939712627845917,4.0512500000004304e-11
1422,0.39499999999998875,407,60,1.5952007213177961e-06,0.009396604215888142,4.057750000000431e-11
1423,0.3952777777777665,407,60,1.5950404251644766e-06,0.009396082182320593,4.0642500000004327e-11
1424,0.3955555555555443,408,60,1.5948699822412711e-06,0.009395560177754909,4.070750000000434e-11
1425,0.39583333333332205,408,60,1.5947073175397537e-06,0.009395038202189477,4.0772500000004343e-11
1426,0.3961111111110998,409,60,1.5945371689254948e-06,0.009394516255622688,4.083750000000436e-11
1427,0.3963888888888776,409,60,1.5943692082738437e-06,0.009393994338052934,4.0902500000004366e-11
1428,0.39666666666665534,409,60,1.5942069379943641e-06,0.009393472449478598,4.096750000000437e-11
1429,0.3969444444444331,409,60,1.5940416878505808e-06,0.009392950589898072,4.103250000000438e-11
1430,0.3972222222222109,409,60,1.593876673514233e-06,0.009392428759309745,4.109750000000439e-11
1431,0.39749999999998864,409,60,1.5937073203816158e-06,0.009391906957712004,4.11650000000044e-11
1432,0.3977777777777664,408,61,1.5935428042321835e-06,0.009391385185103246,4.123250000000441e-11
1433,0.39805555555554417,408,61,1.5933734575357066e-06,0.009390863441481849,4.130000000000442e-11
1434,0.39833333333332194,408,61,1.593201939259719e-06,0.009390341726846212,4.1367500000004426e-11
1435,0.3986111111110997,408,61,1.5930394926859753e-06,0.009389820041194718,4.143500000000444e-11
1436,0.39888888888887747,408,61,1.592871934794168e-06,0.009389298384525766,4.150250000000446e-11
1437,0.39916666666665523,409,61,1.5927025208620437e-06,0.009388776756837736,4.1570000000004464e-11
1438,0.399444444444433,409,61,1.592537140121518e-06,0.009388255158129024,4.163750000000447e-11
1439,0.39972222222221077,409,61,1.5923668896041791e-06,0.009387733588398017,4.1705000000004485e-11
1440,0.39999999999998853,409,61,1.5921922767070988e-06,0.009387212047643107,4.177500000000449e-11
1441,0.4002777777777663,408,62,1.5920232404876955e-06,0.00938669053586268,4.1845000000004496e-11
1442,0.40055555555554406,408,62,1.5918590470397273e-06,0.009386169053055135,4.1915000000004515e-11
1443,0.40083333333332183,408,62,1.5916942013172515e-06,0.009385647599218854,4.198500000000452e-11
1444,0.4011111111110996,408,62,1.5915274074101597e-06,0.009385126174352231,4.2055000000004534e-11
1445,0.40138888888887736,408,62,1.5913633758403642e-06,0.009384604778453655,4.212500000000454e-11
1446,0.4016666666666551,408,62,1.5911890648717147e-06,0.009384083411521518,4.219500000000455e-11
1447,0.4019444444444329,408,62,1.591027484046383e-06,0.009383562073554213,4.2265000000004565e-11
1448,0.40222222222221066,408,62,1.590867475203735e-06,0.009383040764550127,4.2332500000004575e-11
1449,0.4024999999999884,408,62,1.5907019029424683e-06,0.009382519484507653,4.240000000000458e-11
1450,0.4027777777777662,409,62,1.5905368392977219e-06,0.009381998233425181,4.246750000000459e-11
1451,0.40305555555554395,409,62,1.5903692677913563e-06,0.009381477011301102,4.25350000000046e-11
1452,0.4033333333333217,410,62,1.590201366495711e-06,0.009380955818133805,4.2602500000004616e-11
1453,0.4036111111110995,410,62,1.5900279976984948e-06,0.009380434653921688,4.267000000000463e-11
1454,0.40388888888887725,410,62,1.5898689070013493e-06,0.009379913518663137,4.273750000000464e-11
1455,0.404166666666655,410,62,1.5896945850211599e-06,0.009379392412356547,4.280500000000464e-11
1456,0.4044444444444328,410,62,1.5895225970773387e-06,0.009378871335000306,4.2872500000004645e-11
1457,0.40472222222221055,410,62,1.58935283680041e-06,0.009378350286592802,4.294000000000466e-11
1458,0.4049999999999883,410,62,1.58917452942445e-06,0.009377829267132437,4.3007500000004666e-11
1459,0.4052777777777661,410,62,1.5890001698603987e-06,0.0093773082766176,4.3075000000004676e-11
1460,0.40555555555554385,410,62,1.5888141835237821e-06,0.009376787315046677,4.314250000000469e-11
1461,0.4058333333333216,410,62,1.5886371499472834e-06,0.009376266382418062,4.32100000000047e-11
1462,0.4061111111110994,410,62,1.5884731619224556e-06,0.00937574547873015,4.327750000000471e-11
1463,0.40638888888887714,410,62,1.5882935765207248e-06,0.009375224603981332,4.3345000000004724e-11
1464,0.4066666666666549,410,62,1.588118722497869e-06,0.00937470375817,4.3412500000004734e-11
1465,0.4069444444444327,411,62,1.5879426465264665e-06,0.009374182941294546,4.3480000000004745e-11
1466,0.40722222222221044,411,62,1.5877630449309507e-06,0.009373662153353364,4.355000000000476e-11
1467,0.4074999999999882,410,63,1.587593538070806e-06,0.009373141394344843,4.362000000000476e-11
1468,0.40777777777776597,411,63,1.5874164793214928e-06,0.009372620664267382,4.3690000000004776e-11
1469,0.40805555555554374,411,63,1.5872464661275649e-06,0.009372099963119367,4.3762500000004784e-11
1470,0.4083333333333215,411,64,1.5870770364258165e-06,0.009371579290899193,4.383500000000479e-11
1471,0.40861111111109927,411,64,1.5869088696581618e-06,0.009371058647605257,4.39075000000048e-11
1472,0.40888888888887703,411,64,1.5867389454267294e-06,0.009370538033235945,4.397750000000481e-11
1473,0.4091666666666548,411,64,1.5865673812944303e-06,0.009370017447789652,4.404750000000483e-11
1474,0.40944444444443256,411,64,1.5863966613228606e-06,0.009369496891264777,4.411750000000484e-11
1475,0.40972222222221033,411,64,1.586225682582868e-06,0.009368976363659708,4.4187500000004836e-11
1476,0.4099999999999881,411,64,1.5860479958481115e-06,0.00936845586497284,4.4257500000004855e-11
1477,0.41027777777776586,411,64,1.585870931029228e-06,0.00936793539520256,4.432750000000487e-11
1478,0.4105555555555436,411,64,1.5857006299145552e-06,0.009367414954347272,4.4397500000004874e-11
1479,0.4108333333333214,411,64,1.5855277900629558e-06,0.009366894542405364,4.4467500000004886e-11
1480,0.41111111111109916,411,64,1.585352070378367e-06,0.00936637415937523,4.4537500000004905e-11
1481,0.4113888888888769,411,64,1.5851872332193983e-06,0.009365853805255267,4.460750000000491e-11
1482,0.4116666666666547,411,64,1.585017206967566e-06,0.009365333480043862,4.4677500000004923e-11
1483,0.41194444444443246,411,64,1.5848554143237048e-06,0.009364813183739414,4.4747500000004936e-11
1484,0.4122222222222102,411,64,1.5846812230151653e-06,0.009364292916340321,4.481750000000494e-11
1485,0.412499999999988,411,64,1.584514212033308e-06,0.009363772677844969,4.488750000000495e-11
1486,0.41277777777776575,411,64,1.5843567520498657e-06,0.009363252468251756,4.495750000000496e-11
1487,0.4130555555555435,411,64,1.5841935353746638e-06,0.009362732287559074,4.502750000000498e-11
1488,0.4133333333333213,412,64,1.584018191051885e-06,0.009362212135765323,4.509750000000498e-11
1489,0.41361111111109905,413,64,1.583845943110223e-06,0.00936169201286889,4.5167500000004984e-11
1490,0.4138888888888768,414,64,1.5836859323921108e-06,0.009361171918868177,4.5237500000005003e-11
1491,0.4141666666666546,414,64,1.5835153264771335e-06,0.009360651853761575,4.5307500000005016e-11
1492,0.41444444444443235,414,64,1.5833484062026198e-06,0.009360131817547477,4.537500000000502e-11
1493,0.4147222222222101,414,64,1.5831727026258652e-06,0.009359611810224279,4.5442500000005036e-11
1494,0.4149999999999879,414,64,1.583005969664454e-06,0.009359091831790378,4.551000000000505e-11
1495,0.41527777777776564,414,64,1.5828410954131407e-06,0.009358571882244168,4.558000000000505e-11
1496,0.4155555555555434,413,65,1.5826804520103564e-06,0.009358051961584042,4.565000000000507e-11
1497,0.4158333333333212,413,65,1.5825104376335262e-06,0.009357532069808399,4.5715000000005074e-11
1498,0.41611111111109894,413,65,1.5823410781797332e-06,0.009357012206915634,4.578000000000508e-11
1499,0.4163888888888767,413,65,1.5821724160706912e-06,0.009356492372904137,4.5842500000005095e-11
1500,0.4166666666666545,413,65,1.5820049301396636e-06,0.00935597256777231,4.590500000000511e-11
1501,0.41694444444443224,413,65,1.5818406944983483e-06,0.009355452791518545,4.5967500000005126e-11
1502,0.41722222222221,413,65,1.5816744755852833e-06,0.00935493304414124,4.6030000000005126e-11
1503,0.41749999999998777,413,65,1.5815109364066816e-06,0.009354413325638786,4.609250000000514e-11
1504,0.41777777777776554,413,65,1.581347783520002e-06,0.009353893636009587,4.615500000000516e-11
1505,0.4180555555555433,413,65,1.5811785462345992e-06,0.009353373975252028,4.621750000000516e-11
1506,0.41833333333332107,413,65,1.5810128006910275e-06,0.009352854343364515,4.628000000000518e-11
1507,0.41861111111109883,413,65,1.5808431117034856e-06,0.009352334740345438,4.6342500000005183e-11
1508,0.4188888888888766,413,65,1.5806742493153565e-06,0.0093518151661932,4.640500000000519e-11
1509,0.41916666666665436,413,65,1.5805063955268384e-06,0.009351295620906188,4.6465000000005207e-11
1510,0.41944444444443213,413,65,1.5803385700180254e-06,0.009350776104482804,4.652500000000522e-11
1511,0.4197222222222099,413,65,1.5801676081779982e-06,0.009350256616921444,4.658500000000523e-11
1512,0.41999999999998766,413,65,1.5799995817051142e-06,0.009349737158220505,4.664500000000524e-11
1513,0.4202777777777654,413,65,1.579829275005995e-06,0.009349217728378382,4.670500000000525e-11
1514,0.4205555555555432,413,65,1.5796607852844434e-06,0.009348698327393472,4.6765000000005253e-11
1515,0.42083333333332096,414,65,1.5794885970792288e-06,0.009348178955264174,4.682500000000527e-11
1516,0.4211111111110987,414,65,1.5793224713824751e-06,0.009347659611988881,4.688500000000529e-11
1517,0.4213888888888765,414,65,1.5791538982536054e-06,0.009347140297565993,4.69450000000053e-11
1518,0.42166666666665426,414,65,1.578986907791375e-06,0.009346621011993907,4.70050000000053e-11
1519,0.421944444444432,414,65,1.5788148254849722e-06,0.009346101755271017,4.706500000000531e-11
1520,0.4222222222222098,414,65,1.5786386119446552e-06,0.009345582527395724,4.712500000000533e-11
1521,0.42249999999998755,414,65,1.5784716773645791e-06,0.009345063328366427,4.718500000000535e-11
1522,0.4227777777777653,414,65,1.5783114205664174e-06,0.009344544158181518,4.724500000000535e-11
1523,0.4230555555555431,414,65,1.5781412688758524e-06,0.009344025016839399,4.730500000000536e-11
1524,0.42333333333332085,414,65,1.5779700375043541e-06,0.009343505904338462,4.7365000000005366e-11
1525,0.4236111111110986,414,65,1.5777989056135457e-06,0.009342986820677109,4.7425000000005384e-11
1526,0.4238888888888764,414,65,1.5776316388834341e-06,0.00934246776585374,4.7485000000005394e-11
1527,0.42416666666665415,414,65,1.5774731657595214e-06,0.009341948739866749,4.7545000000005405e-11
1528,0.4244444444444319,416,65,1.5773067393507408e-06,0.009341429742714532,4.760500000000542e-11
1529,0.4247222222222097,416,65,1.5771395563102174e-06,0.009340910774395493,4.766500000000543e-11
1530,0.42499999999998744,416,65,1.5769765373560118e-06,0.009340391834908028,4.7725000000005437e-11
1531,0.4252777777777652,416,65,1.576814728130158e-06,0.009339872924250535,4.7782500000005445e-11
1532,0.425555555555543,416,65,1.576649790833553e-06,0.009339354042421408,4.784000000000546e-11
1533,0.42583333333332074,416,65,1.5764896820312542e-06,0.009338835189419052,4.7897500000005475e-11
1534,0.4261111111110985,417,65,1.5763233741953605e-06,0.009338316365241864,4.795500000000549e-11
1535,0.42638888888887627,417,65,1.576163900664827e-06,0.009337797569888237,4.80125000000055e-11
1536,0.42666666666665404,417,65,1.576004664679306e-06,0.00933727880335658,4.806750000000551e-11
1537,0.4269444444444318,417,65,1.5758384401773112e-06,0.009336760065645279,4.812250000000552e-11
1538,0.42722222222220957,417,65,1.575667778003629e-06,0.009336241356752747,4.817750000000553e-11
1539,0.42749999999998733,417,65,1.5754994455157524e-06,0.00933572267667737,4.8232500000005545e-11
1540,0.4277777777777651,417,65,1.5753313832280077e-06,0.009335204025417555,4.828750000000555e-11
1541,0.42805555555554287,417,65,1.5751624931453553e-06,0.0093346854029717,4.8342500000005564e-11
1542,0.42833333333332063,418,65,1.574998034230985e-06,0.009334166809338202,4.839750000000557e-11
1543,0.4286111111110984,419,65,1.5748300865681624e-06,0.009333648244515462,4.8452500000005597e-11
1544,0.42888888888887616,419,65,1.5746656863714788e-06,0.009333129708501878,4.8507500000005597e-11
1545,0.42916666666665393,419,65,1.574495537660193e-06,0.00933261120129585,4.856250000000561e-11
1546,0.4294444444444317,419,65,1.5743201275642213e-06,0.009332092722895776,4.861750000000563e-11
1547,0.42972222222220946,419,65,1.5741552296036344e-06,0.009331574273300064,4.867250000000562e-11
1548,0.4299999999999872,419,65,1.5739822873134288e-06,0.0093310558525071,4.872750000000565e-11
1549,0.430277777777765,419,65,1.5738134385479466e-06,0.009330537460515294,4.878250000000565e-11
1550,0.43055555555554276,420,65,1.573635671367031e-06,0.009330019097323044,4.883750000000567e-11
1551,0.4308333333333205,420,65,1.573456427282486e-06,0.009329500762928749,4.889250000000568e-11
1552,0.4311111111110983,420,65,1.5732885833788895e-06,0.00932898245733081,4.895000000000569e-11
1553,0.43138888888887605,419,66,1.5731215931679576e-06,0.009328464180527626,4.90075000000057e-11
1554,0.4316666666666538,420,66,1.572950508237087e-06,0.009327945932517595,4.906500000000571e-11
1555,0.4319444444444316,420,66,1.5727794444193804e-06,0.009327427713299122,4.9120000000005713e-11
1556,0.43222222222220935,420,66,1.5726084179954337e-06,0.009326909522870604,4.917500000000574e-11
1557,0.4324999999999871,421,66,1.5724383311592149e-06,0.009326391361230446,4.923000000000574e-11
1558,0.4327777777777649,421,66,1.5722627888553755e-06,0.009325873228377045,4.928750000000576e-11
1559,0.43305555555554265,420,67,1.5720860132729508e-06,0.009325355124308802,4.934500000000577e-11
1560,0.4333333333333204,420,67,1.5719140790734374e-06,0.009324837049024115,4.9402500000005785e-11
1561,0.4336111111110982,420,67,1.5717452137767156e-06,0.009324319002521396,4.946000000000579e-11
1562,0.43388888888887595,420,67,1.5715737367549445e-06,0.00932380098479903,4.95175000000058e-11
1563,0.4341666666666537,420,67,1.5714017054329853e-06,0.009323282995855432,4.957500000000581e-11
1564,0.4344444444444315,420,67,1.5712303544688455e-06,0.009322765035688999,4.963250000000583e-11
1565,0.43472222222220924,420,67,1.571057780787633e-06,0.009322247104298126,4.969000000000584e-11
1566,0.434999999999987,420,67,1.5708921589920638e-06,0.009321729201681221,4.974750000000585e-11
1567,0.4352777777777648,420,67,1.570720525652993e-06,0.009321211327836683,4.980500000000586e-11
1568,0.43555555555554254,420,67,1.5705485897673926e-06,0.009320693482762916,4.986250000000588e-11
1569,0.4358333333333203,420,67,1.570376596237063e-06,0.009320175666458319,4.992000000000589e-11
1570,0.43611111111109807,420,67,1.5702039757007835e-06,0.009319657878921292,4.997750000000589e-11
1571,0.43638888888887584,420,67,1.5700365854534056e-06,0.009319140120150242,5.00350000000059e-11
1572,0.4366666666666536,420,67,1.5698722186751456e-06,0.009318622390143565,5.009250000000592e-11
1573,0.43694444444443137,420,67,1.5697046221940563e-06,0.00931810468889967,5.015000000000593e-11
1574,0.43722222222220913,420,67,1.5695426197177474e-06,0.009317587016416953,5.020750000000594e-11
1575,0.4374999999999869,420,67,1.5693708999902484e-06,0.00931706937269382,5.0265000000005965e-11
1576,0.43777777777776467,420,67,1.5692010927546262e-06,0.009316551757728669,5.032250000000597e-11
1577,0.43805555555554243,421,67,1.5690352332762877e-06,0.009316034171519908,5.038000000000599e-11
1578,0.4383333333333202,421,67,1.5688618763595567e-06,0.009315516614065936,5.0437500000005984e-11
1579,0.43861111111109796,421,67,1.5686978541454868e-06,0.009314999085365155,5.0495000000006006e-11
1580,0.43888888888887573,421,67,1.5685316382760954e-06,0.009314481585415969,5.0552500000006015e-11
1581,0.4391666666666535,421,67,1.5683618833977855e-06,0.00931396411421678,5.0610000000006036e-11
1582,0.43944444444443126,421,67,1.5681976090915168e-06,0.009313446671765986,5.066750000000604e-11
1583,0.439722222222209,421,67,1.5680363357883808e-06,0.009312929258062002,5.072500000000605e-11
1584,0.4399999999999868,421,67,1.567869959927889e-06,0.009312411873103223,5.078250000000607e-11
1585,0.44027777777776456,421,67,1.567705738630115e-06,0.009311894516888049,5.0840000000006083e-11
1586,0.4405555555555423,421,67,1.5675384512917532e-06,0.009311377189414887,5.089750000000609e-11
1587,0.4408333333333201,421,67,1.5673716624686467e-06,0.009310859890682144,5.0955000000006094e-11
1588,0.44111111111109785,422,67,1.5672018023543573e-06,0.009310342620688217,5.1012500000006116e-11
1589,0.4413888888888756,422,67,1.567027862255483e-06,0.009309825379431515,5.1070000000006124e-11
1590,0.4416666666666534,422,67,1.566857725675499e-06,0.009309308166910434,5.112750000000612e-11
1591,0.44194444444443115,422,67,1.5666819958881473e-06,0.009308790983123382,5.1185000000006154e-11
1592,0.4422222222222089,422,67,1.5665026915683215e-06,0.009308273828068765,5.124250000000615e-11
1593,0.4424999999999867,422,67,1.5663278637252215e-06,0.009307756701744985,5.130000000000617e-11
1594,0.44277777777776445,422,67,1.5661525356068684e-06,0.009307239604150443,5.135750000000618e-11
1595,0.4430555555555422,422,67,1.5659712850654316e-06,0.009306722535283547,5.14175000000062e-11
1596,0.44333333333332,421,68,1.5657994804894316e-06,0.009306205495142697,5.14775000000062e-11
1597,0.44361111111109774,421,68,1.5656223069183643e-06,0.009305688483726302,5.1540000000006214e-11
1598,0.4438888888888755,420,69,1.5654493671190775e-06,0.009305171501032763,5.1602500000006246e-11
1599,0.4441666666666533,420,69,1.5652820854126916e-06,0.009304654547060481,5.166500000000624e-11
1600,0.44444444444443104,420,69,1.565107743881057e-06,0.009304137621807868,5.172750000000625e-11
1601,0.4447222222222088,421,69,1.5649302467345735e-06,0.009303620725273323,5.1790000000006265e-11
1602,0.4449999999999866,421,69,1.5647538275013174e-06,0.009303103857455253,5.1852500000006284e-11
1603,0.44527777777776434,421,69,1.5645821581268524e-06,0.00930258701835206,5.191500000000629e-11
1604,0.4455555555555421,421,69,1.5644066054183169e-06,0.009302070207962152,5.19775000000063e-11
1605,0.44583333333331987,421,69,1.5642322752427453e-06,0.009301553426283932,5.204000000000632e-11
1606,0.44611111111109764,421,69,1.564066159992517e-06,0.009301036673315808,5.210250000000632e-11
1607,0.4463888888888754,421,69,1.5638885318394948e-06,0.009300519949056178,5.216250000000634e-11
1608,0.44666666666665317,421,69,1.5637121028560977e-06,0.009300003253503454,5.2222500000006356e-11
1609,0.44694444444443093,421,69,1.5635403546002243e-06,0.009299486586656037,5.228250000000637e-11
1610,0.4472222222222087,422,69,1.5633670330858714e-06,0.009298969948512332,5.2342500000006384e-11
1611,0.44749999999998646,422,69,1.563197540694053e-06,0.00929845333907075,5.24025000000064e-11
1612,0.44777777777776423,422,69,1.5630276184302302e-06,0.009297936758329689,5.2462500000006405e-11
1613,0.448055555555542,422,69,1.5628577284597873e-06,0.00929742020628756,5.2522500000006416e-11
1614,0.44833333333331976,422,69,1.5626894098490634e-06,0.009296903682942769,5.258000000000643e-11
1615,0.4486111111110975,422,69,1.5625210994632178e-06,0.009296387188293714,5.263750000000644e-11
1616,0.4488888888888753,422,69,1.5623533628570102e-06,0.009295870722338812,5.269500000000645e-11
1617,0.44916666666665306,422,69,1.5621828700722965e-06,0.009295354285076461,5.275000000000646e-11
1618,0.4494444444444308,422,69,1.5620163654118325e-06,0.009294837876505067,5.2805000000006474e-11
1619,0.4497222222222086,422,69,1.5618489730454807e-06,0.00929432149662304,5.2860000000006494e-11
1620,0.44999999999998636,422,69,1.5616811572516695e-06,0.009293805145428782,5.2915000000006507e-11
1621,0.4502777777777641,422,69,1.5615108590728763e-06,0.009293288822920702,5.297000000000651e-11
1622,0.4505555555555419,422,69,1.5613384363570484e-06,0.009292772529097208,5.3025000000006526e-11
1623,0.45083333333331965,422,69,1.5611586064826912e-06,0.009292256263956702,5.3080000000006526e-11
1624,0.4511111111110974,422,69,1.5609891297509695e-06,0.009291740027497594,5.313500000000655e-11
1625,0.4513888888888752,422,69,1.560812331526003e-06,0.00929122381971829,5.319000000000657e-11
1626,0.45166666666665295,423,69,1.5606367220134123e-06,0.009290707640617192,5.324500000000657e-11
1627,0.4519444444444307,423,69,1.5604681878270036e-06,0.009290191490192714,5.3300000000006585e-11
1628,0.4522222222222085,423,69,1.5603040629530394e-06,0.009289675368443261,5.3355000000006604e-11
1629,0.45249999999998625,423,69,1.5601283962263894e-06,0.009289159275367236,5.3410000000006604e-11
1630,0.452777777777764,423,69,1.5599607623870785e-06,0.00928864321096305,5.3465000000006624e-11
1631,0.4530555555555418,423,69,1.559782024451947e-06,0.009288127175229107,5.3520000000006637e-11
1632,0.45333333333331954,423,69,1.559613951403447e-06,0.009287611168163816,5.357500000000665e-11
1633,0.4536111111110973,423,69,1.5594523287097945e-06,0.009287095189765587,5.363000000000666e-11
1634,0.4538888888888751,423,69,1.5592788629120796e-06,0.009286579240032821,5.368500000000668e-11
1635,0.45416666666665284,423,69,1.5591117715850362e-06,0.009286063318963932,5.374000000000668e-11
1636,0.4544444444444306,424,69,1.558939886700307e-06,0.009285547426557324,5.379500000000671e-11
1637,0.45472222222220837,424,69,1.5587633353548675e-06,0.009285031562811404,5.38500000000067e-11
1638,0.45499999999998614,425,69,1.558588859755639e-06,0.009284515727724579,5.390500000000673e-11
1639,0.4552777777777639,425,69,1.558415571209566e-06,0.009283999921295262,5.3960000000006734e-11
1640,0.45555555555554167,425,69,1.5582370856554313e-06,0.009283484143521856,5.401500000000675e-11
1641,0.45583333333331943,425,69,1.558066290498743e-06,0.009282968394402773,5.407000000000676e-11
1642,0.4561111111110972,426,69,1.5578916130977788e-06,0.009282452673936417,5.412500000000678e-11
1643,0.45638888888887497,426,69,1.5577167981999623e-06,0.0092819369821212,5.418000000000679e-11
1644,0.45666666666665273,426,69,1.5575368187431847e-06,0.009281421318955527,5.4235000000006805e-11
1645,0.4569444444444305,426,69,1.5573632589348684e-06,0.00928090568443781,5.4292500000006814e-11
1646,0.45722222222220826,425,70,1.5571933542320497e-06,0.00928039007856645,5.4350000000006836e-11
1647,0.45749999999998603,425,70,1.557015693019647e-06,0.009279874501339862,5.4407500000006844e-11
1648,0.4577777777777638,426,70,1.556837524350825e-06,0.009279358952756457,5.446500000000685e-11
1649,0.45805555555554156,426,70,1.5566611452189413e-06,0.009278843432814637,5.4522500000006874e-11
1650,0.4583333333333193,426,70,1.556486585828853e-06,0.009278327941512813,5.458000000000688e-11
1651,0.4586111111110971,426,70,1.5563064234624346e-06,0.009277812478849397,5.4637500000006885e-11
1652,0.45888888888887486,427,70,1.5561347393311862e-06,0.009277297044822795,5.4695000000006907e-11
1653,0.4591666666666526,427,70,1.5559534181328554e-06,0.009276781639431415,5.4752500000006915e-11
1654,0.4594444444444304,427,70,1.5557719621795682e-06,0.00927626626267367,5.4810000000006924e-11
1655,0.45972222222220815,427,70,1.5555893856548718e-06,0.009275750914547964,5.486750000000695e-11
1656,0.4599999999999859,427,70,1.5554054972306031e-06,0.009275235595052713,5.4925000000006954e-11
1657,0.4602777777777637,427,70,1.5552263899347753e-06,0.009274720304186322,5.4982500000006975e-11
1658,0.46055555555554145,427,70,1.5550473913525478e-06,0.009274205041947202,5.5040000000007e-11
1659,0.4608333333333192,427,70,1.5548741711514693e-06,0.00927368980833376,5.5097500000007005e-11
1660,0.461111111111097,427,70,1.5546935046617806e-06,0.009273174603344408,5.5155000000007e-11
1661,0.46138888888887475,427,70,1.554514164017987e-06,0.009272659426977555,5.521250000000702e-11
1662,0.4616666666666525,427,70,1.5543375766389083e-06,0.009272144279231615,5.527000000000703e-11
1663,0.4619444444444303,427,70,1.5541546258485078e-06,0.00927162916010499,5.532750000000704e-11
1664,0.46222222222220805,428,70,1.5539808429895232e-06,0.009271114069596095,5.538500000000706e-11
1665,0.4624999999999858,428,70,1.5537978373480873e-06,0.00927059900770334,5.5440000000007074e-11
1666,0.4627777777777636,428,70,1.5536140319035612e-06,0.009270083974425134,5.5495000000007094e-11
1667,0.46305555555554134,428,70,1.5534286550339771e-06,0.009269568969759888,5.5550000000007094e-11
1668,0.4633333333333191,428,70,1.5532409621977567e-06,0.009269053993706013,5.5605000000007113e-11
1669,0.4636111111110969,428,70,1.5530626547861828e-06,0.009268539046261919,5.5660000000007126e-11
1670,0.46388888888887464,428,70,1.5528915355243129e-06,0.009268024127426016,5.571500000000714e-11
1671,0.4641666666666524,428,70,1.5527076972283953e-06,0.009267509237196714,5.577000000000715e-11
1672,0.46444444444443017,428,70,1.552526566670483e-06,0.009266994375572426,5.582500000000716e-11
1673,0.46472222222220794,428,70,1.5523464132664976e-06,0.009266479542551562,5.5880000000007185e-11
1674,0.4649999999999857,428,70,1.5521634848804234e-06,0.00926596473813253,5.59350000000072e-11
1675,0.46527777777776347,428,70,1.5519843495447095e-06,0.009265449962313745,5.599000000000721e-11
1676,0.46555555555554123,428,70,1.5518055633121097e-06,0.009264935215093617,5.6047500000007226e-11
1677,0.465833333333319,427,71,1.5516208042389067e-06,0.009264420496470558,5.6105000000007234e-11
1678,0.46611111111109677,427,71,1.5514409389686075e-06,0.009263905806442976,5.616250000000724e-11
1679,0.46638888888887453,427,71,1.5512595496791006e-06,0.009263391145009283,5.6220000000007264e-11
1680,0.4666666666666523,427,71,1.551074908544028e-06,0.009262876512167896,5.627500000000728e-11
1681,0.46694444444443006,427,71,1.5508943410453793e-06,0.00926236190791722,5.6330000000007284e-11
1682,0.46722222222220783,427,71,1.5507127298794232e-06,0.009261847332255671,5.63850000000073e-11
1683,0.4674999999999856,427,71,1.550537158386356e-06,0.009261332785181658,5.644000000000731e-11
1684,0.46777777777776336,427,71,1.550358642059573e-06,0.00926081826669359,5.6495000000007316e-11
1685,0.4680555555555411,427,71,1.5501791940632271e-06,0.009260303776789885,5.655000000000733e-11
1686,0.4683333333333189,428,71,1.5500035282845773e-06,0.009259789315468954,5.6605000000007355e-11
1687,0.46861111111109666,428,71,1.549831945720306e-06,0.009259274882729207,5.666000000000736e-11
1688,0.4688888888888744,428,71,1.549657221361975e-06,0.009258760478569054,5.6715000000007375e-11
1689,0.4691666666666522,428,71,1.549475016852734e-06,0.009258246102986912,5.677000000000739e-11
1690,0.46944444444442995,428,71,1.5492945491829207e-06,0.009257731755981193,5.68250000000074e-11
1691,0.4697222222222077,428,71,1.5491156153735332e-06,0.009257217437550301,5.688000000000741e-11
1692,0.4699999999999855,428,71,1.5489271808966274e-06,0.009256703147692662,5.6935000000007433e-11
1693,0.47027777777776325,428,71,1.5487530823451587e-06,0.009256188886406681,5.699000000000744e-11
1694,0.470555555555541,428,71,1.5485708105423515e-06,0.009255674653690768,5.704500000000745e-11
1695,0.4708333333333188,428,71,1.5483964372318966e-06,0.00925516044954334,5.710000000000748e-11
1696,0.47111111111109655,428,71,1.5482136474368775e-06,0.009254646273962813,5.715500000000747e-11
1697,0.4713888888888743,428,71,1.5480335330740875e-06,0.009254132126947591,5.72075000000075e-11
1698,0.4716666666666521,428,71,1.547852505876156e-06,0.009253618008496094,5.726000000000751e-11
1699,0.47194444444442984,428,71,1.54767303876083e-06,0.009253103918606736,5.731250000000752e-11
1700,0.4722222222222076,428,71,1.547500704516863e-06,0.009252589857277924,5.736500000000753e-11
1701,0.4724999999999854,428,71,1.5473225721220857e-06,0.009252075824508075,5.742000000000754e-11
1702,0.47277777777776314,427,72,1.5471377869962103e-06,0.0092515618202956,5.7475000000007555e-11
1703,0.4730555555555409,427,72,1.546958689232168e-06,0.00925104784463892,5.752750000000758e-11
1704,0.4733333333333187,427,72,1.5467775718038434e-06,0.00925053389753644,5.7580000000007596e-11
1705,0.47361111111109644,428,72,1.5466037021562594e-06,0.009250019978986578,5.763250000000761e-11
1706,0.4738888888888742,429,72,1.5464284050401025e-06,0.009249506088987745,5.768500000000762e-11
1707,0.47416666666665197,429,72,1.5462466424209586e-06,0.009248992227538355,5.7737500000007636e-11
1708,0.47444444444442974,429,72,1.5460664069967583e-06,0.009248478394636826,5.7790000000007647e-11
1709,0.4747222222222075,429,72,1.545882610022553e-06,0.009247964590281571,5.784250000000766e-11
1710,0.47499999999998527,429,72,1.545700478582776e-06,0.009247450814470998,5.7895000000007675e-11
1711,0.47527777777776303,429,72,1.5455221853942574e-06,0.00924693706720353,5.7947500000007686e-11
1712,0.4755555555555408,429,72,1.545344274516411e-06,0.009246423348477575,5.80000000000077e-11
1713,0.47583333333331856,429,72,1.5451650933891606e-06,0.009245909658291548,5.8052500000007714e-11
1714,0.47611111111109633,429,72,1.5449824313933822e-06,0.009245395996643865,5.8107500000007714e-11
1715,0.4763888888888741,429,73,1.5448057999049918e-06,0.009244882363532938,5.816250000000774e-11
1716,0.47666666666665186,429,73,1.544633443935778e-06,0.009244368758957188,5.821750000000774e-11
1717,0.4769444444444296,429,73,1.5444584412484798e-06,0.009243855182915024,5.827250000000776e-11
1718,0.4772222222222074,429,73,1.5442799238752869e-06,0.009243341635404863,5.832750000000778e-11
1719,0.47749999999998516,429,73,1.5440965270855204e-06,0.009242828116425118,5.838250000000779e-11
1720,0.4777777777777629,429,73,1.5439134780138214e-06,0.009242314625974206,5.84375000000078e-11
1721,0.4780555555555407,429,73,1.5437434020007344e-06,0.00924180116405054,5.849250000000782e-11
1722,0.47833333333331846,429,73,1.5435582376631511e-06,0.00924128773065254,5.855000000000784e-11
1723,0.4786111111110962,429,74,1.5433730255223131e-06,0.009240774325778613,5.860750000000784e-11
1724,0.478888888888874,429,74,1.5431908555713808e-06,0.00924026094942718,5.866500000000786e-11
1725,0.47916666666665175,429,74,1.543002739230154e-06,0.009239747601596657,5.872250000000788e-11
1726,0.4794444444444295,429,74,1.5428195622438573e-06,0.009239234282285458,5.87800000000079e-11
1727,0.4797222222222073,429,74,1.542637494262342e-06,0.009238720991491998,5.883750000000791e-11
1728,0.47999999999998505,429,74,1.5424527507931434e-06,0.009238207729214694,5.889500000000792e-11
1729,0.4802777777777628,429,74,1.5422697547342592e-06,0.00923769449545196,5.895500000000793e-11
1730,0.4805555555555406,428,75,1.542088760773636e-06,0.009237181290202214,5.901500000000795e-11
1731,0.48083333333331835,429,75,1.5419133796029527e-06,0.00923666811346387,5.907500000000795e-11
1732,0.4811111111110961,429,75,1.5417394440842899e-06,0.009236154965235343,5.913500000000797e-11
1733,0.4813888888888739,429,75,1.5415615454598626e-06,0.009235641845515053,5.919750000000799e-11
1734,0.48166666666665164,428,76,1.5413809317600295e-06,0.009235128754301413,5.9262500000008e-11
1735,0.4819444444444294,427,77,1.541207294301366e-06,0.00923461569159284,5.932750000000801e-11
1736,0.4822222222222072,427,77,1.5410298232369672e-06,0.009234102657387755,5.939250000000804e-11
1737,0.48249999999998494,427,77,1.5408600165879384e-06,0.009233589651684564,5.945750000000804e-11
1738,0.4827777777777627,427,77,1.54068768356495e-06,0.009233076674481694,5.952250000000805e-11
1739,0.4830555555555405,427,77,1.540515965521344e-06,0.009232563725777557,5.958750000000807e-11
1740,0.48333333333331824,427,77,1.5403396566133537e-06,0.009232050805570569,5.965250000000808e-11
1741,0.483611111111096,428,77,1.540162230464549e-06,0.009231537913859151,5.97175000000081e-11
1742,0.48388888888887377,428,77,1.5399843953140405e-06,0.009231025050641712,5.978000000000812e-11
1743,0.48416666666665154,428,77,1.5398066374556594e-06,0.009230512215916678,5.983750000000812e-11
1744,0.4844444444444293,428,77,1.5396340616082089e-06,0.009229999409682462,5.989500000000815e-11
1745,0.48472222222220707,428,77,1.5394551636065367e-06,0.009229486631937478,5.995250000000815e-11
1746,0.48499999999998483,428,77,1.5392708075486168e-06,0.009228973882680147,6.001000000000816e-11
1747,0.4852777777777626,428,77,1.5390945592231323e-06,0.009228461161908888,6.006500000000817e-11
1748,0.48555555555554036,428,77,1.538924006501529e-06,0.009227948469622117,6.012000000000819e-11
1749,0.48583333333331813,428,77,1.5387493795691245e-06,0.009227435805818246,6.017500000000821e-11
1750,0.4861111111110959,428,77,1.5385698222500896e-06,0.009226923170495704,6.022750000000822e-11
1751,0.48638888888887366,428,77,1.5383919162237135e-06,0.009226410563652898,6.027750000000824e-11
1752,0.4866666666666514,428,77,1.5382088160990598e-06,0.00922589798528825,6.032750000000825e-11
1753,0.4869444444444292,428,77,1.5380293218693488e-06,0.009225385435400179,6.037750000000825e-11
1754,0.48722222222220696,428,77,1.5378542224970464e-06,0.009224872913987103,6.042750000000828e-11
1755,0.4874999999999847,429,77,1.5376774859292859e-06,0.009224360421047436,6.04775000000083e-11
1756,0.4877777777777625,429,77,1.5374996648096e-06,0.009223847956579602,6.05275000000083e-11
1757,0.48805555555554025,429,77,1.5373197488999839e-06,0.009223335520582012,6.057750000000831e-11
1758,0.488333333333318,430,77,1.5371422246683648e-06,0.009222823113053093,6.062750000000833e-11
1759,0.4886111111110958,430,77,1.5369649587041366e-06,0.009222310733991258,6.067750000000836e-11
1760,0.48888888888887355,430,77,1.536785328854397e-06,0.009221798383394925,6.072750000000837e-11
1761,0.4891666666666513,430,77,1.5366056445625948e-06,0.009221286061262515,6.077750000000839e-11
1762,0.4894444444444291,430,77,1.5364316321446817e-06,0.009220773767592444,6.08275000000084e-11
1763,0.48972222222220685,431,77,1.5362605862093954e-06,0.009220261502383134,6.087500000000841e-11
1764,0.4899999999999846,431,77,1.5360886355971908e-06,0.009219749265633,6.092250000000843e-11
1765,0.4902777777777624,431,77,1.535911361894103e-06,0.009219237057340467,6.097000000000844e-11
1766,0.49055555555554015,431,77,1.535733195312816e-06,0.00921872487750395,6.101750000000846e-11
1767,0.4908333333333179,431,77,1.5355532032648942e-06,0.009218212726121862,6.106500000000846e-11
1768,0.4911111111110957,432,77,1.5353711473921705e-06,0.009217700603192637,6.111000000000847e-11
1769,0.49138888888887344,432,77,1.5351907892288919e-06,0.009217188508714683,6.11575000000085e-11
1770,0.4916666666666512,431,78,1.5350064328156586e-06,0.009216676442686419,6.12050000000085e-11
1771,0.491944444444429,431,78,1.534829359913567e-06,0.00921616440510627,6.125500000000853e-11
1772,0.49222222222220674,430,79,1.5346458188736193e-06,0.009215652395972653,6.130500000000853e-11
1773,0.4924999999999845,430,79,1.5344698654074802e-06,0.00921514041528399,6.135500000000855e-11
1774,0.49277777777776227,430,79,1.5342949080189155e-06,0.009214628463038697,6.140500000000858e-11
1775,0.49305555555554004,430,79,1.5341091410689894e-06,0.009214116539235193,6.145500000000858e-11
1776,0.4933333333333178,431,79,1.5339297535683916e-06,0.009213604643871906,6.15050000000086e-11
1777,0.49361111111109557,431,79,1.5337459301819704e-06,0.009213092776947247,6.155500000000862e-11
1778,0.49388888888887333,432,79,1.5335685406815562e-06,0.009212580938459636,6.160500000000862e-11
1779,0.4941666666666511,432,79,1.5333898522911206e-06,0.009212069128407501,6.165500000000864e-11
1780,0.49444444444442887,433,79,1.5332068634963878e-06,0.009211557346789254,6.170500000000865e-11
1781,0.49472222222220663,433,79,1.5330257394332462e-06,0.009211045593603324,6.175250000000867e-11
1782,0.4949999999999844,433,79,1.5328516685464237e-06,0.009210533868848124,6.180000000000868e-11
1783,0.49527777777776216,433,79,1.5326789700178045e-06,0.009210022172522078,6.18475000000087e-11
1784,0.49555555555553993,434,79,1.5324994294083689e-06,0.009209510504623604,6.189500000000872e-11
1785,0.4958333333333177,434,79,1.5323118535826687e-06,0.009208998865151126,6.194250000000871e-11
1786,0.49611111111109546,434,79,1.532131261714638e-06,0.009208487254103063,6.199000000000875e-11
1787,0.4963888888888732,434,79,1.53195226759971e-06,0.009207975671477832,6.203750000000875e-11
1788,0.496666666666651,435,79,1.531764266657346e-06,0.009207464117273861,6.208500000000877e-11
1789,0.49694444444442876,435,79,1.5315865047248133e-06,0.00920695259148957,6.213250000000878e-11
1790,0.4972222222222065,436,79,1.5314045662374417e-06,0.009206441094123377,6.218000000000879e-11
1791,0.4974999999999843,436,79,1.5312202438486212e-06,0.009205929625173704,6.222500000000881e-11
1792,0.49777777777776205,436,79,1.531025195312063e-06,0.00920541818463897,6.227000000000882e-11
1793,0.4980555555555398,436,79,1.5308406405863667e-06,0.009204906772517604,6.231500000000885e-11
1794,0.4983333333333176,437,79,1.5306569955594978e-06,0.009204395388808018,6.236000000000886e-11
1795,0.49861111111109535,437,79,1.5304720935370959e-06,0.00920388403350864,6.240500000000887e-11
1796,0.4988888888888731,437,79,1.5302864227141975e-06,0.00920337270661789,6.245000000000888e-11
1797,0.4991666666666509,437,79,1.5301014394555834e-06,0.00920286140813419,6.24950000000089e-11
1798,0.49944444444442865,437,79,1.5299159573888603e-06,0.009202350138055959,6.254000000000892e-11
1799,0.4997222222222064,437,79,1.5297310092334079e-06,0.009201838896381624,6.258500000000894e-11
1800,0.4999999999999842,437,79,1.5295456290467238e-06,0.009201327683109606,6.262750000000896e-11
1801,0.500277777777762,437,79,1.5293660340505293e-06,0.009200816498238321,6.267000000000896e-11
1802,0.5005555555555398,437,79,1.5291801938083722e-06,0.009200305341766196,6.271250000000897e-11
1803,0.5008333333333176,438,79,1.529000476512872e-06,0.009199794213691655,6.275500000000899e-11
1804,0.5011111111110954,438,79,1.5288158807799059e-06,0.009199283114013116,6.2797500000009e-11
1805,0.5013888888888732,438,79,1.5286285388604837e-06,0.009198772042729004,6.284000000000901e-11
1806,0.501666666666651,438,79,1.5284498831898686e-06,0.009198260999837742,6.288250000000902e-11
1807,0.5019444444444289,438,79,1.528269537821018e-06,0.00919774998533775,6.292500000000905e-11
1808,0.5022222222222067,438,79,1.5280871708741485e-06,0.009197238999227454,6.296750000000907e-11
1809,0.5024999999999845,438,79,1.5279043166255677e-06,0.009196728041505276,6.301000000000908e-11
1810,0.5027777777777623,438,79,1.5277185208591265e-06,0.009196217112169638,6.30525000000091e-11
1811,0.5030555555555402,438,79,1.5275368117896613e-06,0.009195706211218962,6.309500000000911e-11
1812,0.503333333333318,438,79,1.5273575653068041e-06,0.00919519533865167,6.313750000000913e-11
1813,0.5036111111110958,438,79,1.5271693129246722e-06,0.00919468449446619,6.318000000000913e-11
1814,0.5038888888888736,438,79,1.5269836347381819e-06,0.009194173678660943,6.322250000000915e-11
1815,0.5041666666666514,438,79,1.5267958746222876e-06,0.009193662891234354,6.326500000000916e-11
1816,0.5044444444444293,438,79,1.5266120358439303e-06,0.009193152132184839,6.331000000000919e-11
1817,0.5047222222222071,437,80,1.5264271659017628e-06,0.009192641401510831,6.33550000000092e-11
1818,0.5049999999999849,438,80,1.5262394315665745e-06,0.009192130699210745,6.340000000000921e-11
1819,0.5052777777777627,438,80,1.5260619923598254e-06,0.009191620025283011,6.344750000000923e-11
1820,0.5055555555555405,437,81,1.525877215863222e-06,0.009191109379726052,6.349500000000924e-11
1821,0.5058333333333184,437,81,1.5256899036315418e-06,0.00919059876253829,6.354500000000925e-11
1822,0.5061111111110962,436,82,1.5255051231759272e-06,0.009190088173718148,6.359500000000928e-11
1823,0.506388888888874,436,82,1.5253221406885678e-06,0.009189577613264052,6.36450000000093e-11
1824,0.5066666666666518,436,82,1.5251365530003614e-06,0.009189067081174429,6.36950000000093e-11
1825,0.5069444444444297,436,82,1.5249491550014017e-06,0.009188556577447696,6.374500000000931e-11
1826,0.5072222222222075,437,82,1.524767149560656e-06,0.009188046102082284,6.379250000000933e-11
1827,0.5074999999999853,437,82,1.5245846827747278e-06,0.009187535655076611,6.384250000000935e-11
1828,0.5077777777777631,436,83,1.5243959943574604e-06,0.009187025236429107,6.389500000000936e-11
1829,0.5080555555555409,435,84,1.5242132188217518e-06,0.009186514846138196,6.394500000000938e-11
1830,0.5083333333333188,435,84,1.524026710068916e-06,0.0091860044842023,6.399500000000939e-11
1831,0.5086111111110966,435,84,1.5238431132969049e-06,0.009185494150619844,6.404500000000939e-11
1832,0.5088888888888744,435,84,1.5236576125751761e-06,0.009184983845389252,6.409500000000942e-11
1833,0.5091666666666522,435,84,1.5234785106967853e-06,0.009184473568508954,6.414500000000944e-11
1834,0.50944444444443,435,84,1.523295131320384e-06,0.00918396331997737,6.419750000000946e-11
1835,0.5097222222222079,434,85,1.5231108152802612e-06,0.009183453099792929,6.425000000000946e-11
1836,0.5099999999999857,434,85,1.5229342285842155e-06,0.009182942907954052,6.430250000000948e-11
1837,0.5102777777777635,434,85,1.5227518229737027e-06,0.009182432744459165,6.43550000000095e-11
1838,0.5105555555555413,434,85,1.522569256258117e-06,0.009181922609306694,6.440750000000952e-11
1839,0.5108333333333192,434,85,1.522386240750356e-06,0.009181412502495068,6.446000000000953e-11
1840,0.511111111111097,434,85,1.5222133056162515e-06,0.009180902424022707,6.451250000000953e-11
1841,0.5113888888888748,434,85,1.5220319281413403e-06,0.00918039237388804,6.456500000000956e-11
1842,0.5116666666666526,434,85,1.5218473445281788e-06,0.00917988235208949,6.461750000000957e-11
1843,0.5119444444444304,434,85,1.521666733218472e-06,0.009179372358625483,6.467000000000958e-11
1844,0.5122222222222083,434,85,1.5214871158541261e-06,0.00917886239349445,6.47225000000096e-11
1845,0.5124999999999861,434,85,1.5213136840697007e-06,0.009178352456694813,6.477500000000961e-11
1846,0.5127777777777639,434,85,1.5211316654408988e-06,0.009177842548224997,6.482750000000963e-11
1847,0.5130555555555417,434,85,1.520954239695866e-06,0.00917733266808343,6.488000000000965e-11
1848,0.5133333333333195,434,85,1.5207774089690302e-06,0.009176822816268537,6.493500000000966e-11
1849,0.5136111111110974,433,86,1.5205946063618826e-06,0.009176312992778744,6.499000000000969e-11
1850,0.5138888888888752,433,86,1.5204160279333404e-06,0.00917580319761248,6.50450000000097e-11
1851,0.514166666666653,433,86,1.520240620227959e-06,0.009175293430768167,6.510500000000971e-11
1852,0.5144444444444308,431,88,1.5200638934180104e-06,0.009174783692244235,6.516500000000972e-11
1853,0.5147222222222086,432,88,1.519891608763007e-06,0.00917427398203911,6.522750000000974e-11
1854,0.5149999999999865,431,89,1.5197267243825406e-06,0.009173764300151219,6.529000000000975e-11
1855,0.5152777777777643,431,89,1.5195533886034982e-06,0.009173254646578989,6.535000000000978e-11
1856,0.5155555555555421,431,89,1.519388772548001e-06,0.009172745021320847,6.54100000000098e-11
1857,0.5158333333333199,431,89,1.5192078228842603e-06,0.009172235424375218,6.54725000000098e-11
1858,0.5161111111110978,430,90,1.5190344161004728e-06,0.009171725855740531,6.553500000000982e-11
1859,0.5163888888888756,430,90,1.518861217201292e-06,0.009171216315415212,6.559750000000984e-11
1860,0.5166666666666534,430,90,1.518689904962126e-06,0.00917070680339769,6.566000000000984e-11
1861,0.5169444444444312,430,90,1.518520210616255e-06,0.009170197319686388,6.572500000000986e-11
1862,0.517222222222209,429,91,1.5183455469231081e-06,0.00916968786427974,6.579000000000986e-11
1863,0.5174999999999869,429,91,1.5181716262232776e-06,0.00916917843717617,6.585500000000989e-11
1864,0.5177777777777647,429,91,1.5180006254000786e-06,0.009168669038374105,6.592250000000991e-11
1865,0.5180555555555425,428,92,1.5178262586840838e-06,0.009168159667871975,6.599000000000992e-11
1866,0.5183333333333203,428,92,1.5176561547966149e-06,0.009167650325668202,6.605750000000993e-11
1867,0.5186111111110981,428,92,1.5174833352559751e-06,0.00916714101176122,6.612500000000996e-11
1868,0.518888888888876,428,92,1.517310658987002e-06,0.009166631726149456,6.619250000000997e-11
1869,0.5191666666666538,428,92,1.517132979263863e-06,0.009166122468831339,6.626000000000998e-11
1870,0.5194444444444316,428,92,1.5169533677657828e-06,0.009165613239805291,6.632750000001001e-11
1871,0.5197222222222094,428,92,1.5167818787128444e-06,0.009165104039069748,6.639500000001002e-11
1872,0.5199999999999873,428,92,1.5166118927391796e-06,0.009164594866623134,6.646250000001003e-11
1873,0.5202777777777651,428,92,1.5164341756210376e-06,0.009164085722463876,6.653000000001004e-11
1874,0.5205555555555429,428,92,1.5162707666821515e-06,0.009163576606590406,6.659750000001005e-11
1875,0.5208333333333207,428,92,1.5160970860882066e-06,0.009163067519001153,6.666500000001008e-11
1876,0.5211111111110985,428,92,1.515927653893628e-06,0.009162558459694542,6.67325000000101e-11
1877,0.5213888888888764,428,92,1.5157534288057867e-06,0.009162049428669002,6.680000000001011e-11
1878,0.5216666666666542,428,92,1.515579069052086e-06,0.009161540425922966,6.686750000001013e-11
1879,0.521944444444432,428,92,1.5154062343389215e-06,0.009161031451454858,6.693500000001015e-11
1880,0.5222222222222098,428,92,1.5152346647774698e-06,0.009160522505263113,6.700250000001017e-11
1881,0.5224999999999876,428,92,1.5150633715827874e-06,0.009160013587346154,6.707000000001018e-11
1882,0.5227777777777655,428,92,1.5148892116241788e-06,0.00915950469770241,6.714000000001018e-11
1883,0.5230555555555433,427,93,1.5147226484243917e-06,0.009158995836330317,6.72100000000102e-11
1884,0.5233333333333211,427,93,1.5145506421812703e-06,0.0091584870032283,6.728000000001022e-11
1885,0.5236111111110989,427,93,1.5143736515339167e-06,0.009157978198394787,6.735000000001024e-11
1886,0.5238888888888767,427,93,1.5141988568987044e-06,0.009157469421828211,6.742000000001025e-11
1887,0.5241666666666546,427,93,1.514032040758236e-06,0.009156960673526997,6.749000000001027e-11
1888,0.5244444444444324,427,93,1.5138572803796144e-06,0.009156451953489578,6.756250000001028e-11
1889,0.5247222222222102,426,94,1.5136801363230829e-06,0.009155943261714388,6.76350000000103e-11
1890,0.524999999999988,426,94,1.5135012813776711e-06,0.009155434598199846,6.770750000001031e-11
1891,0.5252777777777659,426,94,1.5133168465766904e-06,0.009154925962944392,6.778000000001032e-11
1892,0.5255555555555437,426,94,1.5131334567278001e-06,0.00915441735594645,6.785250000001035e-11
1893,0.5258333333333215,426,94,1.5129587274867867e-06,0.009153908777204452,6.792500000001037e-11
1894,0.5261111111110993,427,94,1.5127774026901272e-06,0.00915340022671683,6.799750000001038e-11
1895,0.5263888888888771,428,94,1.5126004570086283e-06,0.009152891704482012,6.80700000000104e-11
1896,0.526666666666655,428,94,1.512427321560872e-06,0.009152383210498431,6.814250000001041e-11
1897,0.5269444444444328,428,94,1.5122595314669953e-06,0.009151874744764515,6.821500000001042e-11
1898,0.5272222222222106,428,94,1.512076618127491e-06,0.009151366307278695,6.828750000001044e-11
1899,0.5274999999999884,428,94,1.511900331838426e-06,0.009150857898039402,6.836000000001047e-11
1900,0.5277777777777662,428,94,1.511719824424548e-06,0.009150349517045067,6.843500000001048e-11
1901,0.5280555555555441,427,95,1.5115451530567392e-06,0.00914984116429412,6.85100000000105e-11
1902,0.5283333333333219,427,95,1.511370493201714e-06,0.009149332839784993,6.858500000001051e-11
1903,0.5286111111110997,427,95,1.511188878519955e-06,0.009148824543516116,6.866000000001053e-11
1904,0.5288888888888775,427,95,1.5110033425677989e-06,0.009148316275485922,6.873500000001053e-11
1905,0.5291666666666553,427,95,1.5108256583043664e-06,0.009147808035692838,6.881250000001056e-11
1906,0.5294444444444332,426,96,1.51065728778541e-06,0.009147299824135301,6.889000000001057e-11
1907,0.529722222222211,426,96,1.510486691921736e-06,0.009146791640811738,6.89700000000106e-11
1908,0.5299999999999888,425,97,1.5103204181241997e-06,0.009146283485720582,6.905000000001061e-11
1909,0.5302777777777666,425,97,1.5101414086471624e-06,0.009145775358860266,6.913000000001062e-11
1910,0.5305555555555445,425,97,1.509968044434689e-06,0.00914526726022922,6.921250000001064e-11
1911,0.5308333333333223,424,98,1.509791030251657e-06,0.009144759189825873,6.929750000001065e-11
1912,0.5311111111111001,423,99,1.5096228132104675e-06,0.00914425114764866,6.938000000001067e-11
1913,0.5313888888888779,423,99,1.5094546124088984e-06,0.009143743133696012,6.946250000001068e-11
1914,0.5316666666666557,423,99,1.509280050650894e-06,0.009143235147966364,6.954750000001069e-11
1915,0.5319444444444336,422,100,1.5091095972344018e-06,0.009142727190458144,6.963250000001072e-11
1916,0.5322222222222114,422,100,1.508940007228718e-06,0.009142219261169785,6.971750000001072e-11
1917,0.5324999999999892,423,100,1.5087717300738323e-06,0.009141711360099718,6.980250000001074e-11
1918,0.532777777777767,423,100,1.5086037604525652e-06,0.009141203487246383,6.988500000001077e-11
1919,0.5330555555555448,424,100,1.5084270846888576e-06,0.0091406956426082,6.996750000001078e-11
1920,0.5333333333333227,424,100,1.5082536106148397e-06,0.009140187826183614,7.005000000001081e-11
1921,0.5336111111111005,424,100,1.508076665471888e-06,0.009139680037971047,7.013250000001081e-11
1922,0.5338888888888783,424,100,1.5079021501241684e-06,0.009139172277968937,7.021500000001083e-11
1923,0.5341666666666561,424,100,1.5077188083474572e-06,0.00913866454617572,7.029750000001084e-11
1924,0.534444444444434,424,100,1.5075469912274722e-06,0.009138156842589819,7.038000000001085e-11
1925,0.5347222222222118,424,100,1.5073745284565382e-06,0.009137649167209678,7.046250000001087e-11
1926,0.5349999999999896,424,100,1.507200218666787e-06,0.009137141520033719,7.05450000000109e-11
1927,0.5352777777777674,424,100,1.5070274769383097e-06,0.009136633901060386,7.062750000001092e-11
1928,0.5355555555555452,424,100,1.5068542030859877e-06,0.009136126310288106,7.071000000001094e-11
1929,0.5358333333333231,424,100,1.5066770917618722e-06,0.009135618747715311,7.079250000001095e-11
1930,0.5361111111111009,424,100,1.5065015076952025e-06,0.00913511121334044,7.087500000001097e-11
1931,0.5363888888888787,424,100,1.5063312825197393e-06,0.009134603707161919,7.095750000001097e-11
1932,0.5366666666666565,424,100,1.5061593265218832e-06,0.009134096229178186,7.1042500000011e-11
1933,0.5369444444444343,423,101,1.5059861520014817e-06,0.00913358877938768,7.1130000000011e-11
1934,0.5372222222222122,422,102,1.5058145480494304e-06,0.009133081357788826,7.121750000001102e-11
1935,0.53749999999999,422,102,1.5056430599090506e-06,0.009132573964380058,7.130500000001104e-11
1936,0.5377777777777678,422,102,1.5054729955182895e-06,0.009132066599159815,7.139250000001107e-11
1937,0.5380555555555456,422,102,1.5052989862344193e-06,0.009131559262126531,7.148000000001107e-11
1938,0.5383333333333234,422,102,1.5051253076593916e-06,0.009131051953278633,7.156750000001111e-11
1939,0.5386111111111013,423,102,1.50495987082217e-06,0.009130544672614564,7.165500000001111e-11
1940,0.5388888888888791,423,102,1.5047834026052573e-06,0.00913003742013275,7.174250000001114e-11
1941,0.5391666666666569,423,102,1.504615321581728e-06,0.009129530195831634,7.183000000001114e-11
1942,0.5394444444444347,423,102,1.5044421395927145e-06,0.009129022999709644,7.191750000001117e-11
1943,0.5397222222222126,423,102,1.504265290588773e-06,0.009128515831765213,7.200500000001118e-11
1944,0.5399999999999904,423,102,1.504093714572297e-06,0.009128008691996784,7.209250000001121e-11
1945,0.5402777777777682,423,102,1.50392048333158e-06,0.009127501580402785,7.218000000001122e-11
1946,0.540555555555546,423,102,1.5037466580468413e-06,0.009126994496981651,7.226750000001124e-11
1947,0.5408333333333238,423,102,1.5035715367924512e-06,0.009126487441731819,7.235500000001128e-11
1948,0.5411111111111017,423,102,1.5034091053725981e-06,0.009125980414651723,7.244250000001128e-11
1949,0.5413888888888795,423,102,1.50323981727431e-06,0.009125473415739799,7.253000000001128e-11
1950,0.5416666666666573,423,102,1.503070665378968e-06,0.00912496644499448,7.26175000000113e-11
1951,0.5419444444444351,423,102,1.502898029636335e-06,0.009124459502414204,7.270500000001132e-11
1952,0.542222222222213,423,102,1.5027309865366983e-06,0.009123952587997402,7.279250000001133e-11
1953,0.5424999999999908,423,102,1.5025623897009986e-06,0.009123445701742514,7.288000000001136e-11
1954,0.5427777777777686,423,102,1.502394688887768e-06,0.009122938843647973,7.297000000001137e-11
1955,0.5430555555555464,423,103,1.5022253485520269e-06,0.009122432013712215,7.30575000000114e-11
1956,0.5433333333333242,423,103,1.5020550257715898e-06,0.009121925211933677,7.314500000001141e-11
1957,0.543611111111102,423,103,1.5018892846756886e-06,0.00912141843831079,7.323000000001141e-11
1958,0.5438888888888799,423,103,1.50172209897194e-06,0.009120911692841996,7.331500000001143e-11
1959,0.5441666666666577,423,103,1.501549730900207e-06,0.009120404975525727,7.340000000001145e-11
1960,0.5444444444444355,423,103,1.5013757401671662e-06,0.00911989828636042,7.348500000001148e-11
1961,0.5447222222222133,424,103,1.501204551573464e-06,0.009119391625344512,7.35725000000115e-11
1962,0.5449999999999912,423,104,1.5010383282191762e-06,0.009118884992476435,7.366000000001151e-11
1963,0.545277777777769,423,104,1.5008640131947957e-06,0.009118378387754634,7.374750000001152e-11
1964,0.5455555555555468,423,104,1.5006956707677122e-06,0.009117871811177534,7.383500000001154e-11
1965,0.5458333333333246,423,104,1.5005270255247072e-06,0.009117365262743583,7.392250000001156e-11
1966,0.5461111111111024,423,104,1.5003584458408784e-06,0.009116858742451207,7.401000000001158e-11
1967,0.5463888888888803,423,104,1.5001965694868474e-06,0.00911635225029885,7.409750000001159e-11
1968,0.5466666666666581,423,104,1.5000240582445618e-06,0.009115845786284944,7.418500000001161e-11
1969,0.5469444444444359,423,104,1.499858542421429e-06,0.00911533935040793,7.427250000001163e-11
1970,0.5472222222222137,424,104,1.4996919164573609e-06,0.00911483294266624,7.436000000001165e-11
1971,0.5474999999999915,424,104,1.49952167095029e-06,0.009114326563058316,7.444750000001166e-11
1972,0.5477777777777694,424,104,1.4993497845780063e-06,0.00911382021158259,7.453500000001166e-11
1973,0.5480555555555472,424,104,1.4991743785247424e-06,0.009113313888237502,7.462250000001169e-11
1974,0.548333333333325,424,104,1.4990014413336473e-06,0.009112807593021488,7.471000000001172e-11
1975,0.5486111111111028,424,104,1.498833314000264e-06,0.009112301325932989,7.479750000001173e-11
1976,0.5488888888888807,425,104,1.4986700010837363e-06,0.009111795086970437,7.488500000001173e-11
1977,0.5491666666666585,425,104,1.498503217192942e-06,0.009111288876132273,7.497250000001176e-11
1978,0.5494444444444363,425,104,1.49833036439041e-06,0.00911078269341693,7.506000000001178e-11
1979,0.5497222222222141,425,104,1.4981570172194842e-06,0.009110276538822853,7.51475000000118e-11
1980,0.5499999999999919,425,104,1.4979893832702774e-06,0.009109770412348474,7.523500000001181e-11
1981,0.5502777777777698,425,104,1.4978168947076515e-06,0.009109264313992232,7.532250000001185e-11
1982,0.5505555555555476,426,104,1.4976417856212836e-06,0.009108758243752567,7.541000000001185e-11
1983,0.5508333333333254,426,104,1.497466167907386e-06,0.009108252201627916,7.549750000001188e-11
1984,0.5511111111111032,426,104,1.4972859378034833e-06,0.009107746187616714,7.55850000000119e-11
1985,0.551388888888881,426,104,1.4971068132919378e-06,0.009107240201717402,7.567250000001191e-11
1986,0.5516666666666589,426,104,1.4969341937845504e-06,0.009106734243928416,7.576000000001192e-11
1987,0.5519444444444367,426,104,1.4967504856526224e-06,0.0091062283142482,7.584750000001195e-11
1988,0.5522222222222145,426,104,1.4965681912581347e-06,0.009105722412675188,7.593500000001196e-11
1989,0.5524999999999923,426,104,1.4963995507163597e-06,0.009105216539207815,7.602250000001199e-11
1990,0.5527777777777702,426,104,1.4962217703610662e-06,0.009104710693844525,7.611000000001199e-11
1991,0.553055555555548,426,104,1.4960454250123399e-06,0.009104204876583756,7.619750000001202e-11
1992,0.5533333333333258,426,104,1.4958747343353812e-06,0.009103699087423948,7.628750000001204e-11
1993,0.5536111111111036,425,105,1.4956984663182412e-06,0.009103193326363536,7.637750000001205e-11
1994,0.5538888888888814,425,105,1.4955201950086736e-06,0.00910268759340096,7.646750000001207e-11
1995,0.5541666666666593,425,105,1.4953372210732727e-06,0.009102181888534662,7.65575000000121e-11
1996,0.5544444444444371,425,105,1.4951575759546382e-06,0.009101676211763075,7.66475000000121e-11
1997,0.5547222222222149,425,105,1.4949792902665254e-06,0.009101170563084647,7.673750000001214e-11
1998,0.5549999999999927,425,105,1.4948018962498681e-06,0.009100664942497807,7.682750000001214e-11
1999,0.5552777777777705,425,105,1.4946204283938475e-06,0.009100159350001002,7.691750000001217e-11
2000,0.5555555555555484,425,105,1.4944447353169337e-06,0.009099653785592668,7.700750000001218e-11
2001,0.5558333333333262,425,105,1.4942653855422236e-06,0.009099148249271249,7.709750000001219e-11
2002,0.556111111111104,425,105,1.494085644454999e-06,0.00909864274103518,7.718750000001223e-11
2003,0.5563888888888818,425,105,1.4939115117573312e-06,0.009098137260882896,7.727750000001222e-11
2004,0.5566666666666596,427,105,1.4937322288548271e-06,0.00909763180881285,7.736750000001226e-11
2005,0.5569444444444375,427,105,1.49356325145605e-06,0.009097126384823472,7.745500000001227e-11
2006,0.5572222222222153,427,105,1.4933829021119564e-06,0.009096620988913203,7.754250000001228e-11
2007,0.5574999999999931,427,105,1.493208475059883e-06,0.009096115621080484,7.76300000000123e-11
2008,0.5577777777777709,427,105,1.4930362625266916e-06,0.00909561028132376,7.772000000001232e-11
2009,0.5580555555555488,426,106,1.4928651969256978e-06,0.009095104969641464,7.781000000001234e-11
2010,0.5583333333333266,426,106,1.4926963499434159e-06,0.00909459968603204,7.790000000001235e-11
2011,0.5586111111111044,426,106,1.4925286782589642e-06,0.009094094430493926,7.799000000001238e-11
2012,0.5588888888888822,426,106,1.4923538732683336e-06,0.009093589203025568,7.80825000000124e-11
2013,0.55916666666666,425,107,1.4921859374848304e-06,0.0090930840036254,7.817750000001241e-11
2014,0.5594444444444379,425,108,1.4920100312201855e-06,0.009092578832291866,7.827250000001243e-11
2015,0.5597222222222157,425,108,1.4918404176077752e-06,0.009092073689023403,7.837000000001244e-11
2016,0.5599999999999935,425,109,1.4916737605166936e-06,0.009091568573818461,7.846750000001248e-11
2017,0.5602777777777713,425,109,1.4915077191941867e-06,0.009091063486675469,7.856500000001249e-11
2018,0.5605555555555491,425,109,1.4913417686196462e-06,0.009090558427592876,7.866250000001251e-11
2019,0.560833333333327,425,109,1.4911755373624106e-06,0.00909005339656912,7.876000000001252e-11
2020,0.5611111111111048,425,109,1.4910070956315476e-06,0.009089548393602645,7.886000000001254e-11
2021,0.5613888888888826,424,110,1.490832843316217e-06,0.009089043418691892,7.896000000001255e-11
2022,0.5616666666666604,424,110,1.490659164206113e-06,0.009088538471835297,7.906000000001258e-11
2023,0.5619444444444383,424,110,1.4904910345351648e-06,0.009088033553031305,7.91600000000126e-11
2024,0.5622222222222161,424,110,1.4903215539778304e-06,0.00908752866227836,7.926000000001261e-11
2025,0.5624999999999939,425,110,1.4901572551036285e-06,0.009087023799574902,7.936000000001264e-11
2026,0.5627777777777717,425,110,1.4899944194046436e-06,0.009086518964919368,7.946000000001266e-11
2027,0.5630555555555495,425,110,1.4898335690645772e-06,0.009086014158310209,7.956000000001266e-11
2028,0.5633333333333274,425,110,1.4896627264838184e-06,0.009085509379745858,7.966000000001269e-11
2029,0.5636111111111052,425,110,1.4895027535281835e-06,0.00908500462922476,7.976000000001271e-11
2030,0.563888888888883,425,110,1.48933684299179e-06,0.009084499906745359,7.986000000001273e-11
2031,0.5641666666666608,425,110,1.4891699087176118e-06,0.009083995212306096,7.996000000001274e-11
2032,0.5644444444444386,425,110,1.4890025745234275e-06,0.009083490545905413,8.006000000001278e-11
2033,0.5647222222222165,425,110,1.4888376217068666e-06,0.00908298590754175,8.016000000001279e-11
2034,0.5649999999999943,425,110,1.4886681988492127e-06,0.009082481297213554,8.026000000001281e-11
2035,0.5652777777777721,425,110,1.4885038047495637e-06,0.009081976714919265,8.036000000001282e-11
2036,0.5655555555555499,425,110,1.4883326082500817e-06,0.009081472160657324,8.046000000001285e-11
2037,0.5658333333333277,425,111,1.4881672692937726e-06,0.009080967634426177,8.056000000001285e-11
2038,0.5661111111111056,425,111,1.4879981572653045e-06,0.009080463136224265,8.066000000001288e-11
2039,0.5663888888888834,425,111,1.4878368043512356e-06,0.00907995866605003,8.07600000000129e-11
2040,0.5666666666666612,425,111,1.4876788224526614e-06,0.009079454223901917,8.086000000001292e-11
2041,0.566944444444439,425,111,1.4875091707304981e-06,0.009078949809778367,8.096000000001294e-11
2042,0.5672222222222169,425,111,1.487332300233066e-06,0.009078445423677825,8.106000000001295e-11
2043,0.5674999999999947,425,111,1.4871582407179566e-06,0.009077941065598734,8.116000000001297e-11
2044,0.5677777777777725,426,111,1.4869848820772038e-06,0.009077436735539533,8.1262500000013e-11
2045,0.5680555555555503,425,112,1.4868152496800707e-06,0.00907693243349867,8.136500000001301e-11
2046,0.5683333333333281,426,112,1.4866453960209543e-06,0.009076428159474586,8.146750000001304e-11
2047,0.568611111111106,426,112,1.4864755135528068e-06,0.009075923913465728,8.157000000001304e-11
2048,0.5688888888888838,426,112,1.4863082314973982e-06,0.009075419695470537,8.167250000001308e-11
2049,0.5691666666666616,426,112,1.4861394604841999e-06,0.009074915505487452,8.177500000001309e-11
2050,0.5694444444444394,426,112,1.485964736459987e-06,0.009074411343514928,8.187750000001312e-11
2051,0.5697222222222172,426,112,1.485796348927843e-06,0.009073907209551398,8.198000000001313e-11
2052,0.5699999999999951,426,112,1.4856259428981705e-06,0.00907340310359531,8.208500000001314e-11
2053,0.5702777777777729,425,113,1.4854533199268435e-06,0.009072899025645113,8.219000000001316e-11
2054,0.5705555555555507,425,113,1.4852807049654658e-06,0.009072394975699245,8.229500000001317e-11
2055,0.5708333333333285,425,113,1.4851014167955183e-06,0.009071890953756148,8.240000000001319e-11
2056,0.5711111111111064,425,113,1.4849335168100142e-06,0.009071386959814276,8.250500000001321e-11
2057,0.5713888888888842,426,113,1.4847543462903298e-06,0.009070882993872063,8.261000000001323e-11
2058,0.571666666666662,427,113,1.4845839948041768e-06,0.009070379055927957,8.271500000001326e-11
2059,0.5719444444444398,427,113,1.4844089832370104e-06,0.009069875145980408,8.282000000001328e-11
2060,0.5722222222222176,427,113,1.4842364917244178e-06,0.009069371264027853,8.292500000001329e-11
2061,0.5724999999999955,427,113,1.4840669012157202e-06,0.00906886741006874,8.302750000001331e-11
2062,0.5727777777777733,427,113,1.4838917704556462e-06,0.009068363584101515,8.313000000001333e-11
2063,0.5730555555555511,428,113,1.4837243354266905e-06,0.009067859786124623,8.323250000001337e-11
2064,0.5733333333333289,428,113,1.4835492927956565e-06,0.009067356016136504,8.333500000001337e-11
2065,0.5736111111111067,428,113,1.4833776062297369e-06,0.009066852274135607,8.343750000001339e-11
2066,0.5738888888888846,428,113,1.483206362208828e-06,0.009066348560120377,8.354000000001342e-11
2067,0.5741666666666624,428,113,1.4830341839313704e-06,0.00906584487408926,8.364250000001343e-11
2068,0.5744444444444402,428,113,1.4828677890167458e-06,0.0090653412160407,8.374500000001345e-11
2069,0.574722222222218,428,113,1.482693071410737e-06,0.009064837585973142,8.384750000001346e-11
2070,0.5749999999999958,428,113,1.482519553003789e-06,0.009064333983885032,8.395000000001349e-11
2071,0.5752777777777737,428,113,1.4823536969583648e-06,0.009063830409774818,8.405500000001351e-11
2072,0.5755555555555515,427,114,1.4821779321982296e-06,0.009063326863640942,8.416000000001353e-11
2073,0.5758333333333293,427,114,1.482004310539889e-06,0.009062823345481849,8.426500000001354e-11
2074,0.5761111111111071,427,114,1.4818306153698675e-06,0.00906231985529599,8.436750000001356e-11
2075,0.576388888888885,427,114,1.4816594184873191e-06,0.009061816393081809,8.447000000001359e-11
2076,0.5766666666666628,427,114,1.4814933009737628e-06,0.009061312958837745,8.457250000001362e-11
2077,0.5769444444444406,427,114,1.4813221544507134e-06,0.009060809552562258,8.467500000001363e-11
2078,0.5772222222222184,427,114,1.4811420749944263e-06,0.009060306174253782,8.477750000001363e-11
2079,0.5774999999999962,427,114,1.4809630281939223e-06,0.009059802823910768,8.488000000001366e-11
2080,0.5777777777777741,427,114,1.480789119811514e-06,0.009059299501531663,8.498250000001368e-11
2081,0.5780555555555519,427,114,1.480612470082128e-06,0.009058796207114911,8.508500000001371e-11
2082,0.5783333333333297,427,114,1.480437166635866e-06,0.00905829294065896,8.518500000001371e-11
2083,0.5786111111111075,427,114,1.4802642498547872e-06,0.009057789702162256,8.528500000001374e-11
2084,0.5788888888888853,427,114,1.480092668445123e-06,0.009057286491623249,8.538500000001378e-11
2085,0.5791666666666632,427,114,1.4799203144954605e-06,0.00905678330904038,8.548500000001379e-11
2086,0.579444444444441,427,114,1.4797426588201963e-06,0.0090562801544121,8.558500000001381e-11
2087,0.5797222222222188,427,114,1.4795666258641082e-06,0.009055777027736857,8.568500000001383e-11
2088,0.5799999999999966,427,114,1.4793945055908026e-06,0.009055273929013091,8.578500000001383e-11
2089,0.5802777777777745,427,114,1.4792280751434694e-06,0.00905477085823926,8.588250000001387e-11
2090,0.5805555555555523,427,114,1.4790538328309996e-06,0.0090542678154138,8.598250000001387e-11
2091,0.5808333333333301,427,115,1.4788853097021155e-06,0.009053764800535168,8.60825000000139e-11
2092,0.5811111111111079,427,115,1.4787170767267198e-06,0.009053261813601806,8.618250000001391e-11
2093,0.5813888888888857,428,115,1.4785386799866815e-06,0.00905275885461216,8.628000000001394e-11
2094,0.5816666666666636,428,115,1.4783723101591596e-06,0.009052255923564682,8.637500000001397e-11
2095,0.5819444444444414,428,115,1.478206579273997e-06,0.009051753020457819,8.6470000000014e-11
2096,0.5822222222222192,428,115,1.4780360855522464e-06,0.009051250145290016,8.6565000000014e-11
2097,0.582499999999997,428,115,1.4778680007233698e-06,0.00905074729805972,8.666000000001401e-11
2098,0.5827777777777748,428,115,1.4776987053815135e-06,0.009050244478765386,8.675750000001403e-11
2099,0.5830555555555527,427,116,1.477536603221469e-06,0.009049741687405457,8.685750000001406e-11
2100,0.5833333333333305,426,117,1.4773676657884667e-06,0.009049238923978376,8.695750000001408e-11
2101,0.5836111111111083,426,117,1.4771975696822118e-06,0.009048736188482601,8.70575000000141e-11
2102,0.5838888888888861,426,117,1.4770227052605455e-06,0.009048233480916573,8.715750000001413e-11
2103,0.584166666666664,426,117,1.4768509564432995e-06,0.009047730801278747,8.726000000001414e-11
2104,0.5844444444444418,425,118,1.4766829121594699e-06,0.009047228149567564,8.736500000001417e-11
2105,0.5847222222222196,424,119,1.476515591826531e-06,0.009046725525781474,8.74700000000142e-11
2106,0.5849999999999974,425,119,1.4763554078191163e-06,0.009046222929918937,8.75750000000142e-11
2107,0.5852777777777752,425,119,1.4761903446902044e-06,0.009045720361978383,8.768000000001423e-11
2108,0.585555555555553,425,119,1.4760221564238051e-06,0.009045217821958275,8.778500000001424e-11
2109,0.5858333333333309,425,119,1.4758451697643864e-06,0.009044715309857053,8.789250000001427e-11
2110,0.5861111111111087,424,120,1.4756777518147637e-06,0.022703831055033645,8.800000000001429e-11
2111,0.5863888888888865,424,119,1.4755115651300609e-06,0.022702569731086145,8.810750000001432e-11
2112,0.5866666666666643,424,119,1.4753478660845928e-06,0.0227013084772122,8.821500000001432e-11
2113,0.5869444444444422,424,119,1.4751867913027026e-06,0.022700047293407914,8.832250000001435e-11
2114,0.58722222222222,424,119,1.4750262404658331e-06,0.02269878617966939,8.843000000001437e-11
2115,0.5874999999999978,424,119,1.4748593693420755e-06,0.038485066564765504,8.85375000000144e-11
2116,0.5877777777777756,424,118,1.4746873462175688e-06,0.03848292850551192,8.86450000000144e-11
2117,0.5880555555555534,424,118,1.4745238476602724e-06,0.03848079056503939,8.875250000001442e-11
2118,0.5883333333333313,424,118,1.4743638528514866e-06,0.03847865274334133,8.886000000001445e-11
2119,0.5886111111111091,424,118,1.4742004042558173e-06,0.03847651504041115,8.89675000000145e-11
2120,0.5888888888888869,424,118,1.474033362303451e-06,0.050759497634914386,8.90750000000145e-11
2121,0.5891666666666647,424,117,1.4738684674381475e-06,0.05075667766282356,8.91825000000145e-11
2122,0.5894444444444426,425,117,1.473696313653148e-06,0.05075385784739785,8.929000000001454e-11
2123,0.5897222222222204,425,117,1.4735235543579414e-06,0.050751038188628556,8.939750000001455e-11
2124,0.5899999999999982,425,117,1.4733557455125748e-06,0.05074821868650696,8.950500000001457e-11
2125,0.590277777777776,425,117,1.4731847263614169e-06,0.05074539934102438,8.961250000001459e-11
2126,0.5905555555555538,426,117,1.4730155950330936e-06,0.0507425801521721,8.972000000001462e-11
2127,0.5908333333333317,426,117,1.472843247836449e-06,0.050739761119941426,8.982750000001464e-11
2128,0.5911111111111095,426,117,1.4726794972707214e-06,0.05073694224432365,8.993500000001467e-11
2129,0.5913888888888873,426,117,1.4725055591020427e-06,0.05073412352531009,9.004000000001469e-11
2130,0.5916666666666651,426,117,1.4723392902340988e-06,0.050731304962892014,9.01475000000147e-11
2131,0.5919444444444429,425,118,1.4721806573640174e-06,0.05072848655706075,9.025250000001473e-11
2132,0.5922222222222208,425,118,1.472009948109349e-06,0.05072566830780757,9.035750000001475e-11
2133,0.5924999999999986,425,118,1.4718493109135805e-06,0.05072285021512381,9.046250000001476e-11
2134,0.5927777777777764,426,118,1.471679571249382e-06,0.05072003227900075,9.057000000001482e-11
2135,0.5930555555555542,425,119,1.4715187153836757e-06,0.050717214499429696,9.067750000001481e-11
2136,0.593333333333332,425,119,1.4713434761368712e-06,0.05071439687640196,9.078500000001484e-11
2137,0.5936111111111099,425,119,1.471173727384684e-06,0.05071157940990882,9.089250000001485e-11
2138,0.5938888888888877,425,119,1.4710077749439005e-06,0.05070876209994161,9.100000000001486e-11
2139,0.5941666666666655,425,119,1.4708399831936367e-06,0.05070594494649161,9.110750000001489e-11
2140,0.5944444444444433,425,119,1.4706723232941115e-06,0.05070312794955015,9.121500000001491e-11
2141,0.5947222222222212,425,119,1.4705025657177902e-06,0.05070031110910851,9.132250000001495e-11
2142,0.594999999999999,425,119,1.4703315735463775e-06,0.050697494425158,9.143250000001496e-11
2143,0.5952777777777768,424,120,1.4701682874812096e-06,0.05069467789768994,9.154250000001498e-11
2144,0.5955555555555546,424,120,1.4699983658500969e-06,0.05069186152669562,9.165250000001499e-11
2145,0.5958333333333324,424,120,1.4698359848370792e-06,0.05068904531216637,9.176250000001502e-11
2146,0.5961111111111103,424,120,1.4696695269591008e-06,0.05068622925409347,9.187250000001503e-11
2147,0.5963888888888881,424,120,1.4694968094778871e-06,0.05068341335246825,9.198250000001505e-11
2148,0.5966666666666659,424,120,1.4693235410938165e-06,0.050680597607281996,9.20925000000151e-11
2149,0.5969444444444437,424,120,1.469151438182104e-06,0.05067778201852604,9.220250000001511e-11
2150,0.5972222222222215,424,120,1.4689780174226155e-06,0.05067496658619167,9.231250000001513e-11
2151,0.5974999999999994,424,120,1.4688123265028685e-06,0.05067215131027023,9.242250000001513e-11
2152,0.5977777777777772,424,120,1.468649722868859e-06,0.050669336190752985,9.253250000001517e-11
2153,0.598055555555555,424,120,1.4684840820749818e-06,0.05066652122763129,9.26425000000152e-11
2154,0.5983333333333328,424,120,1.4683152062157828e-06,0.05066370642089642,9.275250000001521e-11
2155,0.5986111111111106,424,120,1.4681413266953613e-06,0.05066089177053971,9.286250000001524e-11
2156,0.5988888888888885,424,120,1.467968445795463e-06,0.05065807727655246,9.297500000001527e-11
2157,0.5991666666666663,424,121,1.4677997896261769e-06,0.05065526293892598,9.308750000001527e-11
2158,0.5994444444444441,424,121,1.4676303744480787e-06,0.06126831733384487,9.32000000000153e-11
2159,0.5997222222222219,424,120,1.4674642420919243e-06,0.07174001935560108,9.33150000000153e-11
2160,0.5999999999999998,423,120,1.4672951650125512e-06,0.07173603379897021,9.343000000001534e-11
2161,0.6002777777777776,424,120,1.4671279338651922e-06,0.07173204846375918,9.354500000001537e-11
2162,0.6005555555555554,424,120,1.466962429869058e-06,0.08212577572358964,9.36600000000154e-11
2163,0.6008333333333332,424,119,1.4667969584012504e-06,0.0821212131804939,9.377500000001541e-11
2164,0.601111111111111,424,119,1.4666361315150665e-06,0.08211665089087275,9.389000000001544e-11
2165,0.6013888888888889,424,119,1.4664728418360655e-06,0.08211208885471216,9.400500000001546e-11
2166,0.6016666666666667,424,119,1.466305089667775e-06,0.082107527071998,9.412000000001548e-11
2167,0.6019444444444445,424,119,1.4661408480795215e-06,0.08210296554271623,9.42350000000155e-11
2168,0.6022222222222223,424,119,1.4659680588801197e-06,0.08209840426685275,9.435000000001551e-11
2169,0.6025000000000001,424,119,1.4657972280213534e-06,0.08209384324439349,9.446500000001553e-11
2170,0.602777777777778,424,119,1.465632143761054e-06,0.08208928247532436,9.458000000001556e-11
2171,0.6030555555555558,424,119,1.4654624684025446e-06,0.08208472195963128,9.469500000001559e-11
2172,0.6033333333333336,424,119,1.465292667767727e-06,0.08208016169730022,9.481000000001562e-11
2173,0.6036111111111114,424,119,1.46512248983921e-06,0.08207560168831701,9.492500000001564e-11
2174,0.6038888888888893,424,119,1.4649500442832298e-06,0.08207104193266768,9.504000000001564e-11
2175,0.6041666666666671,424,119,1.4647806814139946e-06,0.0820664824303381,9.515500000001566e-11
2176,0.6044444444444449,424,119,1.4646114064370438e-06,0.08206192318131417,9.527000000001569e-11
2177,0.6047222222222227,423,120,1.464445475755216e-06,0.08205736418558188,9.538500000001573e-11
2178,0.6050000000000005,423,120,1.4642816652151449e-06,0.08205280544312715,9.550000000001575e-11
2179,0.6052777777777784,423,120,1.4641150937473803e-06,0.08204824695393585,9.561250000001577e-11
2180,0.6055555555555562,424,120,1.463942280383691e-06,0.08204368871799397,9.572750000001579e-11
2181,0.605833333333334,423,121,1.4637704333363543e-06,0.08203913073528743,9.58400000000158e-11
2182,0.6061111111111118,423,121,1.4635989353065759e-06,0.08203457300580212,9.595250000001583e-11
2183,0.6063888888888896,423,121,1.4634284823880815e-06,0.08203001552952403,9.606500000001586e-11
2184,0.6066666666666675,423,121,1.4632568634069817e-06,0.08202545830643908,9.617750000001589e-11
2185,0.6069444444444453,423,121,1.463089599042519e-06,0.08202090133653314,9.62900000000159e-11
2186,0.6072222222222231,423,121,1.462914683235665e-06,0.08201634461979224,9.640250000001593e-11
2187,0.6075000000000009,423,121,1.46274867063511e-06,0.08201178815620225,9.651250000001594e-11
2188,0.6077777777777787,424,121,1.462582812120076e-06,0.08200723194574913,9.662000000001596e-11
2189,0.6080555555555566,424,121,1.4624131956939174e-06,0.08200267598841882,9.672750000001599e-11
2190,0.6083333333333344,424,121,1.4622447796288647e-06,0.08199812028419723,9.683500000001601e-11
2191,0.6086111111111122,424,121,1.4620761176328183e-06,0.08199356483307033,9.694500000001602e-11
2192,0.60888888888889,423,122,1.4619081212585249e-06,0.08198900963502408,9.705500000001607e-11
2193,0.6091666666666679,423,122,1.461737885224914e-06,0.08198445469004434,9.716500000001607e-11
2194,0.6094444444444457,423,122,1.4615663769725777e-06,0.08197989999811713,9.72725000000161e-11
2195,0.6097222222222235,423,122,1.4613939165315685e-06,0.08197534555922835,9.738000000001612e-11
2196,0.6100000000000013,423,122,1.461222960788782e-06,0.08197079137336394,9.748750000001615e-11
2197,0.6102777777777791,423,122,1.4610480680878553e-06,0.08196623744050988,9.759500000001617e-11
2198,0.610555555555557,423,122,1.4608792622417333e-06,0.08196168376065206,9.77025000000162e-11
2199,0.6108333333333348,423,122,1.4607050101048479e-06,0.08195713033377648,9.781000000001622e-11
2200,0.6111111111111126,423,122,1.4605354995401747e-06,0.09229389799630534,9.791750000001622e-11
2201,0.6113888888888904,423,121,1.4603669522308777e-06,0.09228877055752777,9.802500000001626e-11
2202,0.6116666666666682,423,121,1.460196356101507e-06,0.10312224535546832,9.813250000001627e-11
2203,0.6119444444444461,423,120,1.460031712959908e-06,0.10311651634183745,9.824000000001631e-11
2204,0.6122222222222239,423,120,1.4598557403187173e-06,0.10311078764648514,9.834750000001634e-11
2205,0.6125000000000017,423,120,1.4596827391112249e-06,0.10310505926939366,9.845500000001635e-11
2206,0.6127777777777795,423,120,1.4595109256681028e-06,0.10309933121054538,9.856250000001636e-11
2207,0.6130555555555574,423,120,1.4593449703757343e-06,0.10309360346992258,9.867000000001641e-11
2208,0.6133333333333352,423,120,1.4591803172672639e-06,0.10308787604750758,9.87750000000164e-11
2209,0.613611111111113,423,120,1.459018631918509e-06,0.10308214894328273,9.888000000001645e-11
2210,0.6138888888888908,423,120,1.4588499407075986e-06,0.10307642215723031,9.898500000001647e-11
2211,0.6141666666666686,423,120,1.458675027184228e-06,0.1030706956893327,9.908500000001648e-11
2212,0.6144444444444465,423,120,1.4585044102452455e-06,0.10306496953957217,9.918500000001652e-11
2213,0.6147222222222243,423,120,1.458333132060355e-06,0.1030592437079311,9.928250000001654e-11
2214,0.6150000000000021,423,120,1.458165814960953e-06,0.10305351819439176,9.938000000001657e-11
2215,0.6152777777777799,423,120,1.4579945477082194e-06,0.11345579136791643,9.947750000001658e-11
2216,0.6155555555555577,423,119,1.4578228636880318e-06,0.11344948826839597,9.957500000001662e-11
2217,0.6158333333333356,423,119,1.4576538210033878e-06,0.11344318551904775,9.967000000001661e-11
2218,0.6161111111111134,423,119,1.4574833165795008e-06,0.11343688311985223,9.976500000001665e-11
2219,0.6163888888888912,423,119,1.4573197639112637e-06,0.11343058107079,9.986000000001668e-11
2220,0.616666666666669,423,119,1.457148041225067e-06,0.11342427937184166,9.99550000000167e-11
2221,0.6169444444444468,423,119,1.4569757035829277e-06,0.11341797802298766,1.0004750000001672e-10
2222,0.6172222222222247,423,119,1.4567997530212673e-06,0.1134116770242086,1.0014000000001675e-10
2223,0.6175000000000025,423,119,1.4566311247265366e-06,0.11340537637548502,1.0023250000001677e-10
2224,0.6177777777777803,423,119,1.4564600691532262e-06,0.11339907607679751,1.0032250000001679e-10
2225,0.6180555555555581,423,119,1.4562892818607309e-06,0.1133927761281266,1.0041250000001683e-10
2226,0.618333333333336,423,119,1.4561204763505652e-06,0.1133864765294528,1.0050250000001685e-10
2227,0.6186111111111138,423,119,1.4559526644917837e-06,0.11338017728075672,1.0059250000001686e-10
2228,0.6188888888888916,423,119,1.4557828055507888e-06,0.11337387838201891,1.0068250000001688e-10
2229,0.6191666666666694,423,119,1.4556205519414566e-06,0.1133675798332199,1.0077500000001691e-10
2230,0.6194444444444472,422,120,1.4554499048310656e-06,0.1133612816343403,1.0087250000001695e-10
2231,0.6197222222222251,420,122,1.455281663407956e-06,0.1133549837853606,1.0097000000001697e-10
2232,0.6200000000000029,420,122,1.45511780063284e-06,0.11334868628626144,1.01067500000017e-10
2233,0.6202777777777807,420,122,1.4549467460944207e-06,0.12383044975178507,1.0116500000001699e-10
2234,0.6205555555555585,420,121,1.4547753326323903e-06,0.12382357028235443,1.0126250000001704e-10
2235,0.6208333333333363,421,121,1.4546054599607518e-06,0.12381669119511653,1.0136000000001706e-10
2236,0.6211111111111142,421,121,1.4544316193147626e-06,0.12380981249005013,1.0145750000001708e-10
2237,0.621388888888892,421,121,1.454268050849812e-06,0.123802934167134,1.0155500000001708e-10
2238,0.6216666666666698,421,121,1.4541049007476234e-06,0.12379605622634697,1.0165250000001711e-10
2239,0.6219444444444476,421,121,1.4539370213713366e-06,0.12378917866766774,1.0175000000001715e-10
2240,0.6222222222222255,421,121,1.453768824656464e-06,0.12378230149107508,1.0184750000001717e-10
2241,0.6225000000000033,421,121,1.453602230704831e-06,0.12377542469654779,1.0194500000001719e-10
2242,0.6227777777777811,421,121,1.4534346302485404e-06,0.12376854828406467,1.0204250000001723e-10
2243,0.6230555555555589,420,122,1.4532635370844878e-06,0.12376167225360446,1.0214000000001725e-10
2244,0.6233333333333367,420,122,1.4530968585009757e-06,0.12375479660514593,1.0223750000001725e-10
2245,0.6236111111111146,420,122,1.4529215999174318e-06,0.12374792133866781,1.023350000000173e-10
2246,0.6238888888888924,421,122,1.4527476041241722e-06,0.12374104645414905,1.024350000000173e-10
2247,0.6241666666666702,420,123,1.4525813722111486e-06,0.12373417195156826,1.0253500000001733e-10
2248,0.624444444444448,420,123,1.4524116057219543e-06,0.12372729783090426,1.0263250000001735e-10
2249,0.6247222222222258,420,123,1.4522396802737227e-06,0.12372042409213589,1.027300000000174e-10
2250,0.6250000000000037,420,123,1.4520747648672916e-06,0.12371355073524194,1.028275000000174e-10
2251,0.6252777777777815,420,123,1.4519102046866136e-06,0.12370667776020107,1.0292500000001742e-10
2252,0.6255555555555593,420,123,1.4517496868898816e-06,0.12369980516699218,1.0302250000001744e-10
2253,0.6258333333333371,420,123,1.4515731176241972e-06,0.12369293295559401,1.0312000000001749e-10
2254,0.626111111111115,420,123,1.451399212886513e-06,0.12368606112598539,1.0321750000001751e-10
2255,0.6263888888888928,420,123,1.4512275401020191e-06,0.12367918967814505,1.0331500000001753e-10
2256,0.6266666666666706,420,123,1.4510529742350674e-06,0.13425674399613355,1.0341250000001754e-10
2257,0.6269444444444484,420,122,1.4508835004503441e-06,0.13424928528813376,1.0351000000001758e-10
2258,0.6272222222222262,420,122,1.4507072890752892e-06,0.13424182699450665,1.036075000000176e-10
2259,0.627500000000004,420,122,1.4505423960661734e-06,0.13423436911522918,1.0370500000001762e-10
2260,0.6277777777777819,420,122,1.4503759735245183e-06,0.13422691165027836,1.0380000000001765e-10
2261,0.6280555555555597,420,122,1.450214248250199e-06,0.13421945459963114,1.0389500000001766e-10
2262,0.6283333333333375,420,122,1.4500428379493132e-06,0.13421199796326444,1.0399000000001768e-10
2263,0.6286111111111153,421,122,1.4498713893371443e-06,0.13420454174115543,1.0408500000001771e-10
2264,0.6288888888888932,421,122,1.4497045788149257e-06,0.13419708593328092,1.0418000000001775e-10
2265,0.629166666666671,421,122,1.4495285525431439e-06,0.13418963053961794,1.0427250000001775e-10
2266,0.6294444444444488,422,122,1.4493556320770963e-06,0.1341821755601435,1.043650000000178e-10
2267,0.6297222222222266,423,122,1.449193976230299e-06,0.13417472099483463,1.0445500000001781e-10
2268,0.6300000000000044,423,122,1.449028965141924e-06,0.13416726684366823,1.0454500000001784e-10
2269,0.6302777777777823,423,122,1.4488653279598102e-06,0.1341598131066214,1.0463500000001787e-10
2270,0.6305555555555601,423,122,1.4487023274967339e-06,0.13415235978367102,1.0472250000001788e-10
2271,0.6308333333333379,423,122,1.4485315517572106e-06,0.13414490687479416,1.0480750000001793e-10
2272,0.6311111111111157,423,122,1.448362858367905e-06,0.13413745437996777,1.0489250000001792e-10
2273,0.6313888888888936,423,122,1.4481968118297064e-06,0.13413000229916888,1.0497750000001797e-10
2274,0.6316666666666714,423,122,1.4480318396008163e-06,0.13412255063237452,1.0506000000001799e-10
2275,0.6319444444444492,423,122,1.447859399195925e-06,0.13411509937956156,1.0514250000001801e-10
2276,0.632222222222227,423,122,1.4476979577146665e-06,0.1341076485407072,1.0522500000001803e-10
2277,0.6325000000000048,423,122,1.4475334141085377e-06,0.13410019811578827,1.0530750000001807e-10
2278,0.6327777777777827,423,122,1.4473705812969094e-06,0.13409274810478183,1.0539000000001808e-10
2279,0.6330555555555605,423,122,1.4472055314123606e-06,0.1340852985076649,1.0547250000001811e-10
2280,0.6333333333333383,423,122,1.4470406601646462e-06,0.1340778493244145,1.0555500000001812e-10
2281,0.6336111111111161,423,122,1.4468676651357815e-06,0.13407040055500757,1.0563750000001819e-10
2282,0.6338888888888939,423,122,1.44670241962164e-06,0.1340629521994212,1.0572250000001819e-10
2283,0.6341666666666718,422,123,1.4465350862323183e-06,0.13405550425763235,1.0580750000001821e-10
2284,0.6344444444444496,422,123,1.4463690427933143e-06,0.13404805672961803,1.0589250000001823e-10
2285,0.6347222222222274,422,123,1.4462014058993854e-06,0.1340406096153553,1.0597750000001825e-10
2286,0.6350000000000052,422,123,1.4460377370296112e-06,0.13403316291482112,1.0606500000001829e-10
2287,0.635277777777783,421,124,1.4458749346618117e-06,0.13402571662799254,1.0615250000001831e-10
2288,0.6355555555555609,421,124,1.4457075786776363e-06,0.1340182707548465,1.0624000000001831e-10
2289,0.6358333333333387,422,124,1.445542529441166e-06,0.13401082529536015,1.0632750000001834e-10
2290,0.6361111111111165,422,124,1.445381056391053e-06,0.1340033802495104,1.0641750000001839e-10
2291,0.6363888888888943,421,125,1.4452155782358628e-06,0.13399593561727433,1.0650750000001841e-10
2292,0.6366666666666722,421,125,1.445048434286027e-06,0.13398849139862892,1.0659750000001845e-10
2293,0.63694444444445,420,126,1.4448858960334578e-06,0.13398104759355123,1.0668500000001845e-10
2294,0.6372222222222278,420,126,1.444721796259773e-06,0.13397360420201826,1.0677250000001849e-10
2295,0.6375000000000056,420,126,1.4445529710686748e-06,0.13396616122400706,1.0686000000001851e-10
2296,0.6377777777777834,420,126,1.4443865283259268e-06,0.1339587186594946,1.0694750000001852e-10
2297,0.6380555555555613,420,126,1.444225157508831e-06,0.13395127650845798,1.0703500000001856e-10
2298,0.6383333333333391,420,126,1.4440625041991843e-06,0.13394383477087418,1.071225000000186e-10
2299,0.6386111111111169,420,126,1.443906306560723e-06,0.1339363934467202,1.072125000000186e-10
2300,0.6388888888888947,419,127,1.4437503091930654e-06,0.1339289525359732,1.0730250000001864e-10
2301,0.6391666666666725,419,127,1.4435930036360713e-06,0.1339215120386101,1.0739250000001866e-10
2302,0.6394444444444504,419,127,1.4434295557894237e-06,0.13391407195460797,1.0748250000001868e-10
2303,0.6397222222222282,419,127,1.4432583188189195e-06,0.1339066322839438,1.0757250000001872e-10
2304,0.640000000000006,419,127,1.4430972266242227e-06,0.1338991930265947,1.0766250000001873e-10
2305,0.6402777777777838,419,127,1.4429395433446481e-06,0.13389175418253768,1.0775250000001875e-10
2306,0.6405555555555617,419,127,1.4427777261376008e-06,0.13388431575174978,1.0784250000001877e-10
2307,0.6408333333333395,419,127,1.4426154434996577e-06,0.13387687773420803,1.0793250000001881e-10
2308,0.6411111111111173,419,127,1.442453111997358e-06,0.1446866295640294,1.0802250000001883e-10
2309,0.6413888888888951,419,126,1.4422914821768045e-06,0.1446785914179425,1.0811250000001887e-10
2310,0.6416666666666729,419,126,1.4421315340421341e-06,0.1446705537184193,1.0820250000001889e-10
2311,0.6419444444444508,420,126,1.4419640488542206e-06,0.144662516465435,1.0829250000001893e-10
2312,0.6422222222222286,421,126,1.4418062453547986e-06,0.14465447965896464,1.0838250000001892e-10
2313,0.6425000000000064,421,126,1.4416412716842567e-06,0.1446464432989836,1.0847250000001896e-10
2314,0.6427777777777842,421,126,1.4414812809010607e-06,0.14463840738546704,1.0856000000001897e-10
2315,0.643055555555562,421,126,1.4413140708589933e-06,0.14463037191839007,1.0865000000001901e-10
2316,0.6433333333333399,420,127,1.4411470993065636e-06,0.1446223368977279,1.0874000000001905e-10
2317,0.6436111111111177,420,127,1.4409851760339923e-06,0.14461430232345582,1.0883000000001906e-10
2318,0.6438888888888955,420,127,1.440814254856656e-06,0.144606268195549,1.0892000000001909e-10
2319,0.6441666666666733,420,127,1.4406508446688122e-06,0.14459823451398257,1.090100000000191e-10
2320,0.6444444444444511,420,127,1.440491611818037e-06,0.1445902012787318,1.0910000000001914e-10
2321,0.644722222222229,420,127,1.4403233733007606e-06,0.14458216848977185,1.0918750000001917e-10
2322,0.6450000000000068,420,127,1.4401620238643287e-06,0.144574136147078,1.0927500000001919e-10
2323,0.6452777777777846,420,127,1.4400039263630362e-06,0.14456610425062538,1.0936250000001921e-10
2324,0.6455555555555624,420,127,1.4398342404817528e-06,0.14455807280038924,1.0945000000001925e-10
2325,0.6458333333333403,420,127,1.43967374981208e-06,0.14455004179634479,1.0953750000001925e-10
2326,0.6461111111111181,420,127,1.4395065506788558e-06,0.1445420112384672,1.096250000000193e-10
2327,0.6463888888888959,420,127,1.4393423780434658e-06,0.14453398112673174,1.0971250000001932e-10
2328,0.6466666666666737,420,127,1.4391834080968816e-06,0.1445259514611136,1.0980000000001935e-10
2329,0.6469444444444515,420,127,1.4390215613875507e-06,0.14451792224158802,1.0988750000001937e-10
2330,0.6472222222222294,420,127,1.4388591870405004e-06,0.14450989346813015,1.0997500000001939e-10
2331,0.6475000000000072,420,127,1.4386993862975466e-06,0.14450186514071525,1.1006250000001941e-10
2332,0.647777777777785,420,127,1.4385343918046805e-06,0.14449383725931852,1.1015000000001945e-10
2333,0.6480555555555628,420,127,1.438376213697935e-06,0.14448580982391523,1.1023750000001945e-10
2334,0.6483333333333406,420,127,1.4382104473156152e-06,0.1444777828344806,1.1032500000001951e-10
2335,0.6486111111111185,420,127,1.4380411529640802e-06,0.1444697562909898,1.1041250000001952e-10
2336,0.6488888888888963,420,127,1.4378725211625331e-06,0.14446173019341807,1.1050000000001952e-10
2337,0.6491666666666741,420,127,1.4377063385751217e-06,0.14445370454174064,1.1058750000001959e-10
2338,0.6494444444444519,420,127,1.4375445338672055e-06,0.1444456793359328,1.1067500000001961e-10
2339,0.6497222222222298,420,127,1.4373820630839546e-06,0.1444376545759697,1.1076500000001964e-10
2340,0.6500000000000076,419,128,1.4372164462678167e-06,0.1444296302618266,1.1085500000001965e-10
2341,0.6502777777777854,419,128,1.4370579020083887e-06,0.1444216063934787,1.1094500000001967e-10
2342,0.6505555555555632,419,128,1.4368996973069612e-06,0.14441358297090132,1.1103750000001971e-10
2343,0.650833333333341,418,129,1.4367340621101099e-06,0.1444055599940696,1.1113000000001972e-10
2344,0.6511111111111189,418,129,1.43656730255174e-06,0.14439753746295883,1.1122250000001975e-10
2345,0.6513888888888967,418,129,1.4363994411320638e-06,0.14438951537754421,1.1131500000001979e-10
2346,0.6516666666666745,418,129,1.4362388960578246e-06,0.14438149373780101,1.114075000000198e-10
2347,0.6519444444444523,418,129,1.4360757857530608e-06,0.1443734725437045,1.1150000000001986e-10
2348,0.6522222222222301,419,129,1.4359118653217936e-06,0.14436545179522983,1.1159250000001986e-10
2349,0.652500000000008,419,129,1.4357455310821973e-06,0.1443574314923523,1.1168500000001988e-10
2350,0.6527777777777858,419,129,1.4355815587603564e-06,0.14434941163504716,1.1177750000001991e-10
2351,0.6530555555555636,419,129,1.4354172773899066e-06,0.1443413922232897,1.1187000000001993e-10
2352,0.6533333333333414,419,129,1.4352594936843687e-06,0.14433337325705503,1.1196000000001995e-10
2353,0.6536111111111192,419,129,1.4350979753199093e-06,0.14432535473631855,1.1205000000001998e-10
2354,0.6538888888888971,419,129,1.434943827038395e-06,0.14431733666105548,1.1214000000002003e-10
2355,0.6541666666666749,419,129,1.434773970812149e-06,0.14430931903124095,1.1223000000002003e-10
2356,0.6544444444444527,419,129,1.4346044939553993e-06,0.14430130184685033,1.1232000000002009e-10
2357,0.6547222222222305,419,129,1.4344380609621756e-06,0.14429328510785883,1.1241000000002009e-10
2358,0.6550000000000084,419,129,1.4342829617756803e-06,0.14428526881424178,1.1250000000002012e-10
2359,0.6552777777777862,419,129,1.4341250272027011e-06,0.14427725296597432,1.1259000000002015e-10
2360,0.655555555555564,419,129,1.4339590041041329e-06,0.14426923756303175,1.1268000000002015e-10
2361,0.6558333333333418,420,129,1.43379500842641e-06,0.14426122260538934,1.1277000000002018e-10
2362,0.6561111111111196,420,129,1.4336281958789102e-06,0.1442532080930224,1.1286000000002023e-10
2363,0.6563888888888975,420,129,1.4334647546508791e-06,0.1442451940259061,1.1295000000002024e-10
2364,0.6566666666666753,420,129,1.4333002201559155e-06,0.14423718040401576,1.1304000000002028e-10
2365,0.6569444444444531,420,129,1.4331432889323904e-06,0.14422916722732668,1.1313000000002032e-10
2366,0.6572222222222309,420,129,1.4329732520189677e-06,0.14422115449581405,1.1322000000002034e-10
2367,0.6575000000000087,420,129,1.432812077281194e-06,0.14421314220945317,1.1331000000002038e-10
2368,0.6577777777777866,420,129,1.4326528529055914e-06,0.14420513036821933,1.1340000000002037e-10
2369,0.6580555555555644,419,130,1.4324866407370234e-06,0.14419711897208776,1.1349000000002041e-10
2370,0.6583333333333422,419,130,1.4323267100195293e-06,0.14418910802103377,1.1358000000002043e-10
2371,0.65861111111112,419,130,1.4321639854258322e-06,0.14418109751503258,1.1367000000002048e-10
2372,0.6588888888888979,419,130,1.4319974525227956e-06,0.14417308745405955,1.1375750000002048e-10
2373,0.6591666666666757,419,130,1.4318310606748259e-06,0.14416507783808985,1.1384250000002052e-10
2374,0.6594444444444535,419,130,1.4316641551176877e-06,0.14415706866709888,1.1392750000002054e-10
2375,0.6597222222222313,420,130,1.4314935953029076e-06,0.1441490599410618,1.1401000000002058e-10
2376,0.6600000000000091,420,130,1.4313157776526015e-06,0.14414105165995394,1.1409250000002059e-10
2377,0.660277777777787,420,130,1.4311456362547552e-06,0.14413304382375067,1.1417500000002064e-10
2378,0.6605555555555648,420,130,1.4309807617074535e-06,0.14412503643242713,1.1425750000002065e-10
2379,0.6608333333333426,420,130,1.4308228948393713e-06,0.14411702948595864,1.1434000000002068e-10
2380,0.6611111111111204,420,130,1.430651082563225e-06,0.14410902298432057,1.1442000000002071e-10
2381,0.6613888888888982,420,130,1.4304824461435619e-06,0.14410101692748808,1.1450000000002071e-10
2382,0.6616666666666761,420,130,1.4303221920218483e-06,0.1440930113154366,1.1458250000002075e-10
2383,0.6619444444444539,419,131,1.4301545678694784e-06,0.1440850061481413,1.1466500000002081e-10
2384,0.6622222222222317,419,131,1.4299916843388477e-06,0.1440770014255775,1.1474750000002082e-10
2385,0.6625000000000095,419,131,1.4298206849274614e-06,0.14406899714772053,1.1483000000002083e-10
2386,0.6627777777777873,419,131,1.42964801008773e-06,0.1440609933145457,1.1491250000002086e-10
2387,0.6630555555555652,419,131,1.4294867116005953e-06,0.1440529899260282,1.1499500000002089e-10
2388,0.663333333333343,419,131,1.4293160305493404e-06,0.14404498698214344,1.1507750000002092e-10
2389,0.6636111111111208,419,131,1.4291501368581458e-06,0.14403698448286667,1.1516000000002096e-10
2390,0.6638888888888986,419,131,1.4289836733291097e-06,0.1440289824281731,1.1524250000002097e-10
2391,0.6641666666666765,419,131,1.4288188406569278e-06,0.14402098081803824,1.15325000000021e-10
2392,0.6644444444444543,419,131,1.4286574167798432e-06,0.14401297965243728,1.1540750000002101e-10
2393,0.6647222222222321,419,131,1.4284891685866485e-06,0.1440049789313455,1.1549000000002106e-10
2394,0.6650000000000099,419,131,1.4283237515440501e-06,0.14399697865473818,1.1557250000002106e-10
2395,0.6652777777777877,419,131,1.4281587214020571e-06,0.1439889788225907,1.156550000000211e-10
2396,0.6655555555555656,419,131,1.4279970000659329e-06,0.14398097943487834,1.1573500000002113e-10
2397,0.6658333333333434,419,131,1.427831112612125e-06,0.1439729804915764,1.1581500000002116e-10
2398,0.6661111111111212,419,131,1.427662922299783e-06,0.1439649819926602,1.1589500000002119e-10
2399,0.666388888888899,419,131,1.427502241863073e-06,0.14395698393810505,1.1597500000002121e-10
2400,0.6666666666666768,419,131,1.4273382497174293e-06,0.1439489863278863,1.1605500000002124e-10
2401,0.6669444444444547,419,131,1.427174307919585e-06,0.14394098916197914,1.1613500000002126e-10
2402,0.6672222222222325,419,131,1.42701077888038e-06,0.14393299244035906,1.162175000000213e-10
2403,0.6675000000000103,418,132,1.4268368145471045e-06,0.14392499616300128,1.1630250000002132e-10
2404,0.6677777777777881,417,133,1.4266730249004286e-06,0.1439170003298811,1.1638500000002133e-10
2405,0.668055555555566,418,133,1.4265091643785585e-06,0.14390900494097394,1.164675000000214e-10
2406,0.6683333333333438,418,133,1.4263401036624527e-06,0.14390100999625496,1.165500000000214e-10
2407,0.6686111111111216,418,133,1.4261723654724058e-06,0.14389301549569966,1.1663250000002144e-10
2408,0.6688888888888994,418,133,1.4260102684857075e-06,0.1438850214392832,1.1671500000002148e-10
2409,0.6691666666666772,418,133,1.4258433531666328e-06,0.14387702782698103,1.1679750000002149e-10
2410,0.6694444444444551,419,133,1.42567985591655e-06,0.14386903465876838,1.168800000000215e-10
2411,0.6697222222222329,419,133,1.4255148072740996e-06,0.1438610419346207,1.1696250000002153e-10
2412,0.6700000000000107,419,133,1.425342759069804e-06,0.14385304965451323,1.1704250000002157e-10
2413,0.6702777777777885,420,133,1.4251774958340049e-06,0.1438450578184213,1.1712250000002158e-10
2414,0.6705555555555663,420,133,1.4250077122980816e-06,0.14383706642632033,1.1720500000002162e-10
2415,0.6708333333333442,419,134,1.4248453505919357e-06,0.14382907547818552,1.1729000000002165e-10
2416,0.671111111111122,418,135,1.4246785562152832e-06,0.1438210849739923,1.1737500000002166e-10
2417,0.6713888888888998,418,135,1.4245190831766796e-06,0.14381309491371594,1.174600000000217e-10
2418,0.6716666666666776,418,135,1.424359859779393e-06,0.14380510529733187,1.1754500000002175e-10
2419,0.6719444444444554,418,135,1.4241972172363432e-06,0.14379711612481533,1.1763250000002177e-10
2420,0.6722222222222333,417,136,1.42403039714411e-06,0.14378912739614172,1.1772000000002177e-10
2421,0.6725000000000111,417,136,1.4238697179915857e-06,0.1437811391112864,1.178075000000218e-10
2422,0.6727777777777889,417,136,1.423700335480161e-06,0.1437731512702247,1.1789500000002183e-10
2423,0.6730555555555667,417,136,1.4235350475551096e-06,0.1437651638729319,1.1798250000002188e-10
2424,0.6733333333333446,417,136,1.4233801285628093e-06,0.1437571769193834,1.180700000000219e-10
2425,0.6736111111111224,417,136,1.4232214872612204e-06,0.14374919040955456,1.1816000000002193e-10
2426,0.6738888888889002,416,137,1.4230623008971295e-06,0.14374120434342066,1.1825250000002192e-10
2427,0.674166666666678,415,138,1.4229032167176093e-06,0.14373321872095718,1.1834750000002196e-10
2428,0.6744444444444558,415,139,1.4227383167534936e-06,0.14372523354213934,1.18442500000022e-10
2429,0.6747222222222337,415,139,1.4225722027781758e-06,0.1437172488069426,1.1853750000002204e-10
2430,0.6750000000000115,415,139,1.4224193931989349e-06,0.1437092645153422,1.1863250000002205e-10
2431,0.6752777777777893,415,139,1.4222568454596009e-06,0.14370128066731355,1.187250000000221e-10
2432,0.6755555555555671,415,139,1.4220998599798089e-06,0.14369329726283203,1.188200000000221e-10
2433,0.6758333333333449,414,140,1.421939526741363e-06,0.14368531430187298,1.1891750000002215e-10
2434,0.6761111111111228,413,141,1.4217817226483155e-06,0.14367733178441175,1.1901750000002218e-10
2435,0.6763888888889006,412,142,1.421616450352525e-06,0.14366934971042375,1.191175000000222e-10
2436,0.6766666666666784,412,142,1.4214611406948234e-06,0.1436613680798843,1.1922000000002223e-10
2437,0.6769444444444562,411,143,1.4213075113559517e-06,0.14365338689276877,1.1932250000002226e-10
2438,0.677222222222234,411,143,1.4211507010863828e-06,0.1436454061490525,1.1942500000002229e-10
2439,0.6775000000000119,411,143,1.4209920698782827e-06,0.1436374258487109,1.1953000000002233e-10
2440,0.6777777777777897,410,144,1.4208345436963738e-06,0.1436294459917193,1.1963750000002235e-10
2441,0.6780555555555675,409,145,1.4206803292064108e-06,0.1436214665780531,1.1974500000002237e-10
2442,0.6783333333333453,410,145,1.4205383615876438e-06,0.14361348760768763,1.198525000000224e-10
2443,0.6786111111111232,410,145,1.4203901278937098e-06,0.14360550908059833,1.1996000000002243e-10
2444,0.678888888888901,410,145,1.4202309741688836e-06,0.1552416308018622,1.2006750000002247e-10
2445,0.6791666666666788,410,144,1.4200748979954095e-06,0.15523300626681763,1.201750000000225e-10
2446,0.6794444444444566,410,144,1.4199163816703929e-06,0.15522438221091395,1.202825000000225e-10
2447,0.6797222222222344,410,144,1.4197593120205555e-06,0.15521575863412448,1.2039250000002255e-10
2448,0.6800000000000123,409,145,1.4196024888842309e-06,0.1552071355364226,1.2050250000002256e-10
2449,0.6802777777777901,409,145,1.4194419024907854e-06,0.15519851291778167,1.206125000000226e-10
2450,0.6805555555555679,411,145,1.419282841222157e-06,0.15518989077817513,1.2072000000002262e-10
2451,0.6808333333333457,411,145,1.4191297657320569e-06,0.15518126911757632,1.2083000000002268e-10
2452,0.6811111111111235,410,146,1.4189791959041453e-06,0.15517264793595875,1.209400000000227e-10
2453,0.6813888888889014,410,146,1.418829553505185e-06,0.15516402723329561,1.210500000000227e-10
2454,0.6816666666666792,410,146,1.4186867291901457e-06,0.15515540700956043,1.2116000000002272e-10
2455,0.681944444444457,410,146,1.418540435746091e-06,0.15514678726472658,1.2127000000002276e-10
2456,0.6822222222222348,410,146,1.4183971463899696e-06,0.1551381679987674,1.2138000000002277e-10
2457,0.6825000000000127,410,146,1.4182472676411807e-06,0.15512954921165636,1.2149250000002278e-10
2458,0.6827777777777905,409,147,1.4180986771150053e-06,0.15512093090336684,1.2160250000002285e-10
2459,0.6830555555555683,409,147,1.4179532794181095e-06,0.15511231307387222,1.2171000000002284e-10
2460,0.6833333333333461,410,147,1.4178087689289472e-06,0.15510369572314592,1.2181750000002288e-10
2461,0.6836111111111239,410,147,1.4176561877292107e-06,0.1550950788511613,1.2192500000002292e-10
2462,0.6838888888889018,410,147,1.4175108017968673e-06,0.1550864624578918,1.2203250000002297e-10
2463,0.6841666666666796,411,147,1.417352692853458e-06,0.15507784654331078,1.22137500000023e-10
2464,0.6844444444444574,411,147,1.4172075420497448e-06,0.15506923110739176,1.22240000000023e-10
2465,0.6847222222222352,411,147,1.4170553476201544e-06,0.155060616150108,1.2234250000002304e-10
2466,0.685000000000013,411,147,1.4169109159949294e-06,0.15505200167143296,1.2244500000002307e-10
2467,0.6852777777777909,411,147,1.416753931672833e-06,0.15504338767134013,1.225475000000231e-10
2468,0.6855555555555687,411,147,1.4166001051433313e-06,0.15503477414980288,1.2265000000002312e-10
2469,0.6858333333333465,411,147,1.4164473526359345e-06,0.15502616110679454,1.2275000000002312e-10
2470,0.6861111111111243,411,147,1.4162947821290688e-06,0.1550175485422886,1.2285000000002316e-10
2471,0.6863888888889021,411,147,1.4161447374116661e-06,0.1550089364562585,1.229500000000232e-10
2472,0.68666666666668,411,147,1.415998003370884e-06,0.1550003248486776,1.2305000000002324e-10
2473,0.6869444444444578,411,147,1.4158466539901114e-06,0.15499171371951934,1.2315000000002325e-10
2474,0.6872222222222356,411,147,1.415700740190126e-06,0.15498310306875715,1.232500000000233e-10
2475,0.6875000000000134,411,147,1.4155522540603355e-06,0.15497449289636442,1.2335000000002333e-10
2476,0.6877777777777913,411,147,1.41540087024927e-06,0.15496588320231464,1.2345000000002337e-10
2477,0.6880555555555691,411,147,1.4152562942787303e-06,0.15495727398658118,1.235500000000234e-10
2478,0.6883333333333469,411,147,1.4151041710233684e-06,0.15494866524913747,1.2365000000002343e-10
2479,0.6886111111111247,411,147,1.4149548430496529e-06,0.15494005698995703,1.2375000000002343e-10
2480,0.6888888888889025,411,147,1.4148084680179209e-06,0.1549314492090131,1.2385500000002348e-10
2481,0.6891666666666804,409,149,1.4146609277179068e-06,0.15492284190627928,1.239625000000235e-10
2482,0.6894444444444582,408,150,1.4145129679144094e-06,0.15491423508172894,1.2407000000002351e-10
2483,0.689722222222236,408,150,1.4143620202521694e-06,0.1549056287353355,1.2417750000002356e-10
2484,0.6900000000000138,408,150,1.4142165532247589e-06,0.15489702286707244,1.242875000000236e-10
2485,0.6902777777777916,407,151,1.414071374284374e-06,0.15488841747691315,1.2440000000002363e-10
2486,0.6905555555555695,406,152,1.4139186464469852e-06,0.15487981256483113,1.2451250000002364e-10
2487,0.6908333333333473,406,152,1.4137693290693042e-06,0.15487120813079977,1.2462500000002365e-10
2488,0.6911111111111251,406,152,1.413608814920924e-06,0.15486260417479247,1.247375000000237e-10
2489,0.6913888888889029,406,152,1.413458987372332e-06,0.15485400069678276,1.2485250000002374e-10
2490,0.6916666666666808,405,153,1.4133095871321833e-06,0.1548453976967441,1.2496500000002375e-10
2491,0.6919444444444586,405,153,1.4131597269660081e-06,0.1548367951746498,1.2507750000002378e-10
2492,0.6922222222222364,405,153,1.4130110142040085e-06,0.1548281931304735,1.2519000000002382e-10
2493,0.6925000000000142,405,153,1.4128625523323498e-06,0.15481959156418842,1.2530250000002385e-10
2494,0.692777777777792,405,153,1.4127083098464428e-06,0.1548109904757682,1.2541250000002386e-10
2495,0.6930555555555699,405,153,1.4125629419477915e-06,0.15480238986518624,1.255225000000239e-10
2496,0.6933333333333477,405,153,1.412405461507895e-06,0.15479378973241592,1.2563250000002394e-10
2497,0.6936111111111255,405,153,1.4122568529144487e-06,0.15478519007743086,1.2574250000002395e-10
2498,0.6938888888889033,405,153,1.4121096701759526e-06,0.1547765909002043,1.25852500000024e-10
2499,0.6941666666666811,405,153,1.4119621335468487e-06,0.15476799220070983,1.2596500000002403e-10
2500,0.694444444444459,404,154,1.4118072256915387e-06,0.15475939397892097,1.2607750000002404e-10
2501,0.6947222222222368,404,154,1.4116633761210492e-06,0.154750796234811,1.2619000000002407e-10
2502,0.6950000000000146,404,154,1.4115108193009999e-06,0.1547421989683535,1.263000000000241e-10
2503,0.6952777777777924,404,154,1.4113642948472413e-06,0.15473360217952195,1.2641000000002415e-10
2504,0.6955555555555702,404,154,1.4112206156076712e-06,0.15472500586828974,1.2652000000002416e-10
2505,0.6958333333333481,404,154,1.4110712441797167e-06,0.15471641003463038,1.266300000000242e-10
2506,0.6961111111111259,404,154,1.410924579621009e-06,0.15470781467851735,1.2674000000002421e-10
2507,0.6963888888889037,404,154,1.410780629788742e-06,0.15469921979992415,1.2685000000002425e-10
2508,0.6966666666666815,404,154,1.4106327044524155e-06,0.15469062539882414,1.269600000000243e-10
2509,0.6969444444444594,404,154,1.410485022001288e-06,0.15468203147519086,1.270700000000243e-10
2510,0.6972222222222372,404,154,1.4103336154996255e-06,0.15467343802899783,1.2718000000002434e-10
2511,0.697500000000015,404,154,1.4101878301856914e-06,0.1546648450602184,1.2729000000002436e-10
2512,0.6977777777777928,404,154,1.4100331930997592e-06,0.15465625256882615,1.274000000000244e-10
2513,0.6980555555555706,404,154,1.4098868639169982e-06,0.16610899709539373,1.2751000000002444e-10
2514,0.6983333333333485,404,153,1.4097438328725752e-06,0.16609976881777733,1.2762000000002445e-10
2515,0.6986111111111263,404,153,1.4095909503051157e-06,0.16609054105284302,1.2773000000002449e-10
2516,0.6988888888889041,404,153,1.409446547622571e-06,0.17694674101150448,1.278375000000245e-10
2517,0.6991666666666819,404,152,1.4093003793967898e-06,0.1769369106370038,1.2794500000002455e-10
2518,0.6994444444444597,404,152,1.4091519291704146e-06,0.17692708080863512,1.2805250000002457e-10
2519,0.6997222222222376,404,152,1.409002907500812e-06,0.17691725152636797,1.281575000000246e-10
2520,0.7000000000000154,405,152,1.4088537411198738e-06,0.187951569546534,1.2826250000002466e-10
2521,0.7002777777777932,405,151,1.4087056565184684e-06,0.18794112779267033,1.2837000000002468e-10
2522,0.700555555555571,404,152,1.408557100056958e-06,0.18793068661890405,1.284800000000247e-10
2523,0.7008333333333489,404,153,1.4084113180250134e-06,0.187920246025203,1.2859000000002473e-10
2524,0.7011111111111267,404,153,1.408267087806754e-06,0.18790980601153498,1.2870000000002477e-10
2525,0.7013888888889045,404,153,1.4081233992790088e-06,0.18789936657786765,1.288125000000248e-10
2526,0.7016666666666823,403,154,1.407979252268939e-06,0.18788892772416887,1.2892750000002483e-10
2527,0.7019444444444601,402,155,1.4078366911743834e-06,0.18787848945040647,1.2904250000002484e-10
2528,0.702222222222238,402,155,1.4076917585409263e-06,0.18786805175654808,1.291575000000249e-10
2529,0.7025000000000158,402,155,1.4075518300519528e-06,0.18785761464256162,1.292725000000249e-10
2530,0.7027777777777936,402,155,1.4074098049117959e-06,0.1878471781084148,1.2938750000002493e-10
2531,0.7030555555555714,402,155,1.4072714029528844e-06,0.1878367421540755,1.2950500000002498e-10
2532,0.7033333333333492,401,156,1.4071286728471522e-06,0.1878263067795114,1.29622500000025e-10
2533,0.7036111111111271,401,156,1.4069867639820915e-06,0.1878158719846903,1.2974000000002503e-10
2534,0.7038888888889049,401,156,1.4068392386260925e-06,0.18780543776958003,1.2986000000002508e-10
2535,0.7041666666666827,400,157,1.4066933697709018e-06,0.1877950041341484,1.2998000000002513e-10
2536,0.7044444444444605,401,157,1.4065480786683117e-06,0.18778457107836316,1.3009750000002515e-10
2537,0.7047222222222383,401,157,1.406405204528716e-06,0.18777413860219216,1.3021500000002515e-10
2538,0.7050000000000162,401,157,1.4062567794576286e-06,0.18776370670560313,1.303325000000252e-10
2539,0.705277777777794,401,157,1.4061156735795958e-06,0.18775327538856396,1.3045000000002523e-10
2540,0.7055555555555718,401,157,1.4059743388696325e-06,0.18774284465104238,1.3056500000002523e-10
2541,0.7058333333333496,401,157,1.4058327115173418e-06,0.1877324144930062,1.306800000000253e-10
2542,0.7061111111111275,401,157,1.4056860575036857e-06,0.18772198491442324,1.3079500000002532e-10
2543,0.7063888888889053,401,157,1.4055453341032381e-06,0.18771155591526134,1.3091250000002534e-10
2544,0.7066666666666831,400,158,1.4053946365976802e-06,0.1877011274954883,1.3103000000002537e-10
2545,0.7069444444444609,400,158,1.405245066929774e-06,0.1876906996550719,1.3114750000002542e-10
2546,0.7072222222222387,401,158,1.4051042013618904e-06,0.18768027239397994,1.3126500000002545e-10
2547,0.7075000000000166,401,158,1.4049654685448279e-06,0.1876698457121803,1.3138250000002547e-10
2548,0.7077777777777944,401,158,1.4048260003446784e-06,0.18765941960964075,1.315000000000255e-10
2549,0.7080555555555722,401,158,1.4046782451239538e-06,0.1876489940863291,1.316175000000255e-10
2550,0.70833333333335,401,158,1.404535307600394e-06,0.1876385691422132,1.3173500000002555e-10
2551,0.7086111111111278,401,158,1.4043873196590877e-06,0.19929241029404296,1.3185000000002558e-10
2552,0.7088888888889057,401,157,1.4042395731534459e-06,0.19928133849347102,1.3196750000002563e-10
2553,0.7091666666666835,400,158,1.4041090187900824e-06,0.19927026730799915,1.3208750000002568e-10
2554,0.7094444444444613,399,159,1.403974319678048e-06,0.19925919673759318,1.322100000000257e-10
2555,0.7097222222222391,398,160,1.4038294460096463e-06,0.19924812678221884,1.323325000000257e-10
2556,0.710000000000017,398,160,1.4036862769349662e-06,0.1992370574418421,1.3245500000002573e-10
2557,0.7102777777777948,398,160,1.4035485276059578e-06,0.19922598871642863,1.3257750000002577e-10
2558,0.7105555555555726,398,160,1.4034048485333735e-06,0.19921492060594442,1.3270000000002582e-10
2559,0.7108333333333504,398,160,1.403268607704867e-06,0.19920385311035524,1.3282250000002583e-10
2560,0.7111111111111282,398,160,1.4031236471275128e-06,0.1991927862296269,1.3294500000002585e-10
2561,0.7113888888889061,400,160,1.4029816342965643e-06,0.19918171996372522,1.3306750000002587e-10
2562,0.7116666666666839,400,160,1.402840980902095e-06,0.19917065431261616,1.331900000000259e-10
2563,0.7119444444444617,400,160,1.4027027379514312e-06,0.2098254340477671,1.3331250000002598e-10
2564,0.7122222222222395,400,159,1.4025620476602516e-06,0.20981377707920887,1.33435000000026e-10
2565,0.7125000000000173,400,159,1.4024219594432695e-06,0.20980212075826007,1.33557500000026e-10
2566,0.7127777777777952,400,159,1.402280216907957e-06,0.20979046508488464,1.3368250000002605e-10
2567,0.713055555555573,399,160,1.4021408774329309e-06,0.2097788100590466,1.338075000000261e-10
2568,0.7133333333333508,399,160,1.4019993837144169e-06,0.20976715568070994,1.339325000000261e-10
2569,0.7136111111111286,399,160,1.4018572880225253e-06,0.2097555019498388,1.3405750000002614e-10
2570,0.7138888888889064,399,160,1.4017163724782074e-06,0.2097438488663972,1.3418250000002618e-10
2571,0.7141666666666843,399,160,1.4015821904969282e-06,0.20973219643034904,1.343100000000262e-10
2572,0.7144444444444621,398,161,1.4014517546457126e-06,0.20972054464165849,1.3444000000002624e-10
2573,0.7147222222222399,397,162,1.4013152282422493e-06,0.2097088935002895,1.3457000000002627e-10
2574,0.7150000000000177,398,162,1.4011813676830204e-06,0.20969724300620615,1.347000000000263e-10
2575,0.7152777777777956,398,162,1.4010401387056557e-06,0.20968559315937246,1.3483000000002633e-10
2576,0.7155555555555734,398,162,1.4009079281567076e-06,0.20967394395975256,1.3496000000002636e-10
2577,0.7158333333333512,399,162,1.4007702532221992e-06,0.20966229540731038,1.3509000000002641e-10
2578,0.716111111111129,399,162,1.4006339235609055e-06,0.20965064750200996,1.3522000000002642e-10
2579,0.7163888888889068,399,162,1.4004947989039086e-06,0.2213465956783752,1.3535250000002647e-10
2580,0.7166666666666847,398,162,1.4003586919132304e-06,0.22133429864528203,1.3548500000002647e-10
2581,0.7169444444444625,398,162,1.400224467468317e-06,0.22132200229535726,1.3561750000002652e-10
2582,0.7172222222222403,398,162,1.4000876131526114e-06,0.22130970662856309,1.3575250000002657e-10
2583,0.7175000000000181,397,163,1.3999536393787281e-06,0.2212974116448615,1.3588750000002656e-10
2584,0.7177777777777959,397,163,1.399823771759315e-06,0.22128511734421458,1.3602250000002658e-10
2585,0.7180555555555738,397,163,1.3996857331888694e-06,0.22127282372658433,1.3616000000002667e-10
2586,0.7183333333333516,396,164,1.3995469962664439e-06,0.2212605307919329,1.3629750000002667e-10
2587,0.7186111111111294,396,164,1.3994038037337783e-06,0.22124823854022221,1.3643500000002673e-10
2588,0.7188888888889072,396,164,1.39925961969552e-06,0.22123594697141447,1.3657250000002675e-10
2589,0.719166666666685,396,164,1.3991238615695697e-06,0.22122365608547162,1.3670750000002677e-10
2590,0.7194444444444629,396,164,1.3989833589788224e-06,0.22121136588235568,1.368375000000268e-10
2591,0.7197222222222407,396,164,1.3988437966590987e-06,0.22119907636202893,1.3696750000002683e-10
2592,0.7200000000000185,396,164,1.3987097799500256e-06,0.22118678752445325,1.3709750000002688e-10
2593,0.7202777777777963,396,164,1.3985759710998275e-06,0.22117449936959077,1.372275000000269e-10
2594,0.7205555555555742,396,164,1.3984393137637304e-06,0.2211622118974036,1.3736000000002691e-10
2595,0.720833333333352,395,165,1.398303365151038e-06,0.22114992510785378,1.3749500000002696e-10
2596,0.7211111111111298,394,166,1.3981759262591393e-06,0.2211376390009033,1.37632500000027e-10
2597,0.7213888888889076,393,167,1.3980446684200132e-06,0.22112535357651436,1.3777000000002704e-10
2598,0.7216666666666854,393,167,1.3979112442464297e-06,0.2211130688346491,1.3790750000002706e-10
2599,0.7219444444444633,393,167,1.3977707011667284e-06,0.22110078477526937,1.3804500000002708e-10
2600,0.7222222222222411,393,167,1.397632663013679e-06,0.22108850139833738,1.3818250000002712e-10
2601,0.7225000000000189,393,167,1.397499153548702e-06,0.2210762187038153,1.3832000000002716e-10
2602,0.7227777777777967,393,167,1.3973684024889806e-06,0.22106393669166505,1.3845500000002718e-10
2603,0.7230555555555745,393,167,1.3972315219184669e-06,0.22105165536184887,1.3859000000002723e-10
2604,0.7233333333333524,393,167,1.3970944970031456e-06,0.23264037959730316,1.3872500000002728e-10
2605,0.7236111111111302,394,166,1.3969553642555191e-06,0.23262745513176997,1.3886000000002727e-10
2606,0.723888888888908,394,166,1.396820446361385e-06,0.23261453138426263,1.3899250000002732e-10
2607,0.7241666666666858,394,166,1.3966901898054146e-06,0.2326016083547413,1.3912500000002735e-10
2608,0.7244444444444637,394,166,1.39655732657457e-06,0.23258868604316604,1.392575000000274e-10
2609,0.7247222222222415,394,166,1.396413280799178e-06,0.23257576444949704,1.3939000000002742e-10
2610,0.7250000000000193,394,166,1.3962736444656566e-06,0.23256284357369428,1.3952250000002745e-10
2611,0.7252777777777971,394,166,1.3961321049133826e-06,0.24306394170989884,1.3965500000002747e-10
2612,0.7255555555555749,394,165,1.3959901904344197e-06,0.2430504381575816,1.3978750000002752e-10
2613,0.7258333333333528,394,165,1.395847881107008e-06,0.24303693535546175,1.3992000000002755e-10
2614,0.7261111111111306,394,165,1.395714327610968e-06,0.2430234333034976,1.400575000000276e-10
2615,0.7263888888889084,392,167,1.3955761132564846e-06,0.2430099320016474,1.401950000000276e-10
2616,0.7266666666666862,392,167,1.395438430491883e-06,0.24299643144986954,1.4033250000002765e-10
2617,0.726944444444464,392,167,1.3952994352498516e-06,0.2429829316481223,1.404700000000277e-10
2618,0.7272222222222419,392,167,1.3951624865344298e-06,0.2532267390524033,1.406075000000277e-10
2619,0.7275000000000197,392,166,1.395019986890484e-06,0.25321267090023375,1.4074500000002772e-10
2620,0.7277777777777975,392,166,1.3948833449914014e-06,0.25319860352962814,1.408825000000278e-10
2621,0.7280555555555753,392,166,1.3947437776675463e-06,0.2531845369405432,1.410200000000278e-10
2622,0.7283333333333532,392,166,1.3946026660903516e-06,0.2531704711329354,1.4115750000002783e-10
2623,0.728611111111131,392,166,1.394466272667692e-06,0.2531564061067614,1.4129500000002787e-10
2624,0.7288888888889088,392,166,1.3943240327324187e-06,0.25314234186197765,1.414325000000279e-10
2625,0.7291666666666866,392,166,1.394189582653225e-06,0.2531282783985409,1.4157000000002793e-10
2626,0.7294444444444644,392,166,1.3940521936023374e-06,0.2531142157164076,1.4170750000002797e-10
2627,0.7297222222222423,392,166,1.393917604779197e-06,0.2531001538155345,1.41845000000028e-10
2628,0.7300000000000201,392,166,1.3937745206679238e-06,0.2530860926958781,1.4198250000002803e-10
2629,0.7302777777777979,392,166,1.3936353500200734e-06,0.253072032357395,1.4212000000002807e-10
2630,0.7305555555555757,392,166,1.393497489771732e-06,0.25305797280004183,1.422575000000281e-10
2631,0.7308333333333535,392,166,1.3933623822851147e-06,0.25304391402377513,1.4239500000002813e-10
2632,0.7311111111111314,392,166,1.3932286208219603e-06,0.25302985602855166,1.4253250000002817e-10
2633,0.7313888888889092,392,166,1.3930949270649327e-06,0.2530157988143278,1.4267250000002818e-10
2634,0.731666666666687,391,167,1.3929602148103828e-06,0.2530017423810603,1.4281250000002824e-10
2635,0.7319444444444648,391,167,1.3928229860504848e-06,0.2529876867287058,1.4295250000002828e-10
2636,0.7322222222222426,391,167,1.3926966007161606e-06,0.25297363185722094,1.4309250000002832e-10
2637,0.7325000000000205,391,167,1.3925640732154145e-06,0.25295957776656225,1.4323500000002835e-10
2638,0.7327777777777983,390,168,1.3924320050567027e-06,0.25294552445668633,1.4337750000002836e-10
2639,0.7330555555555761,390,168,1.3922979040068724e-06,0.25293147192754983,1.435200000000284e-10
2640,0.7333333333333539,390,168,1.3921630874549584e-06,0.25291742017910945,1.4366250000002843e-10
2641,0.7336111111111318,390,168,1.392029069316353e-06,0.25290336921132167,1.438050000000285e-10
2642,0.7338888888889096,390,168,1.3919010409821262e-06,0.2528893190241433,1.439450000000285e-10
2643,0.7341666666666874,390,168,1.3917682434510222e-06,0.26318341204366663,1.4408500000002856e-10
2644,0.7344444444444652,390,167,1.3916356849191351e-06,0.2631687907429975,1.4422750000002857e-10
2645,0.734722222222243,389,168,1.3915085083614788e-06,0.2631541702546229,1.4437250000002863e-10
2646,0.7350000000000209,388,169,1.3913813786500386e-06,0.26313955057849764,1.4451500000002863e-10
2647,0.7352777777777987,388,169,1.3912462501416457e-06,0.2631249317145766,1.4465750000002867e-10
2648,0.7355555555555765,388,169,1.3911147781384922e-06,0.26311031366281473,1.448000000000287e-10
2649,0.7358333333333543,388,169,1.3909775464504305e-06,0.2630956964231667,1.4494250000002873e-10
2650,0.7361111111111321,388,169,1.3908435126381686e-06,0.2630810799955877,1.4508250000002877e-10
2651,0.73638888888891,388,169,1.390702578164016e-06,0.26306646438003245,1.4522250000002878e-10
2652,0.7366666666666878,390,169,1.3905750490272991e-06,0.2630518495764558,1.4536000000002885e-10
2653,0.7369444444444656,390,169,1.3904431881914845e-06,0.2630372355848127,1.4549750000002887e-10
2654,0.7372222222222434,390,169,1.3903018633669204e-06,0.2630226224050579,1.456350000000289e-10
2655,0.7375000000000212,390,169,1.3901737667364792e-06,0.2630080100371466,1.4577500000002892e-10
2656,0.7377777777777991,389,170,1.3900439203740471e-06,0.2629933984810334,1.4591500000002898e-10
2657,0.7380555555555769,390,170,1.3899118207912826e-06,0.2629787877366733,1.46055000000029e-10
2658,0.7383333333333547,390,170,1.3897856150381568e-06,0.26296417780402137,1.4619500000002906e-10
2659,0.7386111111111325,390,170,1.389657302989377e-06,0.2731815512449477,1.4633500000002907e-10
2660,0.7388888888889104,389,170,1.3895288607183827e-06,0.27316637449210085,1.4647750000002913e-10
2661,0.7391666666666882,388,171,1.3893990321339408e-06,0.27315119858240683,1.4662000000002914e-10
2662,0.739444444444466,388,171,1.3892723874687064e-06,0.27313602351581895,1.4676250000002917e-10
2663,0.7397222222222438,388,171,1.3891510779464743e-06,0.27312084929229025,1.469050000000292e-10
2664,0.7400000000000216,388,171,1.3890215551858112e-06,0.273105675911774,1.4704750000002926e-10
2665,0.7402777777777995,388,171,1.3888981212343152e-06,0.2730905033742234,1.471900000000293e-10
2666,0.7405555555555773,388,171,1.3887683429648951e-06,0.27307533167959147,1.473325000000293e-10
2667,0.7408333333333551,389,171,1.3886430031187648e-06,0.27306016082783147,1.4747750000002936e-10
2668,0.7411111111111329,388,172,1.3885157779045284e-06,0.27304499081889666,1.476225000000294e-10
2669,0.7413888888889107,388,172,1.3883902316232392e-06,0.2730298216527401,1.4776750000002942e-10
2670,0.7416666666666886,388,172,1.3882588533369406e-06,0.27301465332931496,1.4791250000002945e-10
2671,0.7419444444444664,388,172,1.3881333247857616e-06,0.2729994858485744,1.480575000000295e-10
2672,0.7422222222222442,388,172,1.3880054685374113e-06,0.2729843192104718,1.4820500000002953e-10
2673,0.742500000000022,387,173,1.3878738675030216e-06,0.27296915341496003,1.4835250000002958e-10
2674,0.7427777777777999,387,173,1.38774738006558e-06,0.2729539884619926,1.485025000000296e-10
2675,0.7430555555555777,387,174,1.387624123563066e-06,0.27293882435152245,1.4865000000002965e-10
2676,0.7433333333333555,387,174,1.387498757716727e-06,0.2729236610835029,1.4879750000002967e-10
2677,0.7436111111111333,387,174,1.3873776235444915e-06,0.2729084986578872,1.489450000000297e-10
2678,0.7438888888889111,387,174,1.3872515470915104e-06,0.2728933370746285,1.4909250000002975e-10
2679,0.744166666666689,387,174,1.3871239089906045e-06,0.27287817633367983,1.4924000000002977e-10
2680,0.7444444444444668,387,174,1.3870044657513178e-06,0.27286301643499467,1.493875000000298e-10
2681,0.7447222222222446,387,174,1.3868797650041778e-06,0.27284785737852607,1.4953500000002985e-10
2682,0.7450000000000224,387,174,1.3867447282128615e-06,0.2728326991642272,1.4968250000002987e-10
2683,0.7452777777778002,387,174,1.3866153611863332e-06,0.2728175417920515,1.4983000000002992e-10
2684,0.7455555555555781,387,174,1.3864866924963956e-06,0.27280238526195194,1.4997750000002995e-10
2685,0.7458333333333559,387,174,1.386360959972378e-06,0.2727872295738818,1.5012500000002997e-10
2686,0.7461111111111337,388,174,1.3862320759699446e-06,0.2727720747277944,1.5027250000003e-10
2687,0.7463888888889115,388,174,1.3861039372965212e-06,0.2727569207236428,1.5042000000003007e-10
2688,0.7466666666666893,388,174,1.3859820531126246e-06,0.27274176756138047,1.505700000000301e-10
2689,0.7469444444444672,387,175,1.3858627350816256e-06,0.2727266152409603,1.507200000000301e-10
2690,0.747222222222245,387,175,1.3857405458567964e-06,0.27271146376233585,1.5087000000003016e-10
2691,0.7475000000000228,387,175,1.3856172899954025e-06,0.2726963131254602,1.5102000000003018e-10
2692,0.7477777777778006,387,175,1.3854906460878096e-06,0.2726811633302866,1.5117000000003022e-10
2693,0.7480555555555785,388,175,1.3853643809365345e-06,0.27266601437676824,1.5132000000003024e-10
2694,0.7483333333333563,388,175,1.3852433474262154e-06,0.2726508662648584,1.514700000000303e-10
2695,0.7486111111111341,388,175,1.3851214312603917e-06,0.27263571899451033,1.5162000000003034e-10
2696,0.7488888888889119,388,175,1.3849945215182283e-06,0.27262057256567734,1.5177000000003036e-10
2697,0.7491666666666897,388,175,1.3848657365799305e-06,0.2726054269783126,1.519225000000304e-10
2698,0.7494444444444676,388,176,1.384738853185835e-06,0.27259028223236936,1.5207500000003044e-10
2699,0.7497222222222454,388,176,1.3846124896483943e-06,0.2847671047573216,1.5222500000003046e-10
2700,0.7500000000000232,388,175,1.3844870329021405e-06,0.2847512843626128,1.523750000000305e-10
2701,0.750277777777801,388,175,1.3843621603058522e-06,0.2847354648468149,1.5252750000003055e-10
2702,0.7505555555555788,388,176,1.3842289337506366e-06,0.28471964620987894,1.526775000000306e-10
2703,0.7508333333333567,388,176,1.3840998196858213e-06,0.2847038284517562,1.528275000000306e-10
2704,0.7511111111111345,388,176,1.3839690382590093e-06,0.28468801157239776,1.5297750000003066e-10
2705,0.7513888888889123,388,176,1.3838468751405089e-06,0.2846721955717549,1.531275000000307e-10
2706,0.7516666666666901,388,176,1.3837221141841402e-06,0.2846563804497787,1.5327750000003073e-10
2707,0.751944444444468,388,176,1.3835949413177248e-06,0.28464056620642036,1.5342750000003077e-10
2708,0.7522222222222458,388,176,1.3834683089284368e-06,0.28462475284163113,1.535775000000308e-10
2709,0.7525000000000236,388,176,1.383338011103625e-06,0.2846089403553621,1.5373000000003083e-10
2710,0.7527777777778014,387,177,1.3832084732188653e-06,0.28459312874756465,1.5388250000003082e-10
2711,0.7530555555555792,387,177,1.3830743821774614e-06,0.2961840596619645,1.5403750000003089e-10
2712,0.7533333333333571,386,177,1.382945400397302e-06,0.29616760499198325,1.5419250000003092e-10
2713,0.7536111111111349,386,177,1.3828136016052264e-06,0.2961511512361504,1.5434750000003094e-10
2714,0.7538888888889127,386,177,1.3826833002686904e-06,0.2961346983944151,1.54502500000031e-10
2715,0.7541666666666905,386,177,1.3825643634951641e-06,0.2961182464667265,1.5465750000003104e-10
2716,0.7544444444444683,386,177,1.382445366855413e-06,0.29610179545303383,1.5481250000003107e-10
2717,0.7547222222222462,386,177,1.3823196526376877e-06,0.2960853453532865,1.549675000000311e-10
2718,0.755000000000024,386,177,1.382201999845474e-06,0.29606889616743354,1.5512500000003117e-10
2719,0.7552777777778018,385,178,1.3820771021205726e-06,0.29605244789542423,1.5528250000003118e-10
2720,0.7555555555555796,385,178,1.3819592011865357e-06,0.29603600053720786,1.554425000000312e-10
2721,0.7558333333333574,384,179,1.3818429521675681e-06,0.29601955409273356,1.5560500000003125e-10
2722,0.7561111111111353,383,180,1.3817255892919661e-06,0.29600310856195067,1.5576750000003128e-10
2723,0.7563888888889131,383,180,1.381608052934915e-06,0.2959866639448084,1.5593000000003135e-10
2724,0.7566666666666909,383,180,1.381481265771899e-06,0.29597022024125585,1.5609250000003135e-10
2725,0.7569444444444687,383,180,1.3813543923292266e-06,0.2959537774512425,1.5625500000003138e-10
2726,0.7572222222222466,383,180,1.3812360993644207e-06,0.2959373355747174,1.5641750000003145e-10
2727,0.7575000000000244,383,180,1.3811191873959454e-06,0.29592089461162985,1.5658000000003145e-10
2728,0.7577777777778022,383,180,1.3809983435455663e-06,0.29590445456192926,1.567400000000315e-10
2729,0.75805555555558,383,180,1.3808734823034226e-06,0.29588801542556475,1.5690000000003153e-10
2730,0.7583333333333578,383,180,1.3807509606557432e-06,0.2958715772024856,1.5706000000003159e-10
2731,0.7586111111111357,383,180,1.380629711485096e-06,0.29585513989264095,1.5722000000003161e-10
2732,0.7588888888889135,383,180,1.3805025110158652e-06,0.2958387034959803,1.5738000000003167e-10
2733,0.7591666666666913,383,180,1.3803795597068895e-06,0.29582226801245276,1.575400000000317e-10
2734,0.7594444444444691,383,180,1.3802561367875918e-06,0.2958058334420076,1.5770500000003172e-10
2735,0.759722222222247,381,182,1.3801328072256462e-06,0.29578939978459423,1.5787000000003176e-10
2736,0.7600000000000248,381,182,1.3800073944682051e-06,0.30705162059276214,1.5803500000003178e-10
2737,0.7602777777778026,382,181,1.3798785432704863e-06,0.30703456216939584,1.5820000000003183e-10
2738,0.7605555555555804,382,181,1.3797562297767144e-06,0.3310781885141174,1.5836500000003187e-10
2739,0.7608333333333582,382,179,1.3796309035799883e-06,0.33105979528142215,1.5853000000003192e-10
2740,0.761111111111136,382,179,1.379506373174272e-06,0.3310414030705732,1.5869500000003194e-10
2741,0.7613888888889139,382,179,1.3793778694126814e-06,0.33102301188151384,1.5886000000003198e-10
2742,0.7616666666666917,382,179,1.3792478223362601e-06,0.33100462171418704,1.5902250000003203e-10
2743,0.7619444444444695,382,179,1.379126135562693e-06,0.3309862325685362,1.5918500000003206e-10
2744,0.7622222222222473,382,179,1.3790023313158196e-06,0.33096784444450467,1.593475000000321e-10
2745,0.7625000000000252,383,179,1.3788858013862876e-06,0.3309494573420355,1.5951000000003213e-10
2746,0.762777777777803,383,179,1.37876212940397e-06,0.33093107126107213,1.5967500000003218e-10
2747,0.7630555555555808,382,180,1.3786415268525913e-06,0.33091268620155756,1.5984000000003222e-10
2748,0.7633333333333586,383,180,1.3785179996501602e-06,0.3308943021634353,1.6000500000003224e-10
2749,0.7636111111111364,383,180,1.3783958690213359e-06,0.33087591914664843,1.6017000000003229e-10
2750,0.7638888888889143,383,180,1.3782725557331471e-06,0.33085753715114036,1.6033750000003235e-10
2751,0.7641666666666921,382,181,1.3781559031409192e-06,0.3308391561768542,1.6050500000003234e-10
2752,0.7644444444444699,382,181,1.3780371119126336e-06,0.33082077622373324,1.606725000000324e-10
2753,0.7647222222222477,382,181,1.3779213454206497e-06,0.3308023972917208,1.6084000000003243e-10
2754,0.7650000000000255,382,181,1.3778056589464957e-06,0.33078401938076024,1.610075000000325e-10
2755,0.7652777777778034,383,181,1.3776884063127072e-06,0.33076564249079454,1.611750000000325e-10
2756,0.7655555555555812,383,181,1.3775737928653485e-06,0.33074726662176734,1.6134250000003255e-10
2757,0.765833333333359,384,181,1.3774526025494738e-06,0.3307288917736217,1.6151000000003256e-10
2758,0.7661111111111368,384,181,1.377333558222444e-06,0.3307105179463009,1.6168000000003263e-10
2759,0.7663888888889147,383,182,1.3772116143313679e-06,0.3306921451397484,1.6185000000003266e-10
2760,0.7666666666666925,383,182,1.3770903473210333e-06,0.33067377335390735,1.6202000000003267e-10
2761,0.7669444444444703,383,182,1.3769678212878868e-06,0.33065540258872095,1.6219000000003274e-10
2762,0.7672222222222481,383,182,1.376848668641639e-06,0.3306370328441327,1.6236000000003277e-10
2763,0.7675000000000259,382,183,1.3767264277635023e-06,0.3306186641200858,1.6252750000003281e-10
2764,0.7677777777778038,382,183,1.3766101189006217e-06,0.3306002964165236,1.6269500000003283e-10
2765,0.7680555555555816,382,183,1.376495088830144e-06,0.33058192973338935,1.6286250000003287e-10
2766,0.7683333333333594,382,183,1.3763693543004223e-06,0.3305635640706264,1.6303250000003293e-10
2767,0.7686111111111372,381,184,1.3762503566815926e-06,0.33054519942817806,1.6320250000003294e-10
2768,0.768888888888915,381,184,1.376128070393571e-06,0.3305268358059877,1.63372500000033e-10
2769,0.7691666666666929,381,184,1.3760120456166936e-06,0.33050847320399845,1.6354250000003304e-10
2770,0.7694444444444707,381,184,1.3758948953084323e-06,0.3304901116221538,1.6371250000003308e-10
2771,0.7697222222222485,381,184,1.375771415205644e-06,0.33047175106039695,1.6388250000003312e-10
2772,0.7700000000000263,381,184,1.3756544660358528e-06,0.33045339151867137,1.6405500000003315e-10
2773,0.7702777777778042,380,185,1.3755430038162357e-06,0.3304350329969204,1.6422750000003318e-10
2774,0.770555555555582,380,185,1.3754224818613054e-06,0.3304166754950873,1.6439750000003322e-10
2775,0.7708333333333598,380,185,1.3753067955559759e-06,0.33039831901311534,1.6456750000003325e-10
2776,0.7711111111111376,379,186,1.3751812266458038e-06,0.3303799635509479,1.6473750000003332e-10
2777,0.7713888888889154,379,186,1.3750670190350973e-06,0.33036160910852846,1.6490750000003333e-10
2778,0.7716666666666933,379,186,1.3749457146042974e-06,0.33034325568580014,1.650775000000334e-10
2779,0.7719444444444711,379,186,1.3748351858694097e-06,0.33032490328270653,1.652450000000334e-10
2780,0.7722222222222489,379,186,1.3747177112887581e-06,0.33030655189919084,1.6541250000003347e-10
2781,0.7725000000000267,379,186,1.3746043841794115e-06,0.3302882015351965,1.6558000000003349e-10
2782,0.7727777777778045,379,186,1.3744839034237425e-06,0.33026985219066674,1.6574750000003353e-10
2783,0.7730555555555824,379,186,1.374364154867711e-06,0.3302515038655451,1.6591500000003357e-10
2784,0.7733333333333602,379,186,1.3742469509095342e-06,0.3302331565597747,1.6608250000003358e-10
2785,0.773611111111138,379,186,1.3741324063011623e-06,0.33021481027329924,1.6624750000003363e-10
2786,0.7738888888889158,379,186,1.3740147591945567e-06,0.3301964650060618,1.6641250000003373e-10
2787,0.7741666666666936,378,187,1.3738977991293723e-06,0.33017812075800596,1.6657500000003372e-10
2788,0.7744444444444715,378,187,1.373784592578396e-06,0.33015977752907494,1.6673750000003375e-10
2789,0.7747222222222493,378,187,1.3736681896592527e-06,0.33014143531921225,1.6690000000003382e-10
2790,0.7750000000000271,378,187,1.3735533655539667e-06,0.33012309412836116,1.6706250000003385e-10
2791,0.7752777777778049,378,187,1.3734415878558934e-06,0.3301047539564651,1.6722500000003387e-10
2792,0.7755555555555828,378,187,1.3733288946235391e-06,0.3300864148034676,1.6738500000003393e-10
2793,0.7758333333333606,378,187,1.3732201197620062e-06,0.33006807666931187,1.6754250000003393e-10
2794,0.7761111111111384,378,187,1.3730980206708046e-06,0.33004973955394135,1.67697500000034e-10
2795,0.7763888888889162,378,187,1.3729798189362891e-06,0.3300314034572994,1.6785250000003403e-10
2796,0.776666666666694,379,187,1.3728597166970636e-06,0.33001306837932964,1.6800500000003408e-10
2797,0.7769444444444719,380,187,1.372745035199869e-06,0.3299947343199752,1.681575000000341e-10
2798,0.7772222222222497,380,187,1.372634201947638e-06,0.3299764012791797,1.6831000000003416e-10
2799,0.7775000000000275,380,187,1.3725144295292604e-06,0.3299580692568865,1.684600000000342e-10
2800,0.7777777777778053,380,187,1.372397306179932e-06,0.32993973825303885,1.6860750000003423e-10
2801,0.7780555555555831,380,187,1.3722862626214457e-06,0.3299214082675803,1.6875500000003428e-10
2802,0.778333333333361,380,187,1.3721730386412368e-06,0.3530315046309198,1.6890500000003433e-10
2803,0.7786111111111388,379,186,1.3720577042654826e-06,0.3530118917695515,1.6905500000003435e-10
2804,0.7788888888889166,379,186,1.3719488170106964e-06,0.35299227999778643,1.6920500000003442e-10
2805,0.7791666666666944,380,186,1.3718340234370955e-06,0.35297266931556437,1.693550000000344e-10
2806,0.7794444444444723,380,186,1.371720272635442e-06,0.35295305972282465,1.6950500000003448e-10
2807,0.7797222222222501,380,186,1.371604436628731e-06,0.35293345121950676,1.696525000000345e-10
2808,0.7800000000000279,380,186,1.3714890912233254e-06,0.35291384380555013,1.6980000000003456e-10
2809,0.7802777777778057,380,186,1.3713796934635234e-06,0.3528942374808942,1.6994750000003458e-10
2810,0.7805555555555835,380,186,1.3712635062945528e-06,0.3528746322454787,1.7009500000003463e-10
2811,0.7808333333333614,380,186,1.3711423465415052e-06,0.3528550280992428,1.7024000000003466e-10
2812,0.7811111111111392,380,186,1.3710301696822875e-06,0.35283542504212617,1.7038500000003472e-10
2813,0.781388888888917,380,186,1.3709145140934853e-06,0.3528158230740683,1.7053000000003472e-10
2814,0.7816666666666948,380,186,1.3707979911727774e-06,0.35279622219500867,1.7067500000003475e-10
2815,0.7819444444444726,380,186,1.3706778339393318e-06,0.3527766224048868,1.708200000000348e-10
2816,0.7822222222222505,380,186,1.370556989785135e-06,0.35275702370364204,1.7096500000003486e-10
2817,0.7825000000000283,380,186,1.370437081059645e-06,0.35273742609121406,1.711100000000349e-10
2818,0.7827777777778061,379,187,1.3703179294427195e-06,0.3527178295675424,1.7125500000003494e-10
2819,0.7830555555555839,379,187,1.3701955078100465e-06,0.3526982341325664,1.71400000000035e-10
2820,0.7833333333333617,379,187,1.370077411740298e-06,0.3645406274245782,1.7154500000003503e-10
2821,0.7836111111111396,379,186,1.3699565342623489e-06,0.3645203751674991,1.7169000000003506e-10
2822,0.7838888888889174,379,186,1.3698383033434756e-06,0.36450012403554544,1.718350000000351e-10
2823,0.7841666666666952,379,186,1.3697206531664772e-06,0.3644798740286545,1.7198000000003517e-10
2824,0.784444444444473,379,186,1.3695991344128693e-06,0.36445962514676405,1.721250000000352e-10
2825,0.7847222222222509,379,186,1.3694839263245075e-06,0.36443937738981147,1.7227000000003522e-10
2826,0.7850000000000287,379,186,1.3693694489298928e-06,0.3644191307577343,1.7241500000003525e-10
2827,0.7852777777778065,379,186,1.3692562032285661e-06,0.36439888525047,1.725600000000353e-10
2828,0.7855555555555843,379,186,1.369137689154448e-06,0.36437864086795607,1.7270500000003534e-10
2829,0.7858333333333621,379,186,1.3690196331859376e-06,0.36435839761013006,1.728500000000354e-10
2830,0.78611111111114,379,186,1.368901260276272e-06,0.36433815547692955,1.7299500000003545e-10
2831,0.7863888888889178,379,186,1.3687821468296692e-06,0.3643179144682919,1.7314250000003547e-10
2832,0.7866666666666956,379,187,1.3686697757556657e-06,0.3642976745841549,1.7329000000003552e-10
2833,0.7869444444444734,379,187,1.3685594545252763e-06,0.3642774358244557,1.7343750000003554e-10
2834,0.7872222222222512,379,187,1.3684475288416017e-06,0.3642571981891321,1.735850000000356e-10
2835,0.7875000000000291,379,187,1.368338245970205e-06,0.3642369616781217,1.7373250000003562e-10
2836,0.7877777777778069,381,187,1.3682226859302227e-06,0.36421672629136176,1.7388000000003567e-10
2837,0.7880555555555847,381,187,1.3681079035282378e-06,0.36419649202879,1.740275000000357e-10
2838,0.7883333333333625,382,187,1.3679923210010968e-06,0.36417625889034405,1.7417500000003575e-10
2839,0.7886111111111404,382,187,1.3678729597860435e-06,0.36415602687596127,1.743225000000358e-10
2840,0.7888888888889182,382,187,1.367761279530652e-06,0.3641357959855792,1.7446500000003583e-10
2841,0.789166666666696,382,187,1.3676454313306236e-06,0.36411556621913554,1.7460500000003587e-10
2842,0.7894444444444738,382,187,1.3675307326178071e-06,0.3763871645760067,1.7474500000003593e-10
2843,0.7897222222222516,382,186,1.3674183630913009e-06,0.3763662541779747,1.7488500000003597e-10
2844,0.7900000000000295,382,186,1.3672916932738786e-06,0.3763453449416315,1.7502250000003598e-10
2845,0.7902777777778073,382,186,1.3671777434646017e-06,0.37632443686691247,1.7515750000003606e-10
2846,0.7905555555555851,382,186,1.3670668886386905e-06,0.37630352995375327,1.7529500000003607e-10
2847,0.7908333333333629,381,187,1.3669497958626862e-06,0.3762826242020892,1.7543250000003614e-10
2848,0.7911111111111407,381,187,1.3668414664547168e-06,0.3762617196118557,1.7557500000003617e-10
2849,0.7913888888889186,379,189,1.3667324717271176e-06,0.37624081618298844,1.7571750000003618e-10
2850,0.7916666666666964,378,190,1.3666189419488024e-06,0.3762199139154227,1.7586250000003624e-10
2851,0.7919444444444742,377,191,1.3665131635798783e-06,0.3761990128090941,1.7600750000003627e-10
2852,0.792222222222252,377,191,1.366401729593007e-06,0.3879233910677413,1.7615250000003632e-10
2853,0.7925000000000298,377,190,1.3662889839321717e-06,0.3879018397682376,1.7630000000003637e-10
2854,0.7927777777778077,376,191,1.3661748046134306e-06,0.38788028966602817,1.7644750000003642e-10
2855,0.7930555555555855,376,191,1.3660578198923936e-06,0.38785874076104676,1.7659500000003647e-10
2856,0.7933333333333633,376,191,1.3659432278674923e-06,0.3878371930532267,1.767425000000365e-10
2857,0.7936111111111411,377,191,1.3658298754824303e-06,0.38781564654250156,1.7689000000003655e-10
2858,0.793888888888919,378,191,1.3657152276834e-06,0.38779410122880476,1.7703750000003657e-10
2859,0.7941666666666968,378,191,1.3656019285295365e-06,0.3877725571120698,1.771825000000366e-10
2860,0.7944444444444746,378,191,1.3654867888308299e-06,0.38775101419223024,1.7732750000003666e-10
2861,0.7947222222222524,379,191,1.3653719221309893e-06,0.38772947246921957,1.7747250000003668e-10
2862,0.7950000000000302,379,191,1.3652605934906948e-06,0.3877079319429713,1.7761750000003677e-10
2863,0.7952777777778081,379,191,1.3651419102997483e-06,0.387686392613419,1.7776250000003677e-10
2864,0.7955555555555859,379,191,1.3650261730038756e-06,0.38766485448049604,1.7790750000003685e-10
2865,0.7958333333333637,379,191,1.3649039614140885e-06,0.38764331754413595,1.7805250000003688e-10
2866,0.7961111111111415,379,191,1.3647780181113168e-06,0.3876217818042724,1.7819750000003688e-10
2867,0.7963888888889193,379,191,1.3646604417842115e-06,0.38760024726083886,1.7834250000003696e-10
2868,0.7966666666666972,379,191,1.364537837702252e-06,0.3875787139137688,1.78487500000037e-10
2869,0.796944444444475,379,191,1.364412879494547e-06,0.38755718176299586,1.7863250000003705e-10
2870,0.7972222222222528,380,191,1.3643012053306847e-06,0.38753565080845354,1.7877750000003705e-10
2871,0.7975000000000306,380,191,1.3641910167090466e-06,0.3875141210500753,1.7892250000003713e-10
2872,0.7977777777778085,380,191,1.3640821452236208e-06,0.3874925924877948,1.7906750000003716e-10
2873,0.7980555555555863,380,191,1.3639738688699611e-06,0.3874710651215454,1.7921250000003716e-10
2874,0.7983333333333641,381,191,1.363855616599168e-06,0.3874495389512609,1.7935750000003722e-10
2875,0.7986111111111419,381,191,1.3637398339260848e-06,0.3874280139768747,1.795025000000373e-10
2876,0.7988888888889197,381,191,1.3636236975340876e-06,0.38740649019832046,1.7964750000003733e-10
2877,0.7991666666666976,381,191,1.3635045667580886e-06,0.38738496761553176,1.7979250000003738e-10
2878,0.7994444444444754,381,191,1.3633840034780364e-06,0.38736344622844193,1.7993750000003744e-10
2879,0.7997222222222532,381,191,1.3632681305576805e-06,0.38734192603698486,1.8008250000003744e-10
2880,0.800000000000031,382,191,1.3631564090973058e-06,0.38732040704109394,1.802275000000375e-10
2881,0.8002777777778088,382,191,1.3630345981850583e-06,0.38729888924070277,1.8037000000003755e-10
2882,0.8005555555555867,382,191,1.3629181978051634e-06,0.38727737263574497,1.8051250000003759e-10
2883,0.8008333333333645,381,192,1.362804886566847e-06,0.3872558572261541,1.8065500000003762e-10
2884,0.8011111111111423,381,192,1.3626794153422312e-06,0.38723434301186377,1.8080000000003767e-10
2885,0.8013888888889201,380,193,1.36256434783892e-06,0.38721282999280754,1.809425000000377e-10
2886,0.801666666666698,380,193,1.3624460465592624e-06,0.3871913181689191,1.8108250000003775e-10
2887,0.8019444444444758,380,193,1.3623279516263014e-06,0.3871698075401319,1.812225000000378e-10
2888,0.8022222222222536,380,193,1.3622113041006408e-06,0.3871482981063797,1.8136250000003785e-10
2889,0.8025000000000314,380,193,1.3620999033170148e-06,0.3871267898675961,1.8150500000003788e-10
2890,0.8027777777778092,379,194,1.3619851297661646e-06,0.39882735729894897,1.8164750000003791e-10
2891,0.803055555555587,379,193,1.361873058370575e-06,0.39880520022354343,1.8179000000003795e-10
2892,0.8033333333333649,378,194,1.3617541399251228e-06,0.3987830443790866,1.8193250000003803e-10
2893,0.8036111111111427,378,194,1.3616366216962069e-06,0.3987608897655101,1.8207500000003804e-10
2894,0.8038888888889205,378,194,1.3615294976079515e-06,0.3987387363827453,1.822150000000381e-10
2895,0.8041666666666983,378,194,1.361412669855324e-06,0.39871658423072415,1.8235500000003811e-10
2896,0.8044444444444762,378,194,1.361299510035379e-06,0.3986944333093779,1.8249500000003815e-10
2897,0.804722222222254,378,194,1.3611891100549278e-06,0.3986722836186385,1.8263500000003822e-10
2898,0.8050000000000318,378,194,1.3610757009471913e-06,0.3986501351584375,1.8277750000003825e-10
2899,0.8052777777778096,377,195,1.3609572652728804e-06,0.39862798792870646,1.829200000000383e-10
2900,0.8055555555555874,377,195,1.360838262806468e-06,0.39860584192937715,1.8306250000003837e-10
2901,0.8058333333333653,378,195,1.3607316090352962e-06,0.3985836971603811,1.8320500000003838e-10
2902,0.8061111111111431,380,195,1.3606217846024992e-06,0.39856155362165,1.8334750000003846e-10
2903,0.8063888888889209,380,195,1.3605078963101995e-06,0.39853941131311543,1.8348750000003845e-10
2904,0.8066666666666987,380,195,1.3603888237575485e-06,0.3985172702347091,1.8362750000003854e-10
2905,0.8069444444444765,380,195,1.3602714637115484e-06,0.3984951303863628,1.8376750000003855e-10
2906,0.8072222222222544,380,195,1.3601523614083683e-06,0.39847299176800793,1.8390750000003859e-10
2907,0.8075000000000322,380,195,1.3600377302076982e-06,0.39845085437957645,1.8404750000003865e-10
2908,0.80777777777781,380,195,1.3599231329091306e-06,0.39842871822099973,1.841875000000387e-10
2909,0.8080555555555878,380,195,1.3598071628314516e-06,0.39840658329220985,1.8432750000003878e-10
2910,0.8083333333333657,380,195,1.3596928783377413e-06,0.398384449593138,1.844675000000388e-10
2911,0.8086111111111435,380,195,1.3595848829098024e-06,0.39836231712371617,1.846075000000388e-10
2912,0.8088888888889213,380,195,1.3594684219640401e-06,0.39834018588387604,1.8474500000003887e-10
2913,0.8091666666666991,380,195,1.3593582176911865e-06,0.3983180558735492,1.848800000000389e-10
2914,0.8094444444444769,380,195,1.3592486060802104e-06,0.40990553817808806,1.8501250000003897e-10
2915,0.8097222222222548,380,194,1.3591359410370002e-06,0.40988276564818926,1.8514500000003897e-10
2916,0.8100000000000326,380,194,1.3590167039606276e-06,0.40985999438343107,1.8527750000003904e-10
2917,0.8102777777778104,380,194,1.358907100966842e-06,0.4098372243837431,1.8541000000003907e-10
2918,0.8105555555555882,381,194,1.358799147932084e-06,0.40981445564905505,1.8554250000003912e-10
2919,0.810833333333366,381,194,1.3586866580087565e-06,0.4097916881792968,1.8567500000003917e-10
2920,0.8111111111111439,382,194,1.3585705129394152e-06,0.4097689219743979,1.8580750000003922e-10
2921,0.8113888888889217,382,194,1.3584520565411612e-06,0.40974615703428824,1.8594250000003924e-10
2922,0.8116666666666995,381,195,1.3583357814396398e-06,0.40972339335889757,1.860800000000393e-10
2923,0.8119444444444773,380,196,1.3582228397551882e-06,0.40970063094815534,1.8622000000003932e-10
2924,0.8122222222222552,379,197,1.358104042078947e-06,0.4096778698019916,1.8636000000003936e-10
2925,0.812500000000033,379,197,1.3579934793200846e-06,0.40965510992033594,1.8650000000003937e-10
2926,0.8127777777778108,379,197,1.3578878563812687e-06,0.40963235130311815,1.8663750000003946e-10
2927,0.8130555555555886,379,197,1.357769185486144e-06,0.4096095939502679,1.867775000000395e-10
2928,0.8133333333333664,378,198,1.3576573915460958e-06,0.40958683786171524,1.8691750000003957e-10
2929,0.8136111111111443,378,198,1.357543419756353e-06,0.40956408303738956,1.8705750000003958e-10
2930,0.8138888888889221,378,198,1.3574220453975972e-06,0.40954132947722083,1.8719750000003964e-10
2931,0.8141666666666999,379,198,1.357306182930695e-06,0.40951857718113877,1.8733500000003968e-10
2932,0.8144444444444777,380,198,1.3571916127521673e-06,0.40949582614907315,1.874700000000397e-10
2933,0.8147222222222555,381,198,1.357075026946868e-06,0.4094730763809538,1.8760500000003978e-10
2934,0.8150000000000334,381,198,1.3569632978714688e-06,0.4214272236981413,1.8774000000003982e-10
2935,0.8152777777778112,381,197,1.356849368723117e-06,0.4214038110746025,1.8787500000003984e-10
2936,0.815555555555589,381,197,1.3567339175544764e-06,0.421380399751765,1.880100000000399e-10
2937,0.8158333333333668,381,197,1.3566199555327233e-06,0.4213569897295567,1.8814500000003994e-10
2938,0.8161111111111446,383,197,1.3565024815607916e-06,0.4213335810079049,1.8828000000003998e-10
2939,0.8163888888889225,383,197,1.3563912787914286e-06,0.44570202834367784,1.8841250000004e-10
2940,0.8166666666667003,383,195,1.3562772426388442e-06,0.445677267119881,1.8854500000004009e-10
2941,0.8169444444444781,383,195,1.3561633246751378e-06,0.4580205303927769,1.8867750000004014e-10
2942,0.8172222222222559,383,194,1.3560494503564842e-06,0.45799508480775514,1.8880750000004017e-10
2943,0.8175000000000338,383,194,1.3559375751137521e-06,0.45796964063637696,1.889400000000402e-10
2944,0.8177777777778116,382,195,1.3558248878326103e-06,0.4579441978785638,1.8907250000004027e-10
2945,0.8180555555555894,383,195,1.355710065925122e-06,0.4579187565342372,1.892025000000403e-10
2946,0.8183333333333672,383,195,1.3556034205863585e-06,0.4578933166033187,1.8933250000004035e-10
2947,0.818611111111145,383,195,1.355491847734102e-06,0.45786787808572954,1.894625000000404e-10
2948,0.8188888888889229,383,195,1.355378001301926e-06,0.45784244098139154,1.895925000000404e-10
2949,0.8191666666667007,383,195,1.3552651712480857e-06,0.4578170052902259,1.8972250000004047e-10
2950,0.8194444444444785,383,195,1.3551465833531279e-06,0.45779157101215434,1.898525000000405e-10
2951,0.8197222222222563,383,195,1.3550321095389229e-06,0.46845573790181705,1.8998500000004057e-10
2952,0.8200000000000341,382,195,1.3549176749286646e-06,0.4684297125830448,1.9011750000004063e-10
2953,0.820277777777812,382,195,1.354801840283629e-06,0.4684036887101235,1.9025250000004067e-10
2954,0.8205555555555898,381,196,1.3546888584600826e-06,0.46837766628297306,1.903850000000407e-10
2955,0.8208333333333676,381,196,1.3545734825758584e-06,0.4683516453015128,1.9051500000004073e-10
2956,0.8211111111111454,381,196,1.3544576139103281e-06,0.4683256257656628,1.9064250000004079e-10
2957,0.8213888888889233,381,196,1.354351786264906e-06,0.4682996076753424,1.9077000000004082e-10
2958,0.8216666666667011,381,196,1.3542368565541166e-06,0.46827359103047167,1.9089750000004085e-10
2959,0.8219444444444789,381,196,1.3541290916916647e-06,0.46824757583097,1.910275000000409e-10
2960,0.8222222222222567,380,197,1.3540218731163284e-06,0.4682215620767571,1.9115750000004096e-10
2961,0.8225000000000345,380,197,1.3539115975150199e-06,0.4681955497677529,1.91287500000041e-10
2962,0.8227777777778124,380,197,1.3538038883663098e-06,0.46816953890387697,1.9141750000004102e-10
2963,0.8230555555555902,380,197,1.3536981453254322e-06,0.46814352948504895,1.9154750000004108e-10
2964,0.823333333333368,380,197,1.3535909244785327e-06,0.46811752151118863,1.9167750000004116e-10
2965,0.8236111111111458,381,197,1.3534843415690589e-06,0.4680915149822158,1.918075000000412e-10
2966,0.8238888888889236,381,197,1.3533650401913185e-06,0.4680655098980503,1.9193750000004122e-10
2967,0.8241666666667015,381,197,1.3532519406800046e-06,0.46803950625861146,1.9206750000004125e-10
2968,0.8244444444444793,381,197,1.3531393649102285e-06,0.46801350406381936,1.9219750000004133e-10
2969,0.8247222222222571,381,197,1.3530327539829696e-06,0.4679875033135936,1.9232750000004136e-10
2970,0.8250000000000349,381,197,1.3529214059275939e-06,0.467961504007854,1.9246000000004139e-10
2971,0.8252777777778127,380,198,1.3528068057434343e-06,0.46793550614652024,1.9259500000004143e-10
2972,0.8255555555555906,379,199,1.3527008860065306e-06,0.46790950972951206,1.9273000000004153e-10
2973,0.8258333333333684,379,199,1.3525983190085014e-06,0.4797543022075593,1.9286750000004157e-10
2974,0.8261111111111462,378,199,1.3524942183545612e-06,0.4797276491907701,1.930000000000416e-10
2975,0.826388888888924,379,199,1.352389699525884e-06,0.47970099765470386,1.9313250000004165e-10
2976,0.8266666666667019,380,199,1.3522828299423346e-06,0.47967434759927874,1.9326500000004167e-10
2977,0.8269444444444797,380,199,1.3521766840166201e-06,0.479647699024412,1.9340000000004172e-10
2978,0.8272222222222575,379,200,1.3520666624174355e-06,0.4907144485460992,1.935350000000418e-10
2979,0.8275000000000353,379,199,1.3519553420640612e-06,0.4906871866322911,1.9367000000004181e-10
2980,0.8277777777778131,379,199,1.3518439121810774e-06,0.49065992623303384,1.9381000000004185e-10
2981,0.828055555555591,377,201,1.3517356531053107e-06,0.490632667348243,1.9395000000004191e-10
2982,0.8283333333333688,377,201,1.3516331238857958e-06,0.49060540997783475,1.9409000000004195e-10
2983,0.8286111111111466,377,201,1.3515254876035499e-06,0.49057815412172506,1.9423000000004196e-10
2984,0.8288888888889244,378,201,1.3514164209448838e-06,0.49055089977982935,1.9437000000004203e-10
2985,0.8291666666667022,378,201,1.3513064717348872e-06,0.4905236469520639,1.9451000000004207e-10
2986,0.8294444444444801,378,201,1.3511987310541146e-06,0.49049639563834424,1.9465000000004213e-10
2987,0.8297222222222579,378,201,1.3510895171657638e-06,0.4904691458385866,1.947900000000422e-10
2988,0.8300000000000357,378,201,1.3509776736138004e-06,0.49044189755270673,1.9493000000004223e-10
2989,0.8302777777778135,378,201,1.3508703978364085e-06,0.49041465078062046,1.9507000000004224e-10
2990,0.8305555555555914,378,201,1.3507566642573788e-06,0.4903874055222437,1.952100000000423e-10
2991,0.8308333333333692,378,201,1.350647776561872e-06,0.49036016177749253,1.9535000000004234e-10
2992,0.831111111111147,378,201,1.3505357296130853e-06,0.49033291954628266,1.9549500000004242e-10
2993,0.8313888888889248,376,203,1.350422476709268e-06,0.4903056788285301,1.9563750000004248e-10
2994,0.8316666666667026,377,203,1.350311647120207e-06,0.4902784396241508,1.957800000000425e-10
2995,0.8319444444444805,377,203,1.3502007057742429e-06,0.49025120193306054,1.959225000000425e-10
2996,0.8322222222222583,378,203,1.3500883193823253e-06,0.4902239657551754,1.960650000000426e-10
2997,0.8325000000000361,378,203,1.3499817571920033e-06,0.5006021570046018,1.9620500000004262e-10
2998,0.8327777777778139,378,202,1.3498669705582422e-06,0.5005743457736571,1.9634500000004266e-10
2999,0.8330555555555917,378,202,1.3497531595343882e-06,0.5005465360877809,1.9648750000004272e-10
3000,0.8333333333333696,377,203,1.3496437395329183e-06,0.5005187279468871,1.9663000000004278e-10
3001,0.8336111111111474,377,203,1.349537633144991e-06,0.50049092135089,1.967725000000428e-10
3002,0.8338888888889252,378,203,1.3494292022735889e-06,0.5004631162997039,1.9691500000004287e-10
3003,0.834166666666703,378,203,1.3493219657077897e-06,0.5004353127932427,1.9705750000004293e-10
3004,0.8344444444444808,379,203,1.3492090851261359e-06,0.500407510831421,1.9720000000004294e-10
3005,0.8347222222222587,378,204,1.349103377756508e-06,0.5003797104141525,1.97342500000043e-10
3006,0.8350000000000365,377,205,1.3489957602061598e-06,0.5003519115413518,1.9748500000004306e-10
3007,0.8352777777778143,378,205,1.348889194357559e-06,0.5003241142129328,1.976300000000431e-10
3008,0.8355555555555921,378,206,1.348781176457867e-06,0.50029631842881,1.9777500000004314e-10
3009,0.83583333333337,378,206,1.348671830870036e-06,0.5002685241888972,1.9792000000004317e-10
3010,0.8361111111111478,378,206,1.3485660755556205e-06,0.500240731493109,1.9806500000004322e-10
3011,0.8363888888889256,379,206,1.348458481804953e-06,0.5002129403413592,1.9821000000004325e-10
3012,0.8366666666667034,379,206,1.3483472310227765e-06,0.5001851507335626,1.9835500000004336e-10
3013,0.8369444444444812,379,206,1.348242313365976e-06,0.500157362669633,1.9850000000004336e-10
3014,0.8372222222222591,379,206,1.348132524001042e-06,0.5001295761494847,1.986450000000434e-10
3015,0.8375000000000369,379,206,1.3480196813042866e-06,0.500101791173032,1.9879000000004347e-10
3016,0.8377777777778147,378,207,1.3479152976586856e-06,0.5000740077401891,1.9893500000004347e-10
3017,0.8380555555555925,378,207,1.3478088015717878e-06,0.5000462258508702,1.9908000000004358e-10
3018,0.8383333333333703,378,207,1.3477031959137174e-06,0.5000184455049896,1.9922500000004356e-10
3019,0.8386111111111482,378,207,1.3475965067457283e-06,0.49999066670246156,1.9936750000004367e-10
3020,0.838888888888926,378,207,1.3474887377727218e-06,0.49996288944320033,1.9950750000004368e-10
3021,0.8391666666667038,379,207,1.3473783707845455e-06,0.4999351137271202,1.9965250000004374e-10
3022,0.8394444444444816,377,209,1.3472668250111074e-06,0.49990733955413535,1.9979750000004377e-10
3023,0.8397222222222595,377,209,1.3471567184527303e-06,0.4998795669241603,1.9994250000004382e-10
3024,0.8400000000000373,377,209,1.3470444934106408e-06,0.49985179583710887,2.000875000000439e-10
3025,0.8402777777778151,377,209,1.3469305251998297e-06,0.49982402629289563,2.0023250000004396e-10
3026,0.8405555555555929,379,209,1.3468215209503372e-06,0.49979625829143487,2.0037750000004398e-10
3027,0.8408333333333707,379,209,1.3467086182634208e-06,0.49976849183264094,2.00520000000044e-10
3028,0.8411111111111486,379,209,1.3466034522294248e-06,0.4997407269164281,2.0066250000004405e-10
3029,0.8413888888889264,379,209,1.3464963569579062e-06,0.4997129635427106,2.008050000000441e-10
3030,0.8416666666667042,380,209,1.3463932442163667e-06,0.4996852017114026,2.0095000000004417e-10
3031,0.841944444444482,379,210,1.3462852096504393e-06,0.49965744142241886,2.010950000000442e-10
3032,0.8422222222222598,379,210,1.3461752736840919e-06,0.4996296826756729,2.0123750000004425e-10
3033,0.8425000000000377,379,210,1.346068440667676e-06,0.4996019254710799,2.013800000000443e-10
3034,0.8427777777778155,379,210,1.345958559533228e-06,0.4995741698085537,2.0152250000004437e-10
3035,0.8430555555555933,378,211,1.3458437692272928e-06,0.4995464156880089,2.0166500000004438e-10
3036,0.8433333333333711,378,211,1.3457350602985903e-06,0.49951866310935966,2.0180750000004444e-10
3037,0.843611111111149,378,211,1.3456211835339051e-06,0.4994909120725201,2.019500000000445e-10
3038,0.8438888888889268,378,211,1.3455128605510065e-06,0.499463162577405,2.0209250000004456e-10
3039,0.8441666666667046,378,211,1.3454028332730981e-06,0.4994354146239285,2.0223500000004462e-10
3040,0.8444444444444824,378,211,1.3452911218933412e-06,0.49940766821200494,2.0237750000004462e-10
3041,0.8447222222222602,378,211,1.3451848334026733e-06,0.4993799233415488,2.0252000000004468e-10
3042,0.845000000000038,378,211,1.3450709063453438e-06,0.4993521800124742,2.0266250000004472e-10
3043,0.8452777777778159,378,211,1.3449533834723012e-06,0.49932443822469574,2.0280500000004478e-10
3044,0.8455555555555937,379,211,1.3448424736811462e-06,0.49929669797812776,2.0294750000004478e-10
3045,0.8458333333333715,379,211,1.3447281763170005e-06,0.4992689592726846,2.0309000000004484e-10
3046,0.8461111111111493,379,211,1.3446164670892736e-06,0.49924122210828054,2.032325000000449e-10
3047,0.8463888888889272,379,211,1.344509639690064e-06,0.4992134864848301,2.0337750000004496e-10
3048,0.846666666666705,378,212,1.3444010926259804e-06,0.49918575240224766,2.0352000000004502e-10
3049,0.8469444444444828,378,212,1.3442895738184845e-06,0.5113289082571073,2.0366250000004507e-10
3050,0.8472222222222606,378,211,1.3441783187561157e-06,0.5113005010955375,2.038050000000451e-10
3051,0.8475000000000384,378,211,1.344067682586019e-06,0.5112720955121433,2.0394750000004514e-10
3052,0.8477777777778163,378,211,1.343962291608737e-06,0.511243691506837,2.0409250000004517e-10
3053,0.8480555555555941,377,212,1.3438488490965425e-06,0.5112152890795312,2.042375000000452e-10
3054,0.8483333333333719,377,212,1.3437422196817015e-06,0.511186888230138,2.0438250000004525e-10
3055,0.8486111111111497,377,212,1.3436389425655348e-06,0.5111584889585694,2.0452750000004536e-10
3056,0.8488888888889276,377,212,1.3435293873272045e-06,0.5236179245829493,2.046725000000454e-10
3057,0.8491666666667054,378,211,1.3434196115228436e-06,0.5235888346982503,2.0481500000004545e-10
3058,0.8494444444444832,378,211,1.3433045416545356e-06,0.523559746429656,2.0495750000004546e-10
3059,0.849722222222261,378,211,1.3431957177213044e-06,0.5354367118185688,2.0510000000004552e-10
3060,0.8500000000000388,378,210,1.3430955807924035e-06,0.5354069653345789,2.052450000000456e-10
3061,0.8502777777778167,377,211,1.3429825387984976e-06,0.5353772205031714,2.0538750000004566e-10
3062,0.8505555555555945,377,211,1.342881525935601e-06,0.5353474773242545,2.055300000000457e-10
3063,0.8508333333333723,378,211,1.342773271802223e-06,0.5353177357977366,2.0567250000004572e-10
3064,0.8511111111111501,378,211,1.3426675653843366e-06,0.5352879959235256,2.0581500000004573e-10
3065,0.8513888888889279,378,211,1.342565545600038e-06,0.5352582577015298,2.059575000000458e-10
3066,0.8516666666667058,378,211,1.3424645674644025e-06,0.5352285211316574,2.0610000000004585e-10
3067,0.8519444444444836,378,211,1.3423585586218866e-06,0.535198786213817,2.062425000000459e-10
3068,0.8522222222222614,379,211,1.3422496450736118e-06,0.5351690529479163,2.0638500000004597e-10
3069,0.8525000000000392,379,211,1.3421371284391921e-06,0.5351393213338635,2.0652500000004603e-10
3070,0.852777777777817,379,211,1.342036624872975e-06,0.5351095913715672,2.0666500000004604e-10
3071,0.8530555555555949,379,211,1.341922751827012e-06,0.5350798630609355,2.068025000000461e-10
3072,0.8533333333333727,379,211,1.3418142809719925e-06,0.5350501364018766,2.0694000000004618e-10
3073,0.8536111111111505,379,211,1.341708382540395e-06,0.5350204113942987,2.0707750000004617e-10
3074,0.8538888888889283,379,211,1.3416004332618867e-06,0.5349906880381101,2.0721500000004626e-10
3075,0.8541666666667062,379,211,1.3414937731600286e-06,0.5349609663332191,2.0735500000004633e-10
3076,0.854444444444484,378,212,1.3413821345914109e-06,0.5349312462795339,2.0749500000004634e-10
3077,0.8547222222222618,378,212,1.341274193417674e-06,0.5349015278769631,2.0763750000004637e-10
3078,0.8550000000000396,377,213,1.3411670484298776e-06,0.5348718111254142,2.0777750000004644e-10
3079,0.8552777777778174,377,213,1.3410647859894207e-06,0.5348420960247963,2.079175000000465e-10
3080,0.8555555555555953,379,213,1.3409559519905626e-06,0.534812382575017,2.0805500000004654e-10
3081,0.8558333333333731,379,213,1.3408492725465401e-06,0.5347826707759852,2.081900000000466e-10
3082,0.8561111111111509,379,213,1.3407391390932055e-06,0.5347529606276087,2.083250000000466e-10
3083,0.8563888888889287,379,213,1.3406300482542082e-06,0.534723252129796,2.084600000000467e-10
3084,0.8566666666667065,379,213,1.340525499863509e-06,0.5346935452824555,2.0859750000004672e-10
3085,0.8569444444444844,379,214,1.3404249236314213e-06,0.5346638400854955,2.087350000000468e-10
3086,0.8572222222222622,379,214,1.3403211810097508e-06,0.5346341365388239,2.0887250000004686e-10
3087,0.85750000000004,379,214,1.340216022607557e-06,0.5346044346423496,2.090100000000469e-10
3088,0.8577777777778178,379,214,1.3401114626940158e-06,0.5345747343959806,2.091475000000469e-10
3089,0.8580555555555957,379,214,1.3400055689638688e-06,0.5345450357996254,2.0928500000004699e-10
3090,0.8583333333333735,379,214,1.3398995044151639e-06,0.5345153388531919,2.09422500000047e-10
3091,0.8586111111111513,379,214,1.3397950146430034e-06,0.5344856435565891,2.0956000000004704e-10
3092,0.8588888888889291,379,214,1.339683926118249e-06,0.5344559499097249,2.0969750000004714e-10
3093,0.8591666666667069,379,214,1.3395818390882627e-06,0.5344262579125075,2.0983500000004718e-10
3094,0.8594444444444848,380,214,1.339479291637534e-06,0.5343965675648459,2.099675000000472e-10
3095,0.8597222222222626,380,214,1.3393765453470971e-06,0.5343668788666478,2.1010000000004726e-10
3096,0.8600000000000404,380,214,1.339271637817288e-06,0.534337191817822,2.1023500000004733e-10
3097,0.8602777777778182,379,215,1.3391706268822227e-06,0.5343075064182765,2.1037000000004732e-10
3098,0.860555555555596,379,215,1.3390629204617481e-06,0.5342778226679201,2.1050500000004742e-10
3099,0.8608333333333739,379,215,1.3389609440507114e-06,0.5342481405666606,2.1064000000004747e-10
3100,0.8611111111111517,379,215,1.3388556911687733e-06,0.534218460114407,2.1077500000004751e-10
3101,0.8613888888889295,379,215,1.3387490327930367e-06,0.5341887813110673,2.1091000000004754e-10
3102,0.8616666666667073,379,215,1.3386420795758588e-06,0.5341591041565501,2.1104500000004763e-10
3103,0.8619444444444851,379,215,1.3385361599231913e-06,0.5341294286507635,2.1118250000004768e-10
3104,0.862222222222263,378,216,1.338439101401298e-06,0.5340997547936164,2.1132000000004772e-10
3105,0.8625000000000408,378,216,1.3383307549501583e-06,0.5340700825850168,2.1145750000004776e-10
3106,0.8627777777778186,378,216,1.3382341118997865e-06,0.5340404120248732,2.115925000000478e-10
3107,0.8630555555555964,378,216,1.3381312755777563e-06,0.547086141568747,2.1172750000004785e-10
3108,0.8633333333333743,378,215,1.3380270559056965e-06,0.5470557478942154,2.1186250000004795e-10
3109,0.8636111111111521,378,215,1.3379224031279348e-06,0.5470253559082213,2.1199750000004797e-10
3110,0.8638888888889299,378,215,1.3378205250118864e-06,0.5469949656106708,2.1213250000004802e-10
3111,0.8641666666667077,377,216,1.3377139002793107e-06,0.5469645770014702,2.1226750000004807e-10
3112,0.8644444444444855,378,216,1.3376045576231975e-06,0.5469341900805258,2.124025000000481e-10
3113,0.8647222222222634,378,216,1.3374989092482053e-06,0.5469038048477435,2.1253750000004816e-10
3114,0.8650000000000412,378,216,1.3373980445238604e-06,0.5468734213030298,2.1267250000004818e-10
3115,0.865277777777819,378,216,1.3372984268807575e-06,0.5468430394462908,2.1281000000004827e-10
3116,0.8655555555555968,377,217,1.337191474516834e-06,0.5468126592774326,2.1294750000004834e-10
3117,0.8658333333333746,377,217,1.3370917196237074e-06,0.5467822807963617,2.1308500000004838e-10
3118,0.8661111111111525,377,217,1.3369889286335708e-06,0.546751904002984,2.1322000000004843e-10
3119,0.8663888888889303,377,217,1.336881133682209e-06,0.5467215288972062,2.1335500000004845e-10
3120,0.8666666666667081,377,217,1.3367736374555826e-06,0.5466911554789342,2.134900000000485e-10
3121,0.8669444444444859,377,217,1.3366716553768111e-06,0.5466607837480743,2.1362500000004854e-10
3122,0.8672222222222637,379,217,1.3365635542840523e-06,0.5574770562684067,2.1375750000004857e-10
3123,0.8675000000000416,379,216,1.3364585232178599e-06,0.5574460853208363,2.1389000000004865e-10
3124,0.8677777777778194,379,216,1.336360150311023e-06,0.5574151160938741,2.140250000000487e-10
3125,0.8680555555555972,379,217,1.3362589443697008e-06,0.5573841485874242,2.1416000000004874e-10
3126,0.868333333333375,379,217,1.3361498292650294e-06,0.5573531828013917,2.1429250000004882e-10
3127,0.8686111111111529,379,217,1.3360432212492727e-06,0.5573222187356806,2.1442500000004887e-10
3128,0.8688888888889307,379,217,1.3359378060932851e-06,0.5572912563901953,2.145575000000489e-10
3129,0.8691666666667085,379,217,1.335831015007486e-06,0.5572602957648403,2.1469250000004894e-10
3130,0.8694444444444863,378,218,1.335727811599326e-06,0.5572293368595199,2.1482750000004899e-10
3131,0.8697222222222641,378,218,1.3356158145079216e-06,0.557198379674139,2.1496250000004906e-10
3132,0.870000000000042,378,218,1.3355075381314506e-06,0.5571674242086015,2.1509500000004913e-10
3133,0.8702777777778198,379,218,1.3353961497930787e-06,0.5571364704628123,2.1522750000004919e-10
3134,0.8705555555555976,379,218,1.335288571194252e-06,0.5571055184366753,2.153600000000492e-10
3135,0.8708333333333754,379,218,1.3351800869225452e-06,0.5570745681300955,2.1549000000004924e-10
3136,0.8711111111111532,379,218,1.3350686095158103e-06,0.5570436195429774,2.1562000000004927e-10
3137,0.8713888888889311,379,218,1.3349626426393618e-06,0.557012672675225,2.157500000000494e-10
3138,0.8716666666667089,379,218,1.3348558084097957e-06,0.5569817275267429,2.1588250000004943e-10
3139,0.8719444444444867,378,219,1.3347497733237023e-06,0.5700100318852455,2.1601500000004945e-10
3140,0.8722222222222645,379,218,1.3346462345107218e-06,0.569978364661252,2.161475000000495e-10
3141,0.8725000000000424,379,218,1.3345436774376971e-06,0.5699466991965484,2.1628000000004953e-10
3142,0.8727777777778202,379,218,1.3344354811517834e-06,0.5699150354910375,2.164125000000496e-10
3143,0.873055555555598,379,218,1.3343369757717538e-06,0.5698833735446214,2.1654500000004966e-10
3144,0.8733333333333758,379,218,1.3342288822897116e-06,0.5698517133572022,2.1667750000004973e-10
3145,0.8736111111111536,379,218,1.3341179097854146e-06,0.583035176207326,2.1681000000004976e-10
3146,0.8738888888889315,380,217,1.3340063178789195e-06,0.5830027853642034,2.1694000000004984e-10
3147,0.8741666666667093,380,217,1.3339013631968255e-06,0.5829703963205721,2.1707000000004987e-10
3148,0.8744444444444871,380,217,1.3337957891280923e-06,0.5829380090763321,2.172000000000499e-10
3149,0.8747222222222649,380,217,1.3336870257422845e-06,0.5829056236313833,2.1733000000004998e-10
3150,0.8750000000000427,380,217,1.3335808217313998e-06,0.582873239985626,2.1746000000005e-10
3151,0.8752777777778206,380,217,1.3334733455154704e-06,0.5828408581389602,2.175900000000501e-10
3152,0.8755555555555984,380,217,1.3333624667606032e-06,0.582808478091286,2.1772000000005012e-10
3153,0.8758333333333762,380,217,1.3332567178771139e-06,0.5827760998425031,2.1785000000005018e-10
3154,0.876111111111154,380,217,1.333150262403224e-06,0.5827437233925118,2.179800000000502e-10
3155,0.8763888888889318,380,217,1.333040825250718e-06,0.5827113487412122,2.1811000000005024e-10
3156,0.8766666666667097,380,217,1.3329341367376293e-06,0.5826789758885045,2.1824000000005037e-10
3157,0.8769444444444875,380,217,1.332821723684141e-06,0.5826466048342885,2.1837750000005036e-10
3158,0.8772222222222653,378,220,1.3327135301737704e-06,0.5826142355784645,2.1851500000005045e-10
3159,0.8775000000000431,378,220,1.332609418637035e-06,0.5825818681209323,2.1865250000005047e-10
3160,0.877777777777821,378,220,1.3325036087526414e-06,0.5825495024615922,2.1879000000005056e-10
3161,0.8780555555555988,379,220,1.3323954495916886e-06,0.5825171386003443,2.1892750000005055e-10
3162,0.8783333333333766,379,220,1.3322946300033576e-06,0.5824847765370887,2.1906250000005065e-10
3163,0.8786111111111544,379,220,1.3321911983851058e-06,0.5824524162717256,2.192000000000507e-10
3164,0.8788888888889322,378,221,1.3320838142844238e-06,0.582420057804155,2.1933750000005068e-10
3165,0.8791666666667101,378,221,1.331982217391329e-06,0.582387701134277,2.1947500000005078e-10
3166,0.8794444444444879,379,221,1.3318845555310675e-06,0.5823553462619918,2.196125000000508e-10
3167,0.8797222222222657,379,221,1.3317787883802837e-06,0.5823229931871995,2.197500000000509e-10
3168,0.8800000000000435,380,221,1.3316729523662245e-06,0.5822906419098003,2.1988750000005093e-10
3169,0.8802777777778213,380,221,1.331568864212602e-06,0.5822582924296941,2.2002500000005097e-10
3170,0.8805555555555992,380,221,1.3314629045335503e-06,0.5822259447467815,2.2016250000005101e-10
3171,0.880833333333377,380,221,1.3313574107040542e-06,0.5821935988609622,2.203000000000511e-10
3172,0.8811111111111548,380,221,1.331251730166312e-06,0.5821612547721364,2.2043750000005112e-10
3173,0.8813888888889326,380,221,1.331143343030379e-06,0.5821289124802047,2.2057500000005117e-10
3174,0.8816666666667105,380,221,1.331040088315563e-06,0.5820965719850671,2.207125000000512e-10
3175,0.8819444444444883,380,221,1.3309340567788533e-06,0.5820642332866234,2.208500000000513e-10
3176,0.8822222222222661,380,221,1.3308207294128796e-06,0.5820318963847743,2.2098750000005135e-10
3177,0.8825000000000439,380,221,1.3307149471304875e-06,0.5819995612794193,2.211225000000514e-10
3178,0.8827777777778217,380,221,1.3306086485383877e-06,0.5819672279704596,2.2125750000005144e-10
3179,0.8830555555555996,380,221,1.3304979546818679e-06,0.5819348964577945,2.2139500000005148e-10
3180,0.8833333333333774,379,222,1.3303914050939366e-06,0.5819025667413246,2.2153250000005157e-10
3181,0.8836111111111552,379,222,1.3302855011230728e-06,0.58187023882095,2.2167000000005162e-10
3182,0.883888888888933,379,222,1.3301777039620902e-06,0.5818379126965711,2.218075000000516e-10
3183,0.8841666666667108,379,222,1.330077106644604e-06,0.5818055883680882,2.2194750000005172e-10
3184,0.8844444444444887,379,223,1.3299785726800692e-06,0.5939321260125274,2.2208750000005173e-10
3185,0.8847222222222665,379,222,1.3298743007292275e-06,0.6173311973891922,2.2222750000005182e-10
3186,0.8850000000000443,380,220,1.3297650117315245e-06,0.6172969012115594,2.2236750000005186e-10
3187,0.8852777777778221,380,220,1.3296577398568175e-06,0.6172626069392699,2.2250750000005193e-10
3188,0.8855555555556,380,220,1.329548350813808e-06,0.6172283145722177,2.2264750000005194e-10
3189,0.8858333333333778,380,220,1.3294404765875169e-06,0.6303147507640796,2.2278750000005203e-10
3190,0.8861111111111556,380,219,1.3293389387437734e-06,0.6302797332779262,2.2292750000005204e-10
3191,0.8863888888889334,381,219,1.329235807951928e-06,0.6302447177371884,2.2306500000005208e-10
3192,0.8866666666667112,381,219,1.329131192980483e-06,0.642284698955723,2.2320250000005215e-10
3193,0.886944444444489,381,218,1.3290277865809082e-06,0.6550240973605491,2.2334000000005222e-10
3194,0.8872222222222669,381,217,1.3289208900567017e-06,0.6549877071329181,2.2347750000005228e-10
3195,0.8875000000000447,381,217,1.3288244475460016e-06,0.6549513189269662,2.2361500000005233e-10
3196,0.8877777777778225,381,217,1.328721010067554e-06,0.6549149327425814,2.2375250000005242e-10
3197,0.8880555555556003,381,217,1.3286205636202134e-06,0.6548785485796513,2.2389000000005246e-10
3198,0.8883333333333782,381,217,1.32851568001101e-06,0.6548421664380635,2.240275000000525e-10
3199,0.888611111111156,381,217,1.3284102216570667e-06,0.6548057863177059,2.2416500000005252e-10
3200,0.8888888888889338,381,217,1.3283025556866901e-06,0.6547694082184662,2.2430250000005256e-10
3201,0.8891666666667116,382,217,1.3281894724762017e-06,0.6547330321402318,2.2444000000005266e-10
3202,0.8894444444444894,382,217,1.3280832071090904e-06,0.6546966580828906,2.245775000000527e-10
3203,0.8897222222222673,382,217,1.3279695531092908e-06,0.6546602860463304,2.247150000000528e-10
3204,0.8900000000000451,382,217,1.3278679606762337e-06,0.6546239160304389,2.248550000000528e-10
3205,0.8902777777778229,382,218,1.3277671011631544e-06,0.6658773590525039,2.2499500000005284e-10
3206,0.8905555555556007,383,217,1.3276632087499553e-06,0.6658403658658898,2.2513250000005286e-10
3207,0.8908333333333786,384,217,1.327552469316132e-06,0.6658033747344528,2.2527000000005298e-10
3208,0.8911111111111564,385,217,1.327448232833934e-06,0.6657663856580788,2.2540250000005303e-10
3209,0.8913888888889342,385,217,1.327339284507663e-06,0.6657293986366534,2.25532500000053e-10
3210,0.891666666666712,385,217,1.327225108858253e-06,0.6781094499979897,2.2566000000005312e-10
3211,0.8919444444444898,387,216,1.3271168433864761e-06,0.6780717772507675,2.2579000000005315e-10
3212,0.8922222222222677,386,217,1.3270070269032035e-06,0.6780341065964758,2.2592250000005323e-10
3213,0.8925000000000455,385,218,1.3268954979981326e-06,0.6779964380349984,2.2605250000005326e-10
3214,0.8927777777778233,385,218,1.3267849505134783e-06,0.6779587715662185,2.2618250000005334e-10
3215,0.8930555555556011,385,218,1.32667957388505e-06,0.6779211071900205,2.2631250000005331e-10
3216,0.8933333333333789,385,218,1.3265716317630692e-06,0.6778834449062877,2.264425000000534e-10
3217,0.8936111111111568,385,218,1.3264693934727036e-06,0.6778457847149041,2.2657500000005347e-10
3218,0.8938888888889346,384,219,1.3263588395855814e-06,0.6778081266157534,2.2670750000005352e-10
3219,0.8941666666667124,384,219,1.3262539844895366e-06,0.6777704706087191,2.268400000000536e-10
3220,0.8944444444444902,384,219,1.326146534688204e-06,0.6777328166936853,2.2697250000005363e-10
3221,0.894722222222268,384,219,1.3260368297590397e-06,0.6776951648705357,2.2710500000005368e-10
3222,0.8950000000000459,384,219,1.3259310958902836e-06,0.6776575151391541,2.2723750000005375e-10
3223,0.8952777777778237,384,219,1.3258156340376775e-06,0.690024632349902,2.2737000000005383e-10
3224,0.8955555555556015,384,218,1.3257080787953772e-06,0.6899862976481048,2.2750250000005386e-10
3225,0.8958333333333793,384,218,1.325599823392718e-06,0.6899479650760133,2.276350000000539e-10
3226,0.8961111111111572,384,218,1.325488699195975e-06,0.6899096346335093,2.2776750000005393e-10
3227,0.896388888888935,384,218,1.3253839514993947e-06,0.689871306320474,2.27900000000054e-10
3228,0.8966666666667128,384,218,1.325277698816743e-06,0.6898329801367894,2.2803250000005403e-10
3229,0.8969444444444906,384,218,1.3251699488618339e-06,0.6897946560823375,2.2816500000005408e-10
3230,0.8972222222222684,386,218,1.3250584191983335e-06,0.6897563341569996,2.2829750000005416e-10
3231,0.8975000000000463,386,218,1.3249463005320142e-06,0.6897180143606575,2.2843000000005424e-10
3232,0.8977777777778241,386,218,1.3248337356373443e-06,0.6896796966931932,2.285625000000543e-10
3233,0.8980555555556019,386,218,1.324728317572184e-06,0.7032981900246844,2.2869500000005431e-10
3234,0.8983333333333797,386,217,1.324622592124615e-06,0.7032591179030162,2.2883000000005436e-10
3235,0.8986111111111575,385,218,1.324517204244973e-06,0.7032200479520218,2.2896500000005443e-10
3236,0.8988888888889354,385,218,1.3244090732760181e-06,0.7031809801715798,2.2910000000005453e-10
3237,0.8991666666667132,385,218,1.3242989540351328e-06,0.7031419145615704,2.2923500000005453e-10
3238,0.899444444444491,385,218,1.324184885035693e-06,0.7031028511218724,2.293700000000546e-10
3239,0.8997222222222688,385,218,1.3240759164855502e-06,0.7030637898523658,2.2950500000005465e-10
3240,0.9000000000000467,385,218,1.3239688801571495e-06,0.7030247307529296,2.296425000000547e-10
3241,0.9002777777778245,384,219,1.3238600732603936e-06,0.7029856738234432,2.2978000000005476e-10
3242,0.9005555555556023,384,219,1.3237526274044471e-06,0.7158933694038996,2.2991500000005478e-10
3243,0.9008333333333801,384,218,1.3236448530195107e-06,0.7158535975500439,2.3005000000005482e-10
3244,0.9011111111111579,384,218,1.323532642693635e-06,0.7158138279057356,2.301825000000549e-10
3245,0.9013888888889358,384,218,1.3234236802339029e-06,0.715774060470852,2.3031500000005495e-10
3246,0.9016666666667136,384,218,1.3233190616112045e-06,0.7157342952452703,2.3044750000005503e-10
3247,0.9019444444444914,384,218,1.323206900438911e-06,0.7156945322288677,2.3058000000005505e-10
3248,0.9022222222222692,384,218,1.3230955604856998e-06,0.7156547714215217,2.307125000000551e-10
3249,0.902500000000047,384,218,1.3229816967555233e-06,0.7156150128231094,2.3084250000005516e-10
3250,0.9027777777778249,384,218,1.322873369316721e-06,0.7155752564335082,2.3097250000005524e-10
3251,0.9030555555556027,385,218,1.3227636095681421e-06,0.7155355022525952,2.3110000000005527e-10
3252,0.9033333333333805,385,218,1.3226492587631773e-06,0.7154957502802478,2.3122750000005533e-10
3253,0.9036111111111583,386,218,1.32254111191317e-06,0.7154560005163435,2.3135750000005536e-10
3254,0.9038888888889361,385,219,1.322427373465703e-06,0.7154162529607592,2.3148750000005545e-10
3255,0.904166666666714,385,219,1.3223182011669998e-06,0.7153765076133726,2.316175000000555e-10
3256,0.9044444444444918,385,219,1.3222070091533387e-06,0.7153367644740608,2.3174750000005558e-10
3257,0.9047222222222696,386,219,1.3220997083324244e-06,0.715297023542701,2.3188000000005563e-10
3258,0.9050000000000474,386,220,1.3219913197937024e-06,0.715257284819171,2.3201000000005566e-10
3259,0.9052777777778253,386,220,1.321881436237553e-06,0.7152175483033477,2.3214000000005572e-10
3260,0.9055555555556031,386,220,1.321775079113132e-06,0.7151778139951087,2.3227000000005575e-10
3261,0.9058333333333809,387,220,1.321667979890005e-06,0.7151380818943311,2.3240000000005583e-10
3262,0.9061111111111587,387,220,1.3215651532046424e-06,0.7150983520008926,2.325300000000559e-10
3263,0.9063888888889365,387,220,1.3214549506907512e-06,0.7150586243146704,2.3266000000005594e-10
3264,0.9066666666667144,387,220,1.3213441030231921e-06,0.7150188988355418,2.3279000000005602e-10
3265,0.9069444444444922,387,220,1.3212399072639988e-06,0.7149791755633843,2.32922500000056e-10
3266,0.90722222222227,386,221,1.3211314949932933e-06,0.7149394544980753,2.330550000000561e-10
3267,0.9075000000000478,386,221,1.321021283563886e-06,0.714899735639492,2.3318750000005617e-10
3268,0.9077777777778256,386,221,1.3209073771377787e-06,0.7259068960940297,2.3332000000005617e-10
3269,0.9080555555556035,386,220,1.3207987898361444e-06,0.7258665679331355,2.334550000000563e-10
3270,0.9083333333333813,385,221,1.320678972972535e-06,0.7258262420126949,2.335900000000563e-10
3271,0.9086111111111591,385,221,1.3205710665446718e-06,0.737819197641296,2.3372500000005634e-10
3272,0.9088888888889369,386,220,1.3204626580451112e-06,0.7377782076858715,2.3386000000005646e-10
3273,0.9091666666667148,386,220,1.3203532097996598e-06,0.7377372200076667,2.339950000000565e-10
3274,0.9094444444444926,386,220,1.3202430797154447e-06,0.7376962346065552,2.3413000000005656e-10
3275,0.9097222222222704,386,220,1.3201352750978192e-06,0.7376552514824106,2.342675000000566e-10
3276,0.9100000000000482,387,221,1.320019006854877e-06,0.7376142706351059,2.344050000000567e-10
3277,0.910277777777826,387,221,1.3199058383900827e-06,0.737573292064515,2.3454250000005673e-10
3278,0.9105555555556039,387,221,1.3197924802412173e-06,0.7375323157705116,2.3468250000005675e-10
3279,0.9108333333333817,386,222,1.3196840331299573e-06,0.7374913417529688,2.348225000000568e-10
3280,0.9111111111111595,386,222,1.3195710232615941e-06,0.7374503700117603,2.3496250000005687e-10
3281,0.9113888888889373,386,222,1.3194676039535492e-06,0.7374094005467597,2.351000000000569e-10
3282,0.9116666666667151,386,222,1.3193527758175515e-06,0.7373684333578403,2.35235000000057e-10
3283,0.911944444444493,387,222,1.3192445550412172e-06,0.7373274684448761,2.35367500000057e-10
3284,0.9122222222222708,387,222,1.3191353965480098e-06,0.7372865058077402,2.3550000000005714e-10
3285,0.9125000000000486,387,222,1.3190277904537899e-06,0.7372455454463065,2.3563250000005714e-10
3286,0.9127777777778264,387,222,1.3189166850961997e-06,0.7372045873604486,2.357650000000572e-10
3287,0.9130555555556042,387,222,1.3188106145008427e-06,0.7371636315500396,2.358950000000572e-10
3288,0.9133333333333821,387,222,1.3187068941560995e-06,0.7371226780149536,2.360250000000573e-10
3289,0.9136111111111599,387,222,1.318589818145369e-06,0.7370817267550638,2.3615500000005733e-10
3290,0.9138888888889377,387,222,1.318485481642756e-06,0.7370407777702441,2.362850000000574e-10
3291,0.9141666666667155,390,222,1.3183774087196576e-06,0.7369998310603679,2.3641500000005744e-10
3292,0.9144444444444934,390,222,1.3182677161221806e-06,0.736958886625309,2.365450000000575e-10
3293,0.9147222222222712,390,222,1.3181578437672827e-06,0.7369179444649411,2.366775000000575e-10
3294,0.915000000000049,389,223,1.3180396900017918e-06,0.7368770045791375,2.368100000000576e-10
3295,0.9152777777778268,389,223,1.3179287681610543e-06,0.7368360669677719,2.369450000000577e-10
3296,0.9155555555556046,388,224,1.3178193130429183e-06,0.7367951316307183,2.370825000000577e-10
3297,0.9158333333333825,387,225,1.317709629663181e-06,0.7485169096970123,2.372200000000578e-10
3298,0.9161111111111603,387,224,1.317600712787145e-06,0.7484753254242511,2.373575000000578e-10
3299,0.9163888888889381,387,224,1.3174861930175538e-06,0.7484337434617276,2.3749500000005787e-10
3300,0.9166666666667159,387,224,1.317378141761651e-06,0.7483921638093132,2.37632500000058e-10
3301,0.9169444444444937,387,224,1.3172729081907531e-06,0.7483505864668794,2.3777000000005805e-10
3302,0.9172222222222716,387,224,1.3171657348173022e-06,0.7483090114342978,2.3790750000005805e-10
3303,0.9175000000000494,387,224,1.3170586353010764e-06,0.7482674387114403,2.380425000000581e-10
3304,0.9177777777778272,387,224,1.316950769150459e-06,0.7482258682981786,2.381775000000582e-10
3305,0.918055555555605,387,224,1.3168446274456577e-06,0.7481843001943844,2.3831250000005826e-10
3306,0.9183333333333829,388,224,1.3167325103122388e-06,0.7481427343999291,2.384475000000583e-10
3307,0.9186111111111607,388,224,1.3166240182541075e-06,0.7481011709146846,2.385850000000584e-10
3308,0.9188888888889385,387,225,1.3165181769929086e-06,0.7480596097385228,2.387225000000584e-10
3309,0.9191666666667163,387,225,1.3164160817221614e-06,0.7480180508713151,2.388600000000584e-10
3310,0.9194444444444941,387,225,1.3163046954054901e-06,0.7479764943129333,2.389975000000585e-10
3311,0.919722222222272,387,225,1.3161920396987332e-06,0.7479349400632493,2.3913500000005855e-10
3312,0.9200000000000498,386,226,1.316083218443124e-06,0.7478933881221348,2.3927250000005864e-10
3313,0.9202777777778276,386,226,1.3159750795806755e-06,0.7478518384894615,2.394075000000587e-10
3314,0.9205555555556054,387,226,1.3158648880176385e-06,0.7478102911651008,2.395425000000587e-10
3315,0.9208333333333832,387,226,1.31575208692142e-06,0.7477687461489251,2.396775000000588e-10
3316,0.9211111111111611,387,226,1.315644241544448e-06,0.7477272034408057,2.398125000000589e-10
3317,0.9213888888889389,387,226,1.3155307805203478e-06,0.7476856630406146,2.399500000000589e-10
3318,0.9216666666667167,386,227,1.315424255695475e-06,0.7476441249482234,2.4008750000005896e-10
3319,0.9219444444444945,387,227,1.3153105704758465e-06,0.7476025891635041,2.40222500000059e-10
3320,0.9222222222222723,387,227,1.3152027893551393e-06,0.7475610556863284,2.4035750000005906e-10
3321,0.9225000000000502,387,227,1.3150969374961092e-06,0.7475195245165681,2.4049500000005915e-10
3322,0.922777777777828,386,228,1.3149872153528354e-06,0.747477995654095,2.406325000000592e-10
3323,0.9230555555556058,386,228,1.3148832964723114e-06,0.7474364690987809,2.4077250000005925e-10
3324,0.9233333333333836,385,229,1.3147819443187042e-06,0.7473949448504977,2.4091250000005927e-10
3325,0.9236111111111615,385,229,1.314675429465579e-06,0.7473534229091171,2.4105250000005933e-10
3326,0.9238888888889393,385,229,1.314570007495356e-06,0.747311903274511,2.411925000000594e-10
3327,0.9241666666667171,385,229,1.3144632830915443e-06,0.7472703859465514,2.413325000000595e-10
3328,0.9244444444444949,385,229,1.3143593602865398e-06,0.74722887092511,2.414725000000595e-10
3329,0.9247222222222727,385,229,1.3142519346330167e-06,0.7471873582100584,2.416150000000596e-10
3330,0.9250000000000506,384,230,1.3141395002451355e-06,0.7471458478012691,2.4175500000005967e-10
3331,0.9252777777778284,384,230,1.3140316055966043e-06,0.7471043396986135,2.418925000000597e-10
3332,0.9255555555556062,384,230,1.313924527615186e-06,0.7470628339019637,2.4203000000005975e-10
3333,0.925833333333384,384,230,1.3138220047360625e-06,0.7470213304111913,2.421650000000598e-10
3334,0.9261111111111618,384,230,1.3137126467268952e-06,0.7469798292261686,2.4230000000005985e-10
3335,0.9263888888889397,384,230,1.3136066786846208e-06,0.7469383303467672,2.424350000000599e-10
3336,0.9266666666667175,384,230,1.3134988233043123e-06,0.746896833772859,2.4257000000005994e-10
3337,0.9269444444444953,384,230,1.3133904407287838e-06,0.746855339504316,2.4270250000006e-10
3338,0.9272222222222731,385,230,1.3132803308760078e-06,0.7468138475410103,2.428350000000601e-10
3339,0.927500000000051,385,230,1.3131745895719031e-06,0.7467723578828136,2.4297000000006017e-10
3340,0.9277777777778288,384,231,1.313069294685044e-06,0.7467308705295979,2.431000000000602e-10
3341,0.9280555555556066,384,231,1.3129652855336372e-06,0.7466893854812353,2.4323250000006025e-10
3342,0.9283333333333844,383,232,1.312854606307968e-06,0.7466479027375974,2.433650000000603e-10
3343,0.9286111111111622,383,232,1.3127466517770141e-06,0.7466064222985564,2.434975000000604e-10
3344,0.9288888888889401,383,232,1.3126379465772093e-06,0.7465649441639843,2.4363000000006045e-10
3345,0.9291666666667179,383,232,1.3125328165294891e-06,0.746523468333753,2.437625000000605e-10
3346,0.9294444444444957,383,232,1.3124263892465506e-06,0.7464819948077346,2.4389500000006055e-10
3347,0.9297222222222735,383,232,1.3123175192066113e-06,0.7464405235858007,2.440275000000606e-10
3348,0.9300000000000513,383,232,1.3122096133584543e-06,0.7463990546678237,2.4416000000006066e-10
3349,0.9302777777778292,384,232,1.31210881926653e-06,0.7463575880536757,2.442925000000607e-10
3350,0.930555555555607,384,232,1.312005640519908e-06,0.7463161237432281,2.444275000000608e-10
3351,0.9308333333333848,384,233,1.3118973317122747e-06,0.7462746617363536,2.445625000000608e-10
3352,0.9311111111111626,384,233,1.3117933593669296e-06,0.7462332020329236,2.446925000000609e-10
3353,0.9313888888889404,384,233,1.3116871948167032e-06,0.7461917446328108,2.4482250000006096e-10
3354,0.9316666666667183,384,233,1.3115714052524237e-06,0.7593654108085681,2.44952500000061e-10
3355,0.9319444444444961,385,232,1.311460879719334e-06,0.759323223841301,2.4508250000006107e-10
3356,0.9322222222222739,385,232,1.3113525490619293e-06,0.7592810392177544,2.4521250000006115e-10
3357,0.9325000000000517,386,232,1.311239736294299e-06,0.7592388569377978,2.453425000000612e-10
3358,0.9327777777778296,386,232,1.3111313699479504e-06,0.7591966770013013,2.4547250000006127e-10
3359,0.9330555555556074,386,232,1.311025334211989e-06,0.7591544994081345,2.456000000000613e-10
3360,0.9333333333333852,386,232,1.3109183553950905e-06,0.7702276800343412,2.4572750000006133e-10
3361,0.933611111111163,386,231,1.3108070412314986e-06,0.7701848896076725,2.4585500000006144e-10
3362,0.9338888888889408,386,231,1.3107029495383451e-06,0.7701421015582499,2.4598250000006145e-10
3363,0.9341666666667187,386,231,1.310598431463347e-06,0.7700993158859413,2.4611250000006153e-10
3364,0.9344444444444965,385,232,1.3104967111148134e-06,0.7700565325906141,2.4624250000006156e-10
3365,0.9347222222222743,384,233,1.3103913332351113e-06,0.7700137516721369,2.463700000000616e-10
3366,0.9350000000000521,384,233,1.3102933076758823e-06,0.7699709731303774,2.464975000000617e-10
3367,0.9352777777778299,384,233,1.3101896970180892e-06,0.7699281969652034,2.466225000000617e-10
3368,0.9355555555556078,384,233,1.310080018894523e-06,0.7698854231764832,2.4674750000006186e-10
3369,0.9358333333333856,384,233,1.3099733499935196e-06,0.7698426517640847,2.4687250000006185e-10
3370,0.9361111111111634,384,233,1.3098636444322962e-06,0.7697998827278755,2.470000000000619e-10
3371,0.9363888888889412,383,234,1.3097459014039075e-06,0.769757116067724,2.4712750000006197e-10
3372,0.936666666666719,383,234,1.309640433693352e-06,0.7697143517834979,2.472550000000621e-10
3373,0.9369444444444969,383,234,1.3095370798940992e-06,0.7696715898750657,2.473825000000621e-10
3374,0.9372222222222747,384,234,1.3094258399741977e-06,0.7696288303422949,2.4751000000006215e-10
3375,0.9375000000000525,384,234,1.3093212944237865e-06,0.7695860731850537,2.4763500000006224e-10
3376,0.9377777777778303,384,234,1.3092160293590872e-06,0.76954331840321,2.477600000000623e-10
3377,0.9380555555556082,384,234,1.3091102151617676e-06,0.7695005659966321,2.4788750000006234e-10
3378,0.938333333333386,383,235,1.309006685804025e-06,0.7694578159651879,2.480150000000624e-10
3379,0.9386111111111638,383,235,1.3089033641069906e-06,0.7694150683087454,2.4814250000006246e-10
3380,0.9388888888889416,383,235,1.3087979890599003e-06,0.7693723230271726,2.482700000000625e-10
3381,0.9391666666667194,383,235,1.3086912513612816e-06,0.769329580120338,2.483925000000626e-10
3382,0.9394444444444973,383,235,1.30858239884096e-06,0.769286839588109,2.485150000000626e-10
3383,0.9397222222222751,383,235,1.3084761434459027e-06,0.7692441014303542,2.4863750000006267e-10
3384,0.9400000000000529,383,235,1.3083763231440556e-06,0.7692013656469414,2.4876000000006274e-10
3385,0.9402777777778307,383,235,1.3082699387621453e-06,0.7691586322377388,2.488825000000628e-10
3386,0.9405555555556085,383,235,1.3081653479442673e-06,0.7691159012026145,2.490050000000628e-10
3387,0.9408333333333864,383,235,1.3080600136940905e-06,0.7690731725414366,2.491275000000629e-10
3388,0.9411111111111642,383,235,1.3079474031741598e-06,0.7690304462540732,2.4925000000006296e-10
3389,0.941388888888942,383,235,1.3078450357105692e-06,0.7689877223403925,2.4937500000006305e-10
3390,0.9416666666667198,382,236,1.3077363451498747e-06,0.7689450008002625,2.4949750000006307e-10
3391,0.9419444444444977,382,236,1.3076304771496645e-06,0.7689022816335513,2.496200000000632e-10
3392,0.9422222222222755,382,236,1.30751874846215e-06,0.7688595648401272,2.497425000000632e-10
3393,0.9425000000000533,382,236,1.3074089657169083e-06,0.7688168504198584,2.498650000000633e-10
3394,0.9427777777778311,382,236,1.307300621250735e-06,0.7687741383726129,2.499875000000633e-10
3395,0.9430555555556089,381,237,1.3071905880380444e-06,0.7687314286982588,2.5011000000006336e-10
3396,0.9433333333333868,381,237,1.307082549808498e-06,0.7686887213966646,2.5023250000006343e-10
3397,0.9436111111111646,382,237,1.306979249132698e-06,0.7821317377225177,2.503550000000635e-10
3398,0.9438888888889424,382,236,1.3068723214864324e-06,0.7820882859593107,2.504775000000635e-10
3399,0.9441666666667202,382,236,1.3067719961542396e-06,0.7940691956453011,2.5060000000006363e-10
3400,0.944444444444498,382,235,1.306666222757655e-06,0.7940250806899873,2.5072250000006365e-10
3401,0.9447222222222759,382,235,1.3065574271330049e-06,0.7939809681855046,2.5084500000006377e-10
3402,0.9450000000000537,382,235,1.3064517052557967e-06,0.7939368581317165,2.509675000000638e-10
3403,0.9452777777778315,382,235,1.3063441396572309e-06,0.7938927505284871,2.510900000000638e-10
3404,0.9455555555556093,382,235,1.3062389495673795e-06,0.79384864537568,2.512125000000639e-10
3405,0.9458333333333871,382,235,1.3061373477438232e-06,0.793804542673159,2.51335000000064e-10
3406,0.946111111111165,382,235,1.3060315126361878e-06,0.7937604424207884,2.51457500000064e-10
3407,0.9463888888889428,382,235,1.3059254086615165e-06,0.7937163446184318,2.5157750000006406e-10
3408,0.9466666666667206,382,235,1.3058160514065997e-06,0.7936722492659529,2.5170000000006413e-10
3409,0.9469444444444984,381,236,1.3057056805161867e-06,0.793628156363216,2.518225000000642e-10
3410,0.9472222222222763,381,236,1.305605054906695e-06,0.7935840659100847,2.5194500000006426e-10
3411,0.9475000000000541,381,236,1.3054999724711588e-06,0.7935399779064232,2.5206750000006433e-10
3412,0.9477777777778319,382,236,1.3053893628665704e-06,0.7934958923520948,2.5218750000006443e-10
3413,0.9480555555556097,382,236,1.3052840565437342e-06,0.7934518092469643,2.5230750000006443e-10
3414,0.9483333333333875,382,236,1.305171846150514e-06,0.793407728590895,2.524275000000645e-10
3415,0.9486111111111654,382,236,1.3050637187643364e-06,0.7933636503837511,2.5254750000006457e-10
3416,0.9488888888889432,382,236,1.304957240188713e-06,0.7933195746253965,2.526675000000646e-10
3417,0.949166666666721,382,236,1.3048489651752922e-06,0.793275501315695,2.5278750000006467e-10
3418,0.9494444444444988,382,236,1.3047373884736118e-06,0.7932314304545109,2.529075000000647e-10
3419,0.9497222222222766,382,236,1.3046291408048007e-06,0.7931873620417079,2.530275000000648e-10
3420,0.9500000000000545,382,236,1.3045260941098923e-06,0.7931432960771501,2.531450000000648e-10
3421,0.9502777777778323,382,236,1.3044171151227032e-06,0.7930992325607015,2.5326250000006486e-10
3422,0.9505555555556101,382,236,1.3043091761610082e-06,0.7930551714922258,2.53380000000065e-10
3423,0.9508333333333879,382,236,1.3041963558483634e-06,0.7930111128715873,2.53500000000065e-10
3424,0.9511111111111658,381,237,1.304086654559284e-06,0.7929670566986501,2.536200000000651e-10
3425,0.9513888888889436,381,237,1.303975898547023e-06,0.7929230029732779,2.537400000000651e-10
3426,0.9516666666667214,381,237,1.3038615179410923e-06,0.7928789516953351,2.538600000000652e-10
3427,0.9519444444444992,381,237,1.3037492835658308e-06,0.7928349028646853,2.539825000000653e-10
3428,0.952222222222277,380,238,1.3036346023319423e-06,0.792790856481193,2.541050000000653e-10
3429,0.9525000000000549,380,238,1.3035358339734115e-06,0.7927468125447218,2.5423000000006536e-10
3430,0.9527777777778327,379,239,1.3034261959636738e-06,0.792702771055136,2.5435500000006545e-10
3431,0.9530555555556105,379,239,1.3033159822644465e-06,0.7926587320122997,2.5448000000006554e-10
3432,0.9533333333333883,379,239,1.303214711060684e-06,0.7926146954160767,2.546050000000655e-10
3433,0.9536111111111661,380,239,1.3031093491525273e-06,0.7925706612663314,2.5473000000006556e-10
3434,0.953888888888944,380,239,1.3030050935639075e-06,0.7925266295629277,2.548575000000656e-10
3435,0.9541666666667218,379,240,1.30290129871173e-06,0.7924826003057298,2.5498500000006573e-10
3436,0.9544444444444996,378,241,1.3028006756959596e-06,0.7924385734946019,2.5511250000006585e-10
3437,0.9547222222222774,378,241,1.3026993901575496e-06,0.7923945491294075,2.5523750000006583e-10
3438,0.9550000000000552,378,241,1.3025930787817632e-06,0.7923505272100115,2.5536250000006587e-10
3439,0.9552777777778331,379,241,1.3024896505598862e-06,0.7923065077362776,2.554875000000659e-10
3440,0.9555555555556109,379,241,1.3023846431115065e-06,0.7922624907080702,2.55612500000066e-10
3441,0.9558333333333887,379,241,1.3022810294737924e-06,0.7922184761252531,2.5573750000006604e-10
3442,0.9561111111111665,379,241,1.3021834400681922e-06,0.7921744639876905,2.5586250000006613e-10
3443,0.9563888888889444,379,241,1.3020772321295253e-06,0.7921304542952469,2.5598750000006617e-10
3444,0.9566666666667222,379,241,1.301971106628264e-06,0.7920864470477861,2.561100000000663e-10
3445,0.9569444444445,379,241,1.301860259148151e-06,0.7920424422451723,2.5623250000006635e-10
3446,0.9572222222222778,379,241,1.301760292516144e-06,0.7919984398872698,2.563550000000663e-10
3447,0.9575000000000556,379,241,1.301655608378504e-06,0.8031552993576097,2.5647750000006644e-10
3448,0.9577777777778335,379,240,1.3015542873041325e-06,0.8031106796187566,2.566000000000665e-10
3449,0.9580555555556113,381,240,1.301448959843044e-06,0.8030660623587778,2.567225000000666e-10
3450,0.9583333333333891,381,240,1.3013439053981233e-06,0.8030214475775355,2.568450000000666e-10
3451,0.9586111111111669,381,240,1.3012303544043493e-06,0.8029768352748924,2.569700000000667e-10
3452,0.9588888888889447,380,241,1.3011328452537433e-06,0.8029322254507105,2.5709500000006667e-10
3453,0.9591666666667226,380,241,1.3010212830047795e-06,0.8028876181048521,2.572200000000668e-10
3454,0.9594444444445004,380,241,1.3009195218498103e-06,0.8028430132371797,2.573450000000668e-10
3455,0.9597222222222782,380,241,1.3008115482628685e-06,0.8027984108475554,2.5747000000006694e-10
3456,0.960000000000056,380,241,1.3007033553752717e-06,0.8027538109358417,2.57592500000067e-10
3457,0.9602777777778339,380,241,1.300595230147893e-06,0.8027092135019008,2.5771500000006703e-10
3458,0.9605555555556117,380,241,1.3004917312625815e-06,0.8026646185455952,2.578375000000671e-10
3459,0.9608333333333895,380,241,1.3003956167004698e-06,0.8026200260667873,2.5796000000006716e-10
3460,0.9611111111111673,380,241,1.3002917874515573e-06,0.802575436065339,2.5808250000006723e-10
3461,0.9613888888889451,380,241,1.3001849721794253e-06,0.8025308485411131,2.5820500000006725e-10
3462,0.961666666666723,380,241,1.300085158258222e-06,0.8024862634939722,2.5832750000006737e-10
3463,0.9619444444445008,380,241,1.299985195619498e-06,0.802441680923778,2.5844750000006736e-10
3464,0.9622222222222786,380,241,1.2998814077271787e-06,0.8023971008303934,2.5856750000006746e-10
3465,0.9625000000000564,380,241,1.2997813608840686e-06,0.8023525232136806,2.586875000000675e-10
3466,0.9627777777778342,380,241,1.2996746195307728e-06,0.802307948073502,2.5880750000006756e-10
3467,0.9630555555556121,380,241,1.2995673779172337e-06,0.80226337540972,2.589275000000676e-10
3468,0.9633333333333899,380,241,1.2994656492337366e-06,0.8022188052221976,2.5904750000006765e-10
3469,0.9636111111111677,380,241,1.2993590261370455e-06,0.8021742375107963,2.5916750000006775e-10
3470,0.9638888888889455,380,241,1.2992549410543644e-06,0.8021296722753791,2.592850000000678e-10
3471,0.9641666666667233,380,241,1.2991492429821877e-06,0.8020851095158082,2.5940500000006793e-10
3472,0.9644444444445012,379,242,1.299045485993992e-06,0.8020405492319462,2.595250000000679e-10
3473,0.964722222222279,379,242,1.298934246792129e-06,0.8019959914236557,2.59645000000068e-10
3474,0.9650000000000568,379,242,1.298821366705611e-06,0.8019514360907988,2.5976750000006804e-10
3475,0.9652777777778346,378,243,1.2987129465394472e-06,0.8019068832332382,2.5988750000006814e-10
3476,0.9655555555556125,378,243,1.2986054825071863e-06,0.8018623328508363,2.6000750000006824e-10
3477,0.9658333333333903,378,243,1.2985012952610567e-06,0.8018177849434557,2.601275000000683e-10
3478,0.9661111111111681,378,243,1.2983906276853228e-06,0.8140104961242647,2.6024750000006833e-10
3479,0.9663888888889459,378,242,1.2982841299197868e-06,0.8139652733189248,2.603675000000684e-10
3480,0.9666666666667237,378,242,1.2981788505760744e-06,0.8139200530259625,2.604875000000685e-10
3481,0.9669444444445016,378,242,1.2980757655886786e-06,0.8138748352452391,2.6060750000006847e-10
3482,0.9672222222222794,378,242,1.2979726143208473e-06,0.8138296199766141,2.6072750000006857e-10
3483,0.9675000000000572,378,242,1.2978721094611572e-06,0.8137844072199487,2.6084750000006867e-10
3484,0.967777777777835,378,242,1.297770239936281e-06,0.8137391969751032,2.609650000000687e-10
3485,0.9680555555556128,378,242,1.2976706522454694e-06,0.813693989241938,2.610850000000687e-10
3486,0.9683333333333907,377,243,1.297566109616204e-06,0.8136487840203135,2.612050000000688e-10
3487,0.9686111111111685,377,243,1.2974615018359727e-06,0.8136035813100901,2.6132500000006884e-10
3488,0.9688888888889463,378,243,1.2973537838064643e-06,0.8135583811111285,2.6144500000006894e-10
3489,0.9691666666667241,378,243,1.2972491821550692e-06,0.813513183423289,2.61562500000069e-10
3490,0.969444444444502,378,243,1.2971346194706383e-06,0.8134679882464322,2.6168000000006904e-10
3491,0.9697222222222798,378,243,1.2970300927157277e-06,0.8134227955804184,2.617975000000691e-10
3492,0.9700000000000576,378,243,1.2969218749385919e-06,0.8133776054251085,2.619150000000692e-10
3493,0.9702777777778354,378,243,1.2968128946463348e-06,0.8133324177803627,2.620325000000692e-10
3494,0.9705555555556132,378,243,1.2967083117583683e-06,0.8132872326460416,2.6215000000006924e-10
3495,0.9708333333333911,378,243,1.2966043771099225e-06,0.8132420500220057,2.6227000000006934e-10
3496,0.9711111111111689,377,244,1.296502398983107e-06,0.8131968699081156,2.623900000000694e-10
3497,0.9713888888889467,379,244,1.2964019756132417e-06,0.8131516923042321,2.6251000000006944e-10
3498,0.9716666666667245,379,244,1.2963105923344858e-06,0.8131065172102151,2.626275000000695e-10
3499,0.9719444444445023,379,244,1.2962116430510807e-06,0.8130613446259255,2.627500000000696e-10
3500,0.9722222222222802,377,246,1.2961135497971066e-06,0.8130161745512242,2.628725000000696e-10
3501,0.972500000000058,378,246,1.2960185450078035e-06,0.8129710069859714,2.629950000000697e-10
3502,0.9727777777778358,378,246,1.2959155867376676e-06,0.8129258419300278,2.6312000000006976e-10
3503,0.9730555555556136,377,247,1.295812775445977e-06,0.8265916087887525,2.632450000000698e-10
3504,0.9733333333333914,377,246,1.2957064128022024e-06,0.8265456870327085,2.633700000000699e-10
3505,0.9736111111111693,377,246,1.2956076590212195e-06,0.8264997678278736,2.6349500000006993e-10
3506,0.9738888888889471,377,246,1.2955015102437266e-06,0.8264538511741053,2.6362000000007e-10
3507,0.9741666666667249,377,246,1.2953952983730354e-06,0.8264079370712624,2.6374500000007005e-10
3508,0.9744444444445027,377,246,1.2952894196553106e-06,0.8263620255192029,2.6387250000007006e-10
3509,0.9747222222222806,376,247,1.2951871088247968e-06,0.8263161165177851,2.640000000000702e-10
3510,0.9750000000000584,376,247,1.29508439863889e-06,0.8262702100668677,2.641275000000703e-10
3511,0.9752777777778362,376,247,1.2949844247936147e-06,0.8262243061663083,2.6425500000007035e-10
3512,0.975555555555614,376,247,1.2948844444129872e-06,0.8261784048159656,2.6438250000007035e-10
3513,0.9758333333333918,376,247,1.2947774029750072e-06,0.8261325060156983,2.6451000000007047e-10
3514,0.9761111111111697,376,247,1.2946707480323959e-06,0.826086609765364,2.6463750000007047e-10
3515,0.9763888888889475,376,247,1.2945691527978622e-06,0.8260407160648215,2.6476500000007053e-10
3516,0.9766666666667253,376,247,1.2944611542682617e-06,0.8364673416885964,2.6489250000007064e-10
3517,0.9769444444445031,376,246,1.2943548002603006e-06,0.8364208712807247,2.650150000000707e-10
3518,0.977222222222281,375,247,1.2942460430862623e-06,0.8363744034545427,2.6514000000007075e-10
3519,0.9775000000000588,375,248,1.294145369306171e-06,0.8363279382099063,2.652650000000708e-10
3520,0.9777777777778366,375,248,1.2940407368421724e-06,0.8362814755466725,2.6539000000007083e-10
3521,0.9780555555556144,375,248,1.293938723650576e-06,0.8362350154646975,2.6551750000007094e-10
3522,0.9783333333333922,374,249,1.2938337216356631e-06,0.8361885579638387,2.6564500000007095e-10
3523,0.97861111111117,374,249,1.293733591568732e-06,0.8361421030439516,2.6577250000007106e-10
3524,0.9788888888889479,374,250,1.293638729538445e-06,0.8481736307192399,2.659025000000711e-10
3525,0.9791666666667257,373,250,1.2935344454383223e-06,0.8481265099619777,2.6603250000007117e-10
3526,0.9794444444445035,374,250,1.2934345960002426e-06,0.8480793918225356,2.6616250000007125e-10
3527,0.9797222222222813,374,250,1.293337692817612e-06,0.8480322763007678,2.6629250000007133e-10
3528,0.9800000000000592,374,250,1.2932421099678297e-06,0.8479851633965287,2.664250000000714e-10
3529,0.980277777777837,373,251,1.2931441444363012e-06,0.8479380531096733,2.665575000000715e-10
3530,0.9805555555556148,373,251,1.293045463956723e-06,0.8478909454400562,2.6669000000007154e-10
3531,0.9808333333333926,373,251,1.29294605574997e-06,0.8604370701817228,2.6682250000007154e-10
3532,0.9811111111111704,373,250,1.2928484175804796e-06,0.8603892681222683,2.6695500000007164e-10
3533,0.9813888888889483,373,250,1.2927497548188037e-06,0.8603414687184837,2.670875000000717e-10
3534,0.9816666666667261,373,250,1.292654886791385e-06,0.8602936719702217,2.6722000000007174e-10
3535,0.9819444444445039,373,250,1.2925491326714435e-06,0.8710363611338476,2.673525000000718e-10
3536,0.9822222222222817,373,249,1.2924471355061504e-06,0.8832312782320724,2.674850000000719e-10
3537,0.9825000000000595,373,248,1.292353503392972e-06,0.883182209827726,2.6761750000007195e-10
3538,0.9827777777778374,373,248,1.2922566257452177e-06,0.8831331441494021,2.67750000000072e-10
3539,0.9830555555556152,373,248,1.2921615535680428e-06,0.8830840811969496,2.6788000000007203e-10
3540,0.983333333333393,373,248,1.2920645642432735e-06,0.8830350209702162,2.680100000000721e-10
3541,0.9836111111111708,373,248,1.2919683120824831e-06,0.8829859634690514,2.6814000000007214e-10
3542,0.9838888888889487,373,248,1.2918668056543836e-06,0.8829369086933033,2.682725000000723e-10
3543,0.9841666666667265,372,249,1.2917667647799033e-06,0.8828878566428202,2.684025000000723e-10
3544,0.9844444444445043,372,249,1.2916621578612478e-06,0.8828388073174512,2.6853500000007237e-10
3545,0.9847222222222821,371,250,1.2915671858487197e-06,0.8827897607170447,2.686675000000724e-10
3546,0.9850000000000599,371,250,1.2914690032579261e-06,0.8827407168414493,2.6880000000007247e-10
3547,0.9852777777778378,371,250,1.2913729393476463e-06,0.8826916756905135,2.6893500000007255e-10
3548,0.9855555555556156,370,251,1.2912755855273567e-06,0.8826426372640866,2.6907250000007264e-10
3549,0.9858333333333934,369,252,1.2911745345761734e-06,0.8825936015620162,2.6921000000007273e-10
3550,0.9861111111111712,370,252,1.291075200695202e-06,0.8825445685841518,2.693475000000727e-10
3551,0.986388888888949,370,252,1.2909734266668658e-06,0.8824955383303416,2.694850000000728e-10
3552,0.9866666666667269,370,252,1.2908792986791716e-06,0.8824465108004342,2.696250000000729e-10
3553,0.9869444444445047,370,253,1.2907829685573848e-06,0.8823974859942789,2.6976500000007295e-10
3554,0.9872222222222825,370,253,1.2906876868698975e-06,0.8823484639117237,2.69905000000073e-10
3555,0.9875000000000603,370,253,1.2905911192586886e-06,0.8822994445526174,2.7004500000007307e-10
3556,0.9877777777778382,370,253,1.2904907439488859e-06,0.882250427916809,2.7018500000007314e-10
3557,0.988055555555616,370,253,1.2903876137676122e-06,0.8822014140041469,2.703250000000732e-10
3558,0.9883333333333938,370,253,1.2902857242862747e-06,0.88215240281448,2.7046500000007326e-10
3559,0.9886111111111716,370,253,1.2901901089601428e-06,0.882103394347657,2.7060500000007333e-10
3560,0.9888888888889494,370,253,1.2900884791088174e-06,0.8820543886035268,2.707450000000734e-10
3561,0.9891666666667273,370,253,1.2899953269661424e-06,0.8820053855819375,2.708850000000734e-10
3562,0.9894444444445051,371,253,1.2899046183821503e-06,0.8819563852827385,2.710300000000735e-10
3563,0.9897222222222829,369,255,1.2898044189472218e-06,0.8819073877057786,2.7117500000007356e-10
3564,0.9900000000000607,369,255,1.28970530241665e-06,0.8818583928509058,2.713175000000736e-10
3565,0.9902777777778385,369,255,1.2896113903363442e-06,0.88180940071797,2.714600000000737e-10
3566,0.9905555555556164,370,255,1.289514901778607e-06,0.8817604113068188,2.716050000000738e-10
3567,0.9908333333333942,369,256,1.2894109042536767e-06,0.881711424617302,2.717500000000738e-10
3568,0.991111111111172,369,256,1.2893191860894583e-06,0.8816624406492676,2.7189500000007385e-10
3569,0.9913888888889498,369,256,1.2892264914558383e-06,0.8816134594025651,2.7204000000007395e-10
3570,0.9916666666667276,370,256,1.2891307557350204e-06,0.8815644808770426,2.72185000000074e-10
3571,0.9919444444445055,372,256,1.2890306921052688e-06,0.8957725271571915,2.7232750000007404e-10
3572,0.9922222222222833,372,255,1.2889343477570148e-06,0.895722762016794,2.7247000000007413e-10
3573,0.9925000000000611,371,256,1.2888375228354267e-06,0.9076085188491374,2.726125000000742e-10
3574,0.9927777777778389,371,255,1.2887507609302878e-06,0.9075580961536458,2.7275500000007425e-10
3575,0.9930555555556168,371,255,1.2886577871783084e-06,0.9075076762594152,2.7290000000007435e-10
3576,0.9933333333333946,370,256,1.2885643080875016e-06,0.9074572591662896,2.730450000000744e-10
3577,0.9936111111111724,370,256,1.288470003477534e-06,0.9074068448741135,2.7318750000007444e-10
3578,0.9938888888889502,370,256,1.2883804515841806e-06,0.9073564333827319,2.733300000000745e-10
3579,0.994166666666728,371,256,1.2882866271840193e-06,0.9073060246919884,2.734725000000745e-10
3580,0.9944444444445059,371,256,1.2881976896892227e-06,0.9072556188017277,2.7361500000007464e-10
3581,0.9947222222222837,371,256,1.2880990037237233e-06,0.9072052157117944,2.737575000000747e-10
3582,0.9950000000000615,371,256,1.2880035770368486e-06,0.9071548154220325,2.739025000000748e-10
3583,0.9952777777778393,370,257,1.2879015773052826e-06,0.9071044179322867,2.7404750000007484e-10
3584,0.9955555555556171,370,257,1.2878042180069298e-06,0.907054023242402,2.741925000000749e-10
3585,0.995833333333395,370,257,1.2877111835299101e-06,0.9070036313522216,2.7433750000007495e-10
3586,0.9961111111111728,370,257,1.2876150076692057e-06,0.906953242261591,2.74482500000075e-10
3587,0.9963888888889506,370,257,1.2875162140888109e-06,0.9069028559703541,2.7462750000007506e-10
3588,0.9966666666667284,370,257,1.287415399863595e-06,0.906852472478356,2.747725000000751e-10
3589,0.9969444444445063,370,257,1.2873177065064749e-06,0.9068020917854407,2.749200000000752e-10
3590,0.9972222222222841,369,258,1.2872244017048735e-06,0.9067517138914525,2.7506750000007526e-10
3591,0.9975000000000619,369,258,1.287129088547333e-06,0.9067013387962365,2.7521500000007534e-10
3592,0.9977777777778397,369,258,1.287025729951554e-06,0.9066509664996365,2.7536250000007537e-10
3593,0.9980555555556175,369,258,1.2869322280609319e-06,0.9066005970014978,2.7551250000007546e-10
3594,0.9983333333333954,368,259,1.2868347648873534e-06,0.9065502303016643,2.7566000000007554e-10
3595,0.9986111111111732,368,259,1.2867376038167768e-06,0.9064998663999809,2.7580750000007556e-10
3596,0.998888888888951,368,259,1.2866412643061413e-06,0.9064495052962922,2.7595500000007564e-10
3597,0.9991666666667288,368,259,1.2865472441226448e-06,0.9063991469904424,2.761025000000757e-10
3598,0.9994444444445066,368,259,1.2864549609637435e-06,0.9063487914822763,2.7625000000007584e-10
3599,0.9997222222222845,368,259,1.286367116367292e-06,0.9062984387716386,2.763975000000758e-10
3600,1.0000000000000622,368,259,1.2862735813522832e-06,0.9062480888583732,2.765425000000759e-10
