,time,healthy_cells,infected_cells,mean_c_substrate,mean_c_phage,mean_c_quorum
0,0.0,0,0,0.0,0.0,0.0
1,0.0002777777777777778,300,0,1.999659539749214e-06,9.999444444444443e-07,1.0000000000000023e-13
2,0.0005555555555555556,300,0,1.9993189953290956e-06,9.998888919753085e-07,1.0000000000000046e-13
3,0.0008333333333333333,300,0,1.998978366718834e-06,9.998333425924205e-07,1.0000000000000055e-13
4,0.0011111111111111111,300,0,1.9986376538976164e-06,9.9977779629561e-07,1.0000000000000068e-13
5,0.001388888888888889,300,0,1.998296856844624e-06,9.99722253084705e-07,1.0000000000000084e-13
6,0.0016666666666666668,300,0,1.997955975844539e-06,9.996667129595332e-07,1.00000000000001e-13
7,0.0019444444444444446,301,0,1.997615010571102e-06,9.99611175919924e-07,1.0000000000000114e-13
8,0.0022222222222222222,301,0,1.997273961003478e-06,9.995556419657066e-07,1.0000000000000127e-13
9,0.0025,301,0,1.9969328271208268e-06,9.995001110967087e-07,1.0000000000000139e-13
10,0.002777777777777778,301,0,1.9965916089023054e-06,9.99444583312759e-07,1.0000000000000153e-13
11,0.0030555555555555557,301,0,1.9962503063270625e-06,9.99389058613686e-07,1.0000000000000168e-13
12,0.0033333333333333335,301,0,1.995908919374244e-06,9.993335369993185e-07,1.0000000000000187e-13
13,0.0036111111111111114,301,0,1.99556744802299e-06,9.99278018469485e-07,1.0000000000000204e-13
14,0.003888888888888889,301,0,1.9952258922524343e-06,9.992225030240148e-07,1.0000000000000217e-13
15,0.004166666666666667,301,0,1.994884252041708e-06,9.99166990662736e-07,1.000000000000023e-13
16,0.0044444444444444444,301,0,1.994542527369935e-06,9.991114813854766e-07,1.000000000000024e-13
17,0.004722222222222222,301,0,1.994200718264712e-06,9.990559751920664e-07,1.0000000000000255e-13
18,0.005,302,0,1.9938588246566883e-06,9.99000472082333e-07,1.0000000000000268e-13
19,0.005277777777777778,302,0,1.993516846524972e-06,9.989449720561066e-07,1.0000000000000279e-13
20,0.005555555555555556,302,0,1.993174783848668e-06,9.988894751132143e-07,1.0000000000000294e-13
21,0.005833333333333334,302,0,1.992832636606874e-06,9.988339812534865e-07,1.0000000000000307e-13
22,0.006111111111111111,302,0,1.9924904049824747e-06,9.987784904767501e-07,1.0000000000000323e-13
23,0.006388888888888889,303,0,1.992148088750819e-06,9.987230027828347e-07,1.0000000000000342e-13
24,0.006666666666666667,303,0,1.991805687890988e-06,9.986675181715695e-07,1.0000000000000354e-13
25,0.006944444444444445,303,0,1.991463202382062e-06,9.986120366427816e-07,1.0000000000000366e-13
26,0.007222222222222223,303,0,1.9911206322031128e-06,9.985565581963018e-07,1.0000000000000379e-13
27,0.007500000000000001,303,0,1.9907779773332076e-06,9.98501082831958e-07,1.0000000000000394e-13
28,0.007777777777777778,303,0,1.9904352377514104e-06,9.984456105495784e-07,1.0000000000000405e-13
29,0.008055555555555555,303,0,1.990092413436777e-06,9.983901413489921e-07,1.000000000000042e-13
30,0.008333333333333333,303,0,1.98974950436836e-06,9.983346752300287e-07,1.0000000000000433e-13
31,0.008611111111111111,303,0,1.9894065105252067e-06,9.982792121925156e-07,1.0000000000000446e-13
32,0.008888888888888889,303,0,1.9890634318863587e-06,9.982237522362826e-07,1.0000000000000457e-13
33,0.009166666666666667,303,0,1.988720268430853e-06,9.981682953611587e-07,1.0000000000000472e-13
34,0.009444444444444445,303,0,1.98837702013772e-06,9.981128415669718e-07,1.0000000000000485e-13
35,0.009722222222222222,303,0,1.988033687319757e-06,9.980573908535511e-07,1.0000000000000499e-13
36,0.01,304,0,1.987690269622298e-06,9.980019432207266e-07,1.0000000000000514e-13
37,0.010277777777777778,304,0,1.9873467670243572e-06,9.979464986683252e-07,1.0000000000000528e-13
38,0.010555555555555556,304,0,1.987003179504947e-06,9.97891057196177e-07,1.000000000000054e-13
39,0.010833333333333334,304,0,1.9866595070430718e-06,9.978356188041106e-07,1.000000000000055e-13
40,0.011111111111111112,304,0,1.9863157496177324e-06,9.977801834919544e-07,1.0000000000000566e-13
41,0.01138888888888889,304,0,1.9859719072079237e-06,9.977247512595382e-07,1.000000000000058e-13
42,0.011666666666666667,304,0,1.985627979792636e-06,9.976693221066902e-07,1.0000000000000594e-13
43,0.011944444444444445,304,0,1.9852839676829862e-06,9.976138960332401e-07,1.0000000000000606e-13
44,0.012222222222222223,305,0,1.9849398705259035e-06,9.97558473039016e-07,1.0000000000000619e-13
45,0.0125,305,0,1.9845964547607797e-06,9.975030531238478e-07,1.0000000000000634e-13
46,0.012777777777777779,306,0,1.984252187691932e-06,9.974476362875626e-07,1.0000000000000645e-13
47,0.013055555555555556,306,0,1.9839078355126204e-06,9.973922225299918e-07,1.0000000000000658e-13
48,0.013333333333333334,306,0,1.9835633982018026e-06,9.97336811850962e-07,1.0000000000000673e-13
49,0.013611111111111112,306,0,1.9832188757384335e-06,9.972814042503038e-07,1.0000000000000686e-13
50,0.01388888888888889,306,0,1.9828742681014618e-06,9.972259997278456e-07,1.0000000000000697e-13
51,0.014166666666666668,306,0,1.982529575269829e-06,9.971705982834166e-07,1.000000000000071e-13
52,0.014444444444444446,306,0,1.9821847972224737e-06,9.971151999168453e-07,1.0000000000000725e-13
53,0.014722222222222223,306,0,1.9818399339383293e-06,9.97059804627961e-07,1.0000000000000737e-13
54,0.015000000000000001,306,0,1.981494985396323e-06,9.97004412416593e-07,1.0000000000000751e-13
55,0.015277777777777779,306,0,1.9811499515753768e-06,9.9694902328257e-07,1.0000000000000765e-13
56,0.015555555555555557,306,0,1.980804832454409e-06,9.968936372257206e-07,1.000000000000078e-13
57,0.015833333333333335,306,0,1.9804596280123307e-06,9.96838254245875e-07,1.0000000000000793e-13
58,0.01611111111111111,306,0,1.980114338228048e-06,9.967828743428623e-07,1.0000000000000806e-13
59,0.016388888888888887,306,0,1.9797689630804637e-06,9.9672749751651e-07,1.0000000000000817e-13
60,0.016666666666666663,306,0,1.9794235025484737e-06,9.966721237666482e-07,1.000000000000083e-13
61,0.01694444444444444,306,0,1.9790779566109686e-06,9.966167530931059e-07,1.0000000000000842e-13
62,0.017222222222222215,306,0,1.9787323252468348e-06,9.96561385495712e-07,1.0000000000000857e-13
63,0.01749999999999999,306,0,1.9783866084349524e-06,9.965060209742953e-07,1.0000000000000869e-13
64,0.017777777777777767,306,0,1.9780408061541976e-06,9.964506595286855e-07,1.0000000000000884e-13
65,0.018055555555555543,306,0,1.9776949183834392e-06,9.963953011587116e-07,1.00000000000009e-13
66,0.01833333333333332,306,0,1.9773489451015437e-06,9.963399458642036e-07,1.0000000000000914e-13
67,0.018611111111111096,306,0,1.9770028864492514e-06,9.962845936449885e-07,1.0000000000000929e-13
68,0.018888888888888872,307,0,1.976656742243575e-06,9.962292445008973e-07,1.0000000000000943e-13
69,0.019166666666666648,307,0,1.9763105124633648e-06,9.961738984317588e-07,1.0000000000000958e-13
70,0.019444444444444424,307,0,1.9759641970874645e-06,9.961185554374016e-07,1.0000000000000971e-13
71,0.0197222222222222,307,0,1.975617796094712e-06,9.960632155176548e-07,1.0000000000000982e-13
72,0.019999999999999976,307,0,1.9752713094639424e-06,9.960078786723492e-07,1.0000000000001e-13
73,0.020277777777777752,307,0,1.974924737173983e-06,9.959525449013113e-07,1.000000000000101e-13
74,0.02055555555555553,307,0,1.974578079203658e-06,9.95897214204372e-07,1.0000000000001024e-13
75,0.020833333333333304,307,0,1.974231335531784e-06,9.95841886581361e-07,1.0000000000001039e-13
76,0.02111111111111108,307,0,1.9738845061371755e-06,9.957865620321064e-07,1.0000000000001052e-13
77,0.021388888888888857,307,0,1.973537590998638e-06,9.957312405564378e-07,1.0000000000001068e-13
78,0.021666666666666633,307,0,1.973190590094975e-06,9.956759221541847e-07,1.0000000000001078e-13
79,0.02194444444444441,307,0,1.972843503404983e-06,9.956206068251755e-07,1.0000000000001092e-13
80,0.022222222222222185,307,0,1.9724963309074537e-06,9.955652945692412e-07,1.0000000000001105e-13
81,0.02249999999999996,307,0,1.9721490725811737e-06,9.955099853862095e-07,1.0000000000001117e-13
82,0.022777777777777737,307,0,1.9718017284049243e-06,9.9545467927591e-07,1.000000000000113e-13
83,0.023055555555555513,307,0,1.971454298357481e-06,9.953993762381722e-07,1.0000000000001144e-13
84,0.02333333333333329,307,0,1.971106782417615e-06,9.953440762728257e-07,1.0000000000001159e-13
85,0.023611111111111065,307,0,1.970759180576797e-06,9.952887793796995e-07,1.0000000000001173e-13
86,0.02388888888888884,308,0,1.9704114928010848e-06,9.952334855586225e-07,1.0000000000001185e-13
87,0.024166666666666618,308,0,1.9700637190692337e-06,9.951781948094256e-07,1.0000000000001201e-13
88,0.024444444444444394,308,0,1.969715859359993e-06,9.951229071319362e-07,1.0000000000001212e-13
89,0.02472222222222217,308,0,1.969367913652108e-06,9.950676225259838e-07,1.0000000000001227e-13
90,0.024999999999999946,308,0,1.969019882287628e-06,9.950123409913996e-07,1.0000000000001241e-13
91,0.025277777777777722,309,0,1.968671764882066e-06,9.949570625280116e-07,1.0000000000001256e-13
92,0.025555555555555498,309,0,1.9683235614141526e-06,9.949017871356487e-07,1.000000000000127e-13
93,0.025833333333333274,309,0,1.9679752718626084e-06,9.948465148141415e-07,1.0000000000001285e-13
94,0.02611111111111105,309,0,1.967626896206154e-06,9.94791245563318e-07,1.0000000000001298e-13
95,0.026388888888888826,309,0,1.967278434423501e-06,9.94735979383009e-07,1.0000000000001309e-13
96,0.026666666666666602,309,0,1.9669298864933573e-06,9.946807162730435e-07,1.0000000000001322e-13
97,0.02694444444444438,309,0,1.9665812523944252e-06,9.946254562332506e-07,1.0000000000001337e-13
98,0.027222222222222155,309,0,1.966232532105402e-06,9.945701992634605e-07,1.0000000000001351e-13
99,0.02749999999999993,309,0,1.965884492187273e-06,9.94514945363501e-07,1.0000000000001363e-13
100,0.027777777777777707,310,0,1.965535599822226e-06,9.94459694533203e-07,1.0000000000001376e-13
101,0.028055555555555483,310,0,1.9651866212032395e-06,9.944044467723958e-07,1.0000000000001389e-13
102,0.02833333333333326,310,0,1.964837556308989e-06,9.943492020809085e-07,1.0000000000001403e-13
103,0.028611111111111035,310,0,1.964488405118145e-06,9.942939604585706e-07,1.0000000000001415e-13
104,0.02888888888888881,310,0,1.9641391678936416e-06,9.942387219052117e-07,1.0000000000001428e-13
105,0.029166666666666587,311,0,1.9637898443299407e-06,9.941834864206617e-07,1.000000000000144e-13
106,0.029444444444444363,311,0,1.963440434405698e-06,9.941282540047486e-07,1.0000000000001452e-13
107,0.02972222222222214,311,0,1.963090938099563e-06,9.940730246573043e-07,1.0000000000001467e-13
108,0.029999999999999916,311,0,1.9627413553901803e-06,9.940177983781563e-07,1.000000000000148e-13
109,0.03027777777777769,311,0,1.962391686256189e-06,9.939625751671357e-07,1.0000000000001496e-13
110,0.030555555555555468,311,0,1.9620419306762235e-06,9.939073550240714e-07,1.0000000000001509e-13
111,0.030833333333333244,311,0,1.961692088628911e-06,9.93852137948792e-07,1.000000000000152e-13
112,0.03111111111111102,311,0,1.9613421600928757e-06,9.937969239411282e-07,1.0000000000001533e-13
113,0.0313888888888888,311,0,1.960992145046737e-06,9.937417130009096e-07,1.0000000000001548e-13
114,0.03166666666666658,311,0,1.9606420434691055e-06,9.93686505127965e-07,1.000000000000156e-13
115,0.03194444444444436,311,0,1.9602918553385903e-06,9.936313003221247e-07,1.000000000000157e-13
116,0.03222222222222214,311,0,1.959941580633793e-06,9.935760985832178e-07,1.0000000000001584e-13
117,0.03249999999999992,311,0,1.9595912193333103e-06,9.935208999110741e-07,1.0000000000001597e-13
118,0.0327777777777777,311,0,1.9592407714157344e-06,9.934657043055235e-07,1.000000000000161e-13
119,0.03305555555555548,311,0,1.9588902368596505e-06,9.934105117663956e-07,1.0000000000001623e-13
120,0.03333333333333326,311,0,1.9585396156436415e-06,9.933553222935194e-07,1.0000000000001636e-13
121,0.033611111111111036,311,0,1.9581889077462816e-06,9.933001358867254e-07,1.0000000000001651e-13
122,0.033888888888888816,311,0,1.9578381131461405e-06,9.932449525458425e-07,1.0000000000001665e-13
123,0.034166666666666595,311,0,1.9574872318217857e-06,9.931897722707014e-07,1.0000000000001675e-13
124,0.034444444444444375,311,0,1.9571362637517754e-06,9.931345950611309e-07,1.0000000000001692e-13
125,0.034722222222222154,311,0,1.9567852089146645e-06,9.930794209169616e-07,1.0000000000001703e-13
126,0.034999999999999934,311,0,1.9564340672890026e-06,9.930242498380216e-07,1.000000000000172e-13
127,0.035277777777777714,311,0,1.9560828390180337e-06,9.92969081824142e-07,1.0000000000001732e-13
128,0.03555555555555549,312,0,1.9557315239156366e-06,9.929139168751514e-07,1.0000000000001748e-13
129,0.03583333333333327,312,0,1.955380121960344e-06,9.92858754990881e-07,1.0000000000001762e-13
130,0.03611111111111105,312,0,1.9550286331306857e-06,9.928035961711595e-07,1.0000000000001777e-13
131,0.03638888888888883,312,0,1.9546770577319586e-06,9.927484404158159e-07,1.0000000000001789e-13
132,0.03666666666666661,313,0,1.954325395415985e-06,9.926932877246822e-07,1.0000000000001801e-13
133,0.03694444444444439,313,0,1.9539736461612786e-06,9.92638138097586e-07,1.0000000000001814e-13
134,0.03722222222222217,313,0,1.953621809946345e-06,9.925829915343582e-07,1.0000000000001827e-13
135,0.03749999999999995,313,0,1.9532698867496875e-06,9.925278480348292e-07,1.000000000000184e-13
136,0.03777777777777773,313,0,1.9529178765985055e-06,9.92472707598827e-07,1.0000000000001856e-13
137,0.03805555555555551,314,0,1.9525657794225977e-06,9.924175702261826e-07,1.000000000000187e-13
138,0.03833333333333329,314,0,1.95221359520045e-06,9.923624359167258e-07,1.0000000000001885e-13
139,0.03861111111111107,314,0,1.9518613239105417e-06,9.923073046702856e-07,1.0000000000001899e-13
140,0.03888888888888885,314,0,1.9515089655313477e-06,9.922521764866932e-07,1.0000000000001914e-13
141,0.03916666666666663,314,0,1.951156520041338e-06,9.921970513657772e-07,1.0000000000001928e-13
142,0.03944444444444441,314,0,1.9508039874189774e-06,9.921419293073674e-07,1.0000000000001938e-13
143,0.03972222222222219,314,0,1.950451367642724e-06,9.920868103112948e-07,1.0000000000001953e-13
144,0.039999999999999966,314,0,1.9500986606910328e-06,9.920316943773894e-07,1.0000000000001967e-13
145,0.040277777777777746,314,0,1.9497458665423496e-06,9.919765815054788e-07,1.000000000000198e-13
146,0.040555555555555525,314,0,1.9493929851751196e-06,9.919214716953952e-07,1.0000000000001992e-13
147,0.040833333333333305,314,0,1.949040016567779e-06,9.918663649469677e-07,1.0000000000002007e-13
148,0.041111111111111084,314,0,1.9486869609843643e-06,9.918112612600263e-07,1.0000000000002021e-13
149,0.041388888888888864,315,0,1.9483338184338966e-06,9.917561606344005e-07,1.0000000000002035e-13
150,0.041666666666666644,316,0,1.9479805885787477e-06,9.917010630699212e-07,1.000000000000205e-13
151,0.04194444444444442,316,0,1.9476272713973357e-06,9.916459685664176e-07,1.0000000000002064e-13
152,0.0422222222222222,316,0,1.94727386686807e-06,9.915908771237187e-07,1.0000000000002077e-13
153,0.04249999999999998,316,0,1.9469203749693576e-06,9.915357887416571e-07,1.0000000000002092e-13
154,0.04277777777777776,316,0,1.946566795679598e-06,9.914807034200603e-07,1.0000000000002108e-13
155,0.04305555555555554,316,0,1.9462131289771866e-06,9.914256211587592e-07,1.0000000000002121e-13
156,0.04333333333333332,316,0,1.9458593748405134e-06,9.913705419575836e-07,1.0000000000002132e-13
157,0.0436111111111111,316,0,1.945505533247962e-06,9.913154658163638e-07,1.0000000000002145e-13
158,0.04388888888888888,316,0,1.9451516041779115e-06,9.912603927349294e-07,1.0000000000002157e-13
159,0.04416666666666666,316,0,1.9447975876087353e-06,9.91205322713111e-07,1.000000000000217e-13
160,0.04444444444444444,316,0,1.9444434836718727e-06,9.91150255750738e-07,1.0000000000002184e-13
161,0.04472222222222222,318,0,1.9440892921926545e-06,9.910951918476409e-07,1.0000000000002199e-13
162,0.045,318,0,1.943735013149437e-06,9.910401310036498e-07,1.0000000000002213e-13
163,0.04527777777777778,318,0,1.943380646520573e-06,9.909850732185937e-07,1.0000000000002226e-13
164,0.04555555555555556,318,0,1.9430261922844095e-06,9.90930018492304e-07,1.0000000000002241e-13
165,0.04583333333333334,318,0,1.942671650419288e-06,9.908749668246092e-07,1.0000000000002255e-13
166,0.04611111111111112,318,0,1.942317020903545e-06,9.90819918215342e-07,1.0000000000002267e-13
167,0.046388888888888896,318,0,1.9419623039288533e-06,9.907648726643296e-07,1.000000000000228e-13
168,0.046666666666666676,319,0,1.9416074992602483e-06,9.907098301714034e-07,1.0000000000002292e-13
169,0.046944444444444455,319,0,1.941252606915473e-06,9.906547907363946e-07,1.0000000000002306e-13
170,0.047222222222222235,320,0,1.9408976268334287e-06,9.905997543591314e-07,1.0000000000002319e-13
171,0.047500000000000014,320,0,1.9405425589924256e-06,9.90544721039445e-07,1.0000000000002332e-13
172,0.047777777777777794,320,0,1.940187403482181e-06,9.904896907771648e-07,1.0000000000002342e-13
173,0.048055555555555574,321,0,1.939832160169608e-06,9.90434663572122e-07,1.0000000000002356e-13
174,0.04833333333333335,321,0,1.9394768290329995e-06,9.903796394241456e-07,1.0000000000002371e-13
175,0.04861111111111113,321,0,1.939121410050644e-06,9.903246183330663e-07,1.0000000000002381e-13
176,0.04888888888888891,321,0,1.9387659032008223e-06,9.902696002987146e-07,1.0000000000002396e-13
177,0.04916666666666669,321,0,1.9384103084618143e-06,9.902145853209202e-07,1.0000000000002407e-13
178,0.04944444444444447,321,0,1.938054626128486e-06,9.901595733995137e-07,1.000000000000242e-13
179,0.04972222222222225,322,0,1.9376988558625865e-06,9.901045645343244e-07,1.0000000000002433e-13
180,0.05000000000000003,322,0,1.9373429976423776e-06,9.900495587251837e-07,1.0000000000002446e-13
181,0.05027777777777781,322,0,1.9369870514461136e-06,9.899945559719213e-07,1.0000000000002458e-13
182,0.05055555555555559,322,0,1.9366310172520473e-06,9.899395562743675e-07,1.0000000000002474e-13
183,0.05083333333333337,322,0,1.936274895038421e-06,9.898845596323525e-07,1.0000000000002487e-13
184,0.05111111111111115,322,0,1.9359186847834767e-06,9.89829566045706e-07,1.0000000000002498e-13
185,0.05138888888888893,322,0,1.9355623864808927e-06,9.89774575514259e-07,1.0000000000002511e-13
186,0.05166666666666671,323,0,1.9352060000934564e-06,9.897195880378418e-07,1.0000000000002526e-13
187,0.05194444444444449,323,0,1.9348495255993915e-06,9.896646036162843e-07,1.0000000000002539e-13
188,0.05222222222222227,323,0,1.9344929629769157e-06,9.896096222494167e-07,1.0000000000002552e-13
189,0.05250000000000005,323,0,1.9341363122042424e-06,9.895546439370697e-07,1.0000000000002568e-13
190,0.052777777777777826,323,0,1.933779573259578e-06,9.894996686790732e-07,1.0000000000002579e-13
191,0.053055555555555606,323,0,1.9334227461211254e-06,9.89444696475258e-07,1.0000000000002592e-13
192,0.053333333333333385,323,0,1.93306583076708e-06,9.893897273254533e-07,1.0000000000002604e-13
193,0.053611111111111165,323,0,1.93270882730894e-06,9.89334761229491e-07,1.0000000000002617e-13
194,0.053888888888888944,324,0,1.932351735591618e-06,9.892797981872e-07,1.000000000000263e-13
195,0.054166666666666724,324,0,1.931994555593294e-06,9.892248381984123e-07,1.0000000000002641e-13
196,0.054444444444444504,324,0,1.931637287292143e-06,9.891698812629573e-07,1.0000000000002656e-13
197,0.05472222222222228,324,0,1.931279930666335e-06,9.89114927380665e-07,1.0000000000002666e-13
198,0.05500000000000006,324,0,1.9309224856940335e-06,9.89059976551366e-07,1.0000000000002679e-13
199,0.05527777777777784,324,0,1.930564952353398e-06,9.89005028774891e-07,1.0000000000002693e-13
200,0.05555555555555562,324,0,1.930207330622581e-06,9.889500840510705e-07,1.0000000000002708e-13
201,0.0558333333333334,324,0,1.929849620479731e-06,9.888951423797345e-07,1.0000000000002722e-13
202,0.05611111111111118,324,0,1.9294918219029907e-06,9.888402037607133e-07,1.0000000000002734e-13
203,0.05638888888888896,324,0,1.929133934876824e-06,9.88785268193838e-07,1.000000000000275e-13
204,0.05666666666666674,325,0,1.9287759593730373e-06,9.88730335678938e-07,1.0000000000002763e-13
205,0.05694444444444452,325,0,1.9284186622274434e-06,9.88675406215845e-07,1.0000000000002778e-13
206,0.0572222222222223,327,0,1.9280612767500607e-06,9.886204798043887e-07,1.000000000000279e-13
207,0.05750000000000008,327,0,1.927703036606821e-06,9.885655564443996e-07,1.0000000000002802e-13
208,0.05777777777777786,328,0,1.9273447078986632e-06,9.885106361357078e-07,1.0000000000002812e-13
209,0.05805555555555564,328,0,1.9269862906036926e-06,9.884557188781453e-07,1.0000000000002828e-13
210,0.05833333333333342,328,0,1.926627784700007e-06,9.884008046715405e-07,1.000000000000284e-13
211,0.0586111111111112,328,0,1.926269190165701e-06,9.883458935157252e-07,1.0000000000002854e-13
212,0.05888888888888898,328,0,1.925910506978864e-06,9.882909854105303e-07,1.0000000000002864e-13
213,0.059166666666666756,328,0,1.925551735117578e-06,9.88236080355785e-07,1.0000000000002879e-13
214,0.059444444444444536,328,0,1.9251928745599222e-06,9.881811783513203e-07,1.0000000000002892e-13
215,0.059722222222222315,328,0,1.9248339252839673e-06,9.88126279396968e-07,1.0000000000002906e-13
216,0.060000000000000095,328,0,1.924474887267781e-06,9.880713834925568e-07,1.0000000000002922e-13
217,0.060277777777777874,328,0,1.9241165270048605e-06,9.880164906379191e-07,1.0000000000002935e-13
218,0.060555555555555654,329,0,1.923758078147326e-06,9.879616008328834e-07,1.0000000000002947e-13
219,0.060833333333333434,329,0,1.923400039821557e-06,9.879067140772815e-07,1.000000000000296e-13
220,0.06111111111111121,329,0,1.9230417254764125e-06,9.87851830370944e-07,1.0000000000002974e-13
221,0.06138888888888899,329,0,1.9226822437313205e-06,9.877969497137014e-07,1.0000000000002987e-13
222,0.06166666666666677,329,0,1.922322673114359e-06,9.87742072105384e-07,1.0000000000002999e-13
223,0.06194444444444455,329,0,1.921963013603556e-06,9.876871975458224e-07,1.0000000000003013e-13
224,0.06222222222222233,329,0,1.9216032651769357e-06,9.87632326034848e-07,1.0000000000003028e-13
225,0.06250000000000011,329,0,1.9212434278125164e-06,9.875774575722901e-07,1.0000000000003042e-13
226,0.06277777777777789,329,0,1.9208835014883106e-06,9.87522592157981e-07,1.0000000000003059e-13
227,0.06305555555555567,329,0,1.9205234861823246e-06,9.874677297917497e-07,1.0000000000003071e-13
228,0.06333333333333345,329,0,1.920163381872561e-06,9.874128704734283e-07,1.0000000000003086e-13
229,0.06361111111111123,329,0,1.9198031885370154e-06,9.873580142028466e-07,1.00000000000031e-13
230,0.06388888888888901,329,0,1.9194429063364633e-06,9.873031609798345e-07,1.0000000000003113e-13
231,0.06416666666666679,330,0,1.9190825350661506e-06,9.872483108042247e-07,1.0000000000003128e-13
232,0.06444444444444457,330,0,1.9187220747040578e-06,9.871934636758465e-07,1.0000000000003142e-13
233,0.06472222222222235,330,0,1.91836152522816e-06,9.871386195945314e-07,1.0000000000003154e-13
234,0.06500000000000013,330,0,1.918000886616425e-06,9.870837785601095e-07,1.0000000000003168e-13
235,0.0652777777777779,330,0,1.9176401588468176e-06,9.870289405724113e-07,1.0000000000003184e-13
236,0.06555555555555569,330,0,1.9172793418972952e-06,9.869741056312683e-07,1.0000000000003197e-13
237,0.06583333333333347,330,0,1.9169184357458107e-06,9.869192737365114e-07,1.000000000000321e-13
238,0.06611111111111125,330,0,1.9165574403703116e-06,9.86864444887971e-07,1.0000000000003225e-13
239,0.06638888888888902,330,0,1.9161963557487394e-06,9.86809619085477e-07,1.0000000000003237e-13
240,0.0666666666666668,330,0,1.915835181859031e-06,9.867547963288613e-07,1.0000000000003249e-13
241,0.06694444444444458,330,0,1.9154746849074147e-06,9.866999766179539e-07,1.0000000000003264e-13
242,0.06722222222222236,331,0,1.9151133324292278e-06,9.866451599525864e-07,1.0000000000003276e-13
243,0.06750000000000014,331,0,1.914751890616684e-06,9.865903463325895e-07,1.0000000000003288e-13
244,0.06777777777777792,331,0,1.9143903594476977e-06,9.865355357577926e-07,1.0000000000003303e-13
245,0.0680555555555557,331,0,1.914028738900179e-06,9.864807282280287e-07,1.0000000000003317e-13
246,0.06833333333333348,331,0,1.9136670289520314e-06,9.86425923743127e-07,1.000000000000333e-13
247,0.06861111111111126,331,0,1.9133052295811525e-06,9.863711223029196e-07,1.0000000000003343e-13
248,0.06888888888888904,331,0,1.9129433407654357e-06,9.863163239072356e-07,1.0000000000003359e-13
249,0.06916666666666682,331,0,1.9125813624827678e-06,9.862615285559075e-07,1.0000000000003369e-13
250,0.0694444444444446,331,0,1.9122192947110304e-06,9.862067362487656e-07,1.0000000000003382e-13
251,0.06972222222222238,331,0,1.9118571374281003e-06,9.861519469856407e-07,1.0000000000003394e-13
252,0.07000000000000016,331,0,1.911494890611848e-06,9.860971607663641e-07,1.0000000000003407e-13
253,0.07027777777777794,331,0,1.9111325542401397e-06,9.86042377590766e-07,1.0000000000003423e-13
254,0.07055555555555572,331,0,1.910770128290834e-06,9.859875974586772e-07,1.0000000000003436e-13
255,0.0708333333333335,331,0,1.9104076127417853e-06,9.8593282036993e-07,1.000000000000345e-13
256,0.07111111111111128,331,0,1.9100450075708437e-06,9.858780463243538e-07,1.000000000000346e-13
257,0.07138888888888906,331,0,1.909682312755852e-06,9.858232753217804e-07,1.0000000000003475e-13
258,0.07166666666666684,331,0,1.909319528274648e-06,9.8576850736204e-07,1.0000000000003488e-13
259,0.07194444444444462,331,0,1.9089566541050646e-06,9.857137424449644e-07,1.0000000000003502e-13
260,0.0722222222222224,331,0,1.9085936902249296e-06,9.856589805703844e-07,1.0000000000003514e-13
261,0.07250000000000018,331,0,1.908230636752162e-06,9.8560422173813e-07,1.0000000000003527e-13
262,0.07277777777777795,332,0,1.9078674935245134e-06,9.855494659480335e-07,1.000000000000354e-13
263,0.07305555555555573,332,0,1.9075042605197963e-06,9.85494713199925e-07,1.0000000000003551e-13
264,0.07333333333333351,332,0,1.907140937715815e-06,9.85439963493637e-07,1.0000000000003566e-13
265,0.0736111111111113,332,0,1.906777525404002e-06,9.85385216828998e-07,1.0000000000003579e-13
266,0.07388888888888907,333,0,1.9064140232485961e-06,9.853304732058413e-07,1.0000000000003592e-13
267,0.07416666666666685,333,0,1.906050431227386e-06,9.852757326239958e-07,1.0000000000003605e-13
268,0.07444444444444463,333,0,1.9056867493181546e-06,9.85220995083295e-07,1.0000000000003618e-13
269,0.07472222222222241,333,0,1.9053229774986794e-06,9.85166260583568e-07,1.0000000000003632e-13
270,0.07500000000000019,333,0,1.9049591157467332e-06,9.851115291246467e-07,1.0000000000003642e-13
271,0.07527777777777797,333,0,1.9045951640400824e-06,9.850568007063618e-07,1.0000000000003654e-13
272,0.07555555555555575,333,0,1.9042311223564882e-06,9.850020753285445e-07,1.0000000000003667e-13
273,0.07583333333333353,333,0,1.9038669906737065e-06,9.849473529910263e-07,1.000000000000368e-13
274,0.07611111111111131,333,0,1.903502768969487e-06,9.848926336936382e-07,1.0000000000003692e-13
275,0.07638888888888909,333,0,1.9031384572215752e-06,9.848379174362106e-07,1.0000000000003705e-13
276,0.07666666666666687,333,0,1.9027740554077094e-06,9.84783204218576e-07,1.0000000000003719e-13
277,0.07694444444444465,333,0,1.902409563505624e-06,9.847284940405634e-07,1.0000000000003731e-13
278,0.07722222222222243,333,0,1.9020449817255474e-06,9.846737869020059e-07,1.0000000000003741e-13
279,0.07750000000000021,334,0,1.9016803098127588e-06,9.846190828027334e-07,1.0000000000003758e-13
280,0.07777777777777799,334,0,1.9013155477449764e-06,9.845643817425778e-07,1.000000000000377e-13
281,0.07805555555555577,334,0,1.900950695499911e-06,9.845096837213698e-07,1.0000000000003783e-13
282,0.07833333333333355,334,0,1.9005857530552693e-06,9.844549887389412e-07,1.0000000000003797e-13
283,0.07861111111111133,334,0,1.900220720424331e-06,9.844002967951222e-07,1.000000000000381e-13
284,0.0788888888888891,335,0,1.8998555975492212e-06,9.843456078897452e-07,1.0000000000003825e-13
285,0.07916666666666689,335,0,1.8994903844076291e-06,9.842909220226403e-07,1.0000000000003836e-13
286,0.07944444444444466,335,0,1.8991250809772385e-06,9.842362391936386e-07,1.0000000000003851e-13
287,0.07972222222222244,335,0,1.898759687235729e-06,9.841815594025723e-07,1.0000000000003864e-13
288,0.08000000000000022,335,0,1.8983942031607727e-06,9.841268826492723e-07,1.0000000000003878e-13
289,0.080277777777778,335,0,1.8980286287300377e-06,9.840722089335697e-07,1.000000000000389e-13
290,0.08055555555555578,335,0,1.8976629639211859e-06,9.840175382552954e-07,1.0000000000003903e-13
291,0.08083333333333356,335,0,1.8972972087118737e-06,9.83962870614281e-07,1.0000000000003917e-13
292,0.08111111111111134,335,0,1.896931363079752e-06,9.839082060103587e-07,1.0000000000003932e-13
293,0.08138888888888912,335,0,1.8965654270024668e-06,9.838535444433583e-07,1.0000000000003945e-13
294,0.0816666666666669,335,0,1.8961994004576575e-06,9.837988859131116e-07,1.0000000000003957e-13
295,0.08194444444444468,335,0,1.8958332834229594e-06,9.837442304194492e-07,1.0000000000003969e-13
296,0.08222222222222246,335,0,1.8954670758760002e-06,9.836895779622038e-07,1.0000000000003984e-13
297,0.08250000000000024,335,0,1.895100777794404e-06,9.836349285412065e-07,1.0000000000003996e-13
298,0.08277777777777802,335,0,1.8947343891557886e-06,9.835802821562874e-07,1.000000000000401e-13
299,0.0830555555555558,335,0,1.8943679099377656e-06,9.835256388072788e-07,1.0000000000004025e-13
300,0.08333333333333358,335,0,1.8940013403385866e-06,9.834709984940117e-07,1.0000000000004039e-13
301,0.08361111111111136,336,0,1.8936355378803525e-06,0.010000427860805655,1.0000000000004056e-13
302,0.08388888888888914,335,1,1.8932696449876287e-06,0.009999872281480056,1.0000000000004068e-13
303,0.08416666666666692,335,1,1.892903661992394e-06,0.009999316733019977,1.0000000000004081e-13
304,0.0844444444444447,337,1,1.8925375885180355e-06,0.009998761215423691,1.0000000000004097e-13
305,0.08472222222222248,337,1,1.8921724627389826e-06,0.009998205728689508,1.0000000000004107e-13
306,0.08500000000000026,336,2,1.891807246692729e-06,0.009997650272815685,1.0000000000004123e-13
307,0.08527777777777804,336,2,1.8914419403569597e-06,0.00999709484780053,1.0000000000004136e-13
308,0.08555555555555582,336,2,1.8910765437093527e-06,0.00999653945364232,1.0000000000004149e-13
309,0.0858333333333336,336,2,1.8907122232065894e-06,0.00999598409033934,1.0000000000004159e-13
310,0.08611111111111137,335,3,1.890347812635708e-06,0.00999542875788988,1.0000000000004176e-13
311,0.08638888888888915,335,3,1.8899833119744418e-06,0.009994873456292214,1.0000000000004188e-13
312,0.08666666666666693,335,3,1.8896187212005187e-06,0.009994318185544648,1.0000000000004202e-13
313,0.08694444444444471,335,3,1.889254040291661e-06,0.009993762945645445,1.0000000000004215e-13
314,0.08722222222222249,335,3,1.8888892692255843e-06,0.009993207736592916,1.000000000000423e-13
315,0.08750000000000027,335,3,1.8885244079800005e-06,0.009992652558385325,1.0000000000004242e-13
316,0.08777777777777805,335,3,1.8881594565326155e-06,0.009992097411020969,1.0000000000004254e-13
317,0.08805555555555583,335,3,1.887794414861129e-06,0.009991542294498128,1.0000000000004272e-13
318,0.08833333333333361,335,3,1.8874292829432354e-06,0.009990987208815106,1.0000000000004283e-13
319,0.08861111111111139,335,3,1.8870655773835554e-06,0.009990432153970176,1.0000000000004295e-13
320,0.08888888888888917,334,4,1.8867028342583942e-06,0.00998987712996162,1.0000000000004312e-13
321,0.08916666666666695,333,5,1.8863400017615796e-06,0.009989322136787732,1.0000000000004325e-13
322,0.08944444444444473,334,5,1.8859770795645153e-06,0.0099887671744468,1.000000000000434e-13
323,0.08972222222222251,334,5,1.8856140676450256e-06,0.009988212242937113,1.0000000000004351e-13
324,0.09000000000000029,334,5,1.885250965980929e-06,0.009987657342256947,1.0000000000004364e-13
325,0.09027777777777807,334,5,1.8848877745500387e-06,0.009987102472404601,1.0000000000004379e-13
326,0.09055555555555585,334,5,1.8845244933301617e-06,0.009986547633378359,1.0000000000004391e-13
327,0.09083333333333363,334,5,1.8841611222991012e-06,0.009985992825176504,1.0000000000004403e-13
328,0.0911111111111114,334,5,1.883798487854171e-06,0.009985438047797326,1.0000000000004415e-13
329,0.09138888888888919,333,6,1.8834357637579533e-06,0.009984883301239113,1.0000000000004428e-13
330,0.09166666666666697,333,6,1.8830737165342018e-06,0.009984328585500156,1.0000000000004444e-13
331,0.09194444444444475,334,6,1.882710813400618e-06,0.00998377390057874,1.0000000000004455e-13
332,0.09222222222222252,334,6,1.8823478205493214e-06,0.00998321924647315,1.000000000000447e-13
333,0.0925000000000003,334,6,1.8819847379581319e-06,0.009982664623181687,1.0000000000004484e-13
334,0.09277777777777808,334,6,1.881621565604864e-06,0.009982110030702616,1.0000000000004496e-13
335,0.09305555555555586,334,6,1.8812583034673264e-06,0.009981555469034245,1.0000000000004511e-13
336,0.09333333333333364,334,6,1.8808949515233222e-06,0.009981000938174854,1.0000000000004525e-13
337,0.09361111111111142,334,6,1.8805315097506492e-06,0.009980446438122735,1.0000000000004538e-13
338,0.0938888888888892,334,6,1.8801679781270997e-06,0.009979891968876175,1.0000000000004552e-13
339,0.09416666666666698,334,6,1.8798043566304611e-06,0.009979337530433455,1.0000000000004564e-13
340,0.09444444444444476,334,6,1.8794406452385142e-06,0.009978783122792878,1.0000000000004577e-13
341,0.09472222222222254,334,6,1.8790778083304514e-06,0.009978228745952724,1.0000000000004593e-13
342,0.09500000000000032,333,7,1.8787148817210476e-06,0.009977674399911278,1.0000000000004606e-13
343,0.0952777777777781,333,7,1.8783518653881281e-06,0.009977120084666844,1.000000000000462e-13
344,0.09555555555555588,333,7,1.8779887593095103e-06,0.00997656580021769,1.0000000000004635e-13
345,0.09583333333333366,333,7,1.8776263300353615e-06,0.009976011546562129,1.0000000000004649e-13
346,0.09611111111111144,334,7,1.877263044756929e-06,0.009975457323698428,1.0000000000004662e-13
347,0.09638888888888922,334,7,1.8768996696663089e-06,0.009974903131624892,1.0000000000004677e-13
348,0.096666666666667,334,7,1.8765362047412974e-06,0.009974348970339799,1.0000000000004689e-13
349,0.09694444444444478,334,7,1.876172649959686e-06,0.009973794839841451,1.0000000000004701e-13
350,0.09722222222222256,334,7,1.8758090052992602e-06,0.009973240740128127,1.0000000000004713e-13
351,0.09750000000000034,334,7,1.8754452707378002e-06,0.009972686671198118,1.0000000000004728e-13
352,0.09777777777777812,334,7,1.8750823116979672e-06,0.00997213263304972,1.0000000000004742e-13
353,0.0980555555555559,333,8,1.8747192629266003e-06,0.009971578625681217,1.0000000000004757e-13
354,0.09833333333333368,333,8,1.8743561244015155e-06,0.009971024649090901,1.0000000000004769e-13
355,0.09861111111111145,333,8,1.8739939100555422e-06,0.009970470703277064,1.0000000000004784e-13
356,0.09888888888888923,332,9,1.87363160616214e-06,0.009969916788237993,1.0000000000004797e-13
357,0.09916666666666701,332,9,1.87326921269917e-06,0.00996936290397198,1.0000000000004809e-13
358,0.0994444444444448,332,9,1.8729067296444892e-06,0.009968809050477317,1.000000000000482e-13
359,0.09972222222222257,332,9,1.8725441569759486e-06,0.009968255227752288,1.0000000000004833e-13
360,0.10000000000000035,332,9,1.8721814946713933e-06,0.009967701435795194,1.0000000000004846e-13
361,0.10027777777777813,332,9,1.8718199262301876e-06,0.009967147674604314,1.0000000000004858e-13
362,0.10055555555555591,331,10,1.871458268401235e-06,0.009966593944177947,1.0000000000004875e-13
363,0.10083333333333369,331,10,1.8710965212120803e-06,0.009966040244514385,1.0000000000004889e-13
364,0.10111111111111147,332,10,1.8707360787838027e-06,0.009965486575611911,1.0000000000004901e-13
365,0.10138888888888925,331,11,1.8703755472461531e-06,0.009964932937468822,1.0000000000004918e-13
366,0.10166666666666703,331,11,1.8700149265771026e-06,0.009964379330083406,1.000000000000493e-13
367,0.10194444444444481,331,11,1.869654216754615e-06,0.009963825753453958,1.0000000000004946e-13
368,0.10222222222222259,331,11,1.8692934177566505e-06,0.009963272207578764,1.0000000000004957e-13
369,0.10250000000000037,331,11,1.8689325295611618e-06,0.009962718692456126,1.0000000000004972e-13
370,0.10277777777777815,331,11,1.8685724681583599e-06,0.00996216520808432,1.0000000000004985e-13
371,0.10305555555555593,331,12,1.868212317740384e-06,0.00996161175446165,1.0000000000004999e-13
372,0.10333333333333371,331,12,1.867852078285228e-06,0.009961058331586404,1.0000000000005011e-13
373,0.10361111111111149,331,12,1.8674928151021543e-06,0.00996050493945687,1.0000000000005026e-13
374,0.10388888888888927,330,13,1.8671334631012444e-06,0.009959951578071344,1.0000000000005038e-13
375,0.10416666666666705,330,13,1.8667740222605415e-06,0.009959398247428121,1.0000000000005053e-13
376,0.10444444444444483,330,13,1.8664153478220918e-06,0.009958844947525485,1.0000000000005065e-13
377,0.1047222222222226,329,14,1.8660565847113568e-06,0.009958291678361732,1.0000000000005078e-13
378,0.10500000000000038,329,14,1.8656977329064148e-06,0.00995773843993516,1.0000000000005094e-13
379,0.10527777777777816,329,14,1.8653395603061462e-06,0.00995718523224405,1.0000000000005108e-13
380,0.10555555555555594,328,15,1.8649812991576565e-06,0.009956632055286704,1.0000000000005121e-13
381,0.10583333333333372,328,15,1.8646229494390566e-06,0.00995607890906141,1.0000000000005134e-13
382,0.1061111111111115,328,15,1.8642645112841798e-06,0.009955525793566464,1.0000000000005147e-13
383,0.10638888888888928,329,15,1.8639059845154324e-06,0.009954972708800157,1.000000000000516e-13
384,0.10666666666666706,329,15,1.8635473691109065e-06,0.009954419654760778,1.0000000000005175e-13
385,0.10694444444444484,329,15,1.8631895896511568e-06,0.009953866631446621,1.0000000000005189e-13
386,0.10722222222222262,328,16,1.8628317217403802e-06,0.009953313638855989,1.0000000000005202e-13
387,0.1075000000000004,328,16,1.86247376535671e-06,0.009952760676987164,1.0000000000005216e-13
388,0.10777777777777818,328,16,1.8621157204782731e-06,0.009952207745838444,1.0000000000005228e-13
389,0.10805555555555596,328,16,1.8617575870831925e-06,0.009951654845408121,1.0000000000005243e-13
390,0.10833333333333374,328,16,1.8613993651506497e-06,0.009951101975694484,1.0000000000005257e-13
391,0.10861111111111152,329,16,1.8610410546576913e-06,0.009950549136695836,1.0000000000005267e-13
392,0.1088888888888893,329,16,1.8606826555824234e-06,0.009949996328410465,1.000000000000528e-13
393,0.10916666666666708,329,16,1.8603241679029453e-06,0.009949443550836662,1.0000000000005295e-13
394,0.10944444444444486,329,16,1.8599655915973532e-06,0.009948890803972729,1.0000000000005309e-13
395,0.10972222222222264,329,16,1.8596069266437364e-06,0.009948338087816951,1.0000000000005319e-13
396,0.11000000000000042,329,16,1.859248173020179e-06,0.00994778540236763,1.0000000000005336e-13
397,0.1102777777777782,329,16,1.8588893307047597e-06,0.009947232747623052,1.0000000000005348e-13
398,0.11055555555555598,329,16,1.8585303996755525e-06,0.009946680123581518,1.0000000000005363e-13
399,0.11083333333333376,329,16,1.8581722161941792e-06,0.00994612753024132,1.0000000000005377e-13
400,0.11111111111111154,328,17,1.8578139441618953e-06,0.009945574967600752,1.000000000000539e-13
401,0.11138888888888931,328,17,1.85745558355681e-06,0.009945022435658108,1.0000000000005404e-13
402,0.1116666666666671,328,17,1.857097134357026e-06,0.00994446993441168,1.0000000000005419e-13
403,0.11194444444444487,328,17,1.856738596540641e-06,0.009943917463859768,1.0000000000005431e-13
404,0.11222222222222265,328,17,1.8563799700857465e-06,0.009943365024000663,1.0000000000005445e-13
405,0.11250000000000043,328,17,1.8560212549704293e-06,0.009942812614832666,1.000000000000546e-13
406,0.11277777777777821,328,17,1.8556624511727705e-06,0.009942260236354068,1.0000000000005472e-13
407,0.11305555555555599,328,17,1.855304366546314e-06,0.009941707888563155,1.0000000000005487e-13
408,0.11333333333333377,328,18,1.8549461933933866e-06,0.009941155571458235,1.00000000000055e-13
409,0.11361111111111155,328,18,1.8545879316921036e-06,0.0099406032850376,1.0000000000005512e-13
410,0.11388888888888933,328,18,1.854229581420573e-06,0.009940051029299546,1.0000000000005522e-13
411,0.11416666666666711,328,18,1.8538711425568982e-06,0.00993949880424236,1.0000000000005536e-13
412,0.11444444444444489,328,18,1.8535126154419706e-06,0.009938946609864344,1.0000000000005551e-13
413,0.11472222222222267,329,18,1.8531539998907727e-06,0.009938394446163797,1.0000000000005564e-13
414,0.11500000000000045,330,18,1.8527952956818482e-06,0.009937842313139012,1.000000000000558e-13
415,0.11527777777777823,330,18,1.8524365027932786e-06,0.009937290210788282,1.0000000000005592e-13
416,0.11555555555555601,330,18,1.8520776212031402e-06,0.009936738139109906,1.0000000000005607e-13
417,0.11583333333333379,330,18,1.8517186508895035e-06,0.009936186098102177,1.0000000000005623e-13
418,0.11611111111111157,330,18,1.8513604401902455e-06,0.009935634087763394,1.0000000000005636e-13
419,0.11638888888888935,329,19,1.8510021409333489e-06,0.009935082108091853,1.000000000000565e-13
420,0.11666666666666713,329,19,1.85064375309692e-06,0.009934530159085847,1.0000000000005662e-13
421,0.1169444444444449,329,19,1.8502852766590603e-06,0.009933978240743675,1.0000000000005673e-13
422,0.11722222222222269,329,19,1.8499267115978654e-06,0.009933426353063634,1.0000000000005689e-13
423,0.11750000000000047,329,19,1.8495680578914254e-06,0.00993287449604402,1.0000000000005704e-13
424,0.11777777777777824,329,19,1.8492106470527903e-06,0.00993232266968313,1.0000000000005717e-13
425,0.11805555555555602,328,20,1.8488531478542594e-06,0.00993177087397926,1.000000000000573e-13
426,0.1183333333333338,328,20,1.8484955602739893e-06,0.009931219108930706,1.0000000000005747e-13
427,0.11861111111111158,328,20,1.84813788440138e-06,0.009930667374535766,1.0000000000005762e-13
428,0.11888888888888936,329,20,1.8477801201033533e-06,0.009930115670792737,1.0000000000005775e-13
429,0.11916666666666714,329,20,1.8474222673580485e-06,0.009929563997699913,1.0000000000005791e-13
430,0.11944444444444492,329,20,1.847064326143599e-06,0.009929012355255598,1.0000000000005804e-13
431,0.1197222222222227,329,20,1.8467062964381327e-06,0.009928460743458085,1.0000000000005815e-13
432,0.12000000000000048,329,20,1.8463494786326382e-06,0.00992790916230567,1.000000000000583e-13
433,0.12027777777777826,328,21,1.8459925726138593e-06,0.009927357611796651,1.0000000000005843e-13
434,0.12055555555555604,328,21,1.8456355783599874e-06,0.00992680609192933,1.0000000000005859e-13
435,0.12083333333333382,328,21,1.8452784958492085e-06,0.009926254602702002,1.0000000000005876e-13
436,0.1211111111111116,328,21,1.8449213252062911e-06,0.009925703144112964,1.0000000000005888e-13
437,0.12138888888888938,329,21,1.8445648777027827e-06,0.009925151716160513,1.0000000000005901e-13
438,0.12166666666666716,328,22,1.8442098646377413e-06,0.009924600318842949,1.0000000000005915e-13
439,0.12194444444444494,327,23,1.8438547638055876e-06,0.00992404895215857,1.000000000000593e-13
440,0.12222222222222272,327,23,1.8434995751846238e-06,0.009923497616105675,1.0000000000005944e-13
441,0.1225000000000005,327,23,1.8431442987531454e-06,0.00992294631068256,1.0000000000005958e-13
442,0.12277777777777828,327,23,1.842788934849074e-06,0.009922395035887517,1.000000000000597e-13
443,0.12305555555555606,328,23,1.8424334830911545e-06,0.009921843791718859,1.0000000000005986e-13
444,0.12333333333333384,328,23,1.8420779434576683e-06,0.009921292578174876,1.0000000000005996e-13
445,0.12361111111111162,328,23,1.84172231592689e-06,0.009920741395253866,1.0000000000006008e-13
446,0.1238888888888894,328,23,1.8413673668315954e-06,0.00992019024295413,1.0000000000006021e-13
447,0.12416666666666717,329,23,1.841012330011969e-06,0.009919639121273964,1.0000000000006037e-13
448,0.12444444444444495,330,23,1.8406564388261663e-06,0.009919088030211675,1.000000000000605e-13
449,0.12472222222222273,330,23,1.8403004597969435e-06,0.009918536969765551,1.0000000000006064e-13
450,0.1250000000000005,331,23,1.8399443927618e-06,0.009917985939933899,1.0000000000006076e-13
451,0.12527777777777827,331,23,1.83958823769898e-06,0.009917434940715014,1.0000000000006089e-13
452,0.12555555555555603,331,23,1.8392330945493918e-06,0.009916883972107195,1.0000000000006102e-13
453,0.1258333333333338,331,24,1.8388778636005313e-06,0.009916333034108746,1.0000000000006116e-13
454,0.12611111111111156,331,24,1.8385225448306927e-06,0.009915782126717964,1.000000000000613e-13
455,0.12638888888888933,331,24,1.8381671382181642e-06,0.009915231249933144,1.0000000000006145e-13
456,0.1266666666666671,331,24,1.8378116440996688e-06,0.009914680403752594,1.0000000000006155e-13
457,0.12694444444444486,332,24,1.8374560624212276e-06,0.009914129588174605,1.0000000000006167e-13
458,0.12722222222222263,333,24,1.8371003928351e-06,0.009913578803197487,1.000000000000618e-13
459,0.1275000000000004,333,24,1.8367454625566104e-06,0.009913028048819533,1.0000000000006196e-13
460,0.12777777777777816,332,25,1.836391460549184e-06,0.00991247732503904,1.0000000000006209e-13
461,0.12805555555555592,331,26,1.8360381374885746e-06,0.00991192663185432,1.0000000000006222e-13
462,0.1283333333333337,332,26,1.8356852195115132e-06,0.00991137596926366,1.0000000000006235e-13
463,0.12861111111111145,331,27,1.8353322142852913e-06,0.009910825337265368,1.0000000000006248e-13
464,0.12888888888888922,331,27,1.8349791217883388e-06,0.009910274735857741,1.0000000000006261e-13
465,0.12916666666666698,331,27,1.8346272027897722e-06,0.009909724165039085,1.0000000000006273e-13
466,0.12944444444444475,330,28,1.8342751967890148e-06,0.009909173624807694,1.000000000000629e-13
467,0.12972222222222252,330,28,1.833923103764558e-06,0.00990862311516187,1.0000000000006301e-13
468,0.13000000000000028,330,28,1.8335709236948876e-06,0.009908072636099918,1.0000000000006314e-13
469,0.13027777777777805,330,28,1.833218656558483e-06,0.009907522187620135,1.0000000000006326e-13
470,0.1305555555555558,330,28,1.8328663023338212e-06,0.009906971769720822,1.0000000000006339e-13
471,0.13083333333333358,330,28,1.8325138609993707e-06,0.009906421382400284,1.0000000000006352e-13
472,0.13111111111111134,330,28,1.8321613328564898e-06,0.009905871025656817,1.0000000000006364e-13
473,0.1313888888888891,331,28,1.831808717560824e-06,0.009905320699488724,1.0000000000006376e-13
474,0.13166666666666688,331,28,1.831456015090828e-06,0.00990477040389431,1.0000000000006388e-13
475,0.13194444444444464,331,28,1.8311032254249502e-06,0.009904220138871872,1.0000000000006398e-13
476,0.1322222222222224,331,28,1.8307503488756601e-06,0.009903669904419715,1.0000000000006413e-13
477,0.13250000000000017,332,28,1.8303973853352713e-06,0.009903119700536134,1.0000000000006427e-13
478,0.13277777777777794,333,28,1.8300451009832498e-06,0.009902569527219436,1.0000000000006442e-13
479,0.1330555555555557,334,28,1.829691963134995e-06,0.009902019384467928,1.0000000000006456e-13
480,0.13333333333333347,334,28,1.8293387381618516e-06,0.0099014692722799,1.0000000000006468e-13
481,0.13361111111111124,336,28,1.8289854258636517e-06,0.009900919190653664,1.0000000000006479e-13
482,0.133888888888889,336,28,1.828632026218806e-06,0.009900369139587514,1.0000000000006494e-13
483,0.13416666666666677,336,28,1.828278539205722e-06,0.00989981911907976,1.0000000000006507e-13
484,0.13444444444444453,336,28,1.8279249648027986e-06,0.009899269129128701,1.0000000000006518e-13
485,0.1347222222222223,336,28,1.8275713029884324e-06,0.009898719169732638,1.0000000000006531e-13
486,0.13500000000000006,336,28,1.827217553741013e-06,0.009898169240889878,1.0000000000006546e-13
487,0.13527777777777783,336,28,1.8268637170389246e-06,0.009897619342598718,1.000000000000656e-13
488,0.1355555555555556,336,28,1.8265097928605469e-06,0.009897069474857462,1.0000000000006575e-13
489,0.13583333333333336,336,28,1.8261557811842536e-06,0.009896519637664414,1.0000000000006588e-13
490,0.13611111111111113,336,28,1.8258025278354628e-06,0.009895969831017879,1.0000000000006599e-13
491,0.1363888888888889,335,29,1.8254491871546004e-06,0.009895420054916155,1.0000000000006615e-13
492,0.13666666666666666,335,29,1.825095759120076e-06,0.009894870309357552,1.000000000000663e-13
493,0.13694444444444442,335,29,1.8247435875968672e-06,0.009894320594340363,1.0000000000006643e-13
494,0.1372222222222222,334,30,1.8243913290090379e-06,0.009893770909862898,1.0000000000006657e-13
495,0.13749999999999996,334,30,1.824038983335064e-06,0.009893221255923464,1.000000000000667e-13
496,0.13777777777777772,334,30,1.823686550553416e-06,0.009892671632520358,1.0000000000006685e-13
497,0.1380555555555555,334,30,1.823334030642559e-06,0.009892122039651884,1.0000000000006699e-13
498,0.13833333333333325,334,30,1.8229814235809528e-06,0.009891572477316347,1.0000000000006711e-13
499,0.13861111111111102,334,30,1.8226287293470517e-06,0.009891022945512055,1.0000000000006725e-13
500,0.13888888888888878,334,30,1.8222759479193048e-06,0.009890473444237304,1.0000000000006738e-13
501,0.13916666666666655,334,30,1.8219230794858086e-06,0.0098899239734904,1.0000000000006754e-13
502,0.13944444444444432,335,30,1.8215701238154005e-06,0.009889374533269652,1.0000000000006764e-13
503,0.13972222222222208,335,30,1.8212170808865137e-06,0.009888825123573359,1.0000000000006777e-13
504,0.13999999999999985,335,30,1.8208639506775758e-06,0.009888275744399828,1.0000000000006792e-13
505,0.1402777777777776,335,30,1.8205115045122538e-06,0.009887726395747363,1.0000000000006806e-13
506,0.14055555555555538,334,31,1.8201589712144142e-06,0.009887177077614266,1.0000000000006819e-13
507,0.14083333333333314,334,31,1.8198073860979539e-06,0.009886627789998844,1.0000000000006831e-13
508,0.1411111111111109,333,32,1.819455714061846e-06,0.009886078532899401,1.0000000000006841e-13
509,0.14138888888888868,333,32,1.819104721873005e-06,0.009885529306314242,1.0000000000006856e-13
510,0.14166666666666644,335,32,1.8187528765073825e-06,0.009884980110241665,1.0000000000006868e-13
511,0.1419444444444442,335,32,1.8184009441577737e-06,0.009884430944679988,1.0000000000006883e-13
512,0.14222222222222197,335,32,1.8180489248026732e-06,0.009883881809627503,1.0000000000006896e-13
513,0.14249999999999974,335,32,1.8176968184205725e-06,0.009883332705082523,1.000000000000691e-13
514,0.1427777777777775,335,32,1.8173461327455779e-06,0.009882783631043357,1.0000000000006922e-13
515,0.14305555555555527,334,33,1.816995360373298e-06,0.009882234587508294,1.0000000000006935e-13
516,0.14333333333333304,334,33,1.8166445012822992e-06,0.009881685574475657,1.0000000000006951e-13
517,0.1436111111111108,334,33,1.8162935554511428e-06,0.009881136591943743,1.0000000000006959e-13
518,0.14388888888888857,334,33,1.8159439452748318e-06,0.009880587639910858,1.0000000000006974e-13
519,0.14416666666666633,333,34,1.8155942486671222e-06,0.00988003871837531,1.0000000000006988e-13
520,0.1444444444444441,333,34,1.8152444656066465e-06,0.0098794898273354,1.0000000000007e-13
521,0.14472222222222186,333,34,1.8148945960720315e-06,0.009878940966789434,1.0000000000007013e-13
522,0.14499999999999963,333,34,1.8145446400418996e-06,0.009878392136735723,1.0000000000007026e-13
523,0.1452777777777774,333,34,1.8141945974948662e-06,0.009877843337172574,1.000000000000704e-13
524,0.14555555555555516,333,34,1.813844468409543e-06,0.009877294568098284,1.0000000000007055e-13
525,0.14583333333333293,333,34,1.8134942527645353e-06,0.009876745829511169,1.0000000000007071e-13
526,0.1461111111111107,333,34,1.8131452322841368e-06,0.00987619712140953,1.0000000000007084e-13
527,0.14638888888888846,332,35,1.8127961255181263e-06,0.009875648443791674,1.0000000000007098e-13
528,0.14666666666666622,332,35,1.812446932445172e-06,0.00987509979665591,1.000000000000711e-13
529,0.146944444444444,332,35,1.8120986194124449e-06,0.00987455118000054,1.0000000000007125e-13
530,0.14722222222222175,331,36,1.811751000770729e-06,0.009874002593823875,1.0000000000007139e-13
531,0.14749999999999952,331,37,1.8114032961899662e-06,0.009873454038124216,1.0000000000007156e-13
532,0.14777777777777729,331,37,1.8110570002835834e-06,0.009872905512899877,1.0000000000007166e-13
533,0.14805555555555505,330,38,1.810710618765164e-06,0.00987235701814916,1.0000000000007181e-13
534,0.14833333333333282,330,38,1.8103641516135423e-06,0.009871808553870376,1.0000000000007195e-13
535,0.14861111111111058,330,38,1.8100188238585065e-06,0.009871260120061827,1.0000000000007207e-13
536,0.14888888888888835,329,39,1.8096734107307825e-06,0.009870711716721823,1.0000000000007222e-13
537,0.14916666666666611,329,39,1.809328729082991e-06,0.009870163343848671,1.0000000000007234e-13
538,0.14944444444444388,328,40,1.8089839622222422e-06,0.00986961500144068,1.0000000000007249e-13
539,0.14972222222222165,328,40,1.8086391101274708e-06,0.009869066689496157,1.0000000000007262e-13
540,0.1499999999999994,328,40,1.80829507806855e-06,0.009868518408013406,1.0000000000007275e-13
541,0.15027777777777718,327,41,1.80795193545805e-06,0.00986797015699074,1.0000000000007288e-13
542,0.15055555555555494,327,42,1.8076087080150773e-06,0.009867421936426464,1.0000000000007302e-13
543,0.1508333333333327,327,42,1.8072653957186596e-06,0.009866873746318887,1.0000000000007317e-13
544,0.15111111111111047,327,42,1.8069234053834974e-06,0.009866325586666311,1.000000000000733e-13
545,0.15138888888888824,326,43,1.8065813305007312e-06,0.009865777457467051,1.0000000000007344e-13
546,0.151666666666666,326,43,1.8062391710494581e-06,0.009865229358719417,1.0000000000007354e-13
547,0.15194444444444377,326,43,1.805896927008771e-06,0.00986468129042171,1.0000000000007369e-13
548,0.15222222222222154,326,43,1.80555459844914e-06,0.00986413325257224,1.0000000000007383e-13
549,0.1524999999999993,327,43,1.8052121852582884e-06,0.00986358524516932,1.0000000000007395e-13
550,0.15277777777777707,327,43,1.804869687415293e-06,0.009863037268211253,1.0000000000007408e-13
551,0.15305555555555483,327,43,1.8045271049470096e-06,0.009862489321696354,1.0000000000007418e-13
552,0.1533333333333326,328,43,1.8041844377847335e-06,0.009861941405622927,1.0000000000007435e-13
553,0.15361111111111037,328,43,1.8038416859075256e-06,0.009861393519989282,1.0000000000007447e-13
554,0.15388888888888813,328,43,1.8034988492944436e-06,0.009860845664793727,1.0000000000007464e-13
555,0.1541666666666659,328,43,1.803155927924539e-06,0.00986029784003457,1.0000000000007479e-13
556,0.15444444444444366,328,43,1.802812921776857e-06,0.009859750045710125,1.0000000000007493e-13
557,0.15472222222222143,328,43,1.802469830830439e-06,0.0098592022818187,1.0000000000007505e-13
558,0.1549999999999992,328,43,1.8021266550643212e-06,0.009858654548358601,1.0000000000007518e-13
559,0.15527777777777696,328,43,1.801783394457534e-06,0.009858106845328134,1.000000000000753e-13
560,0.15555555555555473,328,43,1.8014400489891026e-06,0.009857559172725615,1.0000000000007542e-13
561,0.1558333333333325,328,43,1.8010966186380483e-06,0.009857011530549353,1.0000000000007554e-13
562,0.15611111111111026,328,43,1.800753103383386e-06,0.009856463918797655,1.0000000000007567e-13
563,0.15638888888888802,328,43,1.8004095032041252e-06,0.009855916337468837,1.0000000000007583e-13
564,0.1566666666666658,328,43,1.800065818079271e-06,0.0098553687865612,1.0000000000007596e-13
565,0.15694444444444355,328,43,1.7997234319623127e-06,0.009854821266073057,1.0000000000007611e-13
566,0.15722222222222132,327,44,1.7993809611999044e-06,0.00985427377600272,1.0000000000007623e-13
567,0.15749999999999909,327,44,1.7990384057711192e-06,0.009853726316348496,1.0000000000007638e-13
568,0.15777777777777685,327,44,1.7986957656550263e-06,0.0098531788871087,1.000000000000765e-13
569,0.15805555555555462,327,44,1.7983530408306885e-06,0.009852631488281641,1.0000000000007663e-13
570,0.15833333333333238,327,44,1.7980102312771646e-06,0.009852084119865623,1.0000000000007674e-13
571,0.15861111111111015,327,44,1.7976682145552515e-06,0.009851536781858966,1.0000000000007687e-13
572,0.1588888888888879,326,45,1.7973261132792105e-06,0.009850989474259973,1.00000000000077e-13
573,0.15916666666666568,326,45,1.7969839274281385e-06,0.009850442197066957,1.0000000000007716e-13
574,0.15944444444444344,326,45,1.7966429741889437e-06,0.009849894950278233,1.0000000000007731e-13
575,0.1597222222222212,325,46,1.796302768817847e-06,0.009849347733892105,1.0000000000007745e-13
576,0.15999999999999898,324,47,1.7959632461470694e-06,0.009848800547906891,1.0000000000007761e-13
577,0.16027777777777674,326,47,1.7956228731350307e-06,0.009848253392320896,1.0000000000007774e-13
578,0.1605555555555545,326,47,1.7952824159752253e-06,0.009847706267132434,1.0000000000007788e-13
579,0.16083333333333227,326,47,1.79494275114461e-06,0.009847159172339814,1.00000000000078e-13
580,0.16111111111111004,325,48,1.794603002341307e-06,0.009846612107941353,1.0000000000007813e-13
581,0.1613888888888878,325,48,1.794263169544556e-06,0.009846065073935355,1.0000000000007828e-13
582,0.16166666666666557,325,48,1.7939232527335925e-06,0.009845518070320138,1.000000000000784e-13
583,0.16194444444444334,325,48,1.7935832518876454e-06,0.00984497109709401,1.0000000000007852e-13
584,0.1622222222222211,325,48,1.7932439333575371e-06,0.009844424154255283,1.0000000000007869e-13
585,0.16249999999999887,326,48,1.792903764536636e-06,0.009843877241802267,1.0000000000007884e-13
586,0.16277777777777663,326,48,1.7925635116184487e-06,0.009843330359733279,1.0000000000007896e-13
587,0.1630555555555544,326,48,1.792223174582186e-06,0.009842783508046626,1.0000000000007913e-13
588,0.16333333333333216,326,48,1.7918827534070512e-06,0.009842236686740623,1.0000000000007929e-13
589,0.16361111111110993,326,48,1.7915431023242292e-06,0.009841689895813585,1.000000000000794e-13
590,0.1638888888888877,325,49,1.7912048905038083e-06,0.009841143135263818,1.0000000000007956e-13
591,0.16416666666666546,324,50,1.7908665950699155e-06,0.009840596405089637,1.0000000000007968e-13
592,0.16444444444444323,324,50,1.79052821600188e-06,0.009840049705289355,1.0000000000007981e-13
593,0.164722222222221,324,50,1.790189753279025e-06,0.009839503035861282,1.0000000000007995e-13
594,0.16499999999999876,324,50,1.7898512068806701e-06,0.009838956396803733,1.0000000000008008e-13
595,0.16527777777777652,324,50,1.7895125767861284e-06,0.009838409788115024,1.0000000000008023e-13
596,0.1655555555555543,324,50,1.789173862974708e-06,0.009837863209793461,1.0000000000008037e-13
597,0.16583333333333206,324,50,1.7888350654257126e-06,0.009837316661837363,1.0000000000008052e-13
598,0.16611111111110982,324,50,1.7884969961603294e-06,0.009836770144245038,1.0000000000008066e-13
599,0.1663888888888876,323,51,1.7881588433167168e-06,0.009836223657014804,1.0000000000008078e-13
600,0.16666666666666535,323,51,1.7878206068742128e-06,0.009835677200144968,1.0000000000008088e-13
601,0.16694444444444312,323,51,1.7874822868121497e-06,0.00983513077363385,1.0000000000008105e-13
602,0.16722222222222088,323,51,1.7871446995798333e-06,0.00983458437747976,1.0000000000008115e-13
603,0.16749999999999865,322,52,1.7868070288884576e-06,0.00983403801168101,1.000000000000813e-13
604,0.16777777777777642,322,52,1.786469274717389e-06,0.009833491676235918,1.0000000000008144e-13
605,0.16805555555555418,322,52,1.7861314370459907e-06,0.009832945371142793,1.0000000000008159e-13
606,0.16833333333333195,322,52,1.7857935158536186e-06,0.009832399096399954,1.0000000000008172e-13
607,0.1686111111111097,322,52,1.7854555111196245e-06,0.00983185285200571,1.0000000000008186e-13
608,0.16888888888888748,322,52,1.7851174228233547e-06,0.009831306637958377,1.0000000000008202e-13
609,0.16916666666666524,322,52,1.7847792509441514e-06,0.009830760454256267,1.0000000000008215e-13
610,0.169444444444443,322,52,1.7844420862418965e-06,0.009830214300897698,1.0000000000008225e-13
611,0.16972222222222078,321,53,1.7841048381850407e-06,0.009829668177880984,1.0000000000008237e-13
612,0.16999999999999854,321,53,1.7837684101743869e-06,0.009829122085204435,1.0000000000008254e-13
613,0.1702777777777763,320,54,1.7834318989912592e-06,0.009828576022866367,1.0000000000008266e-13
614,0.17055555555555407,320,54,1.783095304615095e-06,0.009828029990865099,1.0000000000008279e-13
615,0.17083333333333184,320,54,1.7827586270253274e-06,0.009827483989198938,1.0000000000008293e-13
616,0.1711111111111096,320,54,1.7824218662013842e-06,0.009826938017866204,1.0000000000008308e-13
617,0.17138888888888737,320,54,1.7820850221226876e-06,0.009826392076865212,1.0000000000008322e-13
618,0.17166666666666514,320,54,1.781748094768655e-06,0.009825846166194276,1.0000000000008334e-13
619,0.1719444444444429,320,54,1.7814110841186996e-06,0.009825300285851709,1.0000000000008347e-13
620,0.17222222222222067,320,54,1.7810739901522286e-06,0.009824754435835829,1.0000000000008361e-13
621,0.17249999999999843,320,54,1.7807368128486447e-06,0.009824208616144952,1.0000000000008374e-13
622,0.1727777777777762,320,54,1.780399552187345e-06,0.009823662826777387,1.0000000000008386e-13
623,0.17305555555555396,320,54,1.7800630698225093e-06,0.009823117067731455,1.0000000000008403e-13
624,0.17333333333333173,319,55,1.7797265042717621e-06,0.00982257133900547,1.0000000000008418e-13
625,0.1736111111111095,319,55,1.7793898555145376e-06,0.009822025640597748,1.0000000000008432e-13
626,0.17388888888888726,319,55,1.7790531235302654e-06,0.009821479972506602,1.0000000000008446e-13
627,0.17416666666666503,319,55,1.7787186975237651e-06,0.009820934334730353,1.0000000000008458e-13
628,0.1744444444444428,317,57,1.7783841888397305e-06,0.009820388727267313,1.0000000000008473e-13
629,0.17472222222222056,317,57,1.7780504279730338e-06,0.0098198431501158,1.0000000000008486e-13
630,0.17499999999999832,316,58,1.7777165845932404e-06,0.009819297603274126,1.0000000000008497e-13
631,0.1752777777777761,316,58,1.7773826586799512e-06,0.009818752086740611,1.000000000000851e-13
632,0.17555555555555385,316,58,1.7770486502127613e-06,0.009818206600513572,1.0000000000008523e-13
633,0.17583333333333162,316,58,1.7767145591712619e-06,0.009817661144591322,1.0000000000008535e-13
634,0.1761111111111094,316,58,1.7763803855350393e-06,0.009817115718972176,1.0000000000008548e-13
635,0.17638888888888715,316,58,1.7760461296087215e-06,0.009816570323654458,1.0000000000008562e-13
636,0.17666666666666492,317,58,1.7757117910469173e-06,0.009816024958636477,1.0000000000008577e-13
637,0.17694444444444268,317,58,1.7753773698291967e-06,0.00981547962391655,1.000000000000859e-13
638,0.17722222222222045,317,58,1.7750428659351264e-06,0.009814934319493,1.0000000000008603e-13
639,0.17749999999999821,317,58,1.774709703665783e-06,0.009814389045364141,1.0000000000008617e-13
640,0.17777777777777598,316,59,1.7743764590313294e-06,0.009813843801528286,1.000000000000863e-13
641,0.17805555555555375,316,59,1.7740431320114026e-06,0.009813298587983757,1.0000000000008645e-13
642,0.1783333333333315,316,59,1.7737097225856356e-06,0.009812753404728872,1.0000000000008658e-13
643,0.17861111111110928,316,59,1.7733762307336553e-06,0.009812208251761942,1.0000000000008669e-13
644,0.17888888888888704,316,59,1.7730426564350848e-06,0.009811663129081289,1.0000000000008684e-13
645,0.1791666666666648,316,59,1.7727097977811988e-06,0.00981111803668523,1.0000000000008697e-13
646,0.17944444444444257,315,60,1.7723777113004387e-06,0.00981057297457208,1.0000000000008709e-13
647,0.17972222222222034,314,61,1.7720455427205266e-06,0.009810027942740161,1.0000000000008723e-13
648,0.1799999999999981,314,61,1.7717132920211668e-06,0.009809482941187785,1.0000000000008737e-13
649,0.18027777777777587,314,61,1.7713820231496574e-06,0.009808937969913275,1.000000000000875e-13
650,0.18055555555555364,313,62,1.7710506723811276e-06,0.009808393028914945,1.0000000000008765e-13
651,0.1808333333333314,313,62,1.7707192396953307e-06,0.00980784811819112,1.0000000000008779e-13
652,0.18111111111110917,313,62,1.7703877250720146e-06,0.009807303237740107,1.0000000000008791e-13
653,0.18138888888888693,313,62,1.770056129034439e-06,0.009806758387560233,1.0000000000008807e-13
654,0.1816666666666647,315,62,1.7697252173140183e-06,0.009806213567649814,1.000000000000882e-13
655,0.18194444444444247,316,62,1.7693934573811551e-06,0.009805668778007166,1.0000000000008834e-13
656,0.18222222222222023,316,62,1.7690616154298704e-06,0.00980512401863061,1.0000000000008846e-13
657,0.182499999999998,316,62,1.768729691439887e-06,0.009804579289518466,1.0000000000008858e-13
658,0.18277777777777576,316,62,1.7683976853909235e-06,0.00980403459066905,1.000000000000887e-13
659,0.18305555555555353,316,62,1.7680655972626928e-06,0.009803489922080678,1.0000000000008885e-13
660,0.1833333333333313,316,62,1.7677334270349027e-06,0.009802945283751674,1.0000000000008899e-13
661,0.18361111111110906,316,62,1.7674011746872574e-06,0.009802400675680356,1.0000000000008911e-13
662,0.18388888888888683,316,62,1.767068840414417e-06,0.009801856097865038,1.0000000000008924e-13
663,0.1841666666666646,317,62,1.7667364239811647e-06,0.009801311550304047,1.0000000000008938e-13
664,0.18444444444444236,317,62,1.7664039255811767e-06,0.009800767032995695,1.000000000000895e-13
665,0.18472222222222012,318,62,1.7660713449802009e-06,0.00980022254593831,1.000000000000896e-13
666,0.1849999999999979,318,62,1.7657386821579166e-06,0.0097996780891302,1.0000000000008976e-13
667,0.18527777777777565,318,62,1.7654059370939962e-06,0.009799133662569693,1.0000000000008988e-13
668,0.18555555555555342,318,62,1.765073109983905e-06,0.009798589266255108,1.0000000000009002e-13
669,0.18583333333333119,319,62,1.7647410040477713e-06,0.00979804490018476,1.0000000000009015e-13
670,0.18611111111110895,318,63,1.7644088160076756e-06,0.009797500564356972,1.000000000000903e-13
671,0.18638888888888672,318,63,1.7640765458433207e-06,0.009796956258770063,1.0000000000009041e-13
672,0.18666666666666448,318,63,1.7637441935344029e-06,0.009796411983422355,1.0000000000009054e-13
673,0.18694444444444225,318,63,1.7634117590606149e-06,0.009795867738312165,1.0000000000009069e-13
674,0.18722222222222,318,63,1.763079242401644e-06,0.009795323523437814,1.000000000000908e-13
675,0.18749999999999778,318,63,1.762746643537172e-06,0.009794779338797625,1.0000000000009093e-13
676,0.18777777777777555,318,63,1.76241396277187e-06,0.009794235184389913,1.0000000000009103e-13
677,0.1880555555555533,319,63,1.762081199760497e-06,0.009793691060213003,1.0000000000009118e-13
678,0.18833333333333108,319,63,1.761748354482719e-06,0.009793146966265213,1.0000000000009132e-13
679,0.18861111111110884,319,63,1.761415426918198e-06,0.009792602902544868,1.0000000000009145e-13
680,0.1888888888888866,319,63,1.7610824170465906e-06,0.00979205886905028,1.0000000000009157e-13
681,0.18916666666666437,319,63,1.760749324847549e-06,0.009791514865779777,1.000000000000917e-13
682,0.18944444444444214,319,63,1.7604161503007198e-06,0.009790970892731678,1.0000000000009183e-13
683,0.1897222222222199,319,63,1.7600828933857451e-06,0.009790426949904306,1.0000000000009197e-13
684,0.18999999999999767,319,63,1.7597495540822613e-06,0.009789883037295976,1.0000000000009209e-13
685,0.19027777777777544,319,63,1.7594161323699003e-06,0.009789339154905017,1.0000000000009224e-13
686,0.1905555555555532,319,63,1.7590826282282893e-06,0.009788795302729745,1.0000000000009236e-13
687,0.19083333333333097,319,63,1.7587490416370491e-06,0.009788251480768482,1.0000000000009248e-13
688,0.19111111111110873,319,63,1.7584153725757965e-06,0.00978770768901955,1.0000000000009263e-13
689,0.1913888888888865,319,63,1.7580816210241435e-06,0.00978716392748127,1.0000000000009275e-13
690,0.19166666666666426,319,63,1.7577477869616967e-06,0.009786620196151969,1.0000000000009292e-13
691,0.19194444444444203,319,63,1.7574151882527895e-06,0.00978607649502996,1.0000000000009306e-13
692,0.1922222222222198,318,64,1.7570825073180967e-06,0.009785532824113569,1.0000000000009321e-13
693,0.19249999999999756,318,64,1.7567497441372906e-06,0.009784989183401118,1.0000000000009335e-13
694,0.19277777777777533,318,64,1.7564168986900376e-06,0.00978444557289093,1.0000000000009348e-13
695,0.1930555555555531,318,64,1.7560862152243232e-06,0.009783901992581326,1.0000000000009362e-13
696,0.19333333333333086,316,66,1.7557554500063133e-06,0.009783358442470627,1.0000000000009374e-13
697,0.19361111111110862,316,66,1.7554246030157973e-06,0.009782814922557155,1.0000000000009387e-13
698,0.1938888888888864,316,66,1.7550936742325587e-06,0.009782271432839237,1.0000000000009401e-13
699,0.19416666666666416,316,66,1.7547626638979158e-06,0.009781727973315193,1.0000000000009414e-13
700,0.19444444444444192,317,66,1.7544315717301682e-06,0.009781184543983341,1.0000000000009429e-13
701,0.1947222222222197,317,66,1.754100397709086e-06,0.00978064114484201,1.0000000000009445e-13
702,0.19499999999999745,317,66,1.7537699080757058e-06,0.009780097775889516,1.0000000000009462e-13
703,0.19527777777777522,318,66,1.7534393367379501e-06,0.00977955443712419,1.0000000000009475e-13
704,0.19555555555555298,318,66,1.7531088478031941e-06,0.009779011128544351,1.000000000000949e-13
705,0.19583333333333075,317,67,1.7527782771642353e-06,0.009778467850148322,1.0000000000009501e-13
706,0.19611111111110852,317,67,1.7524476248008746e-06,0.009777924601934425,1.0000000000009513e-13
707,0.19638888888888628,317,67,1.7521168906929083e-06,0.009777381383900982,1.0000000000009526e-13
708,0.19666666666666405,317,67,1.751786898995571e-06,0.009776838196046323,1.0000000000009539e-13
709,0.1969444444444418,316,68,1.7514568257169592e-06,0.009776295038368766,1.000000000000955e-13
710,0.19722222222221958,316,68,1.7511266712828287e-06,0.009775751910866631,1.0000000000009565e-13
711,0.19749999999999734,318,68,1.7507964352271913e-06,0.009775208813538251,1.0000000000009578e-13
712,0.1977777777777751,318,68,1.750467459044232e-06,0.009774665746381942,1.0000000000009592e-13
713,0.19805555555555288,317,69,1.7501384015310565e-06,0.009774122709396035,1.0000000000009607e-13
714,0.19833333333333064,317,69,1.7498092626675576e-06,0.009773579702578845,1.0000000000009618e-13
715,0.1986111111111084,317,69,1.749480042768049e-06,0.009773036725928701,1.0000000000009631e-13
716,0.19888888888888617,318,69,1.7491507414780716e-06,0.009772493779443928,1.0000000000009646e-13
717,0.19916666666666394,318,69,1.7488213587775039e-06,0.009771950863122849,1.0000000000009658e-13
718,0.1994444444444417,318,69,1.748491894646219e-06,0.009771407976963787,1.0000000000009669e-13
719,0.19972222222221947,318,69,1.748162349064086e-06,0.009770865120965066,1.0000000000009681e-13
720,0.19999999999999724,318,69,1.747832722010968e-06,0.009770322295125014,1.0000000000009693e-13
721,0.200277777777775,318,69,1.7475030134667239e-06,0.009769779499441952,1.0000000000009704e-13
722,0.20055555555555277,318,69,1.7471732234112071e-06,0.009769236733914206,1.0000000000009718e-13
723,0.20083333333333053,318,69,1.7468433518242655e-06,0.009768693998540101,1.0000000000009734e-13
724,0.2011111111111083,318,69,1.7465133986857433e-06,0.00976815129331796,1.0000000000009749e-13
725,0.20138888888888606,318,69,1.746183363975479e-06,0.00976760861824611,1.0000000000009763e-13
726,0.20166666666666383,318,69,1.7458541713080891e-06,0.009767065973322874,1.0000000000009773e-13
727,0.2019444444444416,318,70,1.7455248972569621e-06,0.009766523358546579,1.000000000000979e-13
728,0.20222222222221936,318,70,1.7451955418019797e-06,0.009765980773915547,1.0000000000009801e-13
729,0.20249999999999713,318,70,1.7448661049230155e-06,0.009765438219428109,1.0000000000009818e-13
730,0.2027777777777749,318,70,1.7445365865999402e-06,0.009764895695082586,1.0000000000009831e-13
731,0.20305555555555266,318,70,1.7442078637438106e-06,0.009764353200877303,1.0000000000009847e-13
732,0.20333333333333042,317,71,1.7438801066034633e-06,0.00976381073681059,1.000000000000986e-13
733,0.2036111111111082,317,72,1.7435522684342738e-06,0.009763268302880764,1.0000000000009876e-13
734,0.20388888888888596,317,72,1.7432243492162092e-06,0.009762725899086163,1.0000000000009887e-13
735,0.20416666666666372,317,72,1.742896348929233e-06,0.009762183525425102,1.0000000000009905e-13
736,0.2044444444444415,317,72,1.7425682675533033e-06,0.009761641181895913,1.0000000000009916e-13
737,0.20472222222221925,317,72,1.7422401050683735e-06,0.009761098868496918,1.0000000000009931e-13
738,0.20499999999999702,317,72,1.7419118614543914e-06,0.009760556585226446,1.0000000000009944e-13
739,0.20527777777777478,317,72,1.7415835366912993e-06,0.009760014332082822,1.0000000000009954e-13
740,0.20555555555555255,317,72,1.7412551307590368e-06,0.009759472109064374,1.0000000000009968e-13
741,0.20583333333333032,317,72,1.740926643637536e-06,0.009758929916169426,1.0000000000009983e-13
742,0.20611111111110808,317,72,1.7405980753067246e-06,0.009758387753396306,1.0000000000009995e-13
743,0.20638888888888585,317,72,1.7402694257465268e-06,0.00975784562074334,1.0000000000010012e-13
744,0.2066666666666636,317,72,1.7399406949368605e-06,0.009757303518208853,1.0000000000010025e-13
745,0.20694444444444138,317,72,1.739611882857639e-06,0.009756761445791174,1.0000000000010038e-13
746,0.20722222222221914,317,72,1.739282989488771e-06,0.009756219403488635,1.0000000000010051e-13
747,0.2074999999999969,317,72,1.7389540148101602e-06,0.009755677391299549,1.0000000000010065e-13
748,0.20777777777777467,317,72,1.7386249588017036e-06,0.009755135409222258,1.0000000000010078e-13
749,0.20805555555555244,317,72,1.738295821443296e-06,0.00975459345725508,1.000000000001009e-13
750,0.2083333333333302,317,72,1.7379666027148258e-06,0.009754051535396343,1.0000000000010103e-13
751,0.20861111111110797,317,72,1.7376373025961758e-06,0.009753509643644376,1.0000000000010117e-13
752,0.20888888888888574,317,72,1.7373086874303083e-06,0.009752967781997508,1.0000000000010129e-13
753,0.2091666666666635,318,72,1.7369801272833635e-06,0.009752425950454063,1.0000000000010142e-13
754,0.20944444444444127,317,73,1.7366514859090547e-06,0.00975188414901237,1.0000000000010156e-13
755,0.20972222222221903,317,73,1.7363227632873014e-06,0.00975134237767076,1.0000000000010171e-13
756,0.2099999999999968,317,73,1.7359939593980172e-06,0.009750800636427557,1.0000000000010181e-13
757,0.21027777777777457,317,73,1.7356650742211106e-06,0.009750258925281089,1.0000000000010194e-13
758,0.21055555555555233,317,73,1.7353369161732606e-06,0.009749717244229683,1.0000000000010206e-13
759,0.2108333333333301,316,74,1.7350086769974546e-06,0.009749175593271674,1.0000000000010219e-13
760,0.21111111111110786,316,74,1.734680356673636e-06,0.00974863397240538,1.0000000000010233e-13
761,0.21138888888888563,316,74,1.7343532667698034e-06,0.009748092381629136,1.0000000000010248e-13
762,0.2116666666666634,315,75,1.734026096002084e-06,0.009747550820941267,1.0000000000010259e-13
763,0.21194444444444116,315,75,1.733698844350486e-06,0.009747009290340104,1.0000000000010272e-13
764,0.21222222222221893,315,75,1.7333715117950138e-06,0.009746467789823975,1.0000000000010282e-13
765,0.2124999999999967,315,75,1.7330440983156655e-06,0.009745926319391205,1.0000000000010301e-13
766,0.21277777777777446,315,75,1.7327173953244588e-06,0.00974538487904013,1.0000000000010311e-13
767,0.21305555555555222,314,76,1.7323906115650187e-06,0.009744843468769072,1.0000000000010324e-13
768,0.21333333333333,314,76,1.732063747017377e-06,0.009744302088576363,1.0000000000010339e-13
769,0.21361111111110775,314,76,1.7317368016615618e-06,0.009743760738460332,1.0000000000010353e-13
770,0.21388888888888552,314,76,1.7314097754775958e-06,0.009743219418419305,1.0000000000010368e-13
771,0.21416666666666329,314,76,1.7310826684454962e-06,0.009742678128451615,1.0000000000010379e-13
772,0.21444444444444105,314,76,1.7307563854429494e-06,0.009742136868555592,1.0000000000010394e-13
773,0.21472222222221882,313,77,1.7304300217759999e-06,0.009741595638729561,1.0000000000010407e-13
774,0.21499999999999658,313,77,1.7301044013964448e-06,0.009741054438971854,1.0000000000010421e-13
775,0.21527777777777435,312,78,1.7297787005163021e-06,0.0097405132692808,1.0000000000010437e-13
776,0.21555555555555211,312,78,1.72945291911567e-06,0.009739972129654731,1.0000000000010452e-13
777,0.21583333333332988,312,78,1.7291270571746426e-06,0.009739431020091971,1.0000000000010466e-13
778,0.21611111111110765,312,78,1.7288011146733083e-06,0.009738889940590858,1.0000000000010481e-13
779,0.2163888888888854,312,78,1.728475091591751e-06,0.009738348891149712,1.0000000000010495e-13
780,0.21666666666666318,312,78,1.7281489879100492e-06,0.009737807871766872,1.0000000000010505e-13
781,0.21694444444444094,312,78,1.7278228036082764e-06,0.009737266882440662,1.0000000000010518e-13
782,0.2172222222222187,312,78,1.7274965386665022e-06,0.009736725923169416,1.0000000000010531e-13
783,0.21749999999999647,312,78,1.7271710868471385e-06,0.009736184993951461,1.0000000000010545e-13
784,0.21777777777777424,311,79,1.7268455545688586e-06,0.009735644094785131,1.0000000000010557e-13
785,0.218055555555552,311,79,1.7265199421153697e-06,0.009735103225668756,1.0000000000010574e-13
786,0.21833333333332977,312,79,1.7261942491632526e-06,0.009734562386600662,1.0000000000010586e-13
787,0.21861111111110754,312,79,1.7258684756926063e-06,0.009734021577579183,1.0000000000010603e-13
788,0.2188888888888853,312,79,1.7255426216835255e-06,0.009733480798602654,1.0000000000010615e-13
789,0.21916666666666307,312,79,1.7252166871160982e-06,0.009732940049669396,1.000000000001063e-13
790,0.21944444444444083,312,79,1.724890671970409e-06,0.009732399330777752,1.000000000001064e-13
791,0.2197222222222186,312,79,1.7245645762265377e-06,0.00973185864192604,1.0000000000010654e-13
792,0.21999999999999637,312,79,1.7242383998645576e-06,0.009731317983112601,1.000000000001067e-13
793,0.22027777777777413,312,79,1.7239121432207364e-06,0.00973077735433576,1.0000000000010682e-13
794,0.2205555555555519,313,79,1.7235872338872963e-06,0.009730236755593853,1.0000000000010696e-13
795,0.22083333333332966,312,80,1.7232622442290554e-06,0.009729696186885212,1.0000000000010709e-13
796,0.22111111111110743,312,80,1.7229371744172044e-06,0.00972915564820816,1.0000000000010723e-13
797,0.2213888888888852,313,80,1.7226120242408784e-06,0.009728615139561041,1.0000000000010735e-13
798,0.22166666666666296,313,80,1.7222867936802097e-06,0.009728074660942176,1.0000000000010752e-13
799,0.22194444444444072,313,80,1.721961482715325e-06,0.009727534212349901,1.0000000000010767e-13
800,0.2222222222222185,313,80,1.721636091326347e-06,0.009726993793782548,1.000000000001078e-13
801,0.22249999999999626,313,80,1.7213106194933933e-06,0.00972645340523845,1.0000000000010793e-13
802,0.22277777777777402,313,80,1.7209850671965759e-06,0.009725913046715938,1.0000000000010808e-13
803,0.2230555555555518,313,80,1.720659434416003e-06,0.00972537271821334,1.0000000000010825e-13
804,0.22333333333332955,313,80,1.7203337211317753e-06,0.009724832419728997,1.0000000000010835e-13
805,0.22361111111110732,313,80,1.7200079273239923e-06,0.009724292151261233,1.0000000000010849e-13
806,0.22388888888888508,313,80,1.7196820529727472e-06,0.009723751912808385,1.0000000000010861e-13
807,0.22416666666666285,313,80,1.7193560980581261e-06,0.009723211704368786,1.000000000001088e-13
808,0.22444444444444062,313,80,1.7190300625602134e-06,0.009722671525940765,1.0000000000010893e-13
809,0.22472222222221838,313,80,1.7187039464590856e-06,0.00972213137752266,1.0000000000010906e-13
810,0.22499999999999615,313,80,1.7183786039868016e-06,0.009721591259112797,1.000000000001092e-13
811,0.2252777777777739,312,81,1.7180531810826348e-06,0.009721051170709514,1.0000000000010933e-13
812,0.22555555555555168,312,81,1.7177276777267007e-06,0.00972051111231114,1.0000000000010948e-13
813,0.22583333333332944,312,81,1.7174020938991097e-06,0.009719971083916012,1.0000000000010959e-13
814,0.2261111111111072,312,81,1.7170764295799679e-06,0.009719431085522461,1.0000000000010971e-13
815,0.22638888888888498,312,81,1.7167506847493754e-06,0.00971889111712882,1.0000000000010984e-13
816,0.22666666666666274,312,81,1.716424859387429e-06,0.009718351178733427,1.0000000000010996e-13
817,0.2269444444444405,312,81,1.7160989534742187e-06,0.00971781127033461,1.000000000001101e-13
818,0.22722222222221827,312,81,1.7157729669898303e-06,0.009717271391930703,1.0000000000011027e-13
819,0.22749999999999604,312,81,1.7154468999143455e-06,0.00971673154352004,1.0000000000011039e-13
820,0.2277777777777738,312,81,1.7151207522278396e-06,0.009716191725100956,1.0000000000011054e-13
821,0.22805555555555157,312,81,1.7147945239103838e-06,0.009715651936671784,1.0000000000011066e-13
822,0.22833333333332934,312,81,1.7144682149420446e-06,0.009715112178230859,1.0000000000011082e-13
823,0.2286111111111071,312,81,1.714141825302883e-06,0.009714572449776512,1.0000000000011095e-13
824,0.22888888888888487,312,81,1.7138153549729556e-06,0.00971403275130708,1.0000000000011107e-13
825,0.22916666666666263,312,81,1.7134888039323143e-06,0.009713493082820894,1.000000000001112e-13
826,0.2294444444444404,312,81,1.7131621721610057e-06,0.009712953444316297,1.0000000000011133e-13
827,0.22972222222221816,312,81,1.712835459639071e-06,0.009712413835791611,1.0000000000011145e-13
828,0.22999999999999593,312,81,1.7125086663465468e-06,0.009711874257245179,1.0000000000011159e-13
829,0.2302777777777737,312,81,1.712181792263465e-06,0.009711334708675332,1.0000000000011174e-13
830,0.23055555555555146,312,81,1.7118557901417705e-06,0.009710795190080404,1.0000000000011186e-13
831,0.23083333333332923,312,82,1.7115297074251135e-06,0.009710255701458734,1.0000000000011198e-13
832,0.231111111111107,312,82,1.711203544093569e-06,0.009709716242808654,1.0000000000011211e-13
833,0.23138888888888476,312,82,1.710877300127207e-06,0.009709176814128497,1.0000000000011224e-13
834,0.23166666666666252,312,82,1.7105519406244087e-06,0.009708637415416603,1.0000000000011236e-13
835,0.2319444444444403,311,83,1.7102265006855175e-06,0.009708098046671302,1.0000000000011249e-13
836,0.23222222222221806,311,83,1.7099009802906472e-06,0.009707558707890931,1.000000000001126e-13
837,0.23249999999999582,311,83,1.709575379419908e-06,0.009707019399073827,1.0000000000011275e-13
838,0.2327777777777736,311,83,1.709249698053404e-06,0.009706480120218321,1.0000000000011288e-13
839,0.23305555555555135,311,83,1.7089239361712348e-06,0.009705940871322757,1.0000000000011302e-13
840,0.23333333333332912,311,83,1.7085988840125761e-06,0.00970540165238546,1.0000000000011317e-13
841,0.23361111111110688,310,84,1.7082737517567295e-06,0.009704862463404773,1.0000000000011328e-13
842,0.23388888888888465,311,84,1.7079485391209703e-06,0.00970432330437903,1.0000000000011343e-13
843,0.23416666666666242,311,84,1.7076232460854265e-06,0.009703784175306563,1.0000000000011356e-13
844,0.23444444444444018,311,84,1.7072978726302218e-06,0.009703245076185711,1.0000000000011369e-13
845,0.23472222222221795,311,84,1.7069734918651825e-06,0.009702706007014814,1.000000000001138e-13
846,0.2349999999999957,310,85,1.706649030906016e-06,0.009702166967792202,1.0000000000011393e-13
847,0.23527777777777348,310,85,1.7063244897328966e-06,0.009701627958516215,1.0000000000011405e-13
848,0.23555555555555124,310,85,1.7059998683259942e-06,0.009701088979185184,1.0000000000011418e-13
849,0.235833333333329,310,85,1.705675166665472e-06,0.009700550029797453,1.0000000000011432e-13
850,0.23611111111110678,310,85,1.705352087340576e-06,0.009700011110351353,1.0000000000011447e-13
851,0.23638888888888454,308,87,1.7050300332323051e-06,0.009699472220845225,1.000000000001146e-13
852,0.2366666666666623,307,88,1.7047087041538464e-06,0.009698933361277398,1.0000000000011473e-13
853,0.23694444444444007,306,89,1.7043880621384584e-06,0.009698394531646217,1.0000000000011489e-13
854,0.23722222222221784,308,89,1.7040665744495293e-06,0.009697855731950016,1.00000000000115e-13
855,0.2374999999999956,308,89,1.703745007281705e-06,0.009697316962187128,1.0000000000011513e-13
856,0.23777777777777337,308,89,1.7034233606153374e-06,0.009696778222355897,1.0000000000011528e-13
857,0.23805555555555113,308,89,1.7031016344307718e-06,0.009696239512454654,1.0000000000011538e-13
858,0.2383333333333289,308,89,1.70277982870835e-06,0.009695700832481743,1.000000000001155e-13
859,0.23861111111110667,308,89,1.7024588869292527e-06,0.009695162182435492,1.0000000000011564e-13
860,0.23888888888888443,307,90,1.7021378658062218e-06,0.00969462356231425,1.000000000001158e-13
861,0.2391666666666622,307,90,1.7018167653196415e-06,0.009694084972116341,1.0000000000011591e-13
862,0.23944444444443996,307,90,1.7014955854498915e-06,0.009693546411840115,1.0000000000011604e-13
863,0.23972222222221773,307,90,1.701174326177346e-06,0.009693007881483902,1.0000000000011619e-13
864,0.2399999999999955,307,90,1.7008539120512478e-06,0.009692469381046039,1.0000000000011631e-13
865,0.24027777777777326,306,91,1.700533418711663e-06,0.009691930910524872,1.0000000000011645e-13
866,0.24055555555555103,306,91,1.7002128461390092e-06,0.009691392469918732,1.0000000000011658e-13
867,0.2408333333333288,306,91,1.6998921943136979e-06,0.00969085405922596,1.0000000000011674e-13
868,0.24111111111110656,306,91,1.6995714632161352e-06,0.00969031567844489,1.0000000000011687e-13
869,0.24138888888888432,306,91,1.6992506528267246e-06,0.009689777327573866,1.0000000000011701e-13
870,0.2416666666666621,306,91,1.6989297631258636e-06,0.009689239006611226,1.0000000000011713e-13
871,0.24194444444443985,306,91,1.6986087940939438e-06,0.0096887007155553,1.0000000000011726e-13
872,0.24222222222221762,306,91,1.6982877457113535e-06,0.009688162454404436,1.000000000001174e-13
873,0.24249999999999539,306,91,1.6979666179584752e-06,0.009687624223156973,1.0000000000011752e-13
874,0.24277777777777315,306,91,1.6976454108156858e-06,0.009687086021811238,1.0000000000011765e-13
875,0.24305555555555092,306,91,1.6973241242633587e-06,0.009686547850365584,1.000000000001178e-13
876,0.24333333333332868,306,91,1.6970027582818632e-06,0.009686009708818341,1.0000000000011792e-13
877,0.24361111111110645,306,91,1.696681312851561e-06,0.009685471597167853,1.0000000000011807e-13
878,0.24388888888888421,306,91,1.6963597879528114e-06,0.009684933515412454,1.0000000000011819e-13
879,0.24416666666666198,306,91,1.6960389499098778e-06,0.009684395463550486,1.0000000000011833e-13
880,0.24444444444443975,307,91,1.6957180325486564e-06,0.00968385744158029,1.0000000000011846e-13
881,0.2447222222222175,307,91,1.6953962692563495e-06,0.009683319449500202,1.0000000000011858e-13
882,0.24499999999999528,307,91,1.6950744266751508e-06,0.009682781487308566,1.0000000000011875e-13
883,0.24527777777777304,308,91,1.6947525048221674e-06,0.009682243555003715,1.0000000000011887e-13
884,0.2455555555555508,309,91,1.6944312950106357e-06,0.00968170565258399,1.0000000000011901e-13
885,0.24583333333332857,308,92,1.6941100057889072e-06,0.00968116778004774,1.0000000000011914e-13
886,0.24611111111110634,308,92,1.6937903444023166e-06,0.009680629937393293,1.0000000000011927e-13
887,0.2463888888888841,306,94,1.6934706041480087e-06,0.009680092124618993,1.000000000001194e-13
888,0.24666666666666187,307,94,1.6931507848468107e-06,0.009679554341723181,1.0000000000011953e-13
889,0.24694444444443964,307,94,1.6928308864791804e-06,0.009679016588704199,1.0000000000011968e-13
890,0.2472222222222174,307,94,1.6925109090255717e-06,0.009678478865560378,1.0000000000011978e-13
891,0.24749999999999517,307,94,1.6921921792154432e-06,0.00967794117229007,1.0000000000011992e-13
892,0.24777777777777293,306,95,1.6918733706082281e-06,0.009677403508891612,1.0000000000012005e-13
893,0.2480555555555507,306,95,1.6915544831844476e-06,0.009676865875363342,1.000000000001202e-13
894,0.24833333333332847,306,95,1.69123630192693e-06,0.009676328271703599,1.0000000000012034e-13
895,0.24861111111110623,305,96,1.6909180423461677e-06,0.009675790697910726,1.0000000000012049e-13
896,0.248888888888884,306,96,1.6905997040845705e-06,0.009675253153983062,1.0000000000012063e-13
897,0.24916666666666176,306,96,1.6902812871226865e-06,0.009674715639918955,1.0000000000012076e-13
898,0.24944444444443953,306,96,1.6899627914410604e-06,0.009674178155716735,1.000000000001209e-13
899,0.2497222222222173,306,96,1.6896442170202302e-06,0.009673640701374754,1.0000000000012102e-13
900,0.24999999999999506,306,96,1.689325563988493e-06,0.009673103276891346,1.0000000000012115e-13
901,0.2502777777777728,307,96,1.6890068321786507e-06,0.009672565882264849,1.0000000000012129e-13
902,0.2505555555555506,307,96,1.688688021571228e-06,0.009672028517493615,1.0000000000012144e-13
903,0.25083333333332836,307,96,1.688369132146745e-06,0.009671491182575974,1.0000000000012158e-13
904,0.2511111111111061,307,96,1.688050163885716e-06,0.009670953877510274,1.0000000000012173e-13
905,0.2513888888888839,307,96,1.6877322862295734e-06,0.00967041660229486,1.0000000000012185e-13
906,0.25166666666666165,306,97,1.6874143299870165e-06,0.009669879356928065,1.0000000000012199e-13
907,0.2519444444444394,306,97,1.6870962953094128e-06,0.009669342141408237,1.0000000000012212e-13
908,0.2522222222222172,307,97,1.6867781820065752e-06,0.009668804955733717,1.0000000000012224e-13
909,0.25249999999999495,307,97,1.6864599900590661e-06,0.009668267799902841,1.0000000000012238e-13
910,0.2527777777777727,307,97,1.6861417194474433e-06,0.009667730673913959,1.0000000000012251e-13
911,0.2530555555555505,307,97,1.6858233701522593e-06,0.009667193577765408,1.0000000000012266e-13
912,0.25333333333332825,307,97,1.6855049421540612e-06,0.009666656511455533,1.0000000000012278e-13
913,0.253611111111106,307,97,1.685186435433392e-06,0.009666119474982674,1.000000000001229e-13
914,0.2538888888888838,307,97,1.6848678499707899e-06,0.009665582468345178,1.0000000000012305e-13
915,0.25416666666666154,307,97,1.6845491857467876e-06,0.009665045491541381,1.0000000000012318e-13
916,0.2544444444444393,307,97,1.684230442741914e-06,0.009664508544569628,1.0000000000012332e-13
917,0.2547222222222171,307,97,1.6839116209366928e-06,0.00966397162742826,1.0000000000012344e-13
918,0.25499999999999484,307,97,1.6835927203116424e-06,0.009663434740115627,1.0000000000012358e-13
919,0.2552777777777726,307,97,1.6832737408472765e-06,0.009662897882630065,1.0000000000012371e-13
920,0.2555555555555504,307,97,1.682954682524105e-06,0.009662361054969919,1.0000000000012384e-13
921,0.25583333333332814,307,97,1.6826355453494683e-06,0.009661824257133533,1.0000000000012397e-13
922,0.2561111111111059,308,97,1.6823163292770361e-06,0.00966128748911925,1.000000000001241e-13
923,0.25638888888888367,308,97,1.6819970342873032e-06,0.009660750750925411,1.0000000000012426e-13
924,0.25666666666666144,308,97,1.6816787737626345e-06,0.009660214042550358,1.0000000000012442e-13
925,0.2569444444444392,307,98,1.6813604345568979e-06,0.00965967736399244,1.0000000000012455e-13
926,0.25722222222221697,307,98,1.6810420166506412e-06,0.009659140715249995,1.0000000000012472e-13
927,0.25749999999999473,307,98,1.6807246393824815e-06,0.009658604096321369,1.0000000000012485e-13
928,0.2577777777777725,306,99,1.6804071836516135e-06,0.009658067507204911,1.00000000000125e-13
929,0.25805555555555026,306,99,1.680089649438641e-06,0.009657530947898953,1.000000000001251e-13
930,0.25833333333332803,306,99,1.6797720370400677e-06,0.00965699441840185,1.0000000000012522e-13
931,0.2586111111111058,307,99,1.6794557998090878e-06,0.009656457918711938,1.0000000000012535e-13
932,0.25888888888888356,306,100,1.6791394843972428e-06,0.009655921448827565,1.0000000000012549e-13
933,0.2591666666666613,306,100,1.6788230907852049e-06,0.009655385008747075,1.0000000000012561e-13
934,0.2594444444444391,306,100,1.678506618953641e-06,0.009654848598468815,1.0000000000012574e-13
935,0.25972222222221686,306,100,1.6781900688832136e-06,0.009654312217991122,1.0000000000012588e-13
936,0.2599999999999946,306,100,1.6778734405545811e-06,0.009653775867312343,1.0000000000012603e-13
937,0.2602777777777724,306,100,1.6775567339483956e-06,0.009653239546430827,1.0000000000012617e-13
938,0.26055555555555016,306,100,1.677240761375607e-06,0.009652703255344914,1.000000000001263e-13
939,0.2608333333333279,306,101,1.676924710687383e-06,0.009652166994052951,1.0000000000012642e-13
940,0.2611111111111057,306,101,1.6766085818644118e-06,0.00965163076255328,1.0000000000012655e-13
941,0.26138888888888345,306,101,1.6762923748873771e-06,0.009651094560844252,1.0000000000012671e-13
942,0.2616666666666612,306,101,1.6759760897369567e-06,0.009650558388924204,1.0000000000012684e-13
943,0.261944444444439,306,101,1.6756597263938256e-06,0.009650022246791486,1.0000000000012695e-13
944,0.26222222222221675,306,101,1.6753432848386513e-06,0.009649486134444442,1.0000000000012708e-13
945,0.2624999999999945,306,101,1.6750267650520987e-06,0.009648950051881417,1.000000000001272e-13
946,0.2627777777777723,306,101,1.6747110327461092e-06,0.00964841399910076,1.0000000000012736e-13
947,0.26305555555555005,305,102,1.6743964705973807e-06,0.009647877976100807,1.000000000001275e-13
948,0.2633333333333278,304,103,1.6740818306819047e-06,0.009647341982879915,1.0000000000012766e-13
949,0.2636111111111056,304,103,1.6737671129804562e-06,0.00964680601943642,1.0000000000012775e-13
950,0.26388888888888334,304,103,1.6734523174738038e-06,0.009646270085768675,1.0000000000012789e-13
951,0.2641666666666611,304,103,1.6731374441427124e-06,0.009645734181875022,1.0000000000012801e-13
952,0.2644444444444389,304,103,1.6728224929679426e-06,0.009645198307753807,1.0000000000012815e-13
953,0.26472222222221664,304,103,1.6725074639302496e-06,0.009644662463403376,1.0000000000012828e-13
954,0.2649999999999944,304,103,1.672192357010384e-06,0.009644126648822077,1.0000000000012843e-13
955,0.2652777777777722,304,103,1.6718779386837555e-06,0.009643590864008253,1.0000000000012859e-13
956,0.26555555555554994,305,103,1.6715634426584296e-06,0.009643055108960252,1.000000000001287e-13
957,0.2658333333333277,305,104,1.6712488688827028e-06,0.009642519383676421,1.0000000000012883e-13
958,0.26611111111110547,305,104,1.6709357415121514e-06,0.009641983688155107,1.0000000000012895e-13
959,0.26638888888888324,305,105,1.670622536729562e-06,0.009641448022394654,1.0000000000012907e-13
960,0.266666666666661,305,105,1.6703113156003272e-06,0.009640912386393412,1.0000000000012921e-13
961,0.26694444444443877,303,107,1.6700000175303196e-06,0.009640376780149722,1.0000000000012934e-13
962,0.26722222222221653,303,107,1.669688642500517e-06,0.009639841203661934,1.0000000000012948e-13
963,0.2674999999999943,303,107,1.6693779778262176e-06,0.0096393056569284,1.000000000001296e-13
964,0.26777777777777206,302,108,1.6690687031403077e-06,0.00963877013994746,1.0000000000012973e-13
965,0.26805555555554983,301,109,1.6687593519948286e-06,0.009638234652717462,1.0000000000012987e-13
966,0.2683333333333276,301,109,1.668449924370878e-06,0.009637699195236757,1.0000000000013e-13
967,0.26861111111110536,301,109,1.6681404202495493e-06,0.009637163767503688,1.0000000000013015e-13
968,0.2688888888888831,301,109,1.6678308396119297e-06,0.009636628369516606,1.0000000000013027e-13
969,0.2691666666666609,301,109,1.6675219577988273e-06,0.009636093001273854,1.0000000000013039e-13
970,0.26944444444443866,300,110,1.667212999623283e-06,0.009635557662773785,1.0000000000013055e-13
971,0.2697222222222164,300,110,1.666903965066418e-06,0.009635022354014743,1.0000000000013068e-13
972,0.2699999999999942,300,110,1.6665948541093492e-06,0.009634487074995075,1.0000000000013078e-13
973,0.27027777777777195,300,110,1.6662856667331889e-06,0.00963395182571313,1.0000000000013093e-13
974,0.2705555555555497,300,110,1.6659764029190445e-06,0.009633416606167258,1.0000000000013107e-13
975,0.2708333333333275,300,110,1.6656670626480185e-06,0.009632881416355805,1.000000000001312e-13
976,0.27111111111110525,300,110,1.66535764590121e-06,0.009632346256277118,1.0000000000013135e-13
977,0.271388888888883,300,110,1.665048152659711e-06,0.009631811125929549,1.0000000000013148e-13
978,0.2716666666666608,300,110,1.6647385829046116e-06,0.00963127602531144,1.0000000000013164e-13
979,0.27194444444443855,300,110,1.6644304456552163e-06,0.009630740954421148,1.0000000000013177e-13
980,0.2722222222222163,299,111,1.664123176194861e-06,0.009630205913257013,1.000000000001319e-13
981,0.2724999999999941,298,112,1.6638167761391674e-06,0.009629670901817386,1.0000000000013204e-13
982,0.27277777777777185,297,113,1.6635103003345773e-06,0.00962913592010062,1.0000000000013217e-13
983,0.2730555555555496,297,113,1.6632046779134663e-06,0.009628600968105059,1.0000000000013229e-13
984,0.2733333333333274,296,114,1.6628989799357071e-06,0.009628066045829053,1.0000000000013242e-13
985,0.27361111111110514,296,114,1.6625932063826208e-06,0.009627531153270951,1.0000000000013256e-13
986,0.2738888888888829,296,114,1.662287357235523e-06,0.009626996290429103,1.0000000000013268e-13
987,0.2741666666666607,296,114,1.6619814324757256e-06,0.00962646145730186,1.0000000000013287e-13
988,0.27444444444443844,296,114,1.6616754320845355e-06,0.009625926653887566,1.0000000000013297e-13
989,0.2747222222222162,296,114,1.6613693560432547e-06,0.00962539188018457,1.0000000000013312e-13
990,0.27499999999999397,296,114,1.6610632043331806e-06,0.009624857136191229,1.0000000000013326e-13
991,0.27527777777777174,296,114,1.6607578467424812e-06,0.009624322421905885,1.0000000000013342e-13
992,0.2755555555555495,295,115,1.6604524136606051e-06,0.00962378773732689,1.0000000000013355e-13
993,0.27583333333332727,295,115,1.6601469050688892e-06,0.009623253082452592,1.0000000000013368e-13
994,0.27611111111110503,295,115,1.6598413209486662e-06,0.009622718457281349,1.0000000000013378e-13
995,0.2763888888888828,295,115,1.6595356613925433e-06,0.009622183861811497,1.0000000000013391e-13
996,0.27666666666666057,296,115,1.6592299262705917e-06,0.009621649296041396,1.0000000000013405e-13
997,0.27694444444443833,296,115,1.6589241155641293e-06,0.009621114759969396,1.0000000000013416e-13
998,0.2772222222222161,296,115,1.6586182292544708e-06,0.009620580253593844,1.0000000000013432e-13
999,0.27749999999999386,296,115,1.6583122673229252e-06,0.009620045776913088,1.0000000000013446e-13
1000,0.27777777777777163,296,115,1.658006229750797e-06,0.00961951132992548,1.0000000000013461e-13
1001,0.2780555555555494,296,115,1.657700116519386e-06,0.009618976912629376,1.0000000000013475e-13
1002,0.27833333333332716,296,115,1.657395457040331e-06,0.00961844252502312,1.000000000001349e-13
1003,0.2786111111111049,295,116,1.6570907222426885e-06,0.009617908167105062,1.0000000000013504e-13
1004,0.2788888888888827,295,116,1.6567859121078384e-06,0.009617373838873558,1.0000000000013517e-13
1005,0.27916666666666046,295,116,1.6564810266171553e-06,0.009616839540326954,1.000000000001353e-13
1006,0.2794444444444382,295,116,1.6561760657520098e-06,0.0096163052714636,1.0000000000013543e-13
1007,0.279722222222216,295,116,1.6558710294937678e-06,0.009615771032281853,1.0000000000013556e-13
1008,0.27999999999999375,295,116,1.6555659178237904e-06,0.00961523682278006,1.0000000000013572e-13
1009,0.2802777777777715,295,116,1.655261909734829e-06,0.009614702642956573,1.0000000000013588e-13
1010,0.2805555555555493,294,117,1.6549587613991584e-06,0.009614168492809742,1.0000000000013602e-13
1011,0.28083333333332705,293,118,1.6546555381184888e-06,0.00961363437233792,1.0000000000013618e-13
1012,0.2811111111111048,293,118,1.6543522398742916e-06,0.009613100281539456,1.000000000001363e-13
1013,0.2813888888888826,293,118,1.6540488666480335e-06,0.009612566220412705,1.0000000000013643e-13
1014,0.28166666666666035,293,118,1.6537454184211784e-06,0.009612032188956014,1.0000000000013656e-13
1015,0.2819444444444381,293,118,1.653441895175185e-06,0.009611498187167743,1.0000000000013667e-13
1016,0.2822222222222159,293,118,1.6531391302859456e-06,0.009610964215046232,1.000000000001368e-13
1017,0.28249999999999365,292,119,1.6528362905465023e-06,0.009610430272589841,1.0000000000013692e-13
1018,0.2827777777777714,292,119,1.6525333759383525e-06,0.00960989635979692,1.0000000000013708e-13
1019,0.2830555555555492,292,119,1.6522303864429857e-06,0.00960936247666582,1.0000000000013719e-13
1020,0.28333333333332694,292,119,1.6519273220418892e-06,0.009608828623194895,1.0000000000013732e-13
1021,0.2836111111111047,292,119,1.6516241827165442e-06,0.009608294799382496,1.0000000000013744e-13
1022,0.2838888888888825,292,119,1.6513235749428035e-06,0.009607761005226973,1.0000000000013754e-13
1023,0.28416666666666024,290,121,1.6510228928521473e-06,0.009607227240726683,1.000000000001377e-13
1024,0.284444444444438,290,121,1.6507221366984244e-06,0.009606693505879976,1.0000000000013783e-13
1025,0.28472222222221577,291,121,1.6504213061911026e-06,0.009606159800685207,1.0000000000013793e-13
1026,0.28499999999999354,291,121,1.6501204013118001e-06,0.009605626125140723,1.0000000000013806e-13
1027,0.2852777777777713,291,121,1.64981942204213e-06,0.009605092479244884,1.0000000000013821e-13
1028,0.28555555555554907,291,121,1.6495183683637022e-06,0.009604558862996035,1.0000000000013834e-13
1029,0.28583333333332683,291,121,1.6492172402581207e-06,0.009604025276392538,1.0000000000013845e-13
1030,0.2861111111111046,291,121,1.6489160377069854e-06,0.009603491719432738,1.000000000001386e-13
1031,0.28638888888888236,291,121,1.6486147606918918e-06,0.00960295819211499,1.0000000000013873e-13
1032,0.28666666666666013,291,121,1.6483134091944303e-06,0.009602424694437652,1.0000000000013887e-13
1033,0.2869444444444379,291,121,1.6480119831961882e-06,0.009601891226399073,1.00000000000139e-13
1034,0.28722222222221566,291,121,1.647710482678747e-06,0.009601357787997606,1.0000000000013912e-13
1035,0.2874999999999934,291,121,1.6474089076236836e-06,0.009600824379231607,1.0000000000013926e-13
1036,0.2877777777777712,291,121,1.6471072580125714e-06,0.00960029100009943,1.0000000000013939e-13
1037,0.28805555555554896,291,121,1.6468055338269772e-06,0.009599757650599422,1.0000000000013954e-13
1038,0.2883333333333267,291,121,1.6465037350484657e-06,0.009599224330729945,1.0000000000013965e-13
1039,0.2886111111111045,291,121,1.6462018616585955e-06,0.00959869104048935,1.0000000000013978e-13
1040,0.28888888888888226,291,121,1.6458999136954026e-06,0.00959815777987599,1.0000000000013993e-13
1041,0.28916666666666,292,121,1.6455978910839698e-06,0.009597624548888219,1.0000000000014007e-13
1042,0.2894444444444378,292,121,1.645295793805842e-06,0.00959709134752439,1.0000000000014019e-13
1043,0.28972222222221555,292,121,1.6449936218425595e-06,0.009596558175782864,1.0000000000014033e-13
1044,0.2899999999999933,292,121,1.6446913751756592e-06,0.009596025033661986,1.0000000000014048e-13
1045,0.2902777777777711,292,121,1.644389053786672e-06,0.009595491921160115,1.0000000000014058e-13
1046,0.29055555555554885,292,121,1.6440877035384826e-06,0.00959495883827561,1.0000000000014069e-13
1047,0.2908333333333266,291,122,1.6437862787898216e-06,0.009594425785006815,1.0000000000014084e-13
1048,0.2911111111111044,291,122,1.6434847795222703e-06,0.009593892761352094,1.0000000000014096e-13
1049,0.29138888888888215,291,122,1.6431832057174057e-06,0.009593359767309795,1.000000000001411e-13
1050,0.2916666666666599,291,122,1.6428815573568013e-06,0.009592826802878278,1.0000000000014123e-13
1051,0.2919444444444377,291,122,1.6425798344220247e-06,0.009592293868055898,1.0000000000014137e-13
1052,0.29222222222221544,291,122,1.6422780368946405e-06,0.009591760962841003,1.0000000000014149e-13
1053,0.2924999999999932,291,122,1.6419761647562065e-06,0.009591228087231958,1.0000000000014164e-13
1054,0.292777777777771,291,122,1.641674217988278e-06,0.009590695241227114,1.0000000000014176e-13
1055,0.29305555555554874,291,122,1.6413721965724041e-06,0.009590162424824824,1.0000000000014188e-13
1056,0.2933333333333265,291,122,1.6410701004901305e-06,0.009589629638023444,1.0000000000014204e-13
1057,0.2936111111111043,291,122,1.6407679297229982e-06,0.009589096880821331,1.0000000000014217e-13
1058,0.29388888888888204,291,122,1.6404656842525431e-06,0.009588564153216843,1.000000000001423e-13
1059,0.2941666666666598,291,122,1.6401633640602976e-06,0.00958803145520833,1.000000000001424e-13
1060,0.29444444444443757,291,122,1.6398609691277886e-06,0.009587498786794152,1.0000000000014253e-13
1061,0.29472222222221534,291,122,1.6395584994365386e-06,0.009586966147972664,1.0000000000014268e-13
1062,0.2949999999999931,291,122,1.6392559549680657e-06,0.009586433538742221,1.0000000000014282e-13
1063,0.29527777777777087,291,122,1.6389533357038824e-06,0.009585900959101182,1.0000000000014294e-13
1064,0.29555555555554863,291,122,1.6386506416254981e-06,0.0095853684090479,1.0000000000014308e-13
1065,0.2958333333333264,291,122,1.638347872714417e-06,0.009584835888580728,1.000000000001432e-13
1066,0.29611111111110416,291,122,1.6380472018900915e-06,0.009584303397698031,1.0000000000014334e-13
1067,0.29638888888888193,289,124,1.6377464567332637e-06,0.009583770936398157,1.0000000000014346e-13
1068,0.2966666666666597,289,124,1.6374456372255548e-06,0.009583238504679471,1.0000000000014359e-13
1069,0.29694444444443746,289,124,1.6371447433485856e-06,0.009582706102540323,1.000000000001437e-13
1070,0.2972222222222152,289,124,1.6368437753601497e-06,0.00958217372997907,1.0000000000014383e-13
1071,0.297499999999993,290,124,1.636543848091401e-06,0.009581641386994069,1.0000000000014395e-13
1072,0.29777777777777076,289,125,1.636243847030687e-06,0.009581109073583683,1.0000000000014408e-13
1073,0.2980555555555485,290,125,1.6359446658063593e-06,0.009580576789746262,1.0000000000014421e-13
1074,0.2983333333333263,289,126,1.6356454106177907e-06,0.009580044535480165,1.0000000000014435e-13
1075,0.29861111111110406,289,126,1.6353472816580609e-06,0.00957951231078375,1.0000000000014447e-13
1076,0.2988888888888818,288,127,1.6350490789942337e-06,0.009578980115655373,1.0000000000014462e-13
1077,0.2991666666666596,288,127,1.6347516382716989e-06,0.009578447950093393,1.0000000000014474e-13
1078,0.29944444444443735,287,128,1.6344541240152142e-06,0.009577915814096165,1.0000000000014491e-13
1079,0.2997222222222151,287,128,1.634156536206599e-06,0.009577383707662049,1.0000000000014505e-13
1080,0.2999999999999929,287,128,1.6338588748276698e-06,0.009576851630789402,1.0000000000014519e-13
1081,0.30027777777777065,287,128,1.6335611398602383e-06,0.00957631958347658,1.0000000000014532e-13
1082,0.3005555555555484,287,128,1.6332633312861122e-06,0.009575787565721944,1.0000000000014547e-13
1083,0.3008333333333262,287,128,1.6329654490870943e-06,0.009575255577523846,1.0000000000014557e-13
1084,0.30111111111110395,287,128,1.6326674932449833e-06,0.009574723618880652,1.0000000000014573e-13
1085,0.3013888888888817,287,128,1.632369463741572e-06,0.009574191689790715,1.0000000000014589e-13
1086,0.3016666666666595,287,128,1.6320723238552478e-06,0.009573659790252393,1.0000000000014602e-13
1087,0.30194444444443724,286,129,1.6317751108878156e-06,0.009573127920264046,1.0000000000014619e-13
1088,0.302222222222215,287,129,1.6314778244427384e-06,0.009572596079824032,1.0000000000014631e-13
1089,0.3024999999999928,287,129,1.631180464501851e-06,0.00957206426893071,1.0000000000014644e-13
1090,0.30277777777777054,287,129,1.6308830310469842e-06,0.009571532487582433,1.0000000000014657e-13
1091,0.3030555555555483,287,129,1.6305863198076871e-06,0.009571000735777569,1.0000000000014667e-13
1092,0.30333333333332607,286,130,1.6302895354660243e-06,0.009570469013514472,1.0000000000014681e-13
1093,0.30361111111110384,287,130,1.6299926777526827e-06,0.009569937320791498,1.0000000000014693e-13
1094,0.3038888888888816,287,130,1.6296957466495236e-06,0.00956940565760701,1.000000000001471e-13
1095,0.30416666666665937,287,130,1.6293987421384032e-06,0.009568874023959366,1.0000000000014722e-13
1096,0.30444444444443713,287,130,1.6291016642011738e-06,0.009568342419846923,1.0000000000014735e-13
1097,0.3047222222222149,287,130,1.6288045128196823e-06,0.009567810845268043,1.0000000000014751e-13
1098,0.30499999999999267,287,130,1.628507287975772e-06,0.009567279300221084,1.0000000000014764e-13
1099,0.30527777777777043,287,130,1.628209989651281e-06,0.009566747784704406,1.0000000000014777e-13
1100,0.3055555555555482,287,130,1.627912617828043e-06,0.009566216298716367,1.000000000001479e-13
1101,0.30583333333332596,287,130,1.6276151724878885e-06,0.009565684842255326,1.0000000000014803e-13
1102,0.30611111111110373,287,130,1.6273176536126425e-06,0.009565153415319647,1.0000000000014817e-13
1103,0.3063888888888815,287,130,1.6270200611841247e-06,0.009564622017907684,1.0000000000014832e-13
1104,0.30666666666665926,287,130,1.6267223951841512e-06,0.009564090650017803,1.0000000000014842e-13
1105,0.306944444444437,287,130,1.6264246555945335e-06,0.009563559311648356,1.0000000000014859e-13
1106,0.3072222222222148,287,130,1.6261268423970784e-06,0.009563028002797711,1.0000000000014871e-13
1107,0.30749999999999256,287,130,1.625828955573589e-06,0.00956249672346422,1.0000000000014885e-13
1108,0.3077777777777703,287,130,1.6255309951058626e-06,0.009561965473646253,1.0000000000014898e-13
1109,0.3080555555555481,287,130,1.625232960975694e-06,0.00956143425334216,1.000000000001491e-13
1110,0.30833333333332585,287,130,1.6249348532446007e-06,0.009560903062550308,1.000000000001492e-13
1111,0.3086111111111036,288,130,1.6246366718146575e-06,0.009560371901269054,1.0000000000014936e-13
1112,0.3088888888888814,288,130,1.6243384166676446e-06,0.009559840769496763,1.000000000001495e-13
1113,0.30916666666665915,288,130,1.6240400877853368e-06,0.009559309667231794,1.0000000000014962e-13
1114,0.3094444444444369,288,130,1.6237428913790539e-06,0.0095587785944725,1.0000000000014977e-13
1115,0.3097222222222147,287,131,1.6234456214992202e-06,0.009558247551217255,1.0000000000014991e-13
1116,0.30999999999999245,287,131,1.6231482781276722e-06,0.009557716537464407,1.0000000000015004e-13
1117,0.3102777777777702,287,131,1.6228516706828254e-06,0.009557185553212328,1.0000000000015018e-13
1118,0.310555555555548,286,132,1.6225549900394441e-06,0.00955665459845937,1.0000000000015034e-13
1119,0.31083333333332575,287,132,1.6222582360500216e-06,0.009556123673203902,1.0000000000015047e-13
1120,0.3111111111111035,287,132,1.6219614086964242e-06,0.009555592777444279,1.0000000000015062e-13
1121,0.3113888888888813,287,132,1.6216652742025998e-06,0.009555061911178867,1.0000000000015074e-13
1122,0.31166666666665904,288,132,1.62136830009404e-06,0.009554531074406025,1.0000000000015086e-13
1123,0.3119444444444368,288,132,1.6210727260160534e-06,0.009554000267124113,1.0000000000015098e-13
1124,0.3122222222222146,287,133,1.6207770788655915e-06,0.009553469489331494,1.0000000000015111e-13
1125,0.31249999999999234,287,133,1.6204813586245908e-06,0.009552938741026532,1.0000000000015126e-13
1126,0.3127777777777701,287,133,1.6201855652749806e-06,0.009552408022207587,1.000000000001514e-13
1127,0.31305555555554787,287,133,1.6198896987986867e-06,0.009551877332873021,1.0000000000015153e-13
1128,0.31333333333332564,287,133,1.619593759177631e-06,0.009551346673021193,1.0000000000015165e-13
1129,0.3136111111111034,287,133,1.6192977463937305e-06,0.009550816042650472,1.0000000000015179e-13
1130,0.31388888888888117,287,133,1.6190016604288974e-06,0.009550285441759211,1.0000000000015194e-13
1131,0.31416666666665893,287,133,1.6187055012650406e-06,0.009549754870345782,1.0000000000015206e-13
1132,0.3144444444444367,287,133,1.618409268884063e-06,0.00954922432840854,1.0000000000015218e-13
1133,0.31472222222221446,287,133,1.6181129632678641e-06,0.009548693815945851,1.0000000000015231e-13
1134,0.31499999999999223,287,133,1.6178165843983378e-06,0.009548163332956076,1.0000000000015244e-13
1135,0.31527777777777,287,133,1.6175211029640119e-06,0.009547632879437579,1.0000000000015258e-13
1136,0.31555555555554776,286,134,1.6172255484801157e-06,0.009547102455388723,1.0000000000015273e-13
1137,0.3158333333333255,286,134,1.6169308298615274e-06,0.009546572060807867,1.0000000000015287e-13
1138,0.3161111111111033,285,135,1.6166360383819536e-06,0.009546041695693378,1.0000000000015302e-13
1139,0.31638888888888106,285,135,1.616341174023381e-06,0.009545511360043618,1.0000000000015314e-13
1140,0.3166666666666588,285,135,1.6160462367677922e-06,0.009544981053856951,1.0000000000015328e-13
1141,0.3169444444444366,285,135,1.615751226597165e-06,0.009544450777131735,1.0000000000015341e-13
1142,0.31722222222221436,285,135,1.6154561434934739e-06,0.009543920529866343,1.0000000000015355e-13
1143,0.3174999999999921,285,135,1.6151609874386886e-06,0.009543390312059127,1.0000000000015367e-13
1144,0.3177777777777699,285,135,1.6148657584147726e-06,0.009542860123708457,1.0000000000015377e-13
1145,0.31805555555554765,285,135,1.614570456403687e-06,0.009542329964812695,1.000000000001539e-13
1146,0.3183333333333254,285,135,1.6142750813873883e-06,0.009541799835370205,1.0000000000015405e-13
1147,0.3186111111111032,285,135,1.6139796333828988e-06,0.009541269735379351,1.0000000000015419e-13
1148,0.31888888888888095,286,135,1.6136841123371018e-06,0.009540739664838498,1.0000000000015432e-13
1149,0.3191666666666587,286,135,1.6133885182319417e-06,0.009540209623746005,1.0000000000015446e-13
1150,0.3194444444444365,286,135,1.6130928510493556e-06,0.009539679612100243,1.0000000000015461e-13
1151,0.31972222222221425,286,135,1.6127971107712774e-06,0.009539149629899569,1.0000000000015475e-13
1152,0.319999999999992,286,135,1.6125022090127454e-06,0.009538619677142353,1.0000000000015487e-13
1153,0.3202777777777698,285,136,1.6122072343479507e-06,0.009538089753826959,1.00000000000155e-13
1154,0.32055555555554754,285,136,1.6119121867588703e-06,0.009537559859951746,1.0000000000015512e-13
1155,0.3208333333333253,285,136,1.6116170662274747e-06,0.009537029995515083,1.0000000000015525e-13
1156,0.3211111111111031,285,136,1.6113218727357316e-06,0.00953650016051533,1.0000000000015539e-13
1157,0.32138888888888084,285,136,1.6110266062656031e-06,0.009535970354950858,1.0000000000015552e-13
1158,0.3216666666666586,285,136,1.6107312667990475e-06,0.00953544057882003,1.0000000000015565e-13
1159,0.3219444444444364,285,136,1.6104358543180188e-06,0.009534910832121206,1.0000000000015578e-13
1160,0.32222222222221414,285,136,1.6101403688044657e-06,0.009534381114852757,1.0000000000015591e-13
1161,0.3224999999999919,285,136,1.609844810240333e-06,0.009533851427013042,1.0000000000015606e-13
1162,0.32277777777776967,285,136,1.6095491786075603e-06,0.00953332176860043,1.0000000000015617e-13
1163,0.32305555555554744,285,136,1.6092534738880847e-06,0.009532792139613284,1.000000000001563e-13
1164,0.3233333333333252,285,136,1.6089599251534158e-06,0.009532262540049973,1.0000000000015642e-13
1165,0.32361111111110297,283,138,1.6086671102878327e-06,0.009531732969908861,1.0000000000015658e-13
1166,0.32388888888888073,282,139,1.608375050882653e-06,0.00953120342918831,1.0000000000015669e-13
1167,0.3241666666666585,281,140,1.6080829192739039e-06,0.00953067391788669,1.0000000000015682e-13
1168,0.32444444444443626,281,140,1.6077907154437343e-06,0.009530144436002363,1.0000000000015694e-13
1169,0.32472222222221403,281,140,1.6074984393742918e-06,0.009529614983533696,1.000000000001571e-13
1170,0.3249999999999918,281,140,1.6072060910477157e-06,0.009529085560479055,1.0000000000015721e-13
1171,0.32527777777776956,281,140,1.606913670446142e-06,0.009528556166836805,1.0000000000015736e-13
1172,0.3255555555555473,281,140,1.6066211775517033e-06,0.009528026802605317,1.0000000000015748e-13
1173,0.3258333333333251,281,140,1.606328612346527e-06,0.00952749746778295,1.0000000000015762e-13
1174,0.32611111111110286,281,140,1.6060359748127366e-06,0.009526968162368074,1.0000000000015775e-13
1175,0.3263888888888806,281,140,1.60574326493245e-06,0.00952643888635905,1.0000000000015789e-13
1176,0.3266666666666584,281,140,1.605450482687782e-06,0.009525909639754257,1.0000000000015802e-13
1177,0.32694444444443616,281,140,1.605157628060843e-06,0.009525380422552047,1.0000000000015814e-13
1178,0.3272222222222139,281,140,1.604865573424548e-06,0.009524851234750796,1.0000000000015829e-13
1179,0.3274999999999917,280,141,1.604573446585863e-06,0.009524322076348863,1.000000000001584e-13
1180,0.32777777777776945,280,141,1.6042812478420237e-06,0.009523792947344624,1.0000000000015853e-13
1181,0.3280555555555472,281,141,1.6039889768601684e-06,0.009523263847736437,1.000000000001587e-13
1182,0.328333333333325,281,141,1.6036966336224364e-06,0.009522734777522674,1.0000000000015885e-13
1183,0.32861111111110275,281,141,1.6034042181109654e-06,0.0095222057367017,1.0000000000015895e-13
1184,0.3288888888888805,281,141,1.603111730307887e-06,0.009521676725271887,1.0000000000015908e-13
1185,0.3291666666666583,281,141,1.6028201132298351e-06,0.009521147743231593,1.000000000001592e-13
1186,0.32944444444443605,280,142,1.6025284240575668e-06,0.00952061879057919,1.0000000000015934e-13
1187,0.3297222222222138,280,142,1.6022366627732588e-06,0.00952008986731305,1.0000000000015947e-13
1188,0.3299999999999916,280,142,1.6019460944679493e-06,0.009519560973431531,1.0000000000015959e-13
1189,0.33027777777776934,279,143,1.6016554543277044e-06,0.009519032108933007,1.0000000000015973e-13
1190,0.3305555555555471,279,143,1.601364742334764e-06,0.009518503273815846,1.0000000000015988e-13
1191,0.3308333333333249,279,143,1.6010739584713645e-06,0.00951797446807841,1.0000000000016002e-13
1192,0.33111111111110264,279,143,1.6007831027197386e-06,0.009517445691719074,1.0000000000016017e-13
1193,0.3313888888888804,279,143,1.6004921750621132e-06,0.0095169169447362,1.0000000000016031e-13
1194,0.33166666666665817,279,143,1.600201175480713e-06,0.009516388227128159,1.0000000000016046e-13
1195,0.33194444444443594,279,143,1.5999101039577542e-06,0.009515859538893319,1.0000000000016054e-13
1196,0.3322222222222137,279,143,1.5996189604754528e-06,0.009515330880030048,1.0000000000016069e-13
1197,0.33249999999999147,279,143,1.5993277451367836e-06,0.009514802250536714,1.0000000000016083e-13
1198,0.33277777777776923,280,143,1.5990364578032156e-06,0.009514273650411685,1.0000000000016093e-13
1199,0.333055555555547,280,143,1.598745098456953e-06,0.009513745079653328,1.0000000000016108e-13
1200,0.33333333333332477,280,143,1.5984536670801907e-06,0.009513216538260014,1.0000000000016122e-13
1201,0.33361111111110253,280,143,1.598163162845892e-06,0.009512688026230114,1.0000000000016135e-13
1202,0.3338888888888803,279,144,1.597872586792496e-06,0.009512159543561988,1.000000000001615e-13
1203,0.33416666666665806,279,144,1.5975819389022484e-06,0.009511631090254012,1.0000000000016166e-13
1204,0.33444444444443583,279,144,1.5972921913047975e-06,0.009511102666304554,1.000000000001618e-13
1205,0.3347222222222136,278,145,1.5970034027068407e-06,0.009510574271711982,1.0000000000016197e-13
1206,0.33499999999999136,279,146,1.5967145427139305e-06,0.009510045906474666,1.0000000000016212e-13
1207,0.3352777777777691,279,146,1.5964256113084173e-06,0.009509517570590972,1.0000000000016224e-13
1208,0.3355555555555469,279,146,1.596136608850252e-06,0.009508989264059273,1.0000000000016236e-13
1209,0.33583333333332466,280,146,1.5958486092906076e-06,0.009508460986877937,1.0000000000016248e-13
1210,0.3361111111111024,279,147,1.5955605385310778e-06,0.009507932739045334,1.0000000000016261e-13
1211,0.3363888888888802,279,147,1.5952723965540604e-06,0.009507404520559832,1.0000000000016274e-13
1212,0.33666666666665795,279,147,1.594984183341949e-06,0.0095068763314198,1.000000000001629e-13
1213,0.3369444444444357,279,147,1.5946958988771322e-06,0.00950634817162361,1.0000000000016304e-13
1214,0.3372222222222135,279,147,1.5944075431419954e-06,0.009505820041169632,1.0000000000016319e-13
1215,0.33749999999999125,279,147,1.5941198823613536e-06,0.009505291940056235,1.0000000000016335e-13
1216,0.337777777777769,280,147,1.5938321505158761e-06,0.009504763868281786,1.0000000000016348e-13
1217,0.3380555555555468,281,147,1.5935435812524316e-06,0.009504235825844662,1.0000000000016361e-13
1218,0.33833333333332455,282,147,1.5932549406482585e-06,0.009503707812743225,1.0000000000016372e-13
1219,0.3386111111111023,282,147,1.5929662286857188e-06,0.009503179828975852,1.0000000000016385e-13
1220,0.3388888888888801,282,147,1.592677445347173e-06,0.009502651874540911,1.00000000000164e-13
1221,0.33916666666665785,282,147,1.5923885906149733e-06,0.009502123949436768,1.0000000000016414e-13
1222,0.3394444444444356,282,147,1.5921005164038032e-06,0.009501596053661798,1.0000000000016426e-13
1223,0.3397222222222134,281,148,1.5918123709742924e-06,0.009501068187214374,1.0000000000016441e-13
1224,0.33999999999999114,281,148,1.591524959355473e-06,0.009500540350092863,1.0000000000016455e-13
1225,0.3402777777777689,280,149,1.59123747668212e-06,0.009500012542295634,1.0000000000016468e-13
1226,0.3405555555555467,280,149,1.5909499229366678e-06,0.009499484763821063,1.000000000001648e-13
1227,0.34083333333332444,280,149,1.5906622981015452e-06,0.009498957014667518,1.0000000000016492e-13
1228,0.3411111111111022,280,149,1.5903746021591774e-06,0.00949842929483337,1.0000000000016505e-13
1229,0.34138888888887997,280,149,1.5900868350919855e-06,0.009497901604316992,1.0000000000016517e-13
1230,0.34166666666665774,280,149,1.5897989968823849e-06,0.009497373943116751,1.0000000000016532e-13
1231,0.3419444444444355,280,149,1.589511087561392e-06,0.009496846311231023,1.0000000000016542e-13
1232,0.34222222222221327,281,149,1.589223107062822e-06,0.00949631870865818,1.0000000000016555e-13
1233,0.34249999999999103,281,149,1.588935055369079e-06,0.009495791135396586,1.0000000000016569e-13
1234,0.3427777777777688,281,149,1.5886469324625623e-06,0.009495263591444621,1.0000000000016584e-13
1235,0.34305555555554657,281,149,1.5883587383256653e-06,0.009494736076800648,1.0000000000016595e-13
1236,0.34333333333332433,281,149,1.5880704729407782e-06,0.009494208591463047,1.0000000000016608e-13
1237,0.3436111111111021,281,149,1.5877821362902888e-06,0.00949368113543019,1.0000000000016624e-13
1238,0.34388888888887986,281,149,1.587494946927927e-06,0.009493153708700443,1.0000000000016636e-13
1239,0.34416666666665763,280,150,1.5872076865659783e-06,0.009492626311272184,1.0000000000016647e-13
1240,0.3444444444444354,280,150,1.5869217981006469e-06,0.009492098943143781,1.000000000001666e-13
1241,0.34472222222221316,279,151,1.586635838957339e-06,0.009491571604313607,1.0000000000016675e-13
1242,0.3449999999999909,279,151,1.5863498092054547e-06,0.009491044294780034,1.0000000000016688e-13
1243,0.3452777777777687,280,151,1.5860637087406645e-06,0.009490517014541434,1.0000000000016699e-13
1244,0.34555555555554646,280,151,1.5857775375454876e-06,0.009489989763596184,1.0000000000016712e-13
1245,0.3458333333333242,280,151,1.5854912956024384e-06,0.009489462541942651,1.0000000000016724e-13
1246,0.346111111111102,280,151,1.5852049828940252e-06,0.00948893534957921,1.0000000000016737e-13
1247,0.34638888888887975,280,151,1.5849185994027537e-06,0.009488408186504232,1.000000000001675e-13
1248,0.3466666666666575,280,151,1.5846321451111242e-06,0.009487881052716094,1.0000000000016761e-13
1249,0.3469444444444353,280,151,1.5843466118100612e-06,0.009487353948213166,1.0000000000016778e-13
1250,0.34722222222221305,279,152,1.584061007918827e-06,0.009486826872993822,1.0000000000016789e-13
1251,0.3474999999999908,279,152,1.5837753334199693e-06,0.009486299827056432,1.0000000000016802e-13
1252,0.3477777777777686,279,152,1.5834895882960332e-06,0.009485772810399374,1.0000000000016818e-13
1253,0.34805555555554635,279,152,1.583203772529558e-06,0.00948524582302102,1.0000000000016831e-13
1254,0.3483333333333241,279,152,1.5829178861030795e-06,0.00948471886491974,1.0000000000016844e-13
1255,0.3486111111111019,279,152,1.582631928999129e-06,0.009484191936093914,1.0000000000016858e-13
1256,0.34888888888887964,279,152,1.5823459012002335e-06,0.009483665036541907,1.0000000000016873e-13
1257,0.3491666666666574,279,152,1.5820598026889166e-06,0.009483138166262098,1.0000000000016886e-13
1258,0.3494444444444352,279,152,1.5817736334476952e-06,0.009482611325252865,1.0000000000016902e-13
1259,0.34972222222221294,279,152,1.5814873934590835e-06,0.009482084513512573,1.0000000000016915e-13
1260,0.3499999999999907,279,152,1.5812010827055915e-06,0.0094815577310396,1.0000000000016927e-13
1261,0.3502777777777685,279,152,1.5809160962390271e-06,0.009481030977832318,1.0000000000016939e-13
1262,0.35055555555554624,278,153,1.5806319742283195e-06,0.009480504253889107,1.0000000000016951e-13
1263,0.350833333333324,277,154,1.5803477819763435e-06,0.009479977559208335,1.0000000000016966e-13
1264,0.35111111111110177,277,154,1.5800635194657322e-06,0.009479450893788379,1.000000000001698e-13
1265,0.35138888888887954,277,154,1.579779186679118e-06,0.009478924257627613,1.0000000000016996e-13
1266,0.3516666666666573,277,154,1.5794947838200686e-06,0.009478397650724413,1.000000000001701e-13
1267,0.35194444444443507,278,154,1.579210310650319e-06,0.00947787107307715,1.0000000000017022e-13
1268,0.35222222222221283,278,154,1.5789271637511162e-06,0.009477344524684201,1.0000000000017038e-13
1269,0.3524999999999906,277,155,1.578643946851713e-06,0.009476818005543942,1.0000000000017051e-13
1270,0.35277777777776836,277,155,1.5783606601138533e-06,0.009476291515654746,1.0000000000017061e-13
1271,0.35305555555554613,278,155,1.5780773033412216e-06,0.009475765055014988,1.0000000000017074e-13
1272,0.3533333333333239,278,155,1.5777938765165048e-06,0.009475238623623043,1.0000000000017084e-13
1273,0.35361111111110166,278,155,1.5775103796223843e-06,0.009474712221477286,1.0000000000017099e-13
1274,0.3538888888888794,278,155,1.5772268126415376e-06,0.009474185848576093,1.0000000000017113e-13
1275,0.3541666666666572,278,155,1.576943175556638e-06,0.009473659504917839,1.0000000000017126e-13
1276,0.35444444444443496,278,155,1.576659468350354e-06,0.0094731331905009,1.000000000001714e-13
1277,0.3547222222222127,278,155,1.5763756910053501e-06,0.00947260690532365,1.0000000000017155e-13
1278,0.3549999999999905,278,155,1.5760918435042861e-06,0.009472080649384467,1.0000000000017167e-13
1279,0.35527777777776826,278,155,1.5758079258298183e-06,0.009471554422681723,1.0000000000017179e-13
1280,0.355555555555546,278,155,1.5755239379645978e-06,0.009471028225213797,1.0000000000017191e-13
1281,0.3558333333333238,278,155,1.575239879891272e-06,0.009470502056979064,1.0000000000017206e-13
1282,0.35611111111110155,278,155,1.5749557515924841e-06,0.009469975917975897,1.0000000000017219e-13
1283,0.3563888888888793,278,155,1.5746715530508728e-06,0.009469449808202676,1.0000000000017229e-13
1284,0.3566666666666571,278,155,1.5743882291503044e-06,0.009468923727657778,1.0000000000017242e-13
1285,0.35694444444443485,277,156,1.574104835205778e-06,0.009468397676339573,1.0000000000017253e-13
1286,0.3572222222222126,277,156,1.5738213711999768e-06,0.009467871654246446,1.0000000000017266e-13
1287,0.3574999999999904,277,156,1.5735378371155797e-06,0.009467345661376764,1.0000000000017282e-13
1288,0.35777777777776815,277,156,1.573254232935262e-06,0.00946681969772891,1.0000000000017297e-13
1289,0.3580555555555459,277,156,1.572970558641695e-06,0.009466293763301258,1.0000000000017311e-13
1290,0.3583333333333237,277,156,1.5726875807707642e-06,0.009465767858092188,1.0000000000017326e-13
1291,0.35861111111110144,279,156,1.5724046148975123e-06,0.00946524198210007,1.0000000000017339e-13
1292,0.3588888888888792,278,157,1.572121579068814e-06,0.009464716135323287,1.0000000000017353e-13
1293,0.359166666666657,278,157,1.5718384732673747e-06,0.009464190317760213,1.0000000000017365e-13
1294,0.35944444444443474,278,157,1.5715552974758958e-06,0.009463664529409228,1.0000000000017378e-13
1295,0.3597222222222125,278,157,1.5712720516770743e-06,0.009463138770268706,1.000000000001739e-13
1296,0.35999999999999027,278,157,1.5709887358536034e-06,0.009462613040337025,1.0000000000017404e-13
1297,0.36027777777776804,278,157,1.5707066312576366e-06,0.009462087339612561,1.0000000000017418e-13
1298,0.3605555555555458,277,158,1.5704244569191502e-06,0.009461561668093695,1.0000000000017433e-13
1299,0.36083333333332357,277,158,1.5701422128209026e-06,0.009461036025778802,1.0000000000017447e-13
1300,0.36111111111110133,277,158,1.5698598989456469e-06,0.009460510412666259,1.000000000001746e-13
1301,0.3613888888888791,277,158,1.5695775152761334e-06,0.009459984828754443,1.0000000000017475e-13
1302,0.36166666666665687,277,158,1.5692950617951076e-06,0.009459459274041737,1.0000000000017489e-13
1303,0.36194444444443463,277,158,1.5690134245682652e-06,0.009458933748526513,1.0000000000017502e-13
1304,0.3622222222222124,276,159,1.5687330608266906e-06,0.00945840825220715,1.0000000000017517e-13
1305,0.36249999999999016,275,160,1.5684526277729746e-06,0.009457882785082026,1.0000000000017528e-13
1306,0.36277777777776793,275,160,1.5681721253899815e-06,0.009457357347149522,1.0000000000017543e-13
1307,0.3630555555555457,275,160,1.5678915536605714e-06,0.009456831938408015,1.0000000000017556e-13
1308,0.36333333333332346,275,160,1.5676109125676008e-06,0.009456306558855881,1.0000000000017572e-13
1309,0.3636111111111012,275,160,1.5673302020939212e-06,0.009455781208491502,1.0000000000017585e-13
1310,0.363888888888879,275,160,1.5670494222223801e-06,0.009455255887313253,1.0000000000017601e-13
1311,0.36416666666665676,275,160,1.5667685729358207e-06,0.009454730595319512,1.0000000000017614e-13
1312,0.3644444444444345,275,160,1.5664884204713635e-06,0.009454205332508661,1.0000000000017625e-13
1313,0.3647222222222123,276,160,1.566208706844295e-06,0.009453680098879078,1.000000000001764e-13
1314,0.36499999999999005,275,161,1.5659289240658083e-06,0.009453154894429142,1.0000000000017653e-13
1315,0.3652777777777678,275,161,1.565649072118807e-06,0.00945262971915723,1.0000000000017663e-13
1316,0.3655555555555456,275,161,1.5653691509861918e-06,0.00945210457306172,1.0000000000017677e-13
1317,0.36583333333332335,275,161,1.565089160650858e-06,0.009451579456140993,1.000000000001769e-13
1318,0.3661111111111011,275,161,1.564809101457119e-06,0.00945105436839343,1.0000000000017705e-13
1319,0.3663888888888789,276,161,1.5645289730265293e-06,0.009450529309817409,1.0000000000017716e-13
1320,0.36666666666665665,276,161,1.5642487753419726e-06,0.009450004280411308,1.0000000000017731e-13
1321,0.3669444444444344,276,161,1.5639694999496175e-06,0.00944947928017351,1.0000000000017744e-13
1322,0.3672222222222122,275,162,1.5636901555141847e-06,0.00944895430910239,1.0000000000017757e-13
1323,0.36749999999998995,275,162,1.5634107420186054e-06,0.009448429367196327,1.0000000000017768e-13
1324,0.3677777777777677,275,162,1.5631312594458065e-06,0.009447904454453706,1.0000000000017783e-13
1325,0.3680555555555455,275,162,1.5628531302840653e-06,0.009447379570872905,1.0000000000017796e-13
1326,0.36833333333332324,274,163,1.5625749323626197e-06,0.0094468547164523,1.000000000001781e-13
1327,0.368611111111101,274,163,1.5622966656644706e-06,0.009446329891190276,1.0000000000017825e-13
1328,0.3688888888888788,274,163,1.562019121604635e-06,0.009445805095085209,1.0000000000017836e-13
1329,0.36916666666665654,273,164,1.5617415089297449e-06,0.009445280328135481,1.0000000000017849e-13
1330,0.3694444444444343,273,164,1.5614638276228388e-06,0.009444755590339476,1.0000000000017865e-13
1331,0.36972222222221207,273,164,1.561186077666948e-06,0.009444230881695569,1.0000000000017877e-13
1332,0.36999999999998984,273,164,1.5609082590451015e-06,0.00944370620220214,1.0000000000017888e-13
1333,0.3702777777777676,273,164,1.560630371740324e-06,0.009443181551857575,1.0000000000017903e-13
1334,0.37055555555554537,273,164,1.5603524157356354e-06,0.009442656930660251,1.0000000000017916e-13
1335,0.37083333333332313,273,164,1.560074391014052e-06,0.009442132338608548,1.000000000001793e-13
1336,0.3711111111111009,273,164,1.559796297558585e-06,0.009441607775700847,1.0000000000017945e-13
1337,0.37138888888887867,273,164,1.559519099601783e-06,0.00944108324193553,1.0000000000017961e-13
1338,0.37166666666665643,272,165,1.5592426363731135e-06,0.009440558737310978,1.0000000000017974e-13
1339,0.3719444444444342,271,166,1.5589661047965956e-06,0.009440034261825572,1.0000000000017988e-13
1340,0.37222222222221196,271,166,1.5586895051533298e-06,0.009439509815477693,1.0000000000018e-13
1341,0.37249999999998973,272,166,1.5584128371284912e-06,0.009438985398265723,1.0000000000018014e-13
1342,0.3727777777777675,272,166,1.5581370533457955e-06,0.009438461010188042,1.0000000000018029e-13
1343,0.37305555555554526,271,167,1.5578612013832256e-06,0.009437936651243033,1.0000000000018043e-13
1344,0.373333333333323,271,167,1.5575852812239259e-06,0.009437412321429074,1.0000000000018056e-13
1345,0.3736111111111008,271,167,1.557309292851037e-06,0.009436888020744551,1.0000000000018068e-13
1346,0.37388888888887856,271,167,1.5570332364840575e-06,0.009436363749187842,1.0000000000018078e-13
1347,0.3741666666666563,272,167,1.5567571118698146e-06,0.009435839506757332,1.0000000000018094e-13
1348,0.3744444444444341,272,167,1.5564809191667642e-06,0.009435315293451403,1.0000000000018108e-13
1349,0.37472222222221185,273,167,1.5562060716150394e-06,0.009434791109268434,1.0000000000018123e-13
1350,0.3749999999999896,272,168,1.5559311561148974e-06,0.00943426695420681,1.0000000000018134e-13
1351,0.3752777777777674,272,168,1.5556561726495405e-06,0.009433742828264908,1.0000000000018149e-13
1352,0.37555555555554515,272,168,1.5553811212021658e-06,0.009433218731441118,1.0000000000018163e-13
1353,0.3758333333333229,272,168,1.555106910688904e-06,0.009432694663733813,1.0000000000018176e-13
1354,0.3761111111111007,271,169,1.5548326323847153e-06,0.009432170625141385,1.0000000000018188e-13
1355,0.37638888888887845,271,169,1.5545582862728407e-06,0.00943164661566221,1.0000000000018202e-13
1356,0.3766666666666562,271,169,1.5542838723365167e-06,0.009431122635294673,1.0000000000018217e-13
1357,0.376944444444434,271,169,1.5540093905589747e-06,0.009430598684037157,1.0000000000018231e-13
1358,0.37722222222221174,271,169,1.553734840923444e-06,0.009430074761888044,1.0000000000018243e-13
1359,0.3774999999999895,271,169,1.5534612836755629e-06,0.009429550868845718,1.0000000000018254e-13
1360,0.3777777777777673,270,170,1.5531876587982565e-06,0.00942902700490856,1.0000000000018272e-13
1361,0.37805555555554504,270,170,1.552913966274805e-06,0.009428503170074952,1.0000000000018283e-13
1362,0.3783333333333228,270,170,1.5526402060884856e-06,0.009427979364343284,1.0000000000018298e-13
1363,0.3786111111111006,270,170,1.5523663782225697e-06,0.009427455587711932,1.0000000000018312e-13
1364,0.37888888888887834,270,170,1.5520924826603263e-06,0.009426931840179282,1.0000000000018322e-13
1365,0.3791666666666561,270,170,1.55181851938502e-06,0.009426408121743717,1.0000000000018337e-13
1366,0.37944444444443387,270,170,1.5515444883799094e-06,0.009425884432403619,1.000000000001835e-13
1367,0.37972222222221164,270,170,1.5512703896282512e-06,0.009425360772157375,1.0000000000018362e-13
1368,0.3799999999999894,270,170,1.550996223113296e-06,0.009424837141003367,1.0000000000018376e-13
1369,0.38027777777776717,270,170,1.5507219888182916e-06,0.009424313538939976,1.0000000000018386e-13
1370,0.38055555555554493,270,170,1.5504484530874235e-06,0.009423789965965592,1.0000000000018402e-13
1371,0.3808333333333227,271,170,1.5501748497324494e-06,0.009423266422078594,1.0000000000018412e-13
1372,0.38111111111110046,271,170,1.5499004121434658e-06,0.009422742907277367,1.0000000000018426e-13
1373,0.38138888888887823,271,170,1.5496268093710175e-06,0.009422219421560296,1.0000000000018441e-13
1374,0.381666666666656,270,171,1.549353138957889e-06,0.009421695964925767,1.0000000000018453e-13
1375,0.38194444444443376,270,171,1.5490794008873589e-06,0.009421172537372161,1.000000000001847e-13
1376,0.3822222222222115,270,171,1.5488063735750937e-06,0.009420649138897862,1.0000000000018484e-13
1377,0.3824999999999893,269,172,1.5485332787644162e-06,0.009420125769501258,1.0000000000018496e-13
1378,0.38277777777776706,269,172,1.5482601164386375e-06,0.009419602429180728,1.0000000000018511e-13
1379,0.3830555555555448,269,172,1.5479868865810675e-06,0.009419079117934664,1.0000000000018523e-13
1380,0.3833333333333226,269,172,1.5477135891750106e-06,0.009418555835761445,1.0000000000018538e-13
1381,0.38361111111110036,269,172,1.5474402242037675e-06,0.00941803258265946,1.0000000000018552e-13
1382,0.3838888888888781,269,172,1.547166791650634e-06,0.009417509358627089,1.0000000000018564e-13
1383,0.3841666666666559,269,172,1.5468932914989033e-06,0.009416986163662721,1.0000000000018577e-13
1384,0.38444444444443365,269,172,1.5466197238888594e-06,0.009416462997764741,1.000000000001859e-13
1385,0.3847222222222114,270,172,1.5463460886468276e-06,0.00941593986093153,1.0000000000018604e-13
1386,0.3849999999999892,270,172,1.5460723857560891e-06,0.009415416753161479,1.0000000000018619e-13
1387,0.38527777777776695,270,172,1.5457986153929484e-06,0.009414893674452971,1.0000000000018631e-13
1388,0.3855555555555447,272,172,1.5455247773476948e-06,0.00941437062480439,1.0000000000018645e-13
1389,0.3858333333333225,272,172,1.5452508716892174e-06,0.009413847604214124,1.0000000000018658e-13
1390,0.38611111111110025,274,172,1.5449768983151804e-06,0.009413324612680556,1.0000000000018672e-13
1391,0.386388888888878,274,172,1.5447028574941985e-06,0.009412801650202076,1.0000000000018684e-13
1392,0.3866666666666558,275,172,1.544428748924241e-06,0.009412278716777064,1.0000000000018697e-13
1393,0.38694444444443354,275,172,1.5441545725885593e-06,0.00941175581240391,1.0000000000018711e-13
1394,0.3872222222222113,275,172,1.5438803284704003e-06,0.009411232937080998,1.0000000000018726e-13
1395,0.3874999999999891,275,172,1.5436070201995292e-06,0.009410710090806716,1.000000000001874e-13
1396,0.38777777777776684,274,173,1.5433336443607865e-06,0.00941018727357945,1.0000000000018752e-13
1397,0.3880555555555446,274,173,1.5430602009374661e-06,0.009409664485397587,1.0000000000018765e-13
1398,0.3883333333333224,274,173,1.5427866899128613e-06,0.009409141726259507,1.000000000001878e-13
1399,0.38861111111110014,274,173,1.5425131112702584e-06,0.009408618996163605,1.0000000000018794e-13
1400,0.3888888888888779,274,173,1.5422394649929414e-06,0.009408096295108262,1.0000000000018807e-13
1401,0.38916666666665567,274,173,1.5419657510641892e-06,0.009407573623091869,1.0000000000018821e-13
1402,0.38944444444443344,274,173,1.541691969467276e-06,0.00940705098011281,1.0000000000018833e-13
1403,0.3897222222222112,274,173,1.541418120185474e-06,0.009406528366169467,1.0000000000018848e-13
1404,0.38999999999998897,274,173,1.5411442032020492e-06,0.009406005781260237,1.0000000000018862e-13
1405,0.39027777777776673,274,173,1.5408702185002652e-06,0.0094054832253835,1.0000000000018877e-13
1406,0.3905555555555445,274,173,1.5405961660633796e-06,0.009404960698537647,1.0000000000018891e-13
1407,0.39083333333332226,274,173,1.5403220458746474e-06,0.009404438200721062,1.0000000000018904e-13
1408,0.39111111111110003,274,173,1.5400478579173184e-06,0.009403915731932133,1.0000000000018918e-13
1409,0.3913888888888778,274,173,1.5397736021746392e-06,0.00940339329216925,1.0000000000018934e-13
1410,0.39166666666665556,274,173,1.5394992786298513e-06,0.009402870881430794,1.0000000000018947e-13
1411,0.3919444444444333,274,173,1.539224887266193e-06,0.00940234849971516,1.0000000000018962e-13
1412,0.3922222222222111,274,173,1.5389504280668976e-06,0.00940182614702073,1.0000000000018976e-13
1413,0.39249999999998886,274,173,1.5386759010151948e-06,0.009401303823345898,1.0000000000018991e-13
1414,0.3927777777777666,274,173,1.5384013060943102e-06,0.009400781528689046,1.0000000000019005e-13
1415,0.3930555555555444,274,173,1.5381266432874653e-06,0.009400259263048561,1.0000000000019018e-13
1416,0.39333333333332215,274,173,1.5378519125778763e-06,0.009399737026422838,1.0000000000019034e-13
1417,0.3936111111110999,274,173,1.537577113948757e-06,0.009399214818810259,1.0000000000019047e-13
1418,0.3938888888888777,274,173,1.5373022473833153e-06,0.009398692640209216,1.000000000001906e-13
1419,0.39416666666665545,274,173,1.5370283010024902e-06,0.009398170490618089,1.0000000000019073e-13
1420,0.3944444444444332,273,174,1.5367542868960383e-06,0.009397648370035282,1.0000000000019086e-13
1421,0.394722222222211,273,174,1.5364802050472158e-06,0.00939712627845917,1.0000000000019098e-13
1422,0.39499999999998875,273,174,1.5362060554392754e-06,0.009396604215888142,1.0000000000019111e-13
1423,0.3952777777777665,273,174,1.5359326393299531e-06,0.009396082182320593,1.0000000000019125e-13
1424,0.3955555555555443,272,175,1.5356591556260992e-06,0.009395560177754909,1.0000000000019137e-13
1425,0.39583333333332205,272,175,1.5353856043110015e-06,0.009395038202189477,1.000000000001915e-13
1426,0.3961111111110998,272,175,1.5351119853679461e-06,0.009394516255622688,1.0000000000019164e-13
1427,0.3963888888888776,272,175,1.5348391060188392e-06,0.009393994338052934,1.0000000000019179e-13
1428,0.39666666666665534,271,176,1.5345661592078992e-06,0.009393472449478598,1.0000000000019189e-13
1429,0.3969444444444331,271,176,1.5342931449184484e-06,0.009392950589898072,1.0000000000019202e-13
1430,0.3972222222222109,271,176,1.5340200631338044e-06,0.009392428759309745,1.0000000000019216e-13
1431,0.39749999999998864,271,176,1.5337469138372803e-06,0.009391906957712004,1.0000000000019231e-13
1432,0.3977777777777664,271,176,1.5334736970121858e-06,0.009391385185103246,1.0000000000019241e-13
1433,0.39805555555554417,271,176,1.5332004126418263e-06,0.009390863441481849,1.0000000000019255e-13
1434,0.39833333333332194,271,176,1.532927060709503e-06,0.009390341726846212,1.0000000000019267e-13
1435,0.3986111111110997,271,176,1.5326546242200895e-06,0.009389820041194718,1.0000000000019283e-13
1436,0.39888888888887747,270,177,1.5323821203783276e-06,0.009389298384525766,1.0000000000019296e-13
1437,0.39916666666665523,270,177,1.532109549167566e-06,0.009388776756837736,1.0000000000019312e-13
1438,0.399444444444433,270,177,1.531836910571149e-06,0.009388255158129024,1.0000000000019326e-13
1439,0.39972222222221077,270,177,1.5315642045724181e-06,0.009387733588398017,1.0000000000019338e-13
1440,0.39999999999998853,270,177,1.5312914311547095e-06,0.009387212047643107,1.0000000000019351e-13
1441,0.4002777777777663,270,177,1.5310193568671078e-06,0.00938669053586268,1.0000000000019365e-13
1442,0.40055555555554406,271,177,1.5307472613564309e-06,0.009386169053055135,1.000000000001938e-13
1443,0.40083333333332183,271,177,1.530474285933407e-06,0.009385647599218854,1.000000000001939e-13
1444,0.4011111111110996,271,177,1.5302012430247977e-06,0.009385126174352231,1.0000000000019402e-13
1445,0.40138888888887736,271,177,1.5299281326139193e-06,0.009384604778453655,1.0000000000019416e-13
1446,0.4016666666666551,271,177,1.5296549546840835e-06,0.009384083411521518,1.0000000000019429e-13
1447,0.4019444444444329,271,177,1.5293817095478734e-06,0.009383562073554213,1.0000000000019443e-13
1448,0.40222222222221066,272,177,1.5291083968593993e-06,0.009383040764550127,1.0000000000019458e-13
1449,0.4024999999999884,272,177,1.52883501660196e-06,0.009382519484507653,1.0000000000019472e-13
1450,0.4027777777777662,272,177,1.5285615687588517e-06,0.009381998233425181,1.0000000000019487e-13
1451,0.40305555555554395,272,177,1.528288053313366e-06,0.009381477011301102,1.0000000000019501e-13
1452,0.4033333333333217,272,177,1.5280144702487892e-06,0.009380955818133805,1.0000000000019512e-13
1453,0.4036111111110995,272,177,1.5277408195484053e-06,0.009380434653921688,1.0000000000019526e-13
1454,0.40388888888887725,272,177,1.5274671011954924e-06,0.009379913518663137,1.000000000001954e-13
1455,0.404166666666655,272,177,1.5271933151733251e-06,0.009379392412356547,1.0000000000019553e-13
1456,0.4044444444444328,272,177,1.5269194614651745e-06,0.009378871335000306,1.0000000000019565e-13
1457,0.40472222222221055,272,177,1.5266455400543072e-06,0.009378350286592802,1.0000000000019578e-13
1458,0.4049999999999883,272,177,1.5263715509239861e-06,0.009377829267132437,1.000000000001959e-13
1459,0.4052777777777661,272,177,1.5260988838041074e-06,0.0093773082766176,1.0000000000019604e-13
1460,0.40555555555554385,271,178,1.5258261492748626e-06,0.009376787315046677,1.0000000000019617e-13
1461,0.4058333333333216,271,178,1.525553347319587e-06,0.009376266382418062,1.0000000000019632e-13
1462,0.4061111111110994,271,178,1.5252804779216113e-06,0.00937574547873015,1.0000000000019646e-13
1463,0.40638888888887714,271,178,1.525008571481761e-06,0.009375224603981332,1.0000000000019659e-13
1464,0.4066666666666549,271,179,1.5247365978206022e-06,0.00937470375817,1.0000000000019669e-13
1465,0.4069444444444327,271,179,1.5244645569215155e-06,0.009374182941294546,1.0000000000019684e-13
1466,0.40722222222221044,271,179,1.5241924487678793e-06,0.009373662153353364,1.0000000000019698e-13
1467,0.4074999999999882,271,179,1.523920273343066e-06,0.009373141394344843,1.000000000001971e-13
1468,0.40777777777776597,271,179,1.5236480306304448e-06,0.009372620664267382,1.0000000000019723e-13
1469,0.40805555555554374,271,179,1.5233757206133811e-06,0.009372099963119367,1.0000000000019736e-13
1470,0.4083333333333215,271,179,1.523103343275236e-06,0.009371579290899193,1.0000000000019747e-13
1471,0.40861111111109927,271,179,1.5228308985993657e-06,0.009371058647605257,1.0000000000019763e-13
1472,0.40888888888887703,271,179,1.5225583865691226e-06,0.009370538033235945,1.0000000000019776e-13
1473,0.4091666666666548,271,179,1.5222858071678551e-06,0.009370017447789652,1.0000000000019789e-13
1474,0.40944444444443256,271,179,1.5220131603789084e-06,0.009369496891264777,1.0000000000019804e-13
1475,0.40972222222221033,271,179,1.5217404461856228e-06,0.009368976363659708,1.0000000000019818e-13
1476,0.4099999999999881,271,179,1.5214676645713343e-06,0.00936845586497284,1.000000000001983e-13
1477,0.41027777777776586,271,179,1.521194815519375e-06,0.00936793539520256,1.0000000000019844e-13
1478,0.4105555555555436,271,179,1.5209218990130732e-06,0.009367414954347272,1.0000000000019857e-13
1479,0.4108333333333214,271,179,1.520648915035751e-06,0.009366894542405364,1.000000000001987e-13
1480,0.41111111111109916,271,179,1.5203758635707284e-06,0.00936637415937523,1.0000000000019883e-13
1481,0.4113888888888769,271,179,1.5201027446013227e-06,0.009365853805255267,1.0000000000019899e-13
1482,0.4116666666666547,271,179,1.5198295581108437e-06,0.009365333480043862,1.0000000000019912e-13
1483,0.41194444444443246,271,179,1.519556304082599e-06,0.009364813183739414,1.0000000000019925e-13
1484,0.4122222222222102,271,179,1.519282982499892e-06,0.009364292916340321,1.0000000000019938e-13
1485,0.412499999999988,271,179,1.5190095933460216e-06,0.009363772677844969,1.000000000001995e-13
1486,0.41277777777776575,271,179,1.5187370325987132e-06,0.009363252468251756,1.0000000000019963e-13
1487,0.4130555555555435,270,180,1.5184644044683372e-06,0.009362732287559074,1.0000000000019979e-13
1488,0.4133333333333213,270,180,1.518191708938235e-06,0.009362212135765323,1.0000000000019992e-13
1489,0.41361111111109905,270,180,1.5179189459917436e-06,0.00936169201286889,1.0000000000020006e-13
1490,0.4138888888888768,270,180,1.5176461156121962e-06,0.009361171918868177,1.0000000000020021e-13
1491,0.4141666666666546,270,180,1.517373217782922e-06,0.009360651853761575,1.0000000000020031e-13
1492,0.41444444444443235,270,180,1.5171002524872454e-06,0.009360131817547477,1.0000000000020045e-13
1493,0.4147222222222101,270,180,1.5168272197084873e-06,0.009359611810224279,1.0000000000020058e-13
1494,0.4149999999999879,270,180,1.5165541194299646e-06,0.009359091831790378,1.000000000002007e-13
1495,0.41527777777776564,270,180,1.5162809516349904e-06,0.009358571882244168,1.0000000000020084e-13
1496,0.4155555555555434,270,180,1.5160085396677965e-06,0.009358051961584042,1.0000000000020097e-13
1497,0.4158333333333212,269,181,1.5157360603543165e-06,0.009357532069808399,1.0000000000020109e-13
1498,0.41611111111109894,269,181,1.515463513677902e-06,0.009357012206915634,1.0000000000020122e-13
1499,0.4163888888888767,269,181,1.5151908996218984e-06,0.009356492372904137,1.0000000000020135e-13
1500,0.4166666666666545,269,181,1.5149182181696468e-06,0.00935597256777231,1.0000000000020148e-13
1501,0.41694444444443224,269,181,1.5146454693044863e-06,0.009355452791518545,1.0000000000020161e-13
1502,0.41722222222221,269,181,1.5143738858933526e-06,0.00935493304414124,1.0000000000020175e-13
1503,0.41749999999998777,268,182,1.5141030881158803e-06,0.009354413325638786,1.0000000000020188e-13
1504,0.41777777777776554,267,183,1.5138322233911847e-06,0.009353893636009587,1.00000000000202e-13
1505,0.4180555555555433,267,183,1.5135612917027158e-06,0.009353373975252028,1.0000000000020215e-13
1506,0.41833333333332107,267,183,1.5132902930339182e-06,0.009352854343364515,1.0000000000020227e-13
1507,0.41861111111109883,267,183,1.5130192273682327e-06,0.009352334740345438,1.0000000000020238e-13
1508,0.4188888888888766,267,183,1.5127495452122038e-06,0.0093518151661932,1.0000000000020248e-13
1509,0.41916666666665436,266,184,1.5124808067521957e-06,0.009351295620906188,1.0000000000020265e-13
1510,0.41944444444443213,265,185,1.512212001854074e-06,0.009350776104482804,1.0000000000020275e-13
1511,0.4197222222222099,265,185,1.511943130501414e-06,0.009350256616921444,1.000000000002029e-13
1512,0.41999999999998766,265,185,1.5116741926777859e-06,0.009349737158220505,1.0000000000020301e-13
1513,0.4202777777777654,265,185,1.511405188366757e-06,0.009349217728378382,1.0000000000020314e-13
1514,0.4205555555555432,265,185,1.5111361175518905e-06,0.009348698327393472,1.0000000000020329e-13
1515,0.42083333333332096,265,185,1.5108669802167452e-06,0.009348178955264174,1.0000000000020342e-13
1516,0.4211111111110987,265,185,1.5105977763448756e-06,0.009347659611988881,1.0000000000020352e-13
1517,0.4213888888888765,265,185,1.510328505919832e-06,0.009347140297565993,1.0000000000020366e-13
1518,0.42166666666665426,265,185,1.5100591689251606e-06,0.009346621011993907,1.0000000000020378e-13
1519,0.421944444444432,265,185,1.5097897653444044e-06,0.009346101755271017,1.0000000000020391e-13
1520,0.4222222222222098,265,185,1.5095212409970803e-06,0.009345582527395724,1.0000000000020405e-13
1521,0.42249999999998755,264,186,1.5092526502645761e-06,0.009345063328366427,1.0000000000020417e-13
1522,0.4227777777777653,264,186,1.50898399313048e-06,0.009344544158181518,1.0000000000020432e-13
1523,0.4230555555555431,264,186,1.508715269578376e-06,0.009344025016839399,1.0000000000020446e-13
1524,0.42333333333332085,264,186,1.5084464795918441e-06,0.009343505904338462,1.0000000000020459e-13
1525,0.4236111111110986,264,186,1.5081776231544597e-06,0.009342986820677109,1.0000000000020475e-13
1526,0.4238888888888764,264,186,1.5079094665602609e-06,0.00934246776585374,1.0000000000020488e-13
1527,0.42416666666665415,265,186,1.507640477268086e-06,0.009341948739866749,1.00000000000205e-13
1528,0.4244444444444319,265,186,1.5073714214757872e-06,0.009341429742714532,1.0000000000020513e-13
1529,0.4247222222222097,265,186,1.5071022991669232e-06,0.009340910774395493,1.0000000000020527e-13
1530,0.42499999999998744,265,186,1.5068331103250486e-06,0.009340391834908028,1.0000000000020541e-13
1531,0.4252777777777652,265,186,1.5065638549337152e-06,0.009339872924250535,1.0000000000020552e-13
1532,0.425555555555543,265,186,1.5062945329764712e-06,0.009339354042421408,1.0000000000020566e-13
1533,0.42583333333332074,265,186,1.5060251444368606e-06,0.009338835189419052,1.0000000000020579e-13
1534,0.4261111111110985,265,186,1.5057556892984223e-06,0.009338316365241864,1.0000000000020591e-13
1535,0.42638888888887627,265,186,1.5054872163377167e-06,0.009337797569888237,1.0000000000020602e-13
1536,0.42666666666665404,264,187,1.5052186770045338e-06,0.00933727880335658,1.0000000000020614e-13
1537,0.4269444444444318,264,187,1.5049500712824658e-06,0.009336760065645279,1.0000000000020627e-13
1538,0.42722222222220957,264,187,1.5046813991550995e-06,0.009336241356752747,1.0000000000020641e-13
1539,0.42749999999998733,264,187,1.5044126606060185e-06,0.00933572267667737,1.0000000000020653e-13
1540,0.4277777777777651,264,187,1.5041461607057327e-06,0.009335204025417555,1.0000000000020667e-13
1541,0.42805555555554287,262,189,1.503879595076452e-06,0.0093346854029717,1.0000000000020679e-13
1542,0.42833333333332063,263,189,1.50361296354623e-06,0.009334166809338202,1.000000000002069e-13
1543,0.4286111111110984,263,189,1.5033462660987731e-06,0.009333648244515462,1.0000000000020705e-13
1544,0.42888888888887616,263,189,1.5030804523020165e-06,0.009333129708501878,1.0000000000020718e-13
1545,0.42916666666665393,262,190,1.5028145727901875e-06,0.00933261120129585,1.000000000002073e-13
1546,0.4294444444444317,262,190,1.5025486275470405e-06,0.009332092722895776,1.0000000000020744e-13
1547,0.42972222222220946,262,190,1.5022826165563254e-06,0.009331574273300064,1.0000000000020759e-13
1548,0.4299999999999872,262,190,1.5020173464420053e-06,0.0093310558525071,1.0000000000020771e-13
1549,0.430277777777765,261,191,1.5017520107470237e-06,0.009330537460515294,1.0000000000020783e-13
1550,0.43055555555554276,261,191,1.5014866094551673e-06,0.009330019097323044,1.0000000000020796e-13
1551,0.4308333333333205,261,191,1.5012211425502196e-06,0.009329500762928749,1.0000000000020809e-13
1552,0.4311111111110983,261,191,1.5009556100159594e-06,0.00932898245733081,1.0000000000020819e-13
1553,0.43138888888887605,261,191,1.5006900118361617e-06,0.009328464180527626,1.0000000000020835e-13
1554,0.4316666666666538,261,191,1.5004254108811323e-06,0.009327945932517595,1.0000000000020848e-13
1555,0.4319444444444316,260,192,1.5001607445108718e-06,0.009327427713299122,1.0000000000020862e-13
1556,0.43222222222220935,260,192,1.499896012709209e-06,0.009326909522870604,1.0000000000020874e-13
1557,0.4324999999999871,260,192,1.4996321121190903e-06,0.009326391361230446,1.0000000000020889e-13
1558,0.4327777777777649,259,193,1.4993681462868867e-06,0.009325873228377045,1.0000000000020902e-13
1559,0.43305555555554265,259,193,1.499104115196469e-06,0.009325355124308802,1.0000000000020916e-13
1560,0.4333333333333204,259,193,1.4988400191824799e-06,0.009324837049024115,1.000000000002093e-13
1561,0.4336111111110982,260,193,1.4985768597894624e-06,0.009324319002521396,1.0000000000020942e-13
1562,0.43388888888887595,259,194,1.4983136353376014e-06,0.00932380098479903,1.0000000000020955e-13
1563,0.4341666666666537,259,194,1.4980503458108118e-06,0.009323282995855432,1.0000000000020968e-13
1564,0.4344444444444315,259,194,1.4977869911930054e-06,0.009322765035688999,1.0000000000020981e-13
1565,0.43472222222220924,259,194,1.4975235714680909e-06,0.009322247104298126,1.0000000000020994e-13
1566,0.434999999999987,259,194,1.4972600866199715e-06,0.009321729201681221,1.0000000000021009e-13
1567,0.4352777777777648,259,194,1.4969965366325479e-06,0.009321211327836683,1.0000000000021026e-13
1568,0.43555555555554254,259,194,1.496732921489716e-06,0.009320693482762916,1.0000000000021038e-13
1569,0.4358333333333203,259,194,1.4964692411753685e-06,0.009320175666458319,1.0000000000021052e-13
1570,0.43611111111109807,259,194,1.4962054956733938e-06,0.009319657878921292,1.0000000000021067e-13
1571,0.43638888888887584,259,194,1.4959416849676756e-06,0.009319140120150242,1.0000000000021081e-13
1572,0.4366666666666536,259,194,1.4956788055196424e-06,0.009318622390143565,1.0000000000021091e-13
1573,0.43694444444443137,258,195,1.495417671039895e-06,0.00931810468889967,1.0000000000021104e-13
1574,0.43722222222220913,256,197,1.4951564720019068e-06,0.009317587016416953,1.0000000000021117e-13
1575,0.4374999999999869,256,197,1.4948961052705144e-06,0.00931706937269382,1.0000000000021129e-13
1576,0.43777777777776467,255,198,1.4946356741706855e-06,0.009316551757728669,1.0000000000021142e-13
1577,0.43805555555554243,255,198,1.494375178686506e-06,0.009316034171519908,1.0000000000021156e-13
1578,0.4383333333333202,255,198,1.4941146188020592e-06,0.009315516614065936,1.0000000000021171e-13
1579,0.43861111111109796,255,198,1.4938539945014242e-06,0.009314999085365155,1.0000000000021185e-13
1580,0.43888888888887573,255,198,1.4935933057686758e-06,0.009314481585415969,1.0000000000021199e-13
1581,0.4391666666666535,255,198,1.4933325525878854e-06,0.00931396411421678,1.0000000000021214e-13
1582,0.43944444444443126,255,198,1.4930717349431196e-06,0.009313446671765986,1.0000000000021224e-13
1583,0.439722222222209,255,198,1.4928108528184415e-06,0.009312929258062002,1.0000000000021236e-13
1584,0.4399999999999868,255,198,1.492549906197911e-06,0.009312411873103223,1.0000000000021249e-13
1585,0.44027777777776456,255,198,1.4922888950655823e-06,0.009311894516888049,1.0000000000021262e-13
1586,0.4405555555555423,255,198,1.4920278194055074e-06,0.009311377189414887,1.0000000000021273e-13
1587,0.4408333333333201,255,198,1.4917666792017325e-06,0.009310859890682144,1.0000000000021288e-13
1588,0.44111111111109785,255,198,1.4915054747075467e-06,0.009310342620688217,1.0000000000021301e-13
1589,0.4413888888888756,256,198,1.4912442056378107e-06,0.009309825379431515,1.0000000000021313e-13
1590,0.4416666666666534,256,198,1.4909837012609993e-06,0.009309308166910434,1.0000000000021327e-13
1591,0.44194444444443115,255,199,1.4907231324817225e-06,0.009308790983123382,1.0000000000021342e-13
1592,0.4422222222222089,255,199,1.4904624992840586e-06,0.009308273828068765,1.0000000000021354e-13
1593,0.4424999999999867,255,199,1.490201801652082e-06,0.009307756701744985,1.0000000000021366e-13
1594,0.44277777777776445,255,199,1.4899424489573748e-06,0.009307239604150443,1.0000000000021379e-13
1595,0.4430555555555422,254,200,1.4896830321449233e-06,0.009306722535283547,1.0000000000021395e-13
1596,0.44333333333332,254,200,1.489423551198877e-06,0.009306205495142697,1.000000000002141e-13
1597,0.44361111111109774,254,200,1.4891640061033801e-06,0.009305688483726302,1.0000000000021421e-13
1598,0.4438888888888755,254,200,1.4889043968425728e-06,0.009305171501032763,1.0000000000021433e-13
1599,0.4441666666666533,254,200,1.48864556549244e-06,0.009304654547060481,1.0000000000021447e-13
1600,0.44444444444443104,253,201,1.4883866701534508e-06,0.009304137621807868,1.0000000000021457e-13
1601,0.4447222222222088,253,201,1.488127710809787e-06,0.009303620725273323,1.0000000000021472e-13
1602,0.4449999999999866,253,201,1.4878686874456236e-06,0.009303103857455253,1.0000000000021485e-13
1603,0.44527777777776434,253,201,1.4876096000451348e-06,0.00930258701835206,1.0000000000021499e-13
1604,0.4455555555555421,253,201,1.4873504485924883e-06,0.009302070207962152,1.0000000000021514e-13
1605,0.44583333333331987,253,201,1.4870912330718498e-06,0.009301553426283932,1.0000000000021524e-13
1606,0.44611111111109764,253,201,1.4868319534673787e-06,0.009301036673315808,1.0000000000021537e-13
1607,0.4463888888888754,253,201,1.4865726097632338e-06,0.009300519949056178,1.0000000000021551e-13
1608,0.44666666666665317,253,201,1.4863132019435678e-06,0.009300003253503454,1.0000000000021563e-13
1609,0.44694444444443093,253,201,1.4860537299925297e-06,0.009299486586656037,1.0000000000021576e-13
1610,0.4472222222222087,253,201,1.4857950069404165e-06,0.009298969948512332,1.000000000002159e-13
1611,0.44749999999998646,252,202,1.4855362199262212e-06,0.00929845333907075,1.0000000000021602e-13
1612,0.44777777777776423,252,202,1.4852773689341309e-06,0.009297936758329689,1.0000000000021615e-13
1613,0.448055555555542,252,202,1.4850184539483278e-06,0.00929742020628756,1.0000000000021629e-13
1614,0.44833333333331976,252,202,1.4847594749529924e-06,0.009296903682942769,1.0000000000021642e-13
1615,0.4486111111110975,252,202,1.4845004319322996e-06,0.009296387188293714,1.0000000000021654e-13
1616,0.4488888888888753,252,202,1.4842413248704215e-06,0.009295870722338812,1.0000000000021668e-13
1617,0.44916666666665306,252,202,1.4839821537515254e-06,0.009295354285076461,1.0000000000021681e-13
1618,0.4494444444444308,252,202,1.483722918559774e-06,0.009294837876505067,1.0000000000021696e-13
1619,0.4497222222222086,252,202,1.4834649264348132e-06,0.00929432149662304,1.0000000000021708e-13
1620,0.44999999999998636,251,203,1.483206870528473e-06,0.009293805145428782,1.0000000000021725e-13
1621,0.4502777777777641,251,203,1.4829487508249832e-06,0.009293288822920702,1.0000000000021736e-13
1622,0.4505555555555419,251,203,1.4826905673085728e-06,0.009292772529097208,1.0000000000021748e-13
1623,0.45083333333331965,251,203,1.4824323199634646e-06,0.009292256263956702,1.0000000000021762e-13
1624,0.4511111111110974,251,203,1.4821740087738797e-06,0.009291740027497594,1.0000000000021774e-13
1625,0.4513888888888752,251,203,1.481915633724034e-06,0.00929122381971829,1.0000000000021788e-13
1626,0.45166666666665295,251,203,1.4816571947981393e-06,0.009290707640617192,1.0000000000021801e-13
1627,0.4519444444444307,251,203,1.4813986919804046e-06,0.009290191490192714,1.0000000000021816e-13
1628,0.4522222222222085,251,203,1.481140125255034e-06,0.009289675368443261,1.0000000000021828e-13
1629,0.45249999999998625,251,203,1.4808814946062292e-06,0.009289159275367236,1.0000000000021842e-13
1630,0.452777777777764,251,203,1.4806240582371602e-06,0.00928864321096305,1.0000000000021857e-13
1631,0.4530555555555418,250,204,1.4803665582241047e-06,0.009288127175229107,1.0000000000021871e-13
1632,0.45333333333331954,250,204,1.4801089945513296e-06,0.009287611168163816,1.0000000000021884e-13
1633,0.4536111111110973,250,204,1.4798513672030964e-06,0.009287095189765587,1.0000000000021897e-13
1634,0.4538888888888751,250,204,1.4795936761636628e-06,0.009286579240032821,1.0000000000021908e-13
1635,0.45416666666665284,250,204,1.4793359214172833e-06,0.009286063318963932,1.0000000000021923e-13
1636,0.4544444444444306,250,204,1.4790781029482084e-06,0.009285547426557324,1.0000000000021936e-13
1637,0.45472222222220837,250,204,1.4788202207406842e-06,0.009285031562811404,1.000000000002195e-13
1638,0.45499999999998614,250,204,1.478562274778953e-06,0.009284515727724579,1.0000000000021962e-13
1639,0.4552777777777639,250,204,1.4783042650472532e-06,0.009283999921295262,1.0000000000021977e-13
1640,0.45555555555554167,250,204,1.4780461915298196e-06,0.009283484143521856,1.0000000000021989e-13
1641,0.45583333333331943,250,204,1.4777880542108834e-06,0.009282968394402773,1.0000000000022001e-13
1642,0.4561111111110972,250,204,1.4775308742388241e-06,0.009282452673936417,1.0000000000022014e-13
1643,0.45638888888887497,249,205,1.477273630686166e-06,0.0092819369821212,1.0000000000022028e-13
1644,0.45666666666665273,249,205,1.4770163235371909e-06,0.009281421318955527,1.000000000002204e-13
1645,0.4569444444444305,249,205,1.4767589527761754e-06,0.00928090568443781,1.0000000000022056e-13
1646,0.45722222222220826,249,205,1.476501518387394e-06,0.00928039007856645,1.000000000002207e-13
1647,0.45749999999998603,249,205,1.4762450475954343e-06,0.009279874501339862,1.0000000000022085e-13
1648,0.4577777777777638,248,206,1.4759885133982002e-06,0.009279358952756457,1.0000000000022095e-13
1649,0.45805555555554156,248,206,1.4757319157800176e-06,0.009278843432814637,1.0000000000022107e-13
1650,0.4583333333333193,248,206,1.4754752547252077e-06,0.009278327941512813,1.000000000002212e-13
1651,0.4586111111110971,248,206,1.4752185302180868e-06,0.009277812478849397,1.0000000000022131e-13
1652,0.45888888888887486,248,206,1.4749617422429682e-06,0.009277297044822795,1.0000000000022146e-13
1653,0.4591666666666526,248,206,1.4747048907841609e-06,0.009276781639431415,1.0000000000022159e-13
1654,0.4594444444444304,248,206,1.4744479758259703e-06,0.00927626626267367,1.0000000000022175e-13
1655,0.45972222222220815,248,206,1.4741909973526978e-06,0.009275750914547964,1.0000000000022188e-13
1656,0.4599999999999859,248,206,1.473933955348642e-06,0.009275235595052713,1.00000000000222e-13
1657,0.4602777777777637,248,206,1.4736768497980958e-06,0.009274720304186322,1.0000000000022215e-13
1658,0.46055555555554145,248,206,1.4734196806853502e-06,0.009274205041947202,1.0000000000022229e-13
1659,0.4608333333333192,248,206,1.47316244799469e-06,0.00927368980833376,1.0000000000022241e-13
1660,0.461111111111097,248,206,1.4729059181446578e-06,0.009273174603344408,1.0000000000022256e-13
1661,0.46138888888887475,249,206,1.4726493248747513e-06,0.009272659426977555,1.000000000002227e-13
1662,0.4616666666666525,249,206,1.4723919015761089e-06,0.009272144279231615,1.0000000000022287e-13
1663,0.4619444444444303,249,206,1.472134414636712e-06,0.00927162916010499,1.0000000000022299e-13
1664,0.46222222222220805,249,206,1.4718768640408284e-06,0.009271114069596095,1.0000000000022316e-13
1665,0.4624999999999858,249,206,1.4716202828699506e-06,0.00927059900770334,1.0000000000022328e-13
1666,0.4627777777777636,248,207,1.4713636382665117e-06,0.009270083974425134,1.0000000000022341e-13
1667,0.46305555555554134,248,207,1.4711069302148289e-06,0.009269568969759888,1.0000000000022353e-13
1668,0.4633333333333191,248,207,1.4708501586992168e-06,0.009269053993706013,1.0000000000022366e-13
1669,0.4636111111110969,248,207,1.470593323703985e-06,0.009268539046261919,1.000000000002238e-13
1670,0.46388888888887464,248,207,1.4703364252134405e-06,0.009268024127426016,1.0000000000022393e-13
1671,0.4641666666666524,248,207,1.470079463211886e-06,0.009267509237196714,1.0000000000022406e-13
1672,0.46444444444443017,248,207,1.4698224376836207e-06,0.009266994375572426,1.0000000000022422e-13
1673,0.46472222222220794,248,207,1.4695653486129382e-06,0.009266479542551562,1.0000000000022434e-13
1674,0.4649999999999857,248,207,1.46930819598413e-06,0.00926596473813253,1.0000000000022444e-13
1675,0.46527777777776347,248,207,1.4690509797814821e-06,0.009265449962313745,1.0000000000022461e-13
1676,0.46555555555554123,248,207,1.4687936999892787e-06,0.009264935215093617,1.0000000000022473e-13
1677,0.465833333333319,248,207,1.4685375041286375e-06,0.009264420496470558,1.0000000000022486e-13
1678,0.46611111111109677,247,208,1.4682812449306913e-06,0.009263905806442976,1.0000000000022497e-13
1679,0.46638888888887453,247,208,1.4680249223797826e-06,0.009263391145009283,1.0000000000022513e-13
1680,0.4666666666666523,247,208,1.467768536460249e-06,0.009262876512167896,1.0000000000022525e-13
1681,0.46694444444443006,247,208,1.467512087156424e-06,0.00926236190791722,1.0000000000022539e-13
1682,0.46722222222220783,247,208,1.467255574452638e-06,0.009261847332255671,1.0000000000022554e-13
1683,0.4674999999999856,247,208,1.466998998333217e-06,0.009261332785181658,1.0000000000022568e-13
1684,0.46777777777776336,247,208,1.4667423587824827e-06,0.00926081826669359,1.0000000000022583e-13
1685,0.4680555555555411,247,208,1.466485655784754e-06,0.009260303776789885,1.0000000000022595e-13
1686,0.4683333333333189,247,208,1.4662288893243451e-06,0.009259789315468954,1.0000000000022607e-13
1687,0.46861111111109666,247,208,1.4659733027454986e-06,0.009259274882729207,1.0000000000022622e-13
1688,0.4688888888888744,246,209,1.4657176529799755e-06,0.009258760478569054,1.0000000000022632e-13
1689,0.4691666666666522,246,209,1.4654619400121543e-06,0.009258246102986912,1.0000000000022646e-13
1690,0.46944444444442995,246,209,1.4652061638264109e-06,0.009257731755981193,1.0000000000022659e-13
1691,0.4697222222222077,246,209,1.464951567602443e-06,0.009257217437550301,1.0000000000022674e-13
1692,0.4699999999999855,245,210,1.4646978445036953e-06,0.009256703147692662,1.0000000000022688e-13
1693,0.47027777777776325,244,211,1.4644440586789647e-06,0.009256188886406681,1.0000000000022698e-13
1694,0.470555555555541,244,211,1.4641902103909527e-06,0.009255674653690768,1.0000000000022711e-13
1695,0.4708333333333188,245,211,1.4639372319486745e-06,0.00925516044954334,1.0000000000022726e-13
1696,0.47111111111109655,244,212,1.463684191082996e-06,0.009254646273962813,1.0000000000022742e-13
1697,0.4713888888888743,245,212,1.4634310876599982e-06,0.009254132126947591,1.0000000000022755e-13
1698,0.4716666666666521,245,212,1.463177921664215e-06,0.009253618008496094,1.0000000000022769e-13
1699,0.47194444444442984,245,212,1.4629246930801777e-06,0.009253103918606736,1.0000000000022781e-13
1700,0.4722222222222076,245,212,1.4626714018924122e-06,0.009252589857277924,1.0000000000022791e-13
1701,0.4724999999999854,245,212,1.4624180480854415e-06,0.009252075824508075,1.0000000000022807e-13
1702,0.47277777777776314,245,212,1.4621646316925467e-06,0.0092515618202956,1.0000000000022818e-13
1703,0.4730555555555409,246,212,1.4619111526494927e-06,0.00925104784463892,1.0000000000022833e-13
1704,0.4733333333333187,246,212,1.4616576109407924e-06,0.00925053389753644,1.0000000000022847e-13
1705,0.47361111111109644,246,212,1.4614040065509524e-06,0.009250019978986578,1.0000000000022862e-13
1706,0.4738888888888742,246,212,1.4611503394644773e-06,0.009249506088987745,1.0000000000022881e-13
1707,0.47416666666665197,246,212,1.4608974385404224e-06,0.009248992227538355,1.0000000000022892e-13
1708,0.47444444444442974,245,213,1.460644475093645e-06,0.009248478394636826,1.0000000000022904e-13
1709,0.4747222222222075,245,213,1.4603924411623066e-06,0.009247964590281571,1.0000000000022915e-13
1710,0.47499999999998527,244,214,1.4601403449225853e-06,0.009247450814470998,1.0000000000022928e-13
1711,0.47527777777776303,244,214,1.4598881863590767e-06,0.00924693706720353,1.000000000002294e-13
1712,0.4755555555555408,244,214,1.4596359654563732e-06,0.009246423348477575,1.000000000002295e-13
1713,0.47583333333331856,244,214,1.4593836821990632e-06,0.009245909658291548,1.0000000000022963e-13
1714,0.47611111111109633,244,214,1.4591313365717302e-06,0.009245395996643865,1.0000000000022976e-13
1715,0.4763888888888741,244,214,1.4588789285589563e-06,0.009244882363532938,1.0000000000022988e-13
1716,0.47666666666665186,244,214,1.4586272612044026e-06,0.009244368758957188,1.0000000000023002e-13
1717,0.4769444444444296,243,215,1.4583766642329213e-06,0.009243855182915024,1.0000000000023017e-13
1718,0.4772222222222074,242,216,1.4581260059238102e-06,0.009243341635404863,1.0000000000023031e-13
1719,0.47749999999998516,244,216,1.4578762168669022e-06,0.009242828116425118,1.0000000000023044e-13
1720,0.4777777777777629,243,217,1.4576263660565943e-06,0.009242314625974206,1.0000000000023056e-13
1721,0.4780555555555407,243,217,1.457376453477619e-06,0.00924180116405054,1.0000000000023069e-13
1722,0.47833333333331846,243,217,1.4571264791147065e-06,0.00924128773065254,1.000000000002308e-13
1723,0.4786111111110962,243,217,1.4568764429525822e-06,0.009240774325778613,1.0000000000023098e-13
1724,0.478888888888874,243,217,1.4566263449759683e-06,0.00924026094942718,1.000000000002311e-13
1725,0.47916666666665175,243,217,1.4563761852377482e-06,0.009239747601596657,1.0000000000023125e-13
1726,0.4794444444444295,244,217,1.4561270851117203e-06,0.009239234282285458,1.0000000000023135e-13
1727,0.4797222222222073,243,218,1.455877923402611e-06,0.009238720991491998,1.000000000002315e-13
1728,0.47999999999998505,243,218,1.455628700095196e-06,0.009238207729214694,1.0000000000023164e-13
1729,0.4802777777777628,243,218,1.4553794151742457e-06,0.00923769449545196,1.0000000000023178e-13
1730,0.4805555555555406,243,218,1.455130068624529e-06,0.009237181290202214,1.0000000000023193e-13
1731,0.48083333333331835,243,218,1.454880660430809e-06,0.00923666811346387,1.0000000000023205e-13
1732,0.4811111111110961,243,218,1.4546311905778464e-06,0.009236154965235343,1.0000000000023219e-13
1733,0.4813888888888739,243,218,1.4543816590503973e-06,0.009235641845515053,1.0000000000023234e-13
1734,0.48166666666665164,243,218,1.4541320658332152e-06,0.009235128754301413,1.0000000000023245e-13
1735,0.4819444444444294,243,218,1.4538824109110486e-06,0.00923461569159284,1.0000000000023258e-13
1736,0.4822222222222072,243,218,1.4536326942686426e-06,0.009234102657387755,1.0000000000023271e-13
1737,0.48249999999998494,243,218,1.4533850817548852e-06,0.009233589651684564,1.0000000000023284e-13
1738,0.4827777777777627,241,220,1.4531374080258174e-06,0.009233076674481694,1.00000000000233e-13
1739,0.4830555555555405,241,220,1.4528896730663053e-06,0.009232563725777557,1.0000000000023315e-13
1740,0.48333333333331824,241,220,1.4526418768612114e-06,0.009232050805570569,1.0000000000023325e-13
1741,0.483611111111096,241,220,1.4523940193953944e-06,0.009231537913859151,1.0000000000023342e-13
1742,0.48388888888887377,241,220,1.4521469756361303e-06,0.009231025050641712,1.0000000000023354e-13
1743,0.48416666666665154,240,221,1.451899870802165e-06,0.009230512215916678,1.0000000000023367e-13
1744,0.4844444444444293,240,221,1.4516527048783988e-06,0.009229999409682462,1.0000000000023378e-13
1745,0.48472222222220707,240,221,1.4514054778497291e-06,0.009229486631937478,1.0000000000023391e-13
1746,0.48499999999998483,240,221,1.4511581897010492e-06,0.009228973882680147,1.0000000000023406e-13
1747,0.4852777777777626,240,221,1.450910840417249e-06,0.009228461161908888,1.000000000002342e-13
1748,0.48555555555554036,240,221,1.4506634299832144e-06,0.009227948469622117,1.000000000002343e-13
1749,0.48583333333331813,240,221,1.4504159583838275e-06,0.009227435805818246,1.0000000000023445e-13
1750,0.4861111111110959,240,221,1.4501684256039676e-06,0.009226923170495704,1.0000000000023462e-13
1751,0.48638888888887366,240,221,1.4499208316285092e-06,0.009226410563652898,1.0000000000023474e-13
1752,0.4866666666666514,240,221,1.449674333378275e-06,0.00922589798528825,1.0000000000023484e-13
1753,0.4869444444444292,239,222,1.449427774188201e-06,0.009225385435400179,1.0000000000023501e-13
1754,0.48722222222220696,239,222,1.4491811540432216e-06,0.009224872913987103,1.0000000000023511e-13
1755,0.4874999999999847,239,222,1.4489344729282678e-06,0.009224360421047436,1.0000000000023527e-13
1756,0.4877777777777625,239,222,1.4486877308282663e-06,0.009223847956579602,1.0000000000023542e-13
1757,0.48805555555554025,239,222,1.44844092772814e-06,0.009223335520582012,1.0000000000023556e-13
1758,0.488333333333318,239,222,1.4481940636128086e-06,0.009222823113053093,1.0000000000023571e-13
1759,0.4886111111110958,239,222,1.4479471384671872e-06,0.009222310733991258,1.0000000000023584e-13
1760,0.48888888888887355,239,222,1.447700152276188e-06,0.009221798383394925,1.0000000000023595e-13
1761,0.4891666666666513,239,222,1.4474531050247195e-06,0.009221286061262515,1.000000000002361e-13
1762,0.4894444444444291,239,222,1.4472059966976858e-06,0.009220773767592444,1.0000000000023623e-13
1763,0.48972222222220685,239,222,1.4469588272799875e-06,0.009220261502383134,1.000000000002364e-13
1764,0.4899999999999846,239,222,1.4467127226579748e-06,0.009219749265633,1.000000000002365e-13
1765,0.4902777777777624,238,223,1.4464665571934352e-06,0.009219237057340467,1.0000000000023666e-13
1766,0.49055555555554015,238,223,1.446220330871328e-06,0.00921872487750395,1.0000000000023676e-13
1767,0.4908333333333179,238,223,1.4459740436766078e-06,0.009218212726121862,1.0000000000023693e-13
1768,0.4911111111110957,238,223,1.4457276955942247e-06,0.009217700603192637,1.0000000000023705e-13
1769,0.49138888888887344,238,223,1.4454812866091266e-06,0.009217188508714683,1.000000000002372e-13
1770,0.4916666666666512,238,223,1.4452348167062565e-06,0.009216676442686419,1.0000000000023737e-13
1771,0.491944444444429,238,223,1.4449882858705556e-06,0.00921616440510627,1.000000000002375e-13
1772,0.49222222222220674,238,223,1.4447416940869578e-06,0.009215652395972653,1.0000000000023763e-13
1773,0.4924999999999845,238,223,1.4444950413403976e-06,0.00921514041528399,1.0000000000023776e-13
1774,0.49277777777776227,238,223,1.4442483276158022e-06,0.009214628463038697,1.0000000000023789e-13
1775,0.49305555555554004,238,223,1.4440015528980972e-06,0.009214116539235193,1.0000000000023802e-13
1776,0.4933333333333178,238,223,1.4437547171722035e-06,0.009213604643871906,1.0000000000023815e-13
1777,0.49361111111109557,238,223,1.4435078204230388e-06,0.009213092776947247,1.000000000002383e-13
1778,0.49388888888887333,238,223,1.4432608626355167e-06,0.009212580938459636,1.0000000000023844e-13
1779,0.4941666666666511,238,223,1.4430138437945477e-06,0.009212069128407501,1.0000000000023858e-13
1780,0.49444444444442887,238,223,1.442766763885037e-06,0.009211557346789254,1.0000000000023873e-13
1781,0.49472222222220663,238,223,1.442519622891887e-06,0.009211045593603324,1.0000000000023887e-13
1782,0.4949999999999844,238,223,1.442272420799997e-06,0.009210533868848124,1.00000000000239e-13
1783,0.49527777777776216,238,223,1.4420260976031923e-06,0.009210022172522078,1.0000000000023912e-13
1784,0.49555555555553993,237,224,1.4417797135098244e-06,0.009209510504623604,1.0000000000023927e-13
1785,0.4958333333333177,237,224,1.441533268504839e-06,0.009208998865151126,1.0000000000023937e-13
1786,0.49611111111109546,237,224,1.4412867625731767e-06,0.009208487254103063,1.000000000002395e-13
1787,0.4963888888888732,237,224,1.441040195699776e-06,0.009207975671477832,1.0000000000023961e-13
1788,0.496666666666651,237,224,1.4407935678695707e-06,0.009207464117273861,1.0000000000023979e-13
1789,0.49694444444442876,237,224,1.44054687906749e-06,0.00920695259148957,1.0000000000023987e-13
1790,0.4972222222222065,237,224,1.4403001292784605e-06,0.009206441094123377,1.0000000000024003e-13
1791,0.4974999999999843,237,224,1.4400533184874044e-06,0.009205929625173704,1.0000000000024018e-13
1792,0.49777777777776205,237,224,1.4398064466792421e-06,0.00920541818463897,1.000000000002403e-13
1793,0.4980555555555398,237,224,1.4395595138388882e-06,0.009204906772517604,1.0000000000024042e-13
1794,0.4983333333333176,237,224,1.439312519951254e-06,0.009204395388808018,1.0000000000024055e-13
1795,0.49861111111109535,237,224,1.4390654650012474e-06,0.00920388403350864,1.0000000000024065e-13
1796,0.4988888888888731,237,224,1.4388183489737727e-06,0.00920337270661789,1.0000000000024081e-13
1797,0.4991666666666509,237,224,1.4385711718537296e-06,0.00920286140813419,1.0000000000024094e-13
1798,0.49944444444442865,237,224,1.4383248263043585e-06,0.009202350138055959,1.0000000000024107e-13
1799,0.4997222222222064,236,225,1.4380784198528989e-06,0.009201838896381624,1.0000000000024123e-13
1800,0.4999999999999842,236,225,1.4378319524842946e-06,0.009201327683109606,1.000000000002414e-13
1801,0.500277777777762,236,225,1.437585424516512e-06,0.009200816498238321,1.0000000000024155e-13
1802,0.5005555555555398,237,225,1.4373388356015437e-06,0.009200305341766196,1.0000000000024167e-13
1803,0.5008333333333176,237,225,1.437092185724321e-06,0.009199794213691655,1.0000000000024181e-13
1804,0.5011111111110954,237,225,1.4368454748697726e-06,0.009199283114013116,1.0000000000024194e-13
1805,0.5013888888888732,237,225,1.4365987030228237e-06,0.009198772042729004,1.0000000000024206e-13
1806,0.501666666666651,237,225,1.4363518701683961e-06,0.009198260999837742,1.0000000000024219e-13
1807,0.5019444444444289,237,225,1.436104976291407e-06,0.00919774998533775,1.000000000002423e-13
1808,0.5022222222222067,237,225,1.4358580213767702e-06,0.009197238999227454,1.0000000000024243e-13
1809,0.5024999999999845,237,225,1.435611005409396e-06,0.009196728041505276,1.0000000000024258e-13
1810,0.5027777777777623,237,225,1.435363928374191e-06,0.009196217112169638,1.0000000000024272e-13
1811,0.5030555555555402,237,225,1.4351167902560574e-06,0.009195706211218962,1.0000000000024285e-13
1812,0.503333333333318,237,225,1.434869591039895e-06,0.00919519533865167,1.0000000000024298e-13
1813,0.5036111111110958,237,225,1.4346223307105974e-06,0.00919468449446619,1.0000000000024311e-13
1814,0.5038888888888736,237,225,1.4343750092530575e-06,0.009194173678660943,1.0000000000024324e-13
1815,0.5041666666666514,237,225,1.4341291553466835e-06,0.009193662891234354,1.0000000000024339e-13
1816,0.5044444444444293,236,226,1.4338832406597655e-06,0.009193152132184839,1.000000000002435e-13
1817,0.5047222222222071,236,226,1.433637265177278e-06,0.009192641401510831,1.0000000000024363e-13
1818,0.5049999999999849,236,226,1.4333912288841904e-06,0.009192130699210745,1.0000000000024375e-13
1819,0.5052777777777627,236,226,1.4331451317654688e-06,0.009191620025283011,1.000000000002439e-13
1820,0.5055555555555405,236,226,1.4328989738060766e-06,0.009191109379726052,1.0000000000024402e-13
1821,0.5058333333333184,236,226,1.4326527549909714e-06,0.00919059876253829,1.0000000000024417e-13
1822,0.5061111111110962,236,226,1.4324064753051084e-06,0.009190088173718148,1.000000000002443e-13
1823,0.506388888888874,236,226,1.4321601347334404e-06,0.009189577613264052,1.0000000000024444e-13
1824,0.5066666666666518,236,226,1.4319137332609136e-06,0.009189067081174429,1.0000000000024454e-13
1825,0.5069444444444297,236,226,1.431667270872473e-06,0.009188556577447696,1.0000000000024466e-13
1826,0.5072222222222075,236,226,1.4314207475530583e-06,0.009188046102082284,1.0000000000024479e-13
1827,0.5074999999999853,236,226,1.431174163287606e-06,0.009187535655076611,1.0000000000024492e-13
1828,0.5077777777777631,236,226,1.4309275180610497e-06,0.009187025236429107,1.0000000000024508e-13
1829,0.5080555555555409,236,226,1.4306808118583185e-06,0.009186514846138196,1.000000000002452e-13
1830,0.5083333333333188,236,226,1.4304340446643372e-06,0.0091860044842023,1.0000000000024533e-13
1831,0.5086111111110966,236,226,1.4301872164640274e-06,0.009185494150619844,1.0000000000024545e-13
1832,0.5088888888888744,236,226,1.4299403272423068e-06,0.009184983845389252,1.0000000000024564e-13
1833,0.5091666666666522,236,226,1.4296933769840896e-06,0.009184473568508954,1.0000000000024579e-13
1834,0.50944444444443,236,226,1.429446365674286e-06,0.00918396331997737,1.0000000000024595e-13
1835,0.5097222222222079,236,226,1.4291992932978035e-06,0.009183453099792929,1.0000000000024605e-13
1836,0.5099999999999857,236,226,1.4289521598395443e-06,0.009182942907954052,1.0000000000024619e-13
1837,0.5102777777777635,236,226,1.4287049652844083e-06,0.009182432744459165,1.000000000002463e-13
1838,0.5105555555555413,236,226,1.4284577096172907e-06,0.009181922609306694,1.0000000000024644e-13
1839,0.5108333333333192,236,226,1.4282103928230828e-06,0.009181412502495068,1.0000000000024657e-13
1840,0.511111111111097,236,226,1.4279630148866726e-06,0.009180902424022707,1.0000000000024671e-13
1841,0.5113888888888748,236,226,1.4277155757929446e-06,0.00918039237388804,1.0000000000024686e-13
1842,0.5116666666666526,236,226,1.4274695051931251e-06,0.00917988235208949,1.0000000000024696e-13
1843,0.5119444444444304,235,227,1.4272233737591904e-06,0.009179372358625483,1.000000000002471e-13
1844,0.5122222222222083,235,227,1.426977181476101e-06,0.00917886239349445,1.0000000000024723e-13
1845,0.5124999999999861,235,227,1.4267309283288137e-06,0.009178352456694813,1.0000000000024738e-13
1846,0.5127777777777639,235,227,1.426484614302282e-06,0.009177842548224997,1.0000000000024752e-13
1847,0.5130555555555417,235,227,1.4262382393814548e-06,0.00917733266808343,1.0000000000024764e-13
1848,0.5133333333333195,235,227,1.4259918035512774e-06,0.009176822816268537,1.0000000000024777e-13
1849,0.5136111111110974,235,227,1.4257453067966914e-06,0.009176312992778744,1.0000000000024787e-13
1850,0.5138888888888752,235,227,1.4254987491026352e-06,0.00917580319761248,1.0000000000024802e-13
1851,0.514166666666653,235,227,1.4252521304540433e-06,0.009175293430768167,1.0000000000024812e-13
1852,0.5144444444444308,235,227,1.425006420343463e-06,0.009174783692244235,1.0000000000024826e-13
1853,0.5147222222222086,234,228,1.4247606494878886e-06,0.00917427398203911,1.0000000000024841e-13
1854,0.5149999999999865,234,228,1.4245148178723024e-06,0.009173764300151219,1.0000000000024855e-13
1855,0.5152777777777643,234,228,1.4242689254816834e-06,0.009173254646578989,1.0000000000024872e-13
1856,0.5155555555555421,234,228,1.4240229723010069e-06,0.009172745021320847,1.0000000000024887e-13
1857,0.5158333333333199,234,228,1.4237778180751638e-06,0.009172235424375218,1.0000000000024899e-13
1858,0.5161111111110978,233,229,1.4235326032417536e-06,0.009171725855740531,1.0000000000024911e-13
1859,0.5163888888888756,233,229,1.4232873277857928e-06,0.009171216315415212,1.0000000000024922e-13
1860,0.5166666666666534,233,229,1.4230431581043437e-06,0.00917070680339769,1.0000000000024933e-13
1861,0.5169444444444312,232,230,1.4227989280587293e-06,0.009170197319686388,1.0000000000024946e-13
1862,0.517222222222209,232,230,1.4225546376340256e-06,0.00916968786427974,1.0000000000024961e-13
1863,0.5174999999999869,232,230,1.4223102868153056e-06,0.00916917843717617,1.0000000000024974e-13
1864,0.5177777777777647,232,230,1.4220658755876387e-06,0.009168669038374105,1.0000000000024985e-13
1865,0.5180555555555425,232,230,1.4218223365387555e-06,0.009168159667871975,1.0000000000025003e-13
1866,0.5183333333333203,231,231,1.4215787372816125e-06,0.009167650325668202,1.0000000000025014e-13
1867,0.5186111111110981,231,231,1.4213350778013257e-06,0.00916714101176122,1.0000000000025029e-13
1868,0.518888888888876,231,231,1.4210913580830063e-06,0.009166631726149456,1.0000000000025042e-13
1869,0.5191666666666538,231,231,1.420847578111762e-06,0.009166122468831339,1.0000000000025056e-13
1870,0.5194444444444316,231,231,1.4206037378726967e-06,0.009165613239805291,1.0000000000025071e-13
1871,0.5197222222222094,231,231,1.4203598373509104e-06,0.009165104039069748,1.0000000000025081e-13
1872,0.5199999999999873,231,231,1.4201158765315008e-06,0.009164594866623134,1.0000000000025094e-13
1873,0.5202777777777651,231,231,1.4198718553995603e-06,0.009164085722463876,1.0000000000025105e-13
1874,0.5205555555555429,231,231,1.4196291433447192e-06,0.009163576606590406,1.000000000002512e-13
1875,0.5208333333333207,230,232,1.4193863712860694e-06,0.009163067519001153,1.0000000000025134e-13
1876,0.5211111111110985,230,232,1.4191446620529399e-06,0.009162558459694542,1.0000000000025147e-13
1877,0.5213888888888764,229,233,1.4189028930639219e-06,0.009162049428669002,1.0000000000025162e-13
1878,0.5216666666666542,229,233,1.4186619293937504e-06,0.009161540425922966,1.0000000000025176e-13
1879,0.521944444444432,228,234,1.4184209061520105e-06,0.009161031451454858,1.0000000000025188e-13
1880,0.5222222222222098,228,234,1.4181798233239742e-06,0.009160522505263113,1.0000000000025201e-13
1881,0.5224999999999876,228,234,1.4179386808949106e-06,0.009160013587346154,1.0000000000025211e-13
1882,0.5227777777777655,228,234,1.4176986516226146e-06,0.00915950469770241,1.0000000000025225e-13
1883,0.5230555555555433,227,235,1.4174585630097543e-06,0.009158995836330317,1.000000000002524e-13
1884,0.5233333333333211,227,235,1.417218415041659e-06,0.0091584870032283,1.000000000002525e-13
1885,0.5236111111110989,227,235,1.4169782077036542e-06,0.009157978198394787,1.0000000000025267e-13
1886,0.5238888888888767,227,235,1.4167379409810625e-06,0.009157469421828211,1.0000000000025282e-13
1887,0.5241666666666546,227,235,1.4164976148592028e-06,0.009156960673526997,1.0000000000025296e-13
1888,0.5244444444444324,227,235,1.4162582690817002e-06,0.009156451953489578,1.0000000000025311e-13
1889,0.5247222222222102,226,236,1.4160188641326078e-06,0.009155943261714388,1.0000000000025322e-13
1890,0.524999999999988,226,236,1.415779399997298e-06,0.009155434598199846,1.0000000000025335e-13
1891,0.5252777777777659,226,236,1.4155398766611377e-06,0.009154925962944392,1.000000000002535e-13
1892,0.5255555555555437,226,236,1.4153002941094907e-06,0.00915441735594645,1.0000000000025364e-13
1893,0.5258333333333215,226,236,1.4150606523277177e-06,0.009153908777204452,1.0000000000025379e-13
1894,0.5261111111110993,226,236,1.4148209513011766e-06,0.00915340022671683,1.0000000000025393e-13
1895,0.5263888888888771,226,236,1.41458119101522e-06,0.009152891704482012,1.0000000000025405e-13
1896,0.526666666666655,226,236,1.4143413714551989e-06,0.009152383210498431,1.0000000000025422e-13
1897,0.5269444444444328,226,236,1.4141014926064585e-06,0.009151874744764515,1.0000000000025434e-13
1898,0.5272222222222106,226,236,1.4138615544543417e-06,0.009151366307278695,1.0000000000025447e-13
1899,0.5274999999999884,226,236,1.4136215569841874e-06,0.009150857898039402,1.000000000002546e-13
1900,0.5277777777777662,226,236,1.41338150018133e-06,0.009150349517045067,1.0000000000025471e-13
1901,0.5280555555555441,226,236,1.413141384031102e-06,0.00914984116429412,1.0000000000025486e-13
1902,0.5283333333333219,226,236,1.4129012085188308e-06,0.009149332839784993,1.0000000000025499e-13
1903,0.5286111111110997,226,236,1.4126609736298408e-06,0.009148824543516116,1.0000000000025511e-13
1904,0.5288888888888775,226,236,1.4124206793494531e-06,0.009148316275485922,1.0000000000025522e-13
1905,0.5291666666666553,226,236,1.412180325662985e-06,0.009147808035692838,1.0000000000025538e-13
1906,0.5294444444444332,226,236,1.4119399125557499e-06,0.009147299824135301,1.0000000000025548e-13
1907,0.529722222222211,226,236,1.4117004240070888e-06,0.009146791640811738,1.0000000000025563e-13
1908,0.5299999999999888,225,237,1.4114608762515416e-06,0.009146283485720582,1.0000000000025577e-13
1909,0.5302777777777666,225,237,1.411221269274472e-06,0.009145775358860266,1.0000000000025593e-13
1910,0.5305555555555445,225,237,1.4109816030612381e-06,0.00914526726022922,1.0000000000025606e-13
1911,0.5308333333333223,225,237,1.4107418775971958e-06,0.009144759189825873,1.0000000000025619e-13
1912,0.5311111111111001,225,237,1.4105031269869221e-06,0.00914425114764866,1.0000000000025631e-13
1913,0.5313888888888779,224,238,1.4102643173521975e-06,0.009143743133696012,1.0000000000025641e-13
1914,0.5316666666666557,224,238,1.4100254486784292e-06,0.009143235147966364,1.0000000000025654e-13
1915,0.5319444444444336,224,238,1.409786520951022e-06,0.009142727190458144,1.0000000000025665e-13
1916,0.5322222222222114,224,238,1.4095475341553766e-06,0.009142219261169785,1.0000000000025678e-13
1917,0.5324999999999892,224,238,1.4093084882768894e-06,0.009141711360099718,1.0000000000025693e-13
1918,0.532777777777767,224,238,1.4090693833009542e-06,0.009141203487246383,1.0000000000025707e-13
1919,0.5330555555555448,224,238,1.4088302192129608e-06,0.0091406956426082,1.0000000000025722e-13
1920,0.5333333333333227,224,238,1.4085909959982952e-06,0.009140187826183614,1.0000000000025736e-13
1921,0.5336111111111005,224,238,1.4083517136423407e-06,0.009139680037971047,1.0000000000025751e-13
1922,0.5338888888888783,224,238,1.408112372130475e-06,0.009139172277968937,1.0000000000025763e-13
1923,0.5341666666666561,224,238,1.4078729714480743e-06,0.00913866454617572,1.0000000000025775e-13
1924,0.534444444444434,224,238,1.4076335115805104e-06,0.009138156842589819,1.0000000000025788e-13
1925,0.5347222222222118,224,238,1.4073939925131504e-06,0.009137649167209678,1.00000000000258e-13
1926,0.5349999999999896,224,238,1.4071544142313595e-06,0.009137141520033719,1.0000000000025814e-13
1927,0.5352777777777674,224,238,1.4069147767204988e-06,0.009136633901060386,1.0000000000025827e-13
1928,0.5355555555555452,224,238,1.4066750799659252e-06,0.009136126310288106,1.0000000000025842e-13
1929,0.5358333333333231,224,238,1.4064353239529922e-06,0.009135618747715311,1.0000000000025856e-13
1930,0.5361111111111009,224,238,1.4061955086670503e-06,0.00913511121334044,1.0000000000025871e-13
1931,0.5363888888888787,224,238,1.4059556340934461e-06,0.009134603707161919,1.0000000000025885e-13
1932,0.5366666666666565,224,238,1.4057164665562615e-06,0.009134096229178186,1.00000000000259e-13
1933,0.5369444444444343,225,238,1.4054764734878436e-06,0.00913358877938768,1.000000000002591e-13
1934,0.5372222222222122,225,238,1.4052364210878117e-06,0.009133081357788826,1.0000000000025923e-13
1935,0.53749999999999,225,238,1.4049963093414965e-06,0.009132573964380058,1.0000000000025937e-13
1936,0.5377777777777678,225,238,1.4047561382342275e-06,0.009132066599159815,1.0000000000025952e-13
1937,0.5380555555555456,225,238,1.4045159077513282e-06,0.009131559262126531,1.0000000000025963e-13
1938,0.5383333333333234,225,238,1.4042756178781205e-06,0.009131051953278633,1.0000000000025978e-13
1939,0.5386111111111013,225,238,1.4040352688322e-06,0.009130544672614564,1.0000000000025989e-13
1940,0.5388888888888791,226,238,1.4037948603666588e-06,0.00913003742013275,1.0000000000026005e-13
1941,0.5391666666666569,226,238,1.4035543924668078e-06,0.009129530195831634,1.0000000000026018e-13
1942,0.5394444444444347,226,238,1.4033138651179538e-06,0.009129022999709644,1.0000000000026031e-13
1943,0.5397222222222126,226,238,1.4030732783053996e-06,0.009128515831765213,1.0000000000026047e-13
1944,0.5399999999999904,226,238,1.4028326320144444e-06,0.009128008691996784,1.0000000000026059e-13
1945,0.5402777777777682,226,238,1.4025919262303841e-06,0.009127501580402785,1.0000000000026069e-13
1946,0.540555555555546,226,238,1.4023523952820742e-06,0.009126994496981651,1.0000000000026083e-13
1947,0.5408333333333238,225,239,1.4021128051163962e-06,0.009126487441731819,1.0000000000026096e-13
1948,0.5411111111111017,225,239,1.4018731557187108e-06,0.009125980414651723,1.0000000000026108e-13
1949,0.5413888888888795,225,239,1.4016334470743743e-06,0.009125473415739799,1.0000000000026124e-13
1950,0.5416666666666573,225,239,1.4013936791687396e-06,0.00912496644499448,1.0000000000026137e-13
1951,0.5419444444444351,225,239,1.401153851987156e-06,0.009124459502414204,1.000000000002615e-13
1952,0.542222222222213,225,239,1.4009152734483161e-06,0.009123952587997402,1.0000000000026167e-13
1953,0.5424999999999908,224,240,1.400677725145909e-06,0.009123445701742514,1.0000000000026179e-13
1954,0.5427777777777686,223,241,1.400440118116288e-06,0.009122938843647973,1.0000000000026192e-13
1955,0.5430555555555464,223,241,1.4002024523449336e-06,0.009122432013712215,1.0000000000026206e-13
1956,0.5433333333333242,223,241,1.39996573993455e-06,0.009121925211933677,1.0000000000026221e-13
1957,0.543611111111102,222,242,1.3997289690036038e-06,0.00912141843831079,1.0000000000026232e-13
1958,0.5438888888888799,222,242,1.3994921395376271e-06,0.009120911692841996,1.0000000000026247e-13
1959,0.5441666666666577,222,242,1.3992552515221493e-06,0.009120404975525727,1.000000000002626e-13
1960,0.5444444444444355,222,242,1.3990183049426953e-06,0.00911989828636042,1.0000000000026274e-13
1961,0.5447222222222133,222,242,1.3987812997847865e-06,0.009119391625344512,1.0000000000026286e-13
1962,0.5449999999999912,222,242,1.3985442360339404e-06,0.009118884992476435,1.0000000000026299e-13
1963,0.545277777777769,222,242,1.3983071136756721e-06,0.009118378387754634,1.0000000000026312e-13
1964,0.5455555555555468,222,242,1.398069932695493e-06,0.009117871811177534,1.0000000000026326e-13
1965,0.5458333333333246,222,242,1.3978326930789112e-06,0.009117365262743583,1.0000000000026338e-13
1966,0.5461111111111024,222,242,1.3975953948114285e-06,0.009116858742451207,1.0000000000026352e-13
1967,0.5463888888888803,222,242,1.3973580379466096e-06,0.00911635225029885,1.0000000000026365e-13
1968,0.5466666666666581,223,242,1.3971227998587444e-06,0.009115845786284944,1.0000000000026377e-13
1969,0.5469444444444359,223,243,1.396887863112543e-06,0.00911533935040793,1.0000000000026392e-13
1970,0.5472222222222137,222,244,1.3966528682847617e-06,0.00911483294266624,1.0000000000026406e-13
1971,0.5474999999999915,222,244,1.396417815361043e-06,0.009114326563058316,1.0000000000026419e-13
1972,0.5477777777777694,222,244,1.3961827043270231e-06,0.00911382021158259,1.0000000000026433e-13
1973,0.5480555555555472,222,244,1.3959475351683357e-06,0.009113313888237502,1.0000000000026448e-13
1974,0.548333333333325,222,244,1.3957123078706121e-06,0.009112807593021488,1.0000000000026464e-13
1975,0.5486111111111028,222,244,1.3954770224194792e-06,0.009112301325932989,1.0000000000026477e-13
1976,0.5488888888888807,222,244,1.3952428383132374e-06,0.009111795086970437,1.000000000002649e-13
1977,0.5491666666666585,221,245,1.3950097161066593e-06,0.009111288876132273,1.0000000000026504e-13
1978,0.5494444444444363,220,246,1.394776536267096e-06,0.00911078269341693,1.000000000002652e-13
1979,0.5497222222222141,220,246,1.3945432987803006e-06,0.009110276538822853,1.0000000000026533e-13
1980,0.5499999999999919,220,246,1.3943100036320207e-06,0.009109770412348474,1.0000000000026546e-13
1981,0.5502777777777698,220,246,1.3940766508080007e-06,0.009109264313992232,1.0000000000026562e-13
1982,0.5505555555555476,220,246,1.393843240293982e-06,0.009108758243752567,1.0000000000026574e-13
1983,0.5508333333333254,220,246,1.393609772075703e-06,0.009108252201627916,1.0000000000026588e-13
1984,0.5511111111111032,220,246,1.3933762461388972e-06,0.009107746187616714,1.0000000000026603e-13
1985,0.551388888888881,220,246,1.3931426624692954e-06,0.009107240201717402,1.0000000000026617e-13
1986,0.5516666666666589,220,246,1.3929090210526262e-06,0.009106734243928416,1.000000000002663e-13
1987,0.5519444444444367,220,246,1.3926761241400487e-06,0.0091062283142482,1.0000000000026642e-13
1988,0.5522222222222145,219,247,1.392443169650184e-06,0.009105722412675188,1.0000000000026655e-13
1989,0.5524999999999923,219,247,1.3922112974722723e-06,0.009105216539207815,1.0000000000026669e-13
1990,0.5527777777777702,218,248,1.391980220113353e-06,0.009104710693844525,1.0000000000026684e-13
1991,0.553055555555548,217,249,1.3917490856269808e-06,0.009104204876583756,1.0000000000026698e-13
1992,0.5533333333333258,217,249,1.3915178939990319e-06,0.009103699087423948,1.0000000000026712e-13
1993,0.5536111111111036,217,249,1.3912866452153802e-06,0.009103193326363536,1.000000000002673e-13
1994,0.5538888888888814,217,249,1.3910553392618956e-06,0.00910268759340096,1.0000000000026741e-13
1995,0.5541666666666593,217,249,1.3908239761244446e-06,0.009102181888534662,1.0000000000026753e-13
1996,0.5544444444444371,217,249,1.3905925557888897e-06,0.009101676211763075,1.000000000002677e-13
1997,0.5547222222222149,217,249,1.3903610782410905e-06,0.009101170563084647,1.0000000000026782e-13
1998,0.5549999999999927,217,249,1.3901295434669031e-06,0.009100664942497807,1.0000000000026795e-13
1999,0.5552777777777705,217,249,1.3898979514521793e-06,0.009100159350001002,1.0000000000026808e-13
2000,0.5555555555555484,217,249,1.3896663021827685e-06,0.009099653785592668,1.000000000002682e-13
2001,0.5558333333333262,217,249,1.389435703600151e-06,0.009099148249271249,1.0000000000026834e-13
2002,0.556111111111104,216,250,1.3892058145390493e-06,0.00909864274103518,1.0000000000026849e-13
2003,0.5563888888888818,217,250,1.3889758686442688e-06,0.009098137260882896,1.0000000000026863e-13
2004,0.5566666666666596,217,250,1.3887450993085779e-06,0.00909763180881285,1.0000000000026878e-13
2005,0.5569444444444375,217,250,1.388514272921585e-06,0.009097126384823472,1.000000000002689e-13
2006,0.5572222222222153,217,250,1.3882833894691844e-06,0.009096620988913203,1.0000000000026901e-13
2007,0.5574999999999931,217,250,1.388052448937268e-06,0.009096115621080484,1.0000000000026918e-13
2008,0.5577777777777709,217,250,1.3878214513117247e-06,0.00909561028132376,1.0000000000026929e-13
2009,0.5580555555555488,217,250,1.3875903965784413e-06,0.009095104969641464,1.0000000000026941e-13
2010,0.5583333333333266,217,250,1.3873601451210302e-06,0.00909459968603204,1.0000000000026957e-13
2011,0.5586111111111044,216,251,1.3871298367403473e-06,0.009094094430493926,1.0000000000026967e-13
2012,0.5588888888888822,216,251,1.3868994714223197e-06,0.009093589203025568,1.000000000002698e-13
2013,0.55916666666666,216,251,1.3866707317323174e-06,0.0090930840036254,1.0000000000026992e-13
2014,0.5594444444444379,216,252,1.3864411690890769e-06,0.009092578832291866,1.0000000000027003e-13
2015,0.5597222222222157,216,252,1.3862115496928543e-06,0.009092073689023403,1.0000000000027018e-13
2016,0.5599999999999935,216,252,1.3859818735296194e-06,0.009091568573818461,1.0000000000027032e-13
2017,0.5602777777777713,216,252,1.3857521405853387e-06,0.009091063486675469,1.0000000000027045e-13
2018,0.5605555555555491,216,252,1.3855223508459732e-06,0.009090558427592876,1.000000000002706e-13
2019,0.560833333333327,216,252,1.385293332967171e-06,0.00909005339656912,1.0000000000027073e-13
2020,0.5611111111111048,215,253,1.3850642584700652e-06,0.009089548393602645,1.0000000000027084e-13
2021,0.5613888888888826,215,253,1.3848351273406586e-06,0.009089043418691892,1.0000000000027097e-13
2022,0.5616666666666604,215,253,1.384605939564951e-06,0.009088538471835297,1.0000000000027112e-13
2023,0.5619444444444383,215,253,1.3843774615233642e-06,0.009088033553031305,1.0000000000027124e-13
2024,0.5622222222222161,216,253,1.3841481605932253e-06,0.00908752866227836,1.0000000000027136e-13
2025,0.5624999999999939,216,253,1.3839198577476238e-06,0.009087023799574902,1.0000000000027151e-13
2026,0.5627777777777717,215,254,1.3836914984604916e-06,0.009086518964919368,1.0000000000027164e-13
2027,0.5630555555555495,215,254,1.3834630827178739e-06,0.009086014158310209,1.0000000000027178e-13
2028,0.5633333333333274,215,254,1.383234610505813e-06,0.009085509379745858,1.000000000002719e-13
2029,0.5636111111111052,215,254,1.3830060818103504e-06,0.00908500462922476,1.0000000000027203e-13
2030,0.563888888888883,215,254,1.3827774966175207e-06,0.009084499906745359,1.0000000000027215e-13
2031,0.5641666666666608,215,254,1.3825488549133563e-06,0.009083995212306096,1.0000000000027227e-13
2032,0.5644444444444386,215,254,1.3823201566838874e-06,0.009083490545905413,1.0000000000027242e-13
2033,0.5647222222222165,215,254,1.3820914019151381e-06,0.00908298590754175,1.0000000000027255e-13
2034,0.5649999999999943,215,254,1.381862590593131e-06,0.009082481297213554,1.0000000000027268e-13
2035,0.5652777777777721,215,254,1.3816337227038856e-06,0.009081976714919265,1.0000000000027284e-13
2036,0.5655555555555499,215,254,1.3814047982334165e-06,0.009081472160657324,1.0000000000027295e-13
2037,0.5658333333333277,215,254,1.3811758171677352e-06,0.009080967634426177,1.0000000000027308e-13
2038,0.5661111111111056,215,254,1.3809467794928514e-06,0.009080463136224265,1.000000000002732e-13
2039,0.5663888888888834,215,254,1.38071768519477e-06,0.00907995866605003,1.0000000000027335e-13
2040,0.5666666666666612,215,254,1.3804885342594918e-06,0.009079454223901917,1.0000000000027347e-13
2041,0.566944444444439,215,254,1.3802593266730162e-06,0.009078949809778367,1.0000000000027362e-13
2042,0.5672222222222169,215,254,1.3800300624213365e-06,0.009078445423677825,1.0000000000027374e-13
2043,0.5674999999999947,215,254,1.3798007414904451e-06,0.009077941065598734,1.0000000000027387e-13
2044,0.5677777777777725,215,254,1.3795713638663289e-06,0.009077436735539533,1.0000000000027398e-13
2045,0.5680555555555503,215,254,1.379341929534972e-06,0.00907693243349867,1.0000000000027416e-13
2046,0.5683333333333281,215,254,1.379112438482355e-06,0.009076428159474586,1.0000000000027427e-13
2047,0.568611111111106,215,254,1.3788828906944554e-06,0.009075923913465728,1.0000000000027443e-13
2048,0.5688888888888838,215,254,1.3786532863853472e-06,0.009075419695470537,1.0000000000027456e-13
2049,0.5691666666666616,216,254,1.378423625312956e-06,0.009074915505487452,1.0000000000027467e-13
2050,0.5694444444444394,216,254,1.3781939074632495e-06,0.009074411343514928,1.0000000000027482e-13
2051,0.5697222222222172,216,254,1.3779649205458475e-06,0.009073907209551398,1.0000000000027494e-13
2052,0.5699999999999951,215,255,1.3777358770177957e-06,0.00907340310359531,1.0000000000027507e-13
2053,0.5702777777777729,215,255,1.3775067768650988e-06,0.009072899025645113,1.0000000000027518e-13
2054,0.5705555555555507,215,255,1.3772776200737584e-06,0.009072394975699245,1.0000000000027531e-13
2055,0.5708333333333285,215,255,1.3770484066297721e-06,0.009071890953756148,1.0000000000027546e-13
2056,0.5711111111111064,215,255,1.376819136519134e-06,0.009071386959814276,1.000000000002756e-13
2057,0.5713888888888842,215,255,1.3765898097278352e-06,0.009070882993872063,1.0000000000027573e-13
2058,0.571666666666662,215,255,1.376360426241862e-06,0.009070379055927957,1.0000000000027585e-13
2059,0.5719444444444398,215,255,1.3761309860471994e-06,0.009069875145980408,1.0000000000027599e-13
2060,0.5722222222222176,215,255,1.3759014891298275e-06,0.009069371264027853,1.0000000000027614e-13
2061,0.5724999999999955,215,255,1.375671935571641e-06,0.00906886741006874,1.0000000000027627e-13
2062,0.5727777777777733,216,255,1.3754423252627178e-06,0.009068363584101515,1.0000000000027638e-13
2063,0.5730555555555511,216,255,1.3752126581890293e-06,0.009067859786124623,1.0000000000027651e-13
2064,0.5733333333333289,216,255,1.3749829343365411e-06,0.009067356016136504,1.0000000000027666e-13
2065,0.5736111111111067,216,255,1.3747531536912172e-06,0.009066852274135607,1.000000000002768e-13
2066,0.5738888888888846,216,255,1.3745233162390173e-06,0.009066348560120377,1.0000000000027692e-13
2067,0.5741666666666624,216,255,1.3742934219658963e-06,0.00906584487408926,1.0000000000027705e-13
2068,0.5744444444444402,216,255,1.374063470857808e-06,0.0090653412160407,1.0000000000027718e-13
2069,0.574722222222218,216,255,1.3738334629007005e-06,0.009064837585973142,1.0000000000027732e-13
2070,0.5749999999999958,216,255,1.3736033980805203e-06,0.009064333983885032,1.0000000000027744e-13
2071,0.5752777777777737,216,255,1.373373276383209e-06,0.009063830409774818,1.0000000000027758e-13
2072,0.5755555555555515,216,255,1.3731430977947062e-06,0.009063326863640942,1.0000000000027771e-13
2073,0.5758333333333293,216,255,1.3729128623009475e-06,0.009062823345481849,1.0000000000027786e-13
2074,0.5761111111111071,216,255,1.3726825698878637e-06,0.00906231985529599,1.0000000000027798e-13
2075,0.576388888888885,216,255,1.372452220541383e-06,0.009061816393081809,1.0000000000027812e-13
2076,0.5766666666666628,216,255,1.3722218142474299e-06,0.009061312958837745,1.0000000000027822e-13
2077,0.5769444444444406,216,255,1.3719913509919259e-06,0.009060809552562258,1.0000000000027835e-13
2078,0.5772222222222184,216,255,1.371760830760789e-06,0.009060306174253782,1.0000000000027845e-13
2079,0.5774999999999962,216,255,1.3715302535399334e-06,0.009059802823910768,1.000000000002786e-13
2080,0.5777777777777741,216,255,1.371299619315271e-06,0.009059299501531663,1.0000000000027874e-13
2081,0.5780555555555519,216,255,1.3710689280727077e-06,0.009058796207114911,1.000000000002789e-13
2082,0.5783333333333297,216,255,1.3708381797981475e-06,0.00905829294065896,1.0000000000027903e-13
2083,0.5786111111111075,216,255,1.370607374477491e-06,0.009057789702162256,1.0000000000027918e-13
2084,0.5788888888888853,216,255,1.3703765120966358e-06,0.009057286491623249,1.000000000002793e-13
2085,0.5791666666666632,216,255,1.3701455926414746e-06,0.00905678330904038,1.0000000000027942e-13
2086,0.579444444444441,216,255,1.3699153824923416e-06,0.0090562801544121,1.0000000000027958e-13
2087,0.5797222222222188,217,255,1.3696843490264408e-06,0.009055777027736857,1.0000000000027971e-13
2088,0.5799999999999966,217,255,1.369453258443938e-06,0.009055273929013091,1.0000000000027982e-13
2089,0.5802777777777745,217,255,1.3692221107307136e-06,0.00905477085823926,1.0000000000027997e-13
2090,0.5805555555555523,217,255,1.3689909058726433e-06,0.0090542678154138,1.0000000000028007e-13
2091,0.5808333333333301,217,255,1.368759643855599e-06,0.009053764800535168,1.0000000000028017e-13
2092,0.5811111111111079,217,255,1.3685291696765544e-06,0.009053261813601806,1.0000000000028032e-13
2093,0.5813888888888857,216,256,1.3682994777018426e-06,0.00905275885461216,1.0000000000028045e-13
2094,0.5816666666666636,215,257,1.3680697289421757e-06,0.009052255923564682,1.0000000000028061e-13
2095,0.5819444444444414,215,257,1.3678399233835146e-06,0.009051753020457819,1.0000000000028071e-13
2096,0.5822222222222192,215,257,1.3676100610118185e-06,0.009051250145290016,1.0000000000028084e-13
2097,0.582499999999997,215,257,1.367380141813041e-06,0.00905074729805972,1.0000000000028098e-13
2098,0.5827777777777748,215,257,1.3671501657731342e-06,0.009050244478765386,1.0000000000028114e-13
2099,0.5830555555555527,215,257,1.3669201328780447e-06,0.009049741687405457,1.000000000002813e-13
2100,0.5833333333333305,215,257,1.3666900431137163e-06,0.009049238923978376,1.0000000000028143e-13
2101,0.5836111111111083,215,257,1.3664598964660904e-06,0.009048736188482601,1.000000000002816e-13
2102,0.5838888888888861,215,257,1.3662296929211037e-06,0.009048233480916573,1.0000000000028172e-13
2103,0.584166666666664,215,257,1.3659994324646905e-06,0.02024195469545102,1.0000000000028185e-13
2104,0.5844444444444418,215,256,1.3657691150827807e-06,0.020240830142412385,1.0000000000028197e-13
2105,0.5847222222222196,215,256,1.3655395838945788e-06,0.02023970565184892,1.0000000000028211e-13
2106,0.5849999999999974,214,257,1.3653099959611715e-06,0.02023858122375715,1.0000000000028224e-13
2107,0.5852777777777752,214,257,1.3650803512685307e-06,0.033786396455224084,1.0000000000028239e-13
2108,0.585555555555553,214,256,1.3648506498026235e-06,0.03378451943319879,1.000000000002825e-13
2109,0.5858333333333309,214,256,1.3646208915494143e-06,0.0337826425154525,1.0000000000028266e-13
2110,0.5861111111111087,214,256,1.3643910764948642e-06,0.03378076570197942,1.0000000000028278e-13
2111,0.5863888888888865,214,256,1.3641631018717903e-06,0.049001969700193715,1.0000000000028292e-13
2112,0.5866666666666643,212,257,1.3639359704334892e-06,0.04899924736854371,1.0000000000028307e-13
2113,0.5869444444444422,211,258,1.3637087828432544e-06,0.04899652518813435,1.0000000000028317e-13
2114,0.58722222222222,211,258,1.363481539087203e-06,0.04899380315895723,1.000000000002833e-13
2115,0.5874999999999978,211,258,1.3632542391514512e-06,0.048991081281003955,1.0000000000028342e-13
2116,0.5877777777777756,211,258,1.3630268830221092e-06,0.04898835955426613,1.000000000002836e-13
2117,0.5880555555555534,211,258,1.3627994706852838e-06,0.048985637978735334,1.0000000000028375e-13
2118,0.5883333333333313,211,258,1.3625732974666134e-06,0.04898291655440318,1.0000000000028388e-13
2119,0.5886111111111091,210,259,1.3623480559822298e-06,0.048980195281261275,1.0000000000028399e-13
2120,0.5888888888888869,209,260,1.3621227588131517e-06,0.04897747415930121,1.0000000000028414e-13
2121,0.5891666666666647,209,260,1.3618974062036478e-06,0.06876742327898278,1.0000000000028427e-13
2122,0.5894444444444426,210,259,1.3616719978819768e-06,0.08249725613999968,1.0000000000028441e-13
2123,0.5897222222222204,210,258,1.361446533834364e-06,0.08249267295910301,1.0000000000028454e-13
2124,0.5899999999999982,210,258,1.3612210140470338e-06,0.08248809003282752,1.0000000000028466e-13
2125,0.590277777777776,210,258,1.3609954385062059e-06,0.08248350736115903,1.000000000002848e-13
2126,0.5905555555555538,210,258,1.360769807198097e-06,0.08247892494408343,1.0000000000028493e-13
2127,0.5908333333333317,210,258,1.3605461531462794e-06,0.08247434278158651,1.0000000000028508e-13
2128,0.5911111111111095,208,260,1.3603224438022146e-06,0.08246976087365422,1.0000000000028519e-13
2129,0.5913888888888873,208,260,1.3600986791522337e-06,0.08246517922027234,1.0000000000028537e-13
2130,0.5916666666666651,208,260,1.3598748591826631e-06,0.09324574777155341,1.0000000000028548e-13
2131,0.5919444444444429,208,259,1.3596517504482703e-06,0.09324056745223276,1.0000000000028563e-13
2132,0.5922222222222208,209,259,1.3594289457759062e-06,0.09323538742070764,1.0000000000028576e-13
2133,0.5924999999999986,208,260,1.3592060860212818e-06,0.09323020767696204,1.000000000002859e-13
2134,0.5927777777777764,208,260,1.3589831711707776e-06,0.09322502822098,1.0000000000028603e-13
2135,0.5930555555555542,208,260,1.3587602012107733e-06,0.0932198490527455,1.0000000000028616e-13
2136,0.593333333333332,208,260,1.3585383299451058e-06,0.09321467017224258,1.0000000000028632e-13
2137,0.5936111111111099,208,261,1.3583164039326793e-06,0.09320949157945523,1.0000000000028644e-13
2138,0.5938888888888877,209,261,1.358094423055215e-06,0.0932043132743675,1.0000000000028657e-13
2139,0.5941666666666655,209,261,1.3578723872991503e-06,0.09319913525696334,1.0000000000028668e-13
2140,0.5944444444444433,209,261,1.3576502966509173e-06,0.09319395752722685,1.0000000000028681e-13
2141,0.5947222222222212,209,261,1.357428151096946e-06,0.09318878008514203,1.0000000000028697e-13
2142,0.594999999999999,209,261,1.357205950623662e-06,0.09318360293069285,1.000000000002871e-13
2143,0.5952777777777768,209,261,1.356983695217489e-06,0.10576430243877469,1.0000000000028722e-13
2144,0.5955555555555546,209,260,1.3567613848648456e-06,0.10575842664419477,1.0000000000028736e-13
2145,0.5958333333333324,209,260,1.3565390195521478e-06,0.10575255117604786,1.0000000000028749e-13
2146,0.5961111111111103,209,260,1.356317646245626e-06,0.10574667603431585,1.0000000000028759e-13
2147,0.5963888888888881,208,261,1.3560962182107086e-06,0.10574080121898063,1.0000000000028772e-13
2148,0.5966666666666659,208,261,1.3558747354338648e-06,0.10573492673002399,1.0000000000028784e-13
2149,0.5969444444444437,208,261,1.3556531979015617e-06,0.1057290525674279,1.00000000000288e-13
2150,0.5972222222222215,208,261,1.3554316056002623e-06,0.10572317873117415,1.0000000000028811e-13
2151,0.5974999999999994,208,261,1.3552099585164263e-06,0.10571730522124465,1.0000000000028823e-13
2152,0.5977777777777772,208,261,1.3549882566365117e-06,0.10571143203762126,1.0000000000028836e-13
2153,0.598055555555555,208,261,1.3547672837858636e-06,0.10570555918028583,1.0000000000028849e-13
2154,0.5983333333333328,207,262,1.3545462563058214e-06,0.11699413539445642,1.0000000000028863e-13
2155,0.5986111111111106,207,261,1.3543251741828803e-06,0.11698763572026785,1.0000000000028875e-13
2156,0.5988888888888885,207,261,1.35410403740353e-06,0.1169811364071723,1.000000000002889e-13
2157,0.5991666666666663,207,261,1.3538828459542588e-06,0.1302072108352042,1.0000000000028904e-13
2158,0.5994444444444441,207,260,1.3536615998215516e-06,0.13019997710126893,1.0000000000028919e-13
2159,0.5997222222222219,207,260,1.3534402989918884e-06,0.13019274376920772,1.0000000000028933e-13
2160,0.5999999999999998,207,260,1.3532189434517477e-06,0.13018551083899835,1.0000000000028946e-13
2161,0.6002777777777776,207,260,1.3529975331876037e-06,0.1301782783106184,1.0000000000028958e-13
2162,0.6005555555555554,207,260,1.3527760683500889e-06,0.13017104618404557,1.0000000000028972e-13
2163,0.6008333333333332,208,260,1.3525545487615494e-06,0.14560930773286285,1.0000000000028985e-13
2164,0.601111111111111,208,259,1.35233297440845e-06,0.14560121832687767,1.0000000000029e-13
2165,0.6013888888888889,208,259,1.352112446134905e-06,0.14559312937030397,1.0000000000029014e-13
2166,0.6016666666666667,207,260,1.3518918633418747e-06,0.16377989014064612,1.0000000000029028e-13
2167,0.6019444444444445,207,259,1.3516712260158818e-06,0.16377079125786048,1.000000000002904e-13
2168,0.6022222222222223,207,259,1.3514505341434442e-06,0.16376169288056844,1.0000000000029053e-13
2169,0.6025000000000001,207,259,1.351229787711076e-06,0.16375259500874173,1.0000000000029063e-13
2170,0.602777777777778,207,259,1.3510089867052899e-06,0.16374349764235235,1.0000000000029078e-13
2171,0.6030555555555558,207,259,1.3507881311125932e-06,0.16373440078137222,1.0000000000029092e-13
2172,0.6033333333333336,207,259,1.350567220919492e-06,0.1756755792228483,1.0000000000029105e-13
2173,0.6036111111111114,207,258,1.3503462561124876e-06,0.175665819468447,1.000000000002912e-13
2174,0.6038888888888893,207,258,1.350125236678078e-06,0.1756560602562543,1.000000000002913e-13
2175,0.6041666666666671,207,258,1.349904162602758e-06,0.18954935844222012,1.0000000000029143e-13
2176,0.6044444444444449,207,257,1.3496830338730188e-06,0.18953882792230672,1.0000000000029154e-13
2177,0.6047222222222227,207,257,1.349461850475349e-06,0.18952829798742213,1.0000000000029167e-13
2178,0.6050000000000005,207,257,1.3492406123962336e-06,0.20067935231326026,1.0000000000029183e-13
2179,0.6052777777777784,207,256,1.3490193196221544e-06,0.20066820346035394,1.0000000000029196e-13
2180,0.6055555555555562,207,256,1.348797972139588e-06,0.2006570552268284,1.0000000000029211e-13
2181,0.605833333333334,207,256,1.3485765699350108e-06,0.21066762283433832,1.0000000000029222e-13
2182,0.6061111111111118,207,255,1.3483559847389925e-06,0.21065591907751421,1.0000000000029237e-13
2183,0.6063888888888896,206,256,1.3481353450094176e-06,0.21064421597089877,1.0000000000029251e-13
2184,0.6066666666666675,206,256,1.347914650732803e-06,0.21063251351445597,1.0000000000029264e-13
2185,0.6069444444444453,206,256,1.3476939018956641e-06,0.21062081170814959,1.0000000000029277e-13
2186,0.6072222222222231,206,256,1.3474730984845126e-06,0.21060911055194362,1.0000000000029293e-13
2187,0.6075000000000009,206,256,1.3472522404858553e-06,0.22266389206378576,1.0000000000029306e-13
2188,0.6077777777777787,206,255,1.3470313278861974e-06,0.22265152184755999,1.000000000002932e-13
2189,0.6080555555555566,206,255,1.3468103606720407e-06,0.22263915231856846,1.0000000000029332e-13
2190,0.6083333333333344,206,255,1.346589338829883e-06,0.222626783476773,1.0000000000029347e-13
2191,0.6086111111111122,206,255,1.34636826234622e-06,0.22261441532213538,1.000000000002936e-13
2192,0.60888888888889,206,255,1.3461471312075424e-06,0.22260204785461757,1.0000000000029376e-13
2193,0.6091666666666679,206,255,1.3459259454003381e-06,0.22258968107418114,1.0000000000029389e-13
2194,0.6094444444444457,206,255,1.3457047049110928e-06,0.22257731498078814,1.00000000000294e-13
2195,0.6097222222222235,206,255,1.3454834097262866e-06,0.22256494957440037,1.0000000000029415e-13
2196,0.6100000000000013,206,255,1.3452620598323983e-06,0.22255258485497953,1.0000000000029428e-13
2197,0.6102777777777791,206,255,1.3450406552159024e-06,0.22254022082248767,1.0000000000029442e-13
2198,0.610555555555557,206,255,1.3448199835869258e-06,0.22252785747688636,1.0000000000029457e-13
2199,0.6108333333333348,205,256,1.344599257403024e-06,0.22251549481813768,1.0000000000029467e-13
2200,0.6111111111111126,205,256,1.344378476650709e-06,0.22250313284620324,1.0000000000029481e-13
2201,0.6113888888888904,205,256,1.3441576413164908e-06,0.23340465166190652,1.0000000000029491e-13
2202,0.6116666666666682,205,255,1.3439367513868766e-06,0.23339168473681413,1.0000000000029509e-13
2203,0.6119444444444461,205,255,1.3437158068483671e-06,0.23337871853210654,1.0000000000029525e-13
2204,0.6122222222222239,205,255,1.3434948076874632e-06,0.23336575304774365,1.0000000000029538e-13
2205,0.6125000000000017,205,255,1.343273753890661e-06,0.23335278828368547,1.0000000000029552e-13
2206,0.6127777777777795,205,255,1.3430526454444523e-06,0.2333398242398919,1.0000000000029564e-13
2207,0.6130555555555574,205,255,1.3428314823353257e-06,0.2333268609163231,1.0000000000029578e-13
2208,0.6133333333333352,205,255,1.3426102645497689e-06,0.23331389831293878,1.0000000000029593e-13
2209,0.613611111111113,205,255,1.3423889920742644e-06,0.2438435823819183,1.0000000000029607e-13
2210,0.6138888888888908,205,254,1.3421676648952927e-06,0.24383003551623042,1.0000000000029622e-13
2211,0.6141666666666686,205,254,1.3419462829993295e-06,0.24381648940314626,1.0000000000029635e-13
2212,0.6144444444444465,205,254,1.3417248463728465e-06,0.24380294404262387,1.0000000000029645e-13
2213,0.6147222222222243,205,254,1.341503355002314e-06,0.24378939943462147,1.0000000000029659e-13
2214,0.6150000000000021,205,254,1.3412818088741973e-06,0.24377585557909728,1.0000000000029672e-13
2215,0.6152777777777799,205,254,1.3410602079749598e-06,0.24376231247600957,1.0000000000029685e-13
2216,0.6155555555555577,205,254,1.3408385522910596e-06,0.2437487701253165,1.0000000000029698e-13
2217,0.6158333333333356,205,254,1.3406168418089534e-06,0.2437352285269762,1.0000000000029711e-13
2218,0.6161111111111134,205,254,1.3403950765150941e-06,0.24372168768094699,1.0000000000029726e-13
2219,0.6163888888888912,205,254,1.3401732563959314e-06,0.24370814758718692,1.0000000000029737e-13
2220,0.616666666666669,205,254,1.3399513814379116e-06,0.25476608898323905,1.000000000002975e-13
2221,0.6169444444444468,205,253,1.3397294516274768e-06,0.2547519353116289,1.0000000000029765e-13
2222,0.6172222222222247,205,253,1.3395074669510662e-06,0.25473778242633377,1.0000000000029778e-13
2223,0.6175000000000025,205,253,1.3392854273951157e-06,0.2547236303273101,1.0000000000029789e-13
2224,0.6177777777777803,205,253,1.3390633329460583e-06,0.25470947901451413,1.0000000000029804e-13
2225,0.6180555555555581,205,253,1.3388411835903225e-06,0.2546953284879022,1.0000000000029817e-13
2226,0.618333333333336,205,253,1.3386189793143345e-06,0.27205831463394164,1.0000000000029829e-13
2227,0.6186111111111138,205,252,1.3383967201045166e-06,0.2720432002831287,1.0000000000029841e-13
2228,0.6188888888888916,205,252,1.3381744059472882e-06,0.27202808677200185,1.0000000000029856e-13
2229,0.6191666666666694,205,252,1.3379520368290642e-06,0.27201297410051456,1.000000000002987e-13
2230,0.6194444444444472,205,252,1.337729612736258e-06,0.2719978622686201,1.0000000000029882e-13
2231,0.6197222222222251,205,252,1.3375071336552787e-06,0.27198275127627186,1.0000000000029898e-13
2232,0.6200000000000029,205,252,1.3372845995725316e-06,0.27196764112342314,1.0000000000029909e-13
2233,0.6202777777777807,205,252,1.3370632760229578e-06,0.2719525318100274,1.0000000000029921e-13
2234,0.6205555555555585,204,253,1.3368430498416916e-06,0.2889084016861761,1.0000000000029937e-13
2235,0.6208333333333363,203,253,1.336622769215624e-06,0.28889235121941576,1.000000000002995e-13
2236,0.6211111111111142,203,253,1.3364036962433459e-06,0.288876301644348,1.0000000000029966e-13
2237,0.621388888888892,202,254,1.336184569111366e-06,0.28886025296092327,1.0000000000029976e-13
2238,0.6216666666666698,202,254,1.3359653878062954e-06,0.2888442051690921,1.0000000000029988e-13
2239,0.6219444444444476,202,254,1.3357461523147404e-06,0.29941781770984294,1.0000000000030001e-13
2240,0.6222222222222255,202,253,1.3355268626233057e-06,0.3192712854004533,1.0000000000030015e-13
2241,0.6225000000000033,202,252,1.3353075187185915e-06,0.31925354810681994,1.0000000000030028e-13
2242,0.6227777777777811,202,252,1.3350881205871948e-06,0.3192358117985919,1.000000000003004e-13
2243,0.6230555555555589,202,252,1.3348686682157094e-06,0.3192180764757141,1.0000000000030051e-13
2244,0.6233333333333367,202,252,1.3346491615907255e-06,0.3192003421381321,1.0000000000030067e-13
2245,0.6236111111111146,202,252,1.3344296006988317e-06,0.3191826087857912,1.0000000000030083e-13
2246,0.6238888888888924,202,252,1.3342099855266114e-06,0.3191648764186364,1.0000000000030096e-13
2247,0.6241666666666702,202,252,1.3339903160606449e-06,0.3191471450366131,1.0000000000030108e-13
2248,0.624444444444448,202,252,1.3337705922875091e-06,0.3191294146396667,1.0000000000030125e-13
2249,0.6247222222222258,202,252,1.3335508141937799e-06,0.3191116852277423,1.0000000000030137e-13
2250,0.6250000000000037,202,252,1.3333309817660268e-06,0.31909395680078523,1.0000000000030151e-13
2251,0.6252777777777815,202,252,1.3331110949908174e-06,0.3190762293587407,1.0000000000030161e-13
2252,0.6255555555555593,202,252,1.3328911538547163e-06,0.31905850290155413,1.0000000000030176e-13
2253,0.6258333333333371,202,252,1.3326711583442828e-06,0.3190407774291707,1.0000000000030189e-13
2254,0.626111111111115,202,252,1.3324511084891794e-06,0.33337722766675393,1.0000000000030199e-13
2255,0.6263888888888928,203,251,1.3322310042328673e-06,0.3333587067096614,1.0000000000030213e-13
2256,0.6266666666666706,203,251,1.3320108455618973e-06,0.33334018678151084,1.0000000000030226e-13
2257,0.6269444444444484,203,251,1.3317906324628171e-06,0.3333216678822452,1.0000000000030238e-13
2258,0.6272222222222262,203,251,1.3315703649221702e-06,0.3333031500118073,1.0000000000030251e-13
2259,0.627500000000004,203,251,1.331350042926498e-06,0.33328463317014,1.0000000000030264e-13
2260,0.6277777777777819,203,251,1.3311296664623371e-06,0.3332661173571861,1.000000000003028e-13
2261,0.6280555555555597,203,251,1.3309092355162219e-06,0.3440434217924815,1.0000000000030294e-13
2262,0.6283333333333375,203,250,1.3306887501391513e-06,0.3572838007037588,1.0000000000030306e-13
2263,0.6286111111111153,204,249,1.3304710274047098e-06,0.35726395160371976,1.0000000000030319e-13
2264,0.6288888888888932,202,251,1.3302532508443752e-06,0.3736724924761452,1.0000000000030332e-13
2265,0.629166666666671,202,250,1.330035420444841e-06,0.37365173289322995,1.0000000000030346e-13
2266,0.6294444444444488,202,250,1.3298175361927962e-06,0.37363097446362475,1.0000000000030361e-13
2267,0.6297222222222266,202,250,1.3295995980749272e-06,0.3900641081869091,1.0000000000030372e-13
2268,0.6300000000000044,202,249,1.329381606077918e-06,0.3900424379586765,1.0000000000030385e-13
2269,0.6302777777777823,202,249,1.3291635601884475e-06,0.3900207689343454,1.0000000000030397e-13
2270,0.6305555555555601,202,249,1.3289454603931925e-06,0.38999910111384917,1.000000000003041e-13
2271,0.6308333333333379,202,249,1.3287273066788269e-06,0.38997743449712063,1.0000000000030423e-13
2272,0.6311111111111157,202,249,1.3285090990320197e-06,0.38995576908409296,1.0000000000030439e-13
2273,0.6313888888888936,202,249,1.328290837439438e-06,0.3899341048746995,1.0000000000030452e-13
2274,0.6316666666666714,202,249,1.3280725221053358e-06,0.38991244186887314,1.0000000000030464e-13
2275,0.6319444444444492,203,249,1.3278541527988367e-06,0.3898907800665471,1.0000000000030476e-13
2276,0.632222222222227,203,249,1.327635729506597e-06,0.38986911946765446,1.0000000000030488e-13
2277,0.6325000000000048,203,249,1.3274172522152708e-06,0.3898474600721285,1.0000000000030503e-13
2278,0.6327777777777827,203,249,1.3271987209115072e-06,0.3898258018799023,1.0000000000030515e-13
2279,0.6330555555555605,203,249,1.3269801355819544e-06,0.38980414489090903,1.000000000003053e-13
2280,0.6333333333333383,203,249,1.3267614962132546e-06,0.38978248910508173,1.0000000000030542e-13
2281,0.6336111111111161,203,249,1.3265428027920493e-06,0.3897608345223536,1.0000000000030556e-13
2282,0.6338888888888939,203,249,1.326324055304975e-06,0.38973918114265804,1.0000000000030572e-13
2283,0.6341666666666718,203,249,1.3261067210099586e-06,0.3897175289659278,1.0000000000030584e-13
2284,0.6344444444444496,202,250,1.32588933298508e-06,0.3896958779920965,1.0000000000030598e-13
2285,0.6347222222222274,202,250,1.3256718912170559e-06,0.38967422822109693,1.0000000000030614e-13
2286,0.6350000000000052,202,250,1.3254543956925997e-06,0.38965257965286243,1.0000000000030627e-13
2287,0.635277777777783,202,250,1.3252368463984213e-06,0.38963093228732615,1.000000000003064e-13
2288,0.6355555555555609,202,250,1.3250192433212282e-06,0.3896092861244213,1.0000000000030652e-13
2289,0.6358333333333387,202,250,1.324801586447724e-06,0.38958764116408107,1.0000000000030666e-13
2290,0.6361111111111165,202,250,1.3245838757646093e-06,0.38956599740623865,1.0000000000030679e-13
2291,0.6363888888888943,202,250,1.3243672573779797e-06,0.38954435485082717,1.0000000000030691e-13
2292,0.6366666666666722,201,251,1.3241505854384759e-06,0.40056140156308806,1.0000000000030708e-13
2293,0.63694444444445,201,250,1.3239338599328586e-06,0.4005391481518901,1.000000000003072e-13
2294,0.6372222222222278,201,250,1.3237183404665309e-06,0.4005168959769928,1.0000000000030734e-13
2295,0.6375000000000056,200,251,1.3235027677190057e-06,0.4180329750327338,1.0000000000030747e-13
2296,0.6377777777777834,200,250,1.3232871416771128e-06,0.41800975097856524,1.0000000000030761e-13
2297,0.6380555555555613,200,250,1.3230714623276754e-06,0.4179865282146221,1.0000000000030776e-13
2298,0.6383333333333391,200,250,1.322855729657515e-06,0.4179633067408324,1.000000000003079e-13
2299,0.6386111111111169,200,250,1.3226399436534495e-06,0.4179400865571245,1.0000000000030802e-13
2300,0.6388888888888947,200,250,1.3224252512719398e-06,0.417916867663427,1.0000000000030818e-13
2301,0.6391666666666725,199,251,1.3222105058137072e-06,0.41789365005966794,1.0000000000030832e-13
2302,0.6394444444444504,199,251,1.3219957072656306e-06,0.4178704337457757,1.0000000000030847e-13
2303,0.6397222222222282,199,251,1.3217808556145843e-06,0.41784721872167885,1.000000000003086e-13
2304,0.640000000000006,199,251,1.3215659508474407e-06,0.4178240049873053,1.0000000000030873e-13
2305,0.6402777777777838,199,251,1.321350992951067e-06,0.4178007925425838,1.0000000000030887e-13
2306,0.6405555555555617,199,251,1.3211359819123302e-06,0.41777758138744264,1.0000000000030902e-13
2307,0.6408333333333395,199,251,1.3209209177180913e-06,0.42782077721292855,1.0000000000030916e-13
2308,0.6411111111111173,199,250,1.320705800355209e-06,0.42779700939197246,1.0000000000030929e-13
2309,0.6413888888888951,199,250,1.3204906298105393e-06,0.44128484047614075,1.0000000000030941e-13
2310,0.6416666666666729,199,249,1.3202754064463796e-06,0.4412603246516698,1.0000000000030958e-13
2311,0.6419444444444508,200,249,1.3200601298742263e-06,0.4412358101891892,1.000000000003097e-13
2312,0.6422222222222286,200,249,1.3198448000809246e-06,0.44121129708862317,1.0000000000030983e-13
2313,0.6425000000000064,200,249,1.3196294170533187e-06,0.441186785349896,1.0000000000030996e-13
2314,0.6427777777777842,200,249,1.3194152066079584e-06,0.44116227497293214,1.0000000000031007e-13
2315,0.643055555555562,199,250,1.3192009432050202e-06,0.44113776595765586,1.0000000000031022e-13
2316,0.6433333333333399,199,250,1.318986626831412e-06,0.4607901538068216,1.0000000000031036e-13
2317,0.6436111111111177,199,249,1.3187722574740386e-06,0.46076455435383235,1.0000000000031049e-13
2318,0.6438888888888955,199,249,1.3185578351198018e-06,0.46073895632303485,1.0000000000031061e-13
2319,0.6441666666666733,199,249,1.3183433597555995e-06,0.4607133597143503,1.0000000000031074e-13
2320,0.6444444444444511,199,249,1.3181288313683266e-06,0.47925094503898463,1.0000000000031086e-13
2321,0.644722222222229,199,248,1.3179142499448733e-06,0.4792243199864825,1.0000000000031103e-13
2322,0.6450000000000068,199,248,1.3176996154721284e-06,0.47919769641314985,1.0000000000031117e-13
2323,0.6452777777777846,199,248,1.317486116175266e-06,0.4791710743189047,1.000000000003113e-13
2324,0.6455555555555624,198,249,1.3172725640966387e-06,0.47914445370366476,1.0000000000031145e-13
2325,0.6458333333333403,198,249,1.3170589592231972e-06,0.479117834567348,1.0000000000031158e-13
2326,0.6461111111111181,198,249,1.3168453015418893e-06,0.47909121690987183,1.0000000000031171e-13
2327,0.6463888888888959,198,249,1.3166315910396597e-06,0.47906460073115487,1.0000000000031184e-13
2328,0.6466666666666737,198,249,1.3164178280269406e-06,0.49576534933794464,1.0000000000031196e-13
2329,0.6469444444444515,199,248,1.3162040121672589e-06,0.49573780681853724,1.0000000000031208e-13
2330,0.6472222222222294,199,248,1.3159901434475503e-06,0.4957102658292694,1.0000000000031223e-13
2331,0.6475000000000072,199,248,1.315776221854747e-06,0.5082942742007731,1.0000000000031233e-13
2332,0.647777777777785,199,247,1.3155622473757774e-06,0.5184475578144682,1.0000000000031247e-13
2333,0.6480555555555628,199,246,1.3153482199975662e-06,0.5184187551723674,1.000000000003126e-13
2334,0.6483333333333406,199,246,1.3151341397070362e-06,0.5378956152859576,1.0000000000031275e-13
2335,0.6486111111111185,199,245,1.3149200064911053e-06,0.5378657321962196,1.0000000000031288e-13
2336,0.6488888888888963,199,245,1.3147068312037497e-06,0.5378358507666533,1.0000000000031299e-13
2337,0.6491666666666741,198,246,1.3144936032147312e-06,0.5537934422804318,1.0000000000031314e-13
2338,0.6494444444444519,198,245,1.3142803225110205e-06,0.5537626759780832,1.0000000000031328e-13
2339,0.6497222222222298,198,245,1.3140669890795856e-06,0.5643924844451222,1.000000000003134e-13
2340,0.6500000000000076,198,244,1.31385360290739e-06,0.5643611293070975,1.0000000000031353e-13
2341,0.6502777777777854,198,244,1.3136401639813962e-06,0.5643297759110248,1.0000000000031368e-13
2342,0.6505555555555632,198,244,1.3134266722885617e-06,0.5761128821678962,1.0000000000031378e-13
2343,0.650833333333341,198,243,1.3132154501909584e-06,0.5887977219923242,1.0000000000031392e-13
2344,0.6511111111111189,196,244,1.3130041758745638e-06,0.588765011007769,1.0000000000031405e-13
2345,0.6513888888888967,196,244,1.312792849597105e-06,0.5887323018404909,1.0000000000031418e-13
2346,0.6516666666666745,197,244,1.3125814710750985e-06,0.6070594388979484,1.0000000000031431e-13
2347,0.6519444444444523,197,243,1.3123700402956296e-06,0.6070257133735651,1.0000000000031444e-13
2348,0.6522222222222301,197,243,1.312158557245778e-06,0.6069919897228221,1.0000000000031459e-13
2349,0.652500000000008,197,243,1.3119470219126218e-06,0.6069582679456154,1.000000000003147e-13
2350,0.6527777777777858,197,243,1.311735434283236e-06,0.6069245480418406,1.0000000000031483e-13
2351,0.6530555555555636,197,243,1.3115237943446914e-06,0.6068908300113939,1.0000000000031498e-13
2352,0.6533333333333414,197,243,1.3113121020840556e-06,0.606857113854171,1.000000000003151e-13
2353,0.6536111111111192,197,243,1.311100357488394e-06,0.6068233995700679,1.0000000000031524e-13
2354,0.6538888888888971,197,243,1.3108885605447676e-06,0.6067896871589809,1.0000000000031538e-13
2355,0.6541666666666749,197,243,1.310676711240235e-06,0.6067559766208055,1.0000000000031551e-13
2356,0.6544444444444527,197,243,1.310464809561851e-06,0.6067222679554375,1.0000000000031567e-13
2357,0.6547222222222305,197,243,1.3102528554966685e-06,0.6066885611627735,1.000000000003158e-13
2358,0.6550000000000084,197,243,1.3100408490317368e-06,0.6066548562427088,1.0000000000031595e-13
2359,0.6552777777777862,197,243,1.3098287901541005e-06,0.6066211531951397,1.0000000000031608e-13
2360,0.655555555555564,197,243,1.3096166788508027e-06,0.6065874520199622,1.0000000000031619e-13
2361,0.6558333333333418,197,243,1.3094045151088821e-06,0.6065537527170721,1.0000000000031634e-13
2362,0.6561111111111196,197,243,1.3091922989153746e-06,0.6065200552863659,1.0000000000031647e-13
2363,0.6563888888888975,197,243,1.3089800302573132e-06,0.6064863597277387,1.000000000003166e-13
2364,0.6566666666666753,197,243,1.308767709121727e-06,0.6064526660410873,1.0000000000031671e-13
2365,0.6569444444444531,197,243,1.3085562983161065e-06,0.6064189742263073,1.0000000000031686e-13
2366,0.6572222222222309,196,244,1.3083448352450413e-06,0.6063852842832947,1.00000000000317e-13
2367,0.6575000000000087,196,244,1.308133319895611e-06,0.6244130917439562,1.0000000000031716e-13
2368,0.6577777777777866,196,243,1.3079217522548912e-06,0.6243784021277482,1.0000000000031729e-13
2369,0.6580555555555644,196,243,1.3077101323099532e-06,0.6243437144387413,1.0000000000031745e-13
2370,0.6583333333333422,196,243,1.3074992969518024e-06,0.624309028676828,1.0000000000031758e-13
2371,0.65861111111112,195,244,1.3072884094704702e-06,0.6242743448419014,1.000000000003177e-13
2372,0.6588888888888979,195,244,1.307077469853071e-06,0.6242396629338547,1.0000000000031783e-13
2373,0.6591666666666757,195,244,1.3068664780867166e-06,0.6356578232044006,1.0000000000031796e-13
2374,0.6594444444444535,195,243,1.306655434158514e-06,0.6356225088808893,1.000000000003181e-13
2375,0.6597222222222313,195,243,1.3064443380555673e-06,0.6355871965192849,1.0000000000031825e-13
2376,0.6600000000000091,195,243,1.306233189764978e-06,0.6527420462668175,1.0000000000031839e-13
2377,0.660277777777787,195,242,1.3060219892738433e-06,0.6635658396731996,1.0000000000031851e-13
2378,0.6605555555555648,195,241,1.305810736569259e-06,0.6635289749043288,1.0000000000031865e-13
2379,0.6608333333333426,195,241,1.3056004395112831e-06,0.6634921121835009,1.0000000000031878e-13
2380,0.6611111111111204,194,242,1.305390090463206e-06,0.6634552515106018,1.000000000003189e-13
2381,0.6613888888888982,194,242,1.3051796894121742e-06,0.674857086648394,1.0000000000031903e-13
2382,0.6616666666666761,194,241,1.3049692363453315e-06,0.6748195945880244,1.000000000003192e-13
2383,0.6619444444444539,194,241,1.3047599677310603e-06,0.6747821046105474,1.0000000000031936e-13
2384,0.6622222222222317,193,242,1.3045506473809423e-06,0.6747446167158466,1.0000000000031951e-13
2385,0.6625000000000095,193,242,1.3043412752821865e-06,0.6747071309038072,1.0000000000031962e-13
2386,0.6627777777777873,193,242,1.3041318514220009e-06,0.6746696471743124,1.0000000000031975e-13
2387,0.6630555555555652,193,242,1.3039223757875878e-06,0.6746321655272473,1.000000000003199e-13
2388,0.663333333333343,193,242,1.3037128483661481e-06,0.6745946859624958,1.0000000000032002e-13
2389,0.6636111111111208,193,242,1.3035032691448784e-06,0.6745572084799423,1.0000000000032014e-13
2390,0.6638888888888986,193,242,1.3032936381109726e-06,0.6745197330794713,1.0000000000032029e-13
2391,0.6641666666666765,193,242,1.3030839552516215e-06,0.6856306360765498,1.000000000003204e-13
2392,0.6644444444444543,193,241,1.3028742205540133e-06,0.7054714107108976,1.0000000000032052e-13
2393,0.6647222222222321,193,240,1.3026644340053318e-06,0.7054322178547471,1.0000000000032066e-13
2394,0.6650000000000099,193,240,1.302454595592758e-06,0.7053930271759773,1.0000000000032079e-13
2395,0.6652777777777877,193,240,1.3022447053034704e-06,0.7053538386744675,1.0000000000032094e-13
2396,0.6655555555555656,193,240,1.302034763124645e-06,0.7053146523500967,1.0000000000032108e-13
2397,0.6658333333333434,193,240,1.301824769043453e-06,0.7052754682027439,1.0000000000032123e-13
2398,0.6661111111111212,193,240,1.3016147230470627e-06,0.7052362862322883,1.0000000000032134e-13
2399,0.666388888888899,193,240,1.3014058680391738e-06,0.7051971064386088,1.000000000003215e-13
2400,0.6666666666666768,192,241,1.3011969613976902e-06,0.7157554442008068,1.0000000000032163e-13
2401,0.6669444444444547,192,240,1.3009880031098472e-06,0.7157156800094624,1.0000000000032178e-13
2402,0.6672222222222325,192,240,1.3007789931628768e-06,0.7156759180272397,1.0000000000032188e-13
2403,0.6675000000000103,192,240,1.3005699315440081e-06,0.7156361582540159,1.0000000000032201e-13
2404,0.6677777777777881,192,240,1.3003608182404668e-06,0.7262517046425497,1.0000000000032215e-13
2405,0.668055555555566,192,239,1.3001527389632354e-06,0.7262113573256251,1.000000000003223e-13
2406,0.6683333333333438,191,240,1.2999446082441876e-06,0.7261710122502183,1.0000000000032243e-13
2407,0.6686111111111216,191,240,1.2997364260706055e-06,0.7261306694162044,1.0000000000032254e-13
2408,0.6688888888888994,191,240,1.2995281924297688e-06,0.726090328823459,1.0000000000032269e-13
2409,0.6691666666666772,191,240,1.2993199073089537e-06,0.7260499904718577,1.0000000000032286e-13
2410,0.6694444444444551,191,240,1.2991115706954325e-06,0.726009654361276,1.0000000000032298e-13
2411,0.6697222222222329,191,240,1.298903182576476e-06,0.7259693204915892,1.0000000000032312e-13
2412,0.6700000000000107,191,240,1.2986947429393502e-06,0.7401641702831032,1.0000000000032327e-13
2413,0.6702777777777885,191,239,1.2984862517713202e-06,0.7401230500514208,1.0000000000032341e-13
2414,0.6705555555555663,191,239,1.2982777090596456e-06,0.7518719917339085,1.0000000000032351e-13
2415,0.6708333333333442,191,238,1.2980691147915833e-06,0.7518302210677009,1.0000000000032364e-13
2416,0.671111111111122,191,238,1.2978604689543868e-06,0.751788452722086,1.0000000000032379e-13
2417,0.6713888888888998,191,238,1.2976517715353076e-06,0.7517466866969348,1.0000000000032393e-13
2418,0.6716666666666776,191,238,1.2974430225215936e-06,0.7517049229921183,1.0000000000032408e-13
2419,0.6719444444444554,191,238,1.2972342219004898e-06,0.7516631616075077,1.0000000000032419e-13
2420,0.6722222222222333,191,238,1.297025369659237e-06,0.751621402542974,1.0000000000032434e-13
2421,0.6725000000000111,191,238,1.296816465785073e-06,0.7515796457983883,1.0000000000032448e-13
2422,0.6727777777777889,191,238,1.296608803964433e-06,0.7515378913736218,1.0000000000032461e-13
2423,0.6730555555555667,190,239,1.2964010908051812e-06,0.7514961392685454,1.0000000000032474e-13
2424,0.6733333333333446,190,239,1.296193326294625e-06,0.7514543894830307,1.0000000000032489e-13
2425,0.6736111111111224,190,239,1.2959855104200704e-06,0.7626578892745192,1.00000000000325e-13
2426,0.6738888888889002,190,238,1.2957776431688184e-06,0.7626155193917816,1.0000000000032515e-13
2427,0.674166666666678,190,238,1.2955709428595629e-06,0.7625731518629266,1.0000000000032529e-13
2428,0.6744444444444558,190,239,1.2953641914494024e-06,0.7625307866878231,1.0000000000032542e-13
2429,0.6747222222222337,190,239,1.295158391828211e-06,0.7936689001830357,1.0000000000032554e-13
2430,0.6750000000000115,189,238,1.2949534534126883e-06,0.793624807466359,1.0000000000032568e-13
2431,0.6752777777777893,188,239,1.2947484643318395e-06,0.8044193191495338,1.0000000000032583e-13
2432,0.6755555555555671,188,238,1.2945434245731396e-06,0.8043746291873589,1.0000000000032597e-13
2433,0.6758333333333449,188,238,1.2943383341240581e-06,0.8043299417079597,1.000000000003261e-13
2434,0.6761111111111228,188,238,1.2941331929720658e-06,0.8042852567111982,1.0000000000032625e-13
2435,0.6763888888889006,188,238,1.2939280011046262e-06,0.8042405741969365,1.0000000000032636e-13
2436,0.6766666666666784,188,238,1.2937227585092019e-06,0.8041958941650368,1.0000000000032649e-13
2437,0.6769444444444562,188,238,1.293517465173252e-06,0.8041512166153608,1.0000000000032662e-13
2438,0.677222222222234,188,238,1.2933121210842326e-06,0.8041065415477713,1.0000000000032674e-13
2439,0.6775000000000119,188,238,1.293106726229595e-06,0.8040618689621296,1.0000000000032688e-13
2440,0.6777777777777897,188,238,1.2929012805967905e-06,0.8040171988582985,1.0000000000032703e-13
2441,0.6780555555555675,188,238,1.292695784173265e-06,0.8225605737998091,1.0000000000032716e-13
2442,0.6783333333333453,188,237,1.292490236946462e-06,0.8225148759901535,1.000000000003273e-13
2443,0.6786111111111232,188,237,1.2922846389038223e-06,0.822469180719265,1.0000000000032742e-13
2444,0.678888888888901,188,237,1.2920789900327818e-06,0.8224234879870032,1.0000000000032758e-13
2445,0.6791666666666788,188,237,1.2918746272591443e-06,0.822377797793226,1.0000000000032769e-13
2446,0.6794444444444566,187,238,1.291670213962492e-06,0.8223321101377933,1.0000000000032782e-13
2447,0.6797222222222344,187,238,1.2914657501303354e-06,0.8327021445623395,1.0000000000032798e-13
2448,0.6800000000000123,187,237,1.291261235750181e-06,0.8438070157734233,1.000000000003281e-13
2449,0.6802777777777901,187,236,1.2910566708095326e-06,0.8437601376058805,1.0000000000032826e-13
2450,0.6805555555555679,187,236,1.2908520552958902e-06,0.84371326204268,1.0000000000032836e-13
2451,0.6808333333333457,187,236,1.2906473891967514e-06,0.8575516494127585,1.0000000000032855e-13
2452,0.6811111111111235,187,235,1.2904426724996094e-06,0.8575040076544579,1.0000000000032862e-13
2453,0.6813888888889014,187,235,1.2902379051919558e-06,0.8574563685429217,1.0000000000032879e-13
2454,0.6816666666666792,187,235,1.2900330872612777e-06,0.8574087320780027,1.0000000000032894e-13
2455,0.681944444444457,187,235,1.2898282186950604e-06,0.8573610982595539,1.0000000000032905e-13
2456,0.6822222222222348,187,235,1.289623299480785e-06,0.8573134670874282,1.000000000003292e-13
2457,0.6825000000000127,187,235,1.289418329605931e-06,0.8572658385614792,1.0000000000032933e-13
2458,0.6827777777777905,187,235,1.2892133090579739e-06,0.8572182126815591,1.000000000003295e-13
2459,0.6830555555555683,187,235,1.2890082379116874e-06,0.8571705894475211,1.000000000003296e-13
2460,0.6833333333333461,188,235,1.2888031160672611e-06,0.8571229688592188,1.0000000000032976e-13
2461,0.6836111111111239,188,235,1.2885979435121617e-06,0.8570753509165042,1.0000000000032991e-13
2462,0.6838888888889018,188,235,1.2883927202338517e-06,0.8570277356192312,1.0000000000033002e-13
2463,0.6841666666666796,188,235,1.2881874462197913e-06,0.8569801229672522,1.0000000000033018e-13
2464,0.6844444444444574,188,235,1.2879821214574391e-06,0.8569325129604207,1.0000000000033031e-13
2465,0.6847222222222352,188,235,1.287776745934247e-06,0.8568849055985897,1.0000000000033044e-13
2466,0.685000000000013,188,235,1.2875713196376665e-06,0.8568373008816121,1.0000000000033054e-13
2467,0.6852777777777909,188,235,1.2873658425551462e-06,0.8567896988093407,1.0000000000033069e-13
2468,0.6855555555555687,188,235,1.2871603146741302e-06,0.8567420993816295,1.0000000000033082e-13
2469,0.6858333333333465,188,235,1.2869547359820593e-06,0.8566945025983302,1.0000000000033095e-13
2470,0.6861111111111243,188,235,1.2867491066995092e-06,0.856646908459297,1.0000000000033108e-13
2471,0.6863888888889021,189,235,1.2865449377364928e-06,0.8670847853376253,1.0000000000033121e-13
2472,0.68666666666668,188,235,1.2863407182983764e-06,0.8670366139606622,1.0000000000033135e-13
2473,0.6869444444444578,188,235,1.286136448372682e-06,0.8669884452598866,1.0000000000033148e-13
2474,0.6872222222222356,188,235,1.2859321279469274e-06,0.8669402792351498,1.0000000000033164e-13
2475,0.6875000000000134,188,235,1.2857277570086273e-06,0.8668921158863035,1.0000000000033179e-13
2476,0.6877777777777913,188,235,1.2855233355452953e-06,0.8668439552131989,1.0000000000033189e-13
2477,0.6880555555555691,188,235,1.2853188635444395e-06,0.866795797215687,1.0000000000033202e-13
2478,0.6883333333333469,188,235,1.2851143409935666e-06,0.8667476418936194,1.0000000000033215e-13
2479,0.6886111111111247,188,235,1.2849106299810553e-06,0.8666994892468476,1.0000000000033228e-13
2480,0.6888888888889025,187,236,1.2847068686066593e-06,0.8666513392752228,1.0000000000033238e-13
2481,0.6891666666666804,187,236,1.2845030568579288e-06,0.8666031919785965,1.0000000000033255e-13
2482,0.6894444444444582,187,236,1.2842991947224094e-06,0.8665550473568201,1.0000000000033268e-13
2483,0.689722222222236,187,236,1.2840952821876444e-06,0.8665069054097445,1.0000000000033283e-13
2484,0.6900000000000138,187,236,1.2838933375407774e-06,0.866458766137222,1.0000000000033299e-13
2485,0.6902777777777916,185,238,1.2836913429687103e-06,0.8664106295391033,1.0000000000033313e-13
2486,0.6905555555555695,185,238,1.2834892984591014e-06,0.86636249561524,1.0000000000033326e-13
2487,0.6908333333333473,185,238,1.2832880813644265e-06,0.8663143643654836,1.0000000000033338e-13
2488,0.6911111111111251,184,239,1.28308681452442e-06,0.8662662357896855,1.0000000000033351e-13
2489,0.6913888888889029,184,239,1.2828854981593734e-06,0.8662181098876972,1.0000000000033363e-13
2490,0.6916666666666808,185,239,1.2826841320244524e-06,0.86616998665937,1.0000000000033375e-13
2491,0.6919444444444586,185,239,1.2824827161073517e-06,0.8661218661045558,1.000000000003339e-13
2492,0.6922222222222364,185,239,1.2822812503957653e-06,0.8660737482231053,1.0000000000033403e-13
2493,0.6925000000000142,185,239,1.2820797348773825e-06,0.883224627214177,1.0000000000033419e-13
2494,0.692777777777792,185,238,1.2818781695398893e-06,0.8831755591793319,1.0000000000033433e-13
2495,0.6930555555555699,185,238,1.2816765543709695e-06,0.8831264938704884,1.0000000000033445e-13
2496,0.6933333333333477,185,238,1.2814748893583043e-06,0.8830774312874959,1.0000000000033462e-13
2497,0.6936111111111255,185,238,1.2812731744895709e-06,0.9123170921496421,1.0000000000033472e-13
2498,0.6938888888889033,185,236,1.2810714097524438e-06,0.9122664078667448,1.0000000000033487e-13
2499,0.6941666666666811,185,236,1.2808695951345948e-06,0.9122157263996414,1.00000000000335e-13
2500,0.694444444444459,185,236,1.280667730623692e-06,0.912165047748175,1.0000000000033514e-13
2501,0.6947222222222368,185,236,1.2804658162074013e-06,0.9121143719121888,1.0000000000033526e-13
2502,0.6950000000000146,185,236,1.2802638518733845e-06,0.912063698891527,1.0000000000033539e-13
2503,0.6952777777777924,185,236,1.2800618376093015e-06,0.9120130286860331,1.0000000000033553e-13
2504,0.6955555555555702,185,236,1.2798606072093526e-06,0.9119623612955505,1.0000000000033565e-13
2505,0.6958333333333481,184,237,1.2796593270607822e-06,0.911911696719923,1.000000000003358e-13
2506,0.6961111111111259,184,237,1.2794579971512909e-06,0.9240073635589049,1.0000000000033592e-13
2507,0.6963888888889037,184,236,1.2792566174685768e-06,0.9239560298164848,1.0000000000033605e-13
2508,0.6966666666666815,184,236,1.2790561983677604e-06,0.9239046989259394,1.000000000003362e-13
2509,0.6969444444444594,183,237,1.2788557297188927e-06,0.9238533708871104,1.0000000000033632e-13
2510,0.6972222222222372,183,237,1.2786552115097251e-06,0.9345579094917937,1.0000000000033644e-13
2511,0.697500000000015,183,236,1.2784546437280045e-06,0.9345059896079334,1.0000000000033659e-13
2512,0.6977777777777928,183,236,1.278254026361476e-06,0.9344540726085108,1.0000000000033673e-13
2513,0.6980555555555706,183,236,1.2780545725668e-06,0.9344021584933658,1.0000000000033685e-13
2514,0.6983333333333485,182,237,1.277855069462719e-06,0.9518576188702471,1.0000000000033698e-13
2515,0.6986111111111263,182,236,1.2776555170370416e-06,0.9518047378914208,1.000000000003371e-13
2516,0.6988888888889041,182,236,1.277455915277575e-06,0.9517518598504268,1.0000000000033724e-13
2517,0.6991666666666819,182,236,1.277257602433063e-06,0.9516989847471019,1.0000000000033737e-13
2518,0.6994444444444597,181,237,1.2770592406409517e-06,0.9516461125812826,1.000000000003375e-13
2519,0.6997222222222376,182,237,1.2768608298094013e-06,0.9515932433528058,1.0000000000033762e-13
2520,0.7000000000000154,182,237,1.2766623699262885e-06,0.9515403770615088,1.0000000000033776e-13
2521,0.7002777777777932,182,237,1.276463860979487e-06,0.9514875137072275,1.0000000000033789e-13
2522,0.700555555555571,182,237,1.276265302956867e-06,0.9514346532897993,1.0000000000033804e-13
2523,0.7008333333333489,182,237,1.276066695846296e-06,0.9513817958090611,1.0000000000033815e-13
2524,0.7011111111111267,182,237,1.275868039635638e-06,0.9513289412648496,1.000000000003383e-13
2525,0.7013888888889045,182,237,1.2756693343127558e-06,0.9512760896570016,1.0000000000033843e-13
2526,0.7016666666666823,182,237,1.2754705798655061e-06,0.9512232409853537,1.0000000000033857e-13
2527,0.7019444444444601,182,237,1.275271776281745e-06,0.9511703952497436,1.0000000000033872e-13
2528,0.702222222222238,182,237,1.2750729235493246e-06,0.9631707077068484,1.0000000000033883e-13
2529,0.7025000000000158,182,236,1.2748740216560937e-06,0.963117198223087,1.0000000000033899e-13
2530,0.7027777777777936,182,236,1.2746750705898994e-06,0.9630636917120746,1.0000000000033912e-13
2531,0.7030555555555714,182,236,1.2744760703385854e-06,0.963010188173646,1.0000000000033925e-13
2532,0.7033333333333492,182,236,1.274278430106697e-06,0.9629566876076364,1.000000000003394e-13
2533,0.7036111111111271,181,237,1.2740807410137562e-06,0.9743475402725451,1.0000000000033954e-13
2534,0.7038888888889049,181,236,1.2738839442191355e-06,0.987954272626704,1.0000000000033967e-13
2535,0.7041666666666827,180,236,1.2736883509399297e-06,0.987899386278225,1.000000000003398e-13
2536,0.7044444444444605,179,237,1.2734927093057233e-06,0.9878445029789875,1.0000000000033993e-13
2537,0.7047222222222383,179,237,1.2732970193045615e-06,0.987789622728822,1.0000000000034008e-13
2538,0.7050000000000162,179,237,1.273101280924488e-06,0.987734745527559,1.0000000000034021e-13
2539,0.705277777777794,179,237,1.2729063352052337e-06,0.9876798713750299,1.0000000000034031e-13
2540,0.7055555555555718,178,238,1.2727113412910698e-06,0.9876250002710647,1.0000000000034044e-13
2541,0.7058333333333496,178,238,1.2725162991700821e-06,0.9875701322154941,1.0000000000034055e-13
2542,0.7061111111111275,178,238,1.2723212088303518e-06,0.9875152672081489,1.0000000000034066e-13
2543,0.7063888888889053,178,238,1.2721260702599584e-06,0.9874604052488596,1.000000000003408e-13
2544,0.7066666666666831,178,238,1.271931985938575e-06,0.9874055463374569,1.00000000000341e-13
2545,0.7069444444444609,177,239,1.2717378536352383e-06,0.9873506904737714,1.0000000000034118e-13
2546,0.7072222222222387,177,239,1.271543673338087e-06,0.9872958376576342,1.0000000000034128e-13
2547,0.7075000000000166,177,239,1.2713494450352555e-06,0.9872409878888755,1.0000000000034145e-13
2548,0.7077777777777944,177,239,1.271155168714876e-06,0.9871861411673261,1.0000000000034157e-13
2549,0.7080555555555722,177,239,1.2709619096188617e-06,0.9871312974928169,1.000000000003417e-13
2550,0.70833333333335,176,240,1.270768602744909e-06,0.9870764568651783,1.0000000000034184e-13
2551,0.7086111111111278,176,240,1.2705752480812058e-06,0.9870216192842416,1.0000000000034196e-13
2552,0.7088888888889057,176,240,1.2703818456159374e-06,0.9869667847498366,1.0000000000034207e-13
2553,0.7091666666666835,176,240,1.2701883953372867e-06,0.9869119532617951,1.0000000000034219e-13
2554,0.7094444444444613,176,240,1.2699948972334323e-06,0.986857124819947,1.0000000000034236e-13
2555,0.7097222222222391,176,240,1.269801351292551e-06,0.9985824693730281,1.0000000000034248e-13
2556,0.710000000000017,176,239,1.2696077575028165e-06,0.998526992569174,1.0000000000034262e-13
2557,0.7102777777777948,176,239,1.2694141158523995e-06,0.9984715188473646,1.0000000000034277e-13
2558,0.7105555555555726,176,239,1.2692218317195663e-06,0.9984160482074287,1.0000000000034291e-13
2559,0.7108333333333504,175,240,1.2690295000498273e-06,0.9983605806491951,1.0000000000034304e-13
2560,0.7111111111111282,175,240,1.268837120831429e-06,1.0088555831852353,1.0000000000034319e-13
2561,0.7113888888889061,175,239,1.2686460852712206e-06,1.0087995356528359,1.000000000003433e-13
2562,0.7116666666666839,174,240,1.2684550024827817e-06,1.0087434912341884,1.0000000000034345e-13
2563,0.7119444444444617,174,240,1.268263872454435e-06,1.0258042696891618,1.0000000000034359e-13
2564,0.7122222222222395,174,239,1.2680726951745033e-06,1.0257472805630679,1.0000000000034372e-13
2565,0.7125000000000173,174,239,1.267881470631304e-06,1.0256902946030364,1.0000000000034385e-13
2566,0.7127777777777952,174,239,1.2676901988131524e-06,1.025633311808892,1.0000000000034398e-13
2567,0.713055555555573,174,239,1.2674988797083616e-06,1.0255763321804585,1.0000000000034414e-13
2568,0.7133333333333508,174,239,1.2673075133052412e-06,1.0358479030071726,1.0000000000034427e-13
2569,0.7136111111111286,174,238,1.2671160995920976e-06,1.0357903559014499,1.000000000003444e-13
2570,0.7138888888889064,174,238,1.2669246385572351e-06,1.0357328119927887,1.0000000000034455e-13
2571,0.7141666666666843,174,238,1.2667331301889542e-06,1.0356752712810111,1.0000000000034467e-13
2572,0.7144444444444621,174,238,1.2665415744755534e-06,1.03561773376594,1.0000000000034482e-13
2573,0.7147222222222399,174,238,1.2663499714053283e-06,1.0355601994473977,1.0000000000034496e-13
2574,0.7150000000000177,174,238,1.2661608339845877e-06,1.0473119938917819,1.0000000000034508e-13
2575,0.7152777777777956,172,239,1.2659716498048776e-06,1.0472538098921211,1.0000000000034523e-13
2576,0.7155555555555734,172,239,1.2657837950237356e-06,1.057948834485276,1.0000000000034536e-13
2577,0.7158333333333512,171,239,1.2655958938007215e-06,1.0578900595500271,1.000000000003455e-13
2578,0.716111111111129,171,239,1.2654079461243538e-06,1.0578312878800522,1.0000000000034563e-13
2579,0.7163888888889068,171,239,1.2652199519831484e-06,1.05777251947517,1.0000000000034576e-13
2580,0.7166666666666847,171,239,1.2650327906845088e-06,1.057713754335199,1.0000000000034592e-13
2581,0.7169444444444625,170,240,1.264846474691147e-06,1.057654992459958,1.0000000000034604e-13
2582,0.7172222222222403,169,241,1.2646611863498343e-06,1.0575962338492662,1.0000000000034616e-13
2583,0.7175000000000181,168,242,1.2644758522011311e-06,1.0575374785029412,1.0000000000034631e-13
2584,0.7177777777777959,168,242,1.2642904722337113e-06,1.057478726420802,1.0000000000034643e-13
2585,0.7180555555555738,168,242,1.264105046436248e-06,1.0690842431179899,1.0000000000034656e-13
2586,0.7183333333333516,168,241,1.2639195747974114e-06,1.0690248495489283,1.000000000003467e-13
2587,0.7186111111111294,168,241,1.2637340573058685e-06,1.0689654592795086,1.000000000003468e-13
2588,0.7188888888889072,168,241,1.2635484939502838e-06,1.0689060723095487,1.0000000000034695e-13
2589,0.719166666666685,168,241,1.263362884719318e-06,1.068846688638865,1.0000000000034708e-13
2590,0.7194444444444629,168,241,1.26317722960163e-06,1.0687873082672739,1.0000000000034722e-13
2591,0.7197222222222407,168,241,1.2629929521574106e-06,1.0687279311945923,1.0000000000034734e-13
2592,0.7200000000000185,167,242,1.2628086291557163e-06,1.068668557420637,1.0000000000034748e-13
2593,0.7202777777777963,167,242,1.2626242605852846e-06,1.0686091869452246,1.0000000000034764e-13
2594,0.7205555555555742,167,242,1.26243984643485e-06,1.0685498197681724,1.0000000000034777e-13
2595,0.720833333333352,167,242,1.2622553866931429e-06,1.0684904558892965,1.000000000003479e-13
2596,0.7211111111111298,167,242,1.262070881348892e-06,1.087066729640892,1.0000000000034802e-13
2597,0.7213888888889076,167,241,1.2618863303908247e-06,1.0870063370448013,1.0000000000034815e-13
2598,0.7216666666666854,167,241,1.2617017338076635e-06,1.0869459478038541,1.0000000000034828e-13
2599,0.7219444444444633,167,241,1.261517091588129e-06,1.086885561917865,1.0000000000034839e-13
2600,0.7222222222222411,167,241,1.2613324037209388e-06,1.0868251793866475,1.0000000000034854e-13
2601,0.7225000000000189,167,241,1.2611476701948072e-06,1.086764800210015,1.0000000000034868e-13
2602,0.7227777777777967,167,241,1.260962890998448e-06,1.086704424387781,1.000000000003488e-13
2603,0.7230555555555745,167,241,1.2607780661205691e-06,1.0866440519197598,1.0000000000034896e-13
2604,0.7233333333333524,167,241,1.2605931955498777e-06,1.086583682805764,1.0000000000034906e-13
2605,0.7236111111111302,167,241,1.260409552353917e-06,1.0865233170456086,1.000000000003492e-13
2606,0.723888888888908,166,242,1.260226977754624e-06,1.0864629546391056,1.0000000000034935e-13
2607,0.7241666666666858,165,243,1.2600443580188365e-06,1.08640259558607,1.0000000000034945e-13
2608,0.7244444444444637,165,243,1.2598616931353966e-06,1.0863422398863156,1.0000000000034959e-13
2609,0.7247222222222415,165,243,1.2596803805156944e-06,1.0862818875396552,1.0000000000034971e-13
2610,0.7250000000000193,164,244,1.2594990230714878e-06,1.086221538545903,1.0000000000034984e-13
2611,0.7252777777777971,164,244,1.259317620791694e-06,1.0861611929048727,1.0000000000035e-13
2612,0.7255555555555749,164,244,1.2591361736652302e-06,1.097249226929953,1.000000000003501e-13
2613,0.7258333333333528,164,243,1.2589546816810087e-06,1.0971882686395682,1.0000000000035026e-13
2614,0.7261111111111306,164,243,1.2587731448279395e-06,1.097127313735755,1.0000000000035038e-13
2615,0.7263888888889084,164,243,1.2585915630949307e-06,1.0970663622183254,1.000000000003505e-13
2616,0.7266666666666862,164,243,1.2584099364708852e-06,1.0970054140870908,1.0000000000035062e-13
2617,0.726944444444464,164,243,1.2582282649447072e-06,1.0969444693418637,1.0000000000035075e-13
2618,0.7272222222222419,164,243,1.2580465485052953e-06,1.096883527982456,1.0000000000035091e-13
2619,0.7275000000000197,164,243,1.2578647871415459e-06,1.0968225900086792,1.0000000000035104e-13
2620,0.7277777777777975,164,243,1.2576829808423517e-06,1.0967616554203454,1.0000000000035119e-13
2621,0.7280555555555753,164,243,1.2575011295966045e-06,1.0967007242172668,1.000000000003513e-13
2622,0.7283333333333532,164,243,1.2573202832237277e-06,1.0966397963992545,1.0000000000035143e-13
2623,0.728611111111131,163,244,1.2571393921684414e-06,1.0965788719661216,1.0000000000035156e-13
2624,0.7288888888889088,164,244,1.2569584563928705e-06,1.096517950917679,1.0000000000035171e-13
2625,0.7291666666666866,164,244,1.2567774758859597e-06,1.0964570332537389,1.0000000000035181e-13
2626,0.7294444444444644,164,244,1.2565964506366499e-06,1.0963961189741138,1.0000000000035195e-13
2627,0.7297222222222423,164,244,1.25641538063388e-06,1.0963352080786153,1.0000000000035207e-13
2628,0.7300000000000201,164,244,1.2562342658665859e-06,1.0962743005670552,1.000000000003522e-13
2629,0.7302777777777979,164,244,1.2560531063237011e-06,1.0962133964392462,1.0000000000035233e-13
2630,0.7305555555555757,164,244,1.2558719019941562e-06,1.0961524956949995,1.0000000000035247e-13
2631,0.7308333333333535,164,244,1.255690652866878e-06,1.0960915983341277,1.0000000000035262e-13
2632,0.7311111111111314,164,244,1.255509358930792e-06,1.108464152107651,1.0000000000035276e-13
2633,0.7313888888889092,164,243,1.255330416241662e-06,1.1084025707658676,1.0000000000035291e-13
2634,0.731666666666687,162,245,1.255151429512888e-06,1.1083409928452694,1.0000000000035305e-13
2635,0.7319444444444648,163,245,1.254972398534621e-06,1.1082794183456668,1.0000000000035317e-13
2636,0.7322222222222426,163,245,1.254794398337305e-06,1.120813079550005,1.000000000003533e-13
2637,0.7325000000000205,162,245,1.2546163541343888e-06,1.120750812156697,1.0000000000035343e-13
2638,0.7327777777777983,162,245,1.2544391703653956e-06,1.1206885482226885,1.0000000000035356e-13
2639,0.7330555555555761,161,246,1.2542638044823018e-06,1.120626287747787,1.0000000000035369e-13
2640,0.7333333333333539,159,248,1.2540893575894445e-06,1.1205640307318012,1.0000000000035382e-13
2641,0.7336111111111318,158,249,1.2539148675694427e-06,1.1205017771745382,1.0000000000035393e-13
2642,0.7338888888889096,158,249,1.2537403344116347e-06,1.1307527669353228,1.0000000000035408e-13
2643,0.7341666666666874,158,248,1.2535668513698704e-06,1.1306899473371597,1.0000000000035422e-13
2644,0.7344444444444652,157,249,1.2533933254392473e-06,1.1306271312289746,1.0000000000035433e-13
2645,0.734722222222243,157,249,1.2532197566091615e-06,1.1305643186105727,1.0000000000035447e-13
2646,0.7350000000000209,157,249,1.253046144869008e-06,1.130501509481761,1.0000000000035462e-13
2647,0.7352777777777987,157,249,1.2528724902081783e-06,1.1444435338399703,1.0000000000035474e-13
2648,0.7355555555555765,157,248,1.2526987926160614e-06,1.1443799536436459,1.0000000000035489e-13
2649,0.7358333333333543,157,248,1.2525250522824134e-06,1.1443163769795548,1.0000000000035497e-13
2650,0.7361111111111321,158,248,1.252351268996298e-06,1.1442528038475002,1.0000000000035512e-13
2651,0.73638888888891,158,248,1.2521774427470964e-06,1.1441892342472868,1.0000000000035526e-13
2652,0.7366666666666878,158,248,1.2520035735241876e-06,1.1663454899251773,1.0000000000035537e-13
2653,0.7369444444444656,158,246,1.2518296613169465e-06,1.1807026063266974,1.0000000000035551e-13
2654,0.7372222222222434,158,245,1.251655706114748e-06,1.191138043170027,1.0000000000035565e-13
2655,0.7375000000000212,158,244,1.251483905325605e-06,1.191071868834295,1.000000000003558e-13
2656,0.7377777777777991,156,246,1.2513120620634929e-06,1.1910056981749153,1.0000000000035592e-13
2657,0.7380555555555769,156,246,1.25114152720874e-06,1.1909395311916835,1.0000000000035605e-13
2658,0.7383333333333547,155,247,1.2509709501939841e-06,1.1908733678843952,1.0000000000035619e-13
2659,0.7386111111111325,155,247,1.2508013648724266e-06,1.1908072082528458,1.0000000000035634e-13
2660,0.7388888888889104,154,248,1.2506317376256134e-06,1.1907410522968318,1.0000000000035645e-13
2661,0.7391666666666882,154,248,1.2504620684431793e-06,1.2029880144897565,1.0000000000035658e-13
2662,0.739444444444466,154,247,1.2502923573147564e-06,1.2029211818222851,1.0000000000035671e-13
2663,0.7397222222222438,154,247,1.2501226042299757e-06,1.2028543528677393,1.0000000000035685e-13
2664,0.7400000000000216,154,247,1.2499542295864638e-06,1.202787527625913,1.0000000000035697e-13
2665,0.7402777777777995,153,248,1.2497858133170023e-06,1.2027207060966005,1.000000000003571e-13
2666,0.7405555555555773,153,248,1.2496173554113002e-06,1.214719931907045,1.0000000000035725e-13
2667,0.7408333333333551,153,247,1.2494488558590648e-06,1.2146524474663838,1.0000000000035736e-13
2668,0.7411111111111329,153,247,1.2492803146499985e-06,1.214584966774858,1.0000000000035751e-13
2669,0.7413888888889107,153,247,1.2491117317738037e-06,1.2145174898322593,1.0000000000035764e-13
2670,0.7416666666666886,153,247,1.2489431072201799e-06,1.21445001663838,1.0000000000035778e-13
2671,0.7419444444444664,153,247,1.2487744409788237e-06,1.2143825471930112,1.0000000000035793e-13
2672,0.7422222222222442,153,247,1.2486065064848828e-06,1.2143150814959447,1.0000000000035807e-13
2673,0.742500000000022,152,248,1.2484385304738076e-06,1.2142476195469727,1.000000000003582e-13
2674,0.7427777777777999,152,248,1.2482705129353331e-06,1.214180161345887,1.0000000000035836e-13
2675,0.7430555555555777,152,248,1.2481037169075313e-06,1.214112706892479,1.0000000000035849e-13
2676,0.7433333333333555,151,249,1.2479368796440487e-06,1.2140452561865405,1.0000000000035861e-13
2677,0.7436111111111333,151,249,1.2477700011346914e-06,1.2139778092278632,1.0000000000035875e-13
2678,0.7438888888889111,151,249,1.2476030813692617e-06,1.2139103660162396,1.0000000000035888e-13
2679,0.744166666666689,151,249,1.24743612033756e-06,1.2138429265514612,1.00000000000359e-13
2680,0.7444444444444668,151,249,1.247269118029385e-06,1.2137754908333194,1.0000000000035914e-13
2681,0.7447222222222446,151,249,1.2471020744345315e-06,1.2137080588616065,1.0000000000035926e-13
2682,0.7450000000000224,151,249,1.2469349895427934e-06,1.2136406306361138,1.000000000003594e-13
2683,0.7452777777778002,151,249,1.2467693046194251e-06,1.2135732061566347,1.0000000000035952e-13
2684,0.7455555555555781,150,250,1.2466035787350657e-06,1.2135057854229594,1.0000000000035969e-13
2685,0.7458333333333559,150,250,1.2464378118795885e-06,1.2134383684348802,1.0000000000035982e-13
2686,0.7461111111111337,150,250,1.2462728448866798e-06,1.2237020559277445,1.0000000000035998e-13
2687,0.7463888888889115,149,250,1.246107837110268e-06,1.2236340724801933,1.000000000003601e-13
2688,0.7466666666666893,149,250,1.2459436938854031e-06,1.245846675915562,1.0000000000036024e-13
2689,0.7469444444444672,148,249,1.2457795100806888e-06,1.2457774622113444,1.0000000000036034e-13
2690,0.747222222222245,148,249,1.2456152856860936e-06,1.245708252352333,1.0000000000036047e-13
2691,0.7475000000000228,148,249,1.245451020691583e-06,1.2456390463383131,1.000000000003606e-13
2692,0.7477777777778006,148,249,1.245286715087119e-06,1.2455698441690723,1.0000000000036075e-13
2693,0.7480555555555785,148,249,1.2451223688626622e-06,1.2628153229267636,1.0000000000036088e-13
2694,0.7483333333333563,148,248,1.2449579820081698e-06,1.2627451665199347,1.0000000000036101e-13
2695,0.7486111111111341,148,248,1.2447935545135983e-06,1.2626750140106833,1.0000000000036115e-13
2696,0.7488888888889119,148,248,1.2446290863689e-06,1.272849502082579,1.0000000000036131e-13
2697,0.7491666666666897,148,247,1.2444645775808586e-06,1.2727787882213524,1.0000000000036144e-13
2698,0.7494444444444676,149,247,1.2443000281225932e-06,1.2727080782886735,1.0000000000036159e-13
2699,0.7497222222222454,149,247,1.2441354379840492e-06,1.272637372284324,1.0000000000036172e-13
2700,0.7500000000000232,149,247,1.2439708071551688e-06,1.2725666702080858,1.0000000000036182e-13
2701,0.750277777777801,149,247,1.2438061356258927e-06,1.2724959720597409,1.0000000000036195e-13
2702,0.7505555555555788,149,247,1.2436414233861584e-06,1.2724252778390712,1.0000000000036208e-13
2703,0.7508333333333567,149,247,1.2434766704259014e-06,1.272354587545858,1.0000000000036221e-13
2704,0.7511111111111345,149,247,1.2433127584481615e-06,1.2722839011798832,1.0000000000036235e-13
2705,0.7513888888889123,148,248,1.243148805947742e-06,1.2722132187409287,1.000000000003625e-13
2706,0.7516666666666901,148,248,1.2429848129146249e-06,1.2721425402287767,1.0000000000036263e-13
2707,0.751944444444468,148,248,1.2428207793387891e-06,1.287333861753412,1.0000000000036277e-13
2708,0.7522222222222458,148,247,1.2426567052102117e-06,1.2872623432055366,1.0000000000036293e-13
2709,0.7525000000000236,148,247,1.2424925905791179e-06,1.2871908286309144,1.0000000000036306e-13
2710,0.7527777777778014,149,247,1.242328435375244e-06,1.2871193180293237,1.0000000000036318e-13
2711,0.7530555555555792,149,247,1.24216423958856e-06,1.2870478114005444,1.0000000000036331e-13
2712,0.7533333333333571,149,247,1.2420000032090313e-06,1.2869763087443555,1.0000000000036342e-13
2713,0.7536111111111349,149,247,1.2418357262266232e-06,1.2869048100605363,1.0000000000036357e-13
2714,0.7538888888889127,149,247,1.2416714086312985e-06,1.2868333153488665,1.0000000000036367e-13
2715,0.7541666666666905,149,247,1.241507050413016e-06,1.286761824609125,1.0000000000036383e-13
2716,0.7544444444444683,149,247,1.2413439924717453e-06,1.286690337841091,1.0000000000036396e-13
2717,0.7547222222222462,148,248,1.2411808942189313e-06,1.2866188550445443,1.0000000000036412e-13
2718,0.755000000000024,148,248,1.2410177556446092e-06,1.286547376219264,1.0000000000036423e-13
2719,0.7552777777778018,148,248,1.2408545767388095e-06,1.2864759013650298,1.0000000000036436e-13
2720,0.7555555555555796,148,248,1.2406927439039153e-06,1.286404430481621,1.0000000000036448e-13
2721,0.7558333333333574,147,249,1.2405308710603525e-06,1.286332963568816,1.0000000000036461e-13
2722,0.7561111111111353,147,249,1.240368958198229e-06,1.2862615006263955,1.0000000000036473e-13
2723,0.7563888888889131,147,249,1.2402070053076522e-06,1.2861900416541387,1.0000000000036486e-13
2724,0.7566666666666909,147,249,1.2400450123787254e-06,1.2861185866518248,1.00000000000365e-13
2725,0.7569444444444687,147,249,1.2398829794015503e-06,1.286047135619233,1.000000000003651e-13
2726,0.7572222222222466,147,249,1.2397209063662257e-06,1.3005060886345605,1.0000000000036525e-13
2727,0.7575000000000244,147,248,1.2395587932628484e-06,1.3004338382963032,1.0000000000036539e-13
2728,0.7577777777778022,147,248,1.2393966400815134e-06,1.3003615919719531,1.0000000000036552e-13
2729,0.75805555555558,147,248,1.2392344468123122e-06,1.3148974808272478,1.0000000000036566e-13
2730,0.7583333333333578,147,247,1.2390722134453342e-06,1.3148244309672017,1.0000000000036578e-13
2731,0.7586111111111357,147,247,1.2389099399706664e-06,1.3147513851654815,1.0000000000036593e-13
2732,0.7588888888889135,147,247,1.2387476263783932e-06,1.314678343421861,1.0000000000036607e-13
2733,0.7591666666666913,147,247,1.238586257382595e-06,1.3335765998902347,1.0000000000036622e-13
2734,0.7594444444444691,146,247,1.2384248484927985e-06,1.3335025123013518,1.0000000000036635e-13
2735,0.759722222222247,146,247,1.2382633996991414e-06,1.3334284288284461,1.0000000000036646e-13
2736,0.7600000000000248,146,247,1.2381019109917583e-06,1.3333543494712892,1.0000000000036662e-13
2737,0.7602777777778026,146,247,1.2379403823607824e-06,1.333280274229652,1.0000000000036675e-13
2738,0.7605555555555804,146,247,1.2377788137963433e-06,1.3332062031033056,1.0000000000036688e-13
2739,0.7608333333333582,146,247,1.237617205288569e-06,1.3331321360920223,1.0000000000036701e-13
2740,0.761111111111136,146,247,1.2374565873742253e-06,1.343658208514445,1.0000000000036713e-13
2741,0.7613888888889139,145,247,1.2372959297515676e-06,1.3435835608361941,1.0000000000036726e-13
2742,0.7616666666666917,145,247,1.237135232410779e-06,1.3435089173050363,1.000000000003674e-13
2743,0.7619444444444695,145,247,1.2369744953420398e-06,1.3434342779207415,1.0000000000036755e-13
2744,0.7622222222222473,145,247,1.2368160069796897e-06,1.3433596426830796,1.0000000000036766e-13
2745,0.7625000000000252,143,249,1.2366574794354986e-06,1.3432850115918196,1.0000000000036779e-13
2746,0.762777777777803,143,249,1.2364989126997797e-06,1.3432103846467311,1.0000000000036792e-13
2747,0.7630555555555808,143,249,1.236340306762844e-06,1.343135761847584,1.0000000000036808e-13
2748,0.7633333333333586,143,249,1.2361816616149997e-06,1.3543593295640817,1.000000000003682e-13
2749,0.7636111111111364,143,248,1.236022977246553e-06,1.370573837736677,1.0000000000036833e-13
2750,0.7638888888889143,143,247,1.235864253647808e-06,1.370497694745692,1.0000000000036846e-13
2751,0.7641666666666921,143,247,1.2357054908090656e-06,1.3704215559848725,1.000000000003686e-13
2752,0.7644444444444699,143,247,1.2355466887206258e-06,1.3703454214539845,1.0000000000036872e-13
2753,0.7647222222222477,143,247,1.2353878473727848e-06,1.3702692911527927,1.0000000000036886e-13
2754,0.7650000000000255,143,247,1.2352301418498447e-06,1.370193165081062,1.0000000000036899e-13
2755,0.7652777777778034,142,248,1.2350723973385978e-06,1.3701170432385577,1.0000000000036911e-13
2756,0.7655555555555812,142,248,1.2349146138294055e-06,1.3700409256250443,1.0000000000036927e-13
2757,0.765833333333359,142,248,1.2347567913126266e-06,1.3699648122402877,1.0000000000036937e-13
2758,0.7661111111111368,142,248,1.2345989297786183e-06,1.3798881475284965,1.000000000003695e-13
2759,0.7663888888889147,142,247,1.2344410292177352e-06,1.379811487075856,1.0000000000036963e-13
2760,0.7666666666666925,142,247,1.2342830896203275e-06,1.3996232868612073,1.0000000000036976e-13
2761,0.7669444444444703,142,246,1.234125111014265e-06,1.399545530011937,1.0000000000036992e-13
2762,0.7672222222222481,143,246,1.2339670933523843e-06,1.426365866586898,1.0000000000037005e-13
2763,0.7675000000000259,143,244,1.2338110102182832e-06,1.4262866240387544,1.0000000000037017e-13
2764,0.7677777777778038,141,246,1.2336548884969665e-06,1.4262073858929745,1.0000000000037029e-13
2765,0.7680555555555816,141,246,1.233498728178894e-06,1.4364032226130583,1.0000000000037041e-13
2766,0.7683333333333594,141,245,1.2333437623782009e-06,1.4554657188539424,1.0000000000037054e-13
2767,0.7686111111111372,140,245,1.2331887582665214e-06,1.455384859647339,1.0000000000037069e-13
2768,0.768888888888915,140,245,1.233033715834384e-06,1.4553040049329145,1.0000000000037083e-13
2769,0.7691666666666929,140,245,1.2328796932400803e-06,1.4552231547104184,1.0000000000037098e-13
2770,0.7694444444444707,139,246,1.2327256325679727e-06,1.4551423089796014,1.0000000000037112e-13
2771,0.7697222222222485,139,246,1.232571533808647e-06,1.4651802642559941,1.0000000000037129e-13
2772,0.7700000000000263,139,245,1.2324184767880675e-06,1.4650988653524246,1.0000000000037141e-13
2773,0.7702777777778042,138,246,1.2322653819283953e-06,1.4650174709710162,1.0000000000037155e-13
2774,0.770555555555582,138,246,1.232112249220275e-06,1.4649360811115177,1.000000000003717e-13
2775,0.7708333333333598,138,246,1.2319590786543489e-06,1.4648546957736783,1.0000000000037183e-13
2776,0.7711111111111376,138,246,1.2318058702212583e-06,1.4647733149572464,1.0000000000037197e-13
2777,0.7713888888889154,138,246,1.2316526239116423e-06,1.4646919386619714,1.0000000000037209e-13
2778,0.7716666666666933,138,246,1.231499339716137e-06,1.4646105668876013,1.0000000000037223e-13
2779,0.7719444444444711,138,246,1.231346017625376e-06,1.4645291996338854,1.0000000000037236e-13
2780,0.7722222222222489,138,246,1.2311926576299904e-06,1.4644478369005722,1.0000000000037251e-13
2781,0.7725000000000267,138,246,1.231039259961769e-06,1.484060112757689,1.0000000000037264e-13
2782,0.7727777777778045,139,245,1.2308858243702391e-06,1.4962968683485771,1.000000000003728e-13
2783,0.7730555555555824,139,244,1.2307323508460245e-06,1.5085512289015084,1.0000000000037294e-13
2784,0.7733333333333602,139,243,1.2305788393797474e-06,1.5084674204999022,1.0000000000037309e-13
2785,0.773611111111138,139,243,1.230426422282908e-06,1.520509460585469,1.0000000000037325e-13
2786,0.7738888888889158,138,243,1.2302750928501288e-06,1.5204249878376586,1.0000000000037333e-13
2787,0.7741666666666936,137,244,1.230125896312021e-06,1.5203405197827788,1.0000000000037348e-13
2788,0.7744444444444715,135,246,1.2299766628892164e-06,1.5202560564205687,1.0000000000037361e-13
2789,0.7747222222222493,135,246,1.2298273925725967e-06,1.5201715977507675,1.0000000000037375e-13
2790,0.7750000000000271,135,246,1.229678085353041e-06,1.5200871437731152,1.0000000000037387e-13
2791,0.7752777777778049,135,246,1.2295287412214256e-06,1.5200026944873497,1.00000000000374e-13
2792,0.7755555555555828,135,246,1.2293793601686266e-06,1.5199182498932113,1.0000000000037414e-13
2793,0.7758333333333606,135,246,1.229229942185515e-06,1.5311851846962585,1.0000000000037429e-13
2794,0.7761111111111384,135,245,1.2290804872629612e-06,1.5311001188526645,1.0000000000037445e-13
2795,0.7763888888889162,135,245,1.2289309953918329e-06,1.5310150577349502,1.0000000000037455e-13
2796,0.776666666666694,135,245,1.2287826492336327e-06,1.5309300013428542,1.0000000000037469e-13
2797,0.7769444444444719,134,246,1.2286342664009686e-06,1.5308449496761127,1.0000000000037484e-13
2798,0.7772222222222497,134,246,1.2284858468847747e-06,1.5307599027344643,1.0000000000037495e-13
2799,0.7775000000000275,134,246,1.2283387180646924e-06,1.530674860517646,1.000000000003751e-13
2800,0.7777777777778053,133,247,1.2281915528945917e-06,1.5305898230253947,1.0000000000037521e-13
2801,0.7780555555555831,134,247,1.228044351341994e-06,1.530504790257449,1.0000000000037536e-13
2802,0.778333333333361,134,247,1.2278971133979049e-06,1.5304197622135458,1.0000000000037549e-13
2803,0.7786111111111388,134,247,1.2277498390533275e-06,1.530334738893423,1.0000000000037563e-13
2804,0.7788888888889166,134,247,1.227602528299262e-06,1.550209480815735,1.0000000000037578e-13
2805,0.7791666666666944,134,246,1.2274551811267075e-06,1.5501233580668008,1.0000000000037589e-13
2806,0.7794444444444723,134,246,1.227307797526661e-06,1.5500372401024638,1.0000000000037602e-13
2807,0.7797222222222501,134,246,1.2271603774901166e-06,1.549951126922458,1.0000000000037617e-13
2808,0.7800000000000279,134,246,1.2270129210080665e-06,1.549865018526518,1.0000000000037631e-13
2809,0.7802777777778057,134,246,1.2268666145487533e-06,1.549778914914378,1.0000000000037643e-13
2810,0.7805555555555835,133,247,1.2267202719192349e-06,1.5496928160857713,1.0000000000037656e-13
2811,0.7808333333333614,133,247,1.22657389311057e-06,1.5649933561656357,1.000000000003767e-13
2812,0.7811111111111392,133,246,1.2264274781138145e-06,1.5771074231266415,1.0000000000037683e-13
2813,0.781388888888917,133,245,1.226281026920021e-06,1.5770198060475789,1.0000000000037698e-13
2814,0.7816666666666948,133,245,1.2261345395202411e-06,1.576932193836132,1.0000000000037712e-13
2815,0.7819444444444726,133,245,1.225988015905524e-06,1.57684458649203,1.0000000000037724e-13
2816,0.7822222222222505,133,245,1.225842596252188e-06,1.5767569840150024,1.0000000000037737e-13
2817,0.7825000000000283,132,246,1.2256971406478855e-06,1.5766693864047794,1.000000000003775e-13
2818,0.7827777777778061,132,246,1.2255516490837286e-06,1.587457969554754,1.0000000000037763e-13
2819,0.7830555555555839,132,245,1.2254061215508266e-06,1.5873697774453344,1.0000000000037773e-13
2820,0.7833333333333617,132,245,1.225260558040288e-06,1.5872815902354762,1.0000000000037786e-13
2821,0.7836111111111396,132,245,1.2251149585432179e-06,1.5871934079249077,1.0000000000037803e-13
2822,0.7838888888889174,132,245,1.2249693230507198e-06,1.5871052305133564,1.0000000000037815e-13
2823,0.7841666666666952,132,245,1.2248236515538946e-06,1.5870170580005503,1.000000000003783e-13
2824,0.784444444444473,132,245,1.2246789657129526e-06,1.6209448256739907,1.0000000000037842e-13
2825,0.7847222222222509,131,244,1.2245342441024588e-06,1.620854773183675,1.0000000000037857e-13
2826,0.7850000000000287,131,244,1.2243894867135692e-06,1.6207647256962763,1.000000000003787e-13
2827,0.7852777777778065,131,244,1.22424469353744e-06,1.6206746832115153,1.0000000000037881e-13
2828,0.7855555555555843,131,244,1.2240998645652223e-06,1.6205846457291149,1.0000000000037896e-13
2829,0.7858333333333621,131,244,1.2239549997880671e-06,1.620494613248797,1.0000000000037909e-13
2830,0.78611111111114,131,244,1.2238100991971236e-06,1.6204045857702827,1.0000000000037921e-13
2831,0.7863888888889178,131,244,1.2236651627835365e-06,1.620314563293296,1.0000000000037935e-13
2832,0.7866666666666956,131,244,1.2235201905384508e-06,1.6202245458175573,1.000000000003795e-13
2833,0.7869444444444734,131,244,1.2233751824530076e-06,1.6201345333427897,1.0000000000037964e-13
2834,0.7872222222222512,131,244,1.2232314338174848e-06,1.620044525868715,1.000000000003798e-13
2835,0.7875000000000291,130,245,1.2230876496441082e-06,1.6199545233950556,1.0000000000037993e-13
2836,0.7877777777778069,130,245,1.2229438299240918e-06,1.619864525921534,1.0000000000038006e-13
2837,0.7880555555555847,130,245,1.2227999746486482e-06,1.6197745334478715,1.000000000003802e-13
2838,0.7883333333333625,130,245,1.222656083808987e-06,1.6196845459737914,1.0000000000038032e-13
2839,0.7886111111111404,130,245,1.2225121573963154e-06,1.619594563499015,1.0000000000038045e-13
2840,0.7888888888889182,130,245,1.222368195747309e-06,1.6195045860232653,1.0000000000038057e-13
2841,0.789166666666696,131,245,1.222224198507787e-06,1.619414613546264,1.0000000000038068e-13
2842,0.7894444444444738,131,245,1.2220801656689505e-06,1.6193246460677335,1.000000000003808e-13
2843,0.7897222222222516,131,245,1.221936097221998e-06,1.6192346835873965,1.0000000000038094e-13
2844,0.7900000000000295,131,245,1.221791993158127e-06,1.6191447261049752,1.0000000000038104e-13
2845,0.7902777777778073,131,245,1.2216478534685324e-06,1.6190547736201917,1.0000000000038119e-13
2846,0.7905555555555851,131,245,1.2215045090703963e-06,1.6189648261327685,1.0000000000038133e-13
2847,0.7908333333333629,130,246,1.2213611292343422e-06,1.6188748836424274,1.0000000000038146e-13
2848,0.7911111111111407,130,246,1.221217714297079e-06,1.6324341728373366,1.0000000000038162e-13
2849,0.7913888888889186,131,245,1.2210742639044594e-06,1.6323434820499565,1.0000000000038175e-13
2850,0.7916666666666964,131,245,1.220930778047719e-06,1.6322527963009539,1.0000000000038185e-13
2851,0.7919444444444742,131,245,1.2207872567180895e-06,1.6321621155900483,1.0000000000038198e-13
2852,0.792222222222252,131,245,1.2206436999068013e-06,1.63207143991696,1.000000000003821e-13
2853,0.7925000000000298,131,245,1.2205001076050823e-06,1.6319807692814092,1.0000000000038223e-13
2854,0.7927777777778077,131,245,1.2203572910435074e-06,1.631890103683116,1.0000000000038237e-13
2855,0.7930555555555855,130,246,1.2202144391745076e-06,1.6317994431218,1.0000000000038252e-13
2856,0.7933333333333633,130,246,1.2200715519893544e-06,1.6317087875971823,1.0000000000038266e-13
2857,0.7936111111111411,130,246,1.2199286294793168e-06,1.6316181371089828,1.0000000000038281e-13
2858,0.793888888888919,130,246,1.2197856716356622e-06,1.6315274916569211,1.0000000000038297e-13
2859,0.7941666666666968,130,246,1.2196426784496548e-06,1.631436851240718,1.0000000000038314e-13
2860,0.7944444444444746,130,246,1.2195010199720566e-06,1.6313462158600933,1.0000000000038326e-13
2861,0.7947222222222524,129,247,1.2193593264733383e-06,1.6312555855147677,1.0000000000038339e-13
2862,0.7950000000000302,129,247,1.2192175979448423e-06,1.6311649602044618,1.000000000003835e-13
2863,0.7952777777778081,129,247,1.2190758343779075e-06,1.631074339928895,1.0000000000038365e-13
2864,0.7955555555555859,129,247,1.2189340357638717e-06,1.6309837246877876,1.0000000000038379e-13
2865,0.7958333333333637,129,247,1.2187922020940704e-06,1.6308931144808607,1.0000000000038394e-13
2866,0.7961111111111415,129,247,1.2186503333598372e-06,1.630802509307834,1.0000000000038407e-13
2867,0.7963888888889193,129,247,1.2185092286511878e-06,1.630711909168428,1.0000000000038421e-13
2868,0.7966666666666972,128,248,1.2183680890583218e-06,1.658979141146166,1.0000000000038434e-13
2869,0.796944444444475,128,246,1.2182269145726155e-06,1.6588869756383247,1.0000000000038447e-13
2870,0.7972222222222528,128,246,1.218087213155679e-06,1.6587948152507896,1.0000000000038463e-13
2871,0.7975000000000306,127,247,1.2179484960963068e-06,1.6587026599832755,1.0000000000038475e-13
2872,0.7977777777778085,126,248,1.2178097447429974e-06,1.6586105098354986,1.0000000000038488e-13
2873,0.7980555555555863,126,248,1.217670959087274e-06,1.6730712610287946,1.0000000000038504e-13
2874,0.7983333333333641,126,247,1.2175333217912917e-06,1.6729783126254034,1.0000000000038514e-13
2875,0.7986111111111419,125,248,1.2173956504683146e-06,1.6845525185621226,1.0000000000038528e-13
2876,0.7988888888889197,125,247,1.2172579451099307e-06,1.6844589323110915,1.0000000000038541e-13
2877,0.7991666666666976,125,247,1.217120205707725e-06,1.7000286546337164,1.0000000000038556e-13
2878,0.7994444444444754,125,246,1.2169824322532808e-06,1.699934208597348,1.0000000000038567e-13
2879,0.7997222222222532,125,246,1.2168446247381803e-06,1.7107455574437511,1.000000000003858e-13
2880,0.800000000000031,125,245,1.2167067831540027e-06,1.7106505160238932,1.0000000000038595e-13
2881,0.8002777777778088,125,245,1.2165689074923253e-06,1.7105554798841143,1.0000000000038608e-13
2882,0.8005555555555867,125,245,1.2164309977447237e-06,1.710460449024121,1.0000000000038624e-13
2883,0.8008333333333645,125,245,1.2162930539027707e-06,1.7103654234436192,1.0000000000038636e-13
2884,0.8011111111111423,125,245,1.2161550759580378e-06,1.7102704031423168,1.0000000000038648e-13
2885,0.8013888888889201,125,245,1.2160170639020937e-06,1.7101753881199202,1.0000000000038661e-13
2886,0.801666666666698,125,245,1.215879017726506e-06,1.710080378376136,1.0000000000038676e-13
2887,0.8019444444444758,125,245,1.2157409374228387e-06,1.7099853739106707,1.000000000003869e-13
2888,0.8022222222222536,125,245,1.2156028229826553e-06,1.7224618327775467,1.0000000000038706e-13
2889,0.8025000000000314,125,244,1.2154646743975164e-06,1.7223661404535036,1.0000000000038719e-13
2890,0.8027777777778092,125,244,1.2153264916589797e-06,1.7222704534457007,1.0000000000038729e-13
2891,0.803055555555587,125,244,1.215188274758602e-06,1.7221747717538423,1.0000000000038744e-13
2892,0.8033333333333649,125,244,1.215050023687938e-06,1.7220790953776337,1.0000000000038757e-13
2893,0.8036111111111427,125,244,1.2149117384385407e-06,1.7323682934876994,1.000000000003877e-13
2894,0.8038888888889205,125,243,1.2147734190019599e-06,1.7322720508047282,1.0000000000038784e-13
2895,0.8041666666666983,125,243,1.2146350653697439e-06,1.7321758134685723,1.0000000000038797e-13
2896,0.8044444444444762,125,243,1.2144966775334386e-06,1.7320795814789351,1.0000000000038812e-13
2897,0.804722222222254,125,243,1.2143582554845878e-06,1.7319833548355197,1.0000000000038825e-13
2898,0.8050000000000318,125,243,1.2142197992147333e-06,1.7318871335380288,1.0000000000038836e-13
2899,0.8052777777778096,125,243,1.2140813087154156e-06,1.7317909175861657,1.0000000000038851e-13
2900,0.8055555555555874,125,243,1.2139437487045235e-06,1.7316947069796333,1.0000000000038864e-13
2901,0.8058333333333653,124,244,1.2138061546857429e-06,1.7315985017181346,1.0000000000038878e-13
2902,0.8061111111111431,124,244,1.213668526650666e-06,1.7315023018013727,1.000000000003889e-13
2903,0.8063888888889209,124,244,1.2135317196879242e-06,1.73140610722905,1.0000000000038904e-13
2904,0.8066666666666987,123,245,1.213394878903464e-06,1.7313099180008706,1.0000000000038917e-13
2905,0.8069444444444765,123,245,1.2132591385708006e-06,1.7312137341165377,1.000000000003893e-13
2906,0.8072222222222544,122,246,1.2131233646801136e-06,1.7311175555757534,1.0000000000038942e-13
2907,0.8075000000000322,122,246,1.2129888493243266e-06,1.7310213823782215,1.0000000000038955e-13
2908,0.80777777777781,121,247,1.2128543007133564e-06,1.7309252145236445,1.0000000000038965e-13
2909,0.8080555555555878,121,247,1.2127219739208259e-06,1.7308290520117273,1.0000000000038979e-13
2910,0.8083333333333657,119,249,1.2125907144557518e-06,1.7307328948421705,1.0000000000038994e-13
2911,0.8086111111111435,118,250,1.2124606151927224e-06,1.7306367430146798,1.0000000000039007e-13
2912,0.8088888888889213,117,251,1.2123304837662673e-06,1.7305405965289566,1.0000000000039019e-13
2913,0.8091666666666991,117,251,1.2122012484012595e-06,1.7304444553847054,1.000000000003903e-13
2914,0.8094444444444769,116,252,1.2120719810864002e-06,1.7303483195816283,1.0000000000039042e-13
2915,0.8097222222222548,116,252,1.2119426818137915e-06,1.7302521891194294,1.0000000000039053e-13
2916,0.8100000000000326,116,252,1.2118133505755323e-06,1.745897907391268,1.0000000000039071e-13
2917,0.8102777777778104,116,251,1.2116839873637196e-06,1.7458009130630803,1.0000000000039082e-13
2918,0.8105555555555882,116,251,1.2115545921704495e-06,1.745703924123465,1.0000000000039098e-13
2919,0.810833333333366,116,251,1.2114251649878147e-06,1.7561704555821063,1.0000000000039111e-13
2920,0.8111111111111439,116,250,1.2112957058079063e-06,1.7560728905567964,1.0000000000039124e-13
2921,0.8113888888889217,116,250,1.2111662146228144e-06,1.7559753309517654,1.0000000000039139e-13
2922,0.8116666666666995,116,250,1.2110366914246262e-06,1.7558777767667124,1.0000000000039153e-13
2923,0.8119444444444773,116,250,1.2109071362054292e-06,1.755780228001337,1.0000000000039166e-13
2924,0.8122222222222552,116,250,1.210777548957305e-06,1.7556826846553368,1.000000000003918e-13
2925,0.812500000000033,116,250,1.210647929672336e-06,1.7748143274959067,1.0000000000039192e-13
2926,0.8127777777778108,116,249,1.2105182783426025e-06,1.7747157266999347,1.0000000000039205e-13
2927,0.8130555555555886,116,249,1.2103885949601826e-06,1.774617131381785,1.0000000000039215e-13
2928,0.8133333333333664,116,249,1.2102588795171508e-06,1.7745185415411528,1.000000000003923e-13
2929,0.8136111111111443,116,249,1.2101291320055816e-06,1.774419957177734,1.0000000000039244e-13
2930,0.8138888888889221,116,249,1.2099993524175473e-06,1.7743213782912237,1.0000000000039257e-13
2931,0.8141666666666999,116,249,1.2098720777760038e-06,1.7742228048813191,1.0000000000039269e-13
2932,0.8144444444444777,114,251,1.209745657533279e-06,1.7741242369477142,1.0000000000039283e-13
2933,0.8147222222222555,113,252,1.2096192060366626e-06,1.7740256744901064,1.0000000000039296e-13
2934,0.8150000000000334,113,252,1.2094927232784295e-06,1.7739271175081908,1.0000000000039311e-13
2935,0.8152777777778112,113,252,1.2093662092508502e-06,1.7738285660016624,1.0000000000039322e-13
2936,0.815555555555589,113,252,1.2092396639461947e-06,1.7737300199702175,1.0000000000039335e-13
2937,0.8158333333333668,113,252,1.2091130873567306e-06,1.7862996418606318,1.000000000003935e-13
2938,0.8161111111111446,113,251,1.2089879645101793e-06,1.7862004029916403,1.0000000000039364e-13
2939,0.8163888888889225,112,252,1.2088628107304824e-06,1.7979631572701087,1.000000000003938e-13
2940,0.8166666666667003,112,251,1.2087376260099932e-06,1.7978632704280386,1.0000000000039393e-13
2941,0.8169444444444781,112,251,1.2086138192094573e-06,1.797763389135237,1.0000000000039405e-13
2942,0.8172222222222559,111,252,1.2084907791240163e-06,1.7976635133913959,1.0000000000039418e-13
2943,0.8175000000000338,110,253,1.2083701126919841e-06,1.7975636431962077,1.0000000000039431e-13
2944,0.8177777777778116,108,255,1.208249416428532e-06,1.7974637785493632,1.0000000000039442e-13
2945,0.8180555555555894,108,255,1.2081315861083147e-06,1.797363919450555,1.0000000000039455e-13
2946,0.8183333333333672,106,257,1.208013726657826e-06,1.7972640658994747,1.0000000000039467e-13
2947,0.818611111111145,106,257,1.207895838069865e-06,1.7971642178958136,1.0000000000039482e-13
2948,0.8188888888889229,106,257,1.207777920337228e-06,1.7970643754392641,1.0000000000039494e-13
2949,0.8191666666667007,106,257,1.207659973452711e-06,1.7969645385295174,1.0000000000039506e-13
2950,0.8194444444444785,106,257,1.2075419974091051e-06,1.7968647071662665,1.0000000000039523e-13
2951,0.8197222222222563,106,257,1.2074239921992027e-06,1.7967648813492012,1.0000000000039535e-13
2952,0.8200000000000341,106,257,1.2073059578157924e-06,1.796665061078015,1.0000000000039546e-13
2953,0.820277777777812,106,257,1.2071878942516626e-06,1.7965652463523998,1.0000000000039562e-13
2954,0.8205555555555898,106,257,1.207069801499598e-06,1.8083626632567529,1.0000000000039577e-13
2955,0.8208333333333676,106,256,1.2069516795523836e-06,1.80826219866435,1.0000000000039591e-13
2956,0.8211111111111454,106,256,1.2068335284028015e-06,1.8081617396533125,1.0000000000039604e-13
2957,0.8213888888889233,106,256,1.2067153480436313e-06,1.808061286223332,1.0000000000039614e-13
2958,0.8216666666667011,106,256,1.2065971384676524e-06,1.8079608383740975,1.0000000000039629e-13
2959,0.8219444444444789,106,256,1.2064788996676418e-06,1.8078603961052992,1.0000000000039642e-13
2960,0.8222222222222567,106,256,1.206360631636374e-06,1.8077599594166263,1.0000000000039654e-13
2961,0.8225000000000345,106,256,1.206242334366623e-06,1.8076595283077699,1.0000000000039665e-13
2962,0.8227777777778124,106,256,1.2061240078511607e-06,1.8075591027784197,1.0000000000039678e-13
2963,0.8230555555555902,106,256,1.2060070343886844e-06,1.8074586828282655,1.0000000000039691e-13
2964,0.823333333333368,105,257,1.205890032007772e-06,1.8073582684569973,1.0000000000039707e-13
2965,0.8236111111111458,105,257,1.2057739409425817e-06,1.8072578596643056,1.0000000000039717e-13
2966,0.8238888888889236,104,258,1.2056578211771027e-06,1.8362480877738228,1.000000000003973e-13
2967,0.8241666666667015,104,256,1.2055416727042394e-06,1.8466704933348999,1.000000000003974e-13
2968,0.8244444444444793,104,255,1.2054254955168948e-06,1.8573717286230083,1.0000000000039755e-13
2969,0.8247222222222571,104,254,1.2053092896079707e-06,1.8572685413047514,1.0000000000039768e-13
2970,0.8250000000000349,104,254,1.2051939529603435e-06,1.857165359719123,1.000000000003978e-13
2971,0.8252777777778127,103,255,1.2050785877989374e-06,1.8570621838658055,1.0000000000039794e-13
2972,0.8255555555555906,103,255,1.2049641046237507e-06,1.8569590137444796,1.0000000000039807e-13
2973,0.8258333333333684,102,256,1.2048505472003432e-06,1.8568558493548277,1.0000000000039823e-13
2974,0.8261111111111462,101,257,1.2047369623939558e-06,1.8567526906965297,1.0000000000039836e-13
2975,0.826388888888924,103,257,1.2046233495068825e-06,1.8566495377692689,1.000000000003985e-13
2976,0.8266666666667019,103,257,1.2045097085321806e-06,1.8565463905727264,1.000000000003986e-13
2977,0.8269444444444797,103,257,1.2043960401538433e-06,1.8564432491065836,1.0000000000039875e-13
2978,0.8272222222222575,105,257,1.204282343674159e-06,1.8563401133705226,1.0000000000039888e-13
2979,0.8275000000000353,105,257,1.2041686190861816e-06,1.8562369833642238,1.0000000000039902e-13
2980,0.8277777777778131,105,257,1.2040548663829605e-06,1.8675189553616087,1.0000000000039917e-13
2981,0.828055555555591,105,256,1.2039410855575456e-06,1.867415204308533,1.0000000000039928e-13
2982,0.8283333333333688,105,256,1.2038272766029853e-06,1.867311459019405,1.0000000000039941e-13
2983,0.8286111111111466,105,256,1.2037147834088081e-06,1.867207719493904,1.0000000000039956e-13
2984,0.8288888888889244,104,257,1.203602262403816e-06,1.86710398573171,1.0000000000039972e-13
2985,0.8291666666667022,104,257,1.2034911396180583e-06,1.8670002577325024,1.0000000000039985e-13
2986,0.8294444444444801,103,258,1.20337998936028e-06,1.8668965354959621,1.0000000000039999e-13
2987,0.8297222222222579,103,258,1.2032688116236905e-06,1.8790998475948046,1.0000000000040011e-13
2988,0.8300000000000357,103,257,1.2031576064014959e-06,1.8789954531588275,1.0000000000040025e-13
2989,0.8302777777778135,103,257,1.2030483384075478e-06,1.8788910645225405,1.0000000000040038e-13
2990,0.8305555555555914,101,259,1.2029398126508317e-06,1.8952969269267357,1.0000000000040053e-13
2991,0.8308333333333692,100,259,1.2028312600641387e-06,1.8951916326530176,1.0000000000040066e-13
2992,0.831111111111147,100,259,1.2027226806408362e-06,1.895086344228981,1.0000000000040077e-13
2993,0.8313888888889248,100,259,1.2026149923390153e-06,1.894981061654302,1.000000000004009e-13
2994,0.8316666666667026,99,260,1.202507277414256e-06,1.8948757849286544,1.0000000000040105e-13
2995,0.8319444444444805,99,260,1.2023995358599756e-06,1.8947705140517141,1.0000000000040119e-13
2996,0.8322222222222583,99,260,1.2022927971977645e-06,1.8946652490231555,1.0000000000040135e-13
2997,0.8325000000000361,98,261,1.2021860321473867e-06,1.8945599898426546,1.0000000000040148e-13
2998,0.8327777777778139,98,261,1.2020792407023184e-06,1.8944547365098856,1.000000000004016e-13
2999,0.8330555555555917,98,261,1.2019724228560335e-06,1.8943494890245238,1.0000000000040174e-13
3000,0.8333333333333696,98,261,1.2018655786020062e-06,1.8942442473862449,1.0000000000040187e-13
3001,0.8336111111111474,98,261,1.2017587079337066e-06,1.8941390115947234,1.00000000000402e-13
3002,0.8338888888889252,98,261,1.201651810844605e-06,1.894033781649635,1.0000000000040212e-13
3003,0.834166666666703,98,261,1.20154488732817e-06,1.9069684508759375,1.0000000000040225e-13
3004,0.8344444444444808,98,260,1.2014379373778672e-06,1.9068625081842228,1.0000000000040235e-13
3005,0.8347222222222587,98,260,1.2013318835013882e-06,1.9067565713782122,1.0000000000040249e-13
3006,0.8350000000000365,97,261,1.201225803406036e-06,1.9193376056269957,1.0000000000040261e-13
3007,0.8352777777778143,97,260,1.2011196970853284e-06,1.9326800776946358,1.0000000000040274e-13
3008,0.8355555555555921,97,259,1.2010135645327832e-06,1.9325727065792082,1.0000000000040289e-13
3009,0.83583333333337,97,259,1.2009074057419152e-06,1.932465341428843,1.00000000000403e-13
3010,0.8361111111111478,97,259,1.200801220706238e-06,1.9323579822432082,1.0000000000040313e-13
3011,0.8363888888889256,97,259,1.200695009419262e-06,1.9462713367343594,1.0000000000040328e-13
3012,0.8366666666667034,97,258,1.2005887718744976e-06,1.946163210548985,1.0000000000040341e-13
3013,0.8369444444444812,97,258,1.2004837460758693e-06,1.946055090370621,1.0000000000040352e-13
3014,0.8372222222222591,96,259,1.2003786943125306e-06,1.9459469761989339,1.0000000000040365e-13
3015,0.8375000000000369,96,259,1.2002749157251486e-06,1.9458388680335894,1.000000000004038e-13
3016,0.8377777777778147,95,260,1.2001711114813954e-06,1.9457307658742546,1.0000000000040391e-13
3017,0.8380555555555925,95,260,1.2000672815749278e-06,1.9456226697205947,1.0000000000040404e-13
3018,0.8383333333333703,95,260,1.1999634259994029e-06,1.9455145795722772,1.0000000000040416e-13
3019,0.8386111111111482,95,260,1.1998595447484734e-06,1.9454064954289676,1.0000000000040432e-13
3020,0.838888888888926,95,260,1.199755637815793e-06,1.9452984172903325,1.0000000000040443e-13
3021,0.8391666666667038,95,260,1.199652907913214e-06,1.9451903451560388,1.0000000000040458e-13
3022,0.8394444444444816,94,261,1.1995501526135235e-06,1.9450822790257523,1.0000000000040471e-13
3023,0.8397222222222595,94,261,1.1994473719104413e-06,1.9449742188991404,1.0000000000040485e-13
3024,0.8400000000000373,94,261,1.1993445657976872e-06,1.955984268619027,1.0000000000040497e-13
3025,0.8402777777778151,94,260,1.1992426131532543e-06,1.9558756028263258,1.0000000000040514e-13
3026,0.8405555555555929,93,261,1.1991406353038638e-06,1.9662731673197096,1.0000000000040526e-13
3027,0.8408333333333707,93,260,1.1990386322432853e-06,1.966163929921525,1.000000000004054e-13
3028,0.8411111111111486,93,260,1.198936603965285e-06,1.9660546985920853,1.0000000000040553e-13
3029,0.8413888888889264,93,260,1.1988345504636294e-06,1.9659454733310526,1.0000000000040568e-13
3030,0.8416666666667042,93,260,1.1987334484560384e-06,1.9658362541380898,1.0000000000040578e-13
3031,0.841944444444482,92,261,1.1986323214537868e-06,1.9657270410128596,1.0000000000040591e-13
3032,0.8422222222222598,92,261,1.1985311694506943e-06,1.965617833955026,1.0000000000040605e-13
3033,0.8425000000000377,92,261,1.198431296413683e-06,1.9655086329642508,1.0000000000040617e-13
3034,0.8427777777778155,91,262,1.198331398685839e-06,1.9653994380401971,1.000000000004063e-13
3035,0.8430555555555933,91,262,1.1982314762610586e-06,1.9652902491825288,1.0000000000040642e-13
3036,0.8433333333333711,91,262,1.1981328260342973e-06,1.9651810663909068,1.0000000000040655e-13
3037,0.843611111111149,90,263,1.1980341514190095e-06,1.9650718896649968,1.0000000000040671e-13
3038,0.8438888888889268,90,263,1.1979354524091659e-06,1.9649627190044596,1.0000000000040685e-13
3039,0.8441666666667046,90,263,1.1978367289987357e-06,1.9648535544089594,1.0000000000040698e-13
3040,0.8444444444444824,90,263,1.1977379811816865e-06,1.98064730540643,1.0000000000040712e-13
3041,0.8447222222222602,90,262,1.1976392089519849e-06,1.9805372694450183,1.0000000000040723e-13
3042,0.845000000000038,90,262,1.197540412303595e-06,1.9992579194266367,1.0000000000040737e-13
3043,0.8452777777778159,90,261,1.1974415912304806e-06,1.999146849542224,1.000000000004075e-13
3044,0.8455555555555937,90,261,1.197342745726603e-06,1.999035785828361,1.0000000000040762e-13
3045,0.8458333333333715,90,261,1.1972438757859214e-06,1.9989247282847038,1.0000000000040776e-13
3046,0.8461111111111493,90,261,1.197144981402396e-06,1.99881367691091,1.0000000000040791e-13
3047,0.8463888888889272,90,261,1.1970460625699834e-06,1.9987026317066374,1.0000000000040804e-13
3048,0.846666666666705,90,261,1.1969471192826389e-06,1.998591592671542,1.000000000004082e-13
3049,0.8469444444444828,90,261,1.196849129707975e-06,1.998480559805283,1.000000000004083e-13
3050,0.8472222222222606,89,262,1.1967511159081129e-06,1.998369533107516,1.0000000000040844e-13
3051,0.8475000000000384,89,262,1.1966530778770627e-06,2.0112020629844887,1.0000000000040857e-13
3052,0.8477777777778163,89,261,1.196556385329705e-06,2.011090329536545,1.0000000000040872e-13
3053,0.8480555555555941,88,262,1.1964596688778028e-06,2.0109786022960154,1.0000000000040883e-13
3054,0.8483333333333719,88,262,1.1963629285154467e-06,2.010866881262554,1.0000000000040899e-13
3055,0.8486111111111497,88,262,1.196266164236726e-06,2.0107551664358176,1.0000000000040909e-13
3056,0.8488888888889276,88,262,1.1961693760357267e-06,2.01064345781546,1.0000000000040921e-13
3057,0.8491666666667054,88,262,1.1960725639065357e-06,2.010531755401137,1.0000000000040935e-13
3058,0.8494444444444832,88,262,1.195975727843237e-06,2.0104200591925037,1.0000000000040948e-13
3059,0.849722222222261,88,262,1.1958788678399136e-06,2.0103083691892154,1.000000000004096e-13
3060,0.8500000000000388,88,262,1.1957819838906467e-06,2.0101966853909268,1.0000000000040973e-13
3061,0.8502777777778167,88,262,1.1956864654896837e-06,2.010085007797294,1.000000000004099e-13
3062,0.8505555555555945,87,263,1.1955919192132946e-06,2.0099733364079717,1.0000000000041002e-13
3063,0.8508333333333723,86,264,1.1954973495629663e-06,2.0280679591963224,1.0000000000041016e-13
3064,0.8511111111111501,86,263,1.1954027565329208e-06,2.040156299785888,1.0000000000041029e-13
3065,0.8513888888889279,86,262,1.1953081401173777e-06,2.0400429577692334,1.0000000000041041e-13
3066,0.8516666666667058,86,262,1.1952135003105564e-06,2.0399296220493577,1.0000000000041054e-13
3067,0.8519444444444836,86,262,1.1951196459432083e-06,2.0398162926259107,1.0000000000041067e-13
3068,0.8522222222222614,85,263,1.1950266524868158e-06,2.0397029694985425,1.000000000004108e-13
3069,0.8525000000000392,84,264,1.1949336360403758e-06,2.0395896526669035,1.0000000000041096e-13
3070,0.852777777777817,84,264,1.1948417018184343e-06,2.0577025885200757,1.0000000000041107e-13
3071,0.8530555555555949,83,264,1.1947497448683117e-06,2.057588271709602,1.0000000000041122e-13
3072,0.8533333333333727,83,264,1.1946577651843889e-06,2.0574739612500625,1.0000000000041135e-13
3073,0.8536111111111505,83,264,1.1945657627610454e-06,2.0573596571411046,1.0000000000041149e-13
3074,0.8538888888889283,83,264,1.194476274731706e-06,2.0572453593823745,1.0000000000041161e-13
3075,0.8541666666667062,81,266,1.1943867645789386e-06,2.05713106797352,1.0000000000041175e-13
3076,0.854444444444484,81,266,1.1942972322972743e-06,2.057016782914188,1.000000000004119e-13
3077,0.8547222222222618,81,266,1.1942085776487805e-06,2.0569025042040265,1.0000000000041203e-13
3078,0.8550000000000396,80,267,1.1941199010828894e-06,2.056788231842682,1.0000000000041213e-13
3079,0.8552777777778174,80,267,1.1940312025941822e-06,2.0566739658298014,1.0000000000041229e-13
3080,0.8555555555555953,80,267,1.193942482177239e-06,2.056559706165033,1.0000000000041242e-13
3081,0.8558333333333731,80,267,1.1938537398266384e-06,2.056445452848024,1.0000000000041255e-13
3082,0.8561111111111509,80,267,1.1937649755369588e-06,2.0563312058784216,1.0000000000041267e-13
3083,0.8563888888889287,80,267,1.1936761893027756e-06,2.056216965255873,1.0000000000041281e-13
3084,0.8566666666667065,80,267,1.1935882030561119e-06,2.056102730980025,1.0000000000041295e-13
3085,0.8569444444444844,79,268,1.1935001950572946e-06,2.0559885030505263,1.0000000000041308e-13
3086,0.8572222222222622,79,268,1.1934121653009458e-06,2.068205671676123,1.000000000004132e-13
3087,0.85750000000004,79,267,1.1933241137816862e-06,2.06809077136103,1.0000000000041333e-13
3088,0.8577777777778178,79,267,1.1932360408396025e-06,2.0679758774292876,1.0000000000041347e-13
3089,0.8580555555555957,80,267,1.1931479461239319e-06,2.067860989880542,1.0000000000041359e-13
3090,0.8583333333333735,80,267,1.1930598296292918e-06,2.0677461087144375,1.0000000000041374e-13
3091,0.8586111111111513,80,267,1.1929729777151471e-06,2.0676312339306198,1.0000000000041388e-13
3092,0.8588888888889291,79,268,1.1928861043292807e-06,2.067516365528735,1.0000000000041401e-13
3093,0.8591666666667069,79,268,1.1928005325963858e-06,2.0784729842382172,1.0000000000041414e-13
3094,0.8594444444444848,78,268,1.1927162806182644e-06,2.078357513516871,1.0000000000041427e-13
3095,0.8597222222222626,77,269,1.192632007811183e-06,2.078242049210564,1.000000000004144e-13
3096,0.8600000000000404,77,269,1.1925477141699926e-06,2.0781265913189415,1.0000000000041455e-13
3097,0.8602777777778182,77,269,1.1924633996895423e-06,2.0780111398416463,1.0000000000041467e-13
3098,0.860555555555596,77,269,1.1923803657616783e-06,2.0778956947783214,1.0000000000041479e-13
3099,0.8608333333333739,76,270,1.1922973113059842e-06,2.094501404549807,1.0000000000041492e-13
3100,0.8611111111111517,76,269,1.192215538357931e-06,2.0943850433606657,1.0000000000041504e-13
3101,0.8613888888889295,75,270,1.1921337451937898e-06,2.0942686886360344,1.0000000000041518e-13
3102,0.8616666666667073,75,270,1.1920519318085622e-06,2.094152340375555,1.0000000000041534e-13
3103,0.8619444444444851,75,270,1.1919700981972498e-06,2.0940359985788675,1.0000000000041546e-13
3104,0.862222222222263,75,270,1.1918882443548516e-06,2.093919663245613,1.0000000000041559e-13
3105,0.8625000000000408,75,270,1.1918071368361096e-06,2.1053671193546686,1.0000000000041573e-13
3106,0.8627777777778186,76,269,1.1917252428620858e-06,2.1227783792831216,1.0000000000041585e-13
3107,0.8630555555555964,76,268,1.1916433286420541e-06,2.122660447150939,1.0000000000041598e-13
3108,0.8633333333333743,76,268,1.1915625179158733e-06,2.122542521570542,1.0000000000041609e-13
3109,0.8636111111111521,76,269,1.1914816872114864e-06,2.122424602541566,1.0000000000041624e-13
3110,0.8638888888889299,76,269,1.1914008365239553e-06,2.1223066900636476,1.0000000000041638e-13
3111,0.8641666666667077,76,269,1.1913213789020621e-06,2.122188784136422,1.0000000000041651e-13
3112,0.8644444444444855,75,270,1.1912419016364807e-06,2.122070884759525,1.0000000000041667e-13
3113,0.8647222222222634,75,270,1.1911624047223547e-06,2.1219529919325937,1.0000000000041679e-13
3114,0.8650000000000412,75,270,1.1910843698901567e-06,2.1218351056552645,1.0000000000041695e-13
3115,0.865277777777819,74,271,1.1910063157660154e-06,2.1383500429478772,1.0000000000041708e-13
3116,0.8655555555555968,74,270,1.1909282423451618e-06,2.138231245723269,1.0000000000041722e-13
3117,0.8658333333333746,74,270,1.190850149622825e-06,2.138112455098507,1.0000000000041732e-13
3118,0.8661111111111525,74,270,1.1907720375942332e-06,2.1379936710732235,1.0000000000041744e-13
3119,0.8663888888889303,74,270,1.1906939062546137e-06,2.137874893647053,1.0000000000041757e-13
3120,0.8666666666667081,74,270,1.190615755599192e-06,2.1377561228196287,1.0000000000041771e-13
3121,0.8669444444444859,74,270,1.1905375856231928e-06,2.1376373585905823,1.0000000000041783e-13
3122,0.8672222222222637,74,270,1.19045939632184e-06,2.1375186009595497,1.0000000000041799e-13
3123,0.8675000000000416,74,270,1.190381187690356e-06,2.1503402011885084,1.0000000000041812e-13
3124,0.8677777777778194,74,269,1.1903029597239617e-06,2.1502207378439975,1.0000000000041825e-13
3125,0.8680555555555972,74,269,1.1902247124178773e-06,2.1501012811363407,1.0000000000041839e-13
3126,0.868333333333375,74,269,1.190146445767322e-06,2.149981831065166,1.0000000000041852e-13
3127,0.8686111111111529,74,269,1.1900681597675127e-06,2.1684267285490413,1.0000000000041864e-13
3128,0.8688888888889307,74,268,1.1899898544136662e-06,2.1683062603974546,1.0000000000041877e-13
3129,0.8691666666667085,74,268,1.1899115297009975e-06,2.168185798938544,1.0000000000041891e-13
3130,0.8694444444444863,74,268,1.189833981372431e-06,2.1783938914600496,1.0000000000041902e-13
3131,0.8697222222222641,73,268,1.189756413872196e-06,2.1782728695771905,1.0000000000041916e-13
3132,0.870000000000042,73,268,1.1896788271955521e-06,2.1781518544177696,1.0000000000041929e-13
3133,0.8702777777778198,73,268,1.1896012213377591e-06,2.178030845981413,1.0000000000041941e-13
3134,0.8705555555555976,73,268,1.1895235962940755e-06,2.177909844267748,1.0000000000041958e-13
3135,0.8708333333333754,73,268,1.189446803706004e-06,2.1777888492763995,1.000000000004197e-13
3136,0.8711111111111532,73,269,1.1893699921331002e-06,2.1776678610069955,1.0000000000041987e-13
3137,0.8713888888889311,73,269,1.1892945091263245e-06,2.177546879459161,1.0000000000042e-13
3138,0.8716666666667089,72,270,1.1892190074584737e-06,2.1774259046325253,1.0000000000042013e-13
3139,0.8719444444444867,72,270,1.1891434871249347e-06,2.1898888309604128,1.0000000000042026e-13
3140,0.8722222222222645,72,269,1.1890679481210922e-06,2.2002500472403854,1.0000000000042038e-13
3141,0.8725000000000424,72,268,1.1889923904423307e-06,2.20012781112665,1.0000000000042052e-13
3142,0.8727777777778202,72,268,1.1889168140840328e-06,2.2000055818038096,1.0000000000042069e-13
3143,0.873055555555598,72,268,1.1888412190415813e-06,2.1998833592714875,1.0000000000042081e-13
3144,0.8733333333333758,72,268,1.188765605310357e-06,2.2121935362861964,1.0000000000042098e-13
3145,0.8736111111111536,72,267,1.1886899728857394e-06,2.212070636645292,1.0000000000042113e-13
3146,0.8738888888889315,72,267,1.1886143217631067e-06,2.2119477438321447,1.0000000000042124e-13
3147,0.8741666666667093,72,267,1.188538651937837e-06,2.211824857846376,1.0000000000042142e-13
3148,0.8744444444444871,72,267,1.1884629634053067e-06,2.2117019786876067,1.0000000000042153e-13
3149,0.8747222222222649,72,267,1.1883872561608908e-06,2.2115791063554573,1.0000000000042166e-13
3150,0.8750000000000427,72,267,1.188311530199963e-06,2.2114562408495493,1.0000000000042181e-13
3151,0.8752777777778206,72,267,1.1882357855178963e-06,2.2297793155414336,1.0000000000042194e-13
3152,0.8755555555555984,72,266,1.1881600221100626e-06,2.2296554389127925,1.0000000000042205e-13
3153,0.8758333333333762,72,266,1.188084239971832e-06,2.229531569166186,1.0000000000042218e-13
3154,0.876111111111154,72,266,1.1880084390985742e-06,2.2294077063012323,1.000000000004223e-13
3155,0.8763888888889318,72,266,1.1879326194856573e-06,2.241145837948425,1.0000000000042243e-13
3156,0.8766666666667097,72,265,1.1878567811284486e-06,2.241021329846317,1.0000000000042255e-13
3157,0.8769444444444875,72,265,1.1877809240223144e-06,2.2408968286613256,1.0000000000042269e-13
3158,0.8772222222222653,72,265,1.1877050481626189e-06,2.240772334393067,1.0000000000042285e-13
3159,0.8775000000000431,72,265,1.1876291535447263e-06,2.2406478470411555,1.0000000000042296e-13
3160,0.877777777777821,72,265,1.1875532401639986e-06,2.2405233666052093,1.0000000000042314e-13
3161,0.8780555555555988,72,265,1.1874773080157975e-06,2.254235799130289,1.0000000000042324e-13
3162,0.8783333333333766,72,264,1.1874013570954835e-06,2.2541105638081156,1.0000000000042336e-13
3163,0.8786111111111544,72,264,1.187326164677121e-06,2.2539853354434594,1.000000000004235e-13
3164,0.8788888888889322,71,265,1.1872509536695238e-06,2.2538601140359353,1.000000000004236e-13
3165,0.8791666666667101,71,265,1.1871757240680958e-06,2.2537348995851554,1.0000000000042375e-13
3166,0.8794444444444879,71,265,1.1871004758682396e-06,2.253609692090734,1.0000000000042389e-13
3167,0.8797222222222657,71,265,1.187025209065358e-06,2.253484491552285,1.0000000000042402e-13
3168,0.8800000000000435,71,265,1.186949923654851e-06,2.253359297969421,1.0000000000042416e-13
3169,0.8802777777778213,71,265,1.186874619632119e-06,2.2532341113417558,1.0000000000042428e-13
3170,0.8805555555555992,71,265,1.1867992969925608e-06,2.2531089316689035,1.0000000000042441e-13
3171,0.880833333333377,71,265,1.186723955731573e-06,2.252983758950477,1.0000000000042454e-13
3172,0.8811111111111548,71,265,1.1866485958445535e-06,2.2528585931860916,1.0000000000042468e-13
3173,0.8813888888889326,71,265,1.1865732173268966e-06,2.2527334343753593,1.0000000000042483e-13
3174,0.8816666666667105,71,265,1.186497820173996e-06,2.252608282517894,1.0000000000042497e-13
3175,0.8819444444444883,71,265,1.1864224043812452e-06,2.264263307551925,1.0000000000042512e-13
3176,0.8822222222222661,71,264,1.1863469699440362e-06,2.2641375151459493,1.0000000000042524e-13
3177,0.8825000000000439,71,264,1.1862723955248071e-06,2.2640117297284412,1.0000000000042538e-13
3178,0.8827777777778217,70,265,1.1861978026691252e-06,2.274044847573762,1.0000000000042551e-13
3179,0.8830555555555996,70,264,1.1861231913724333e-06,2.2739185117488963,1.0000000000042565e-13
3180,0.8833333333333774,70,264,1.1860485616301716e-06,2.273792182942689,1.0000000000042582e-13
3181,0.8836111111111552,70,264,1.1859739134377812e-06,2.273665861154747,1.0000000000042596e-13
3182,0.883888888888933,70,264,1.1859004409179748e-06,2.2735395463846833,1.000000000004261e-13
3183,0.8841666666667108,69,265,1.185828437106159e-06,2.273413238632106,1.0000000000042623e-13
3184,0.8844444444444887,68,266,1.1857564154934025e-06,2.2732869378966267,1.0000000000042635e-13
3185,0.8847222222222665,68,266,1.1856843760753038e-06,2.2731606441778545,1.0000000000042648e-13
3186,0.8850000000000443,68,266,1.1856123188474617e-06,2.2730343574754004,1.0000000000042662e-13
3187,0.8852777777778221,68,266,1.1855402441509392e-06,2.272908077788874,1.0000000000042677e-13
3188,0.8855555555556,69,266,1.185468151635951e-06,2.272781805117886,1.000000000004269e-13
3189,0.8858333333333778,69,266,1.1853960412980923e-06,2.2726555394620465,1.0000000000042704e-13
3190,0.8861111111111556,69,266,1.1853239131329576e-06,2.272529280820965,1.0000000000042716e-13
3191,0.8863888888889334,69,266,1.1852517671361395e-06,2.272403029194253,1.0000000000042729e-13
3192,0.8866666666667112,69,266,1.185180992459965e-06,2.27227678458152,1.0000000000042739e-13
3193,0.886944444444489,68,267,1.185110200286719e-06,2.2721505469823766,1.0000000000042754e-13
3194,0.8872222222222669,68,267,1.185039390612076e-06,2.272024316396433,1.0000000000042768e-13
3195,0.8875000000000447,68,267,1.1849697736054712e-06,2.2718980928233,1.0000000000042777e-13
3196,0.8877777777778225,67,268,1.1849001393879973e-06,2.2717718762625876,1.0000000000042788e-13
3197,0.8880555555556003,67,268,1.1848304879553981e-06,2.2847437096559706,1.0000000000042805e-13
3198,0.8883333333333782,67,267,1.1847608193034186e-06,2.2846167794498786,1.000000000004282e-13
3199,0.888611111111156,67,267,1.184691133427801e-06,2.284489856295465,1.0000000000042834e-13
3200,0.8888888888889338,67,267,1.184621430324288e-06,2.2843629401923375,1.0000000000042849e-13
3201,0.8891666666667116,67,267,1.1845517099886203e-06,2.2842360311401047,1.0000000000042863e-13
3202,0.8894444444444894,67,267,1.1844819724165374e-06,2.284109129138375,1.0000000000042875e-13
3203,0.8897222222222673,67,267,1.1844122176037782e-06,2.2839822341867557,1.0000000000042888e-13
3204,0.8900000000000451,67,267,1.1843424455460808e-06,2.2838553462848568,1.00000000000429e-13
3205,0.8902777777778229,67,267,1.1842726562391815e-06,2.2837284654322856,1.0000000000042913e-13
3206,0.8905555555556007,67,267,1.1842028496788165e-06,2.2836015916286505,1.0000000000042927e-13
3207,0.8908333333333786,67,267,1.18413302586072e-06,2.28347472487356,1.000000000004294e-13
3208,0.8911111111111564,67,267,1.1840644090961854e-06,2.283347865166623,1.000000000004295e-13
3209,0.8913888888889342,66,268,1.1839957753680634e-06,2.2832210125074472,1.0000000000042966e-13
3210,0.891666666666712,66,268,1.1839271246721598e-06,2.2830941668956415,1.0000000000042979e-13
3211,0.8919444444444898,66,268,1.1838584570042798e-06,2.2829673283308134,1.0000000000042991e-13
3212,0.8922222222222677,66,268,1.183789772705694e-06,2.2828404968125735,1.0000000000043005e-13
3213,0.8925000000000455,67,268,1.1837210714268246e-06,2.282713672340528,1.0000000000043023e-13
3214,0.8927777777778233,67,268,1.1836523531634736e-06,2.282586854914287,1.0000000000043037e-13
3215,0.8930555555556011,67,268,1.183583617911442e-06,2.2824600445334586,1.000000000004305e-13
3216,0.8933333333333789,67,268,1.1835148656665296e-06,2.282333241197651,1.0000000000043062e-13
3217,0.8936111111111568,67,268,1.1834460964245358e-06,2.2822064449064734,1.0000000000043073e-13
3218,0.8938888888889346,67,268,1.183377310181259e-06,2.282079655659534,1.0000000000043086e-13
3219,0.8941666666667124,67,268,1.1833085069324953e-06,2.2819528734564423,1.0000000000043101e-13
3220,0.8944444444444902,67,268,1.183239686674041e-06,2.281826098296806,1.0000000000043115e-13
3221,0.894722222222268,67,268,1.1831708494016903e-06,2.294594976383334,1.0000000000043128e-13
3222,0.8950000000000459,67,267,1.1831028097667944e-06,2.2944674988846456,1.000000000004314e-13
3223,0.8952777777778237,66,268,1.1830347533109906e-06,2.294340028468042,1.0000000000043153e-13
3224,0.8955555555556015,66,268,1.1829666800301192e-06,2.294212565133127,1.0000000000043167e-13
3225,0.8958333333333793,66,268,1.1828997968076584e-06,2.3045421048537236,1.000000000004318e-13
3226,0.8961111111111572,65,268,1.1828328970501803e-06,2.304414074736787,1.0000000000043192e-13
3227,0.896388888888935,65,268,1.1827659807535965e-06,2.304286051732636,1.0000000000043206e-13
3228,0.8966666666667128,65,268,1.1826990479138185e-06,2.3041580358408726,1.0000000000043219e-13
3229,0.8969444444444906,65,268,1.1826320985267557e-06,2.3145648577443985,1.0000000000043234e-13
3230,0.8972222222222684,65,267,1.1825651325883178e-06,2.314436270807857,1.0000000000043245e-13
3231,0.8975000000000463,65,267,1.1824981500944128e-06,2.314307691015035,1.000000000004326e-13
3232,0.8977777777778241,65,267,1.1824322076404502e-06,2.3141791183655336,1.0000000000043273e-13
3233,0.8980555555556019,64,268,1.1823662488840488e-06,2.314050552858958,1.0000000000043285e-13
3234,0.8983333333333797,64,268,1.1823002738211778e-06,2.3139219944949105,1.0000000000043297e-13
3235,0.8986111111111575,64,268,1.1822342824478066e-06,2.3137934432729943,1.000000000004331e-13
3236,0.8988888888889354,64,268,1.1821682747599027e-06,2.313664899192813,1.0000000000043322e-13
3237,0.8991666666667132,64,268,1.1821022507534324e-06,2.3263652402847117,1.0000000000043337e-13
3238,0.899444444444491,64,267,1.1820362104243622e-06,2.326235997771363,1.0000000000043351e-13
3239,0.8997222222222688,64,267,1.181970153768656e-06,2.326106762438154,1.0000000000043366e-13
3240,0.9000000000000467,64,267,1.1819048724099434e-06,2.325977534284685,1.0000000000043378e-13
3241,0.9002777777778245,63,268,1.181840370659939e-06,2.325848313310558,1.0000000000043394e-13
3242,0.9005555555556023,62,269,1.1817758529636695e-06,2.325719099515374,1.0000000000043409e-13
3243,0.9008333333333801,62,269,1.181711319317193e-06,2.3255898928987344,1.0000000000043423e-13
3244,0.9011111111111579,62,269,1.1816467697165666e-06,2.3254606934602404,1.0000000000043436e-13
3245,0.9013888888889358,62,269,1.1815822041578455e-06,2.3253315011994924,1.0000000000043451e-13
3246,0.9016666666667136,62,269,1.1815176226370842e-06,2.325202316116093,1.0000000000043463e-13
3247,0.9019444444444914,62,269,1.1814530251503371e-06,2.3250731382096417,1.0000000000043475e-13
3248,0.9022222222222692,62,269,1.1813884116936567e-06,2.3249439674797414,1.000000000004349e-13
3249,0.902500000000047,62,269,1.181323782263095e-06,2.3248148039259924,1.0000000000043503e-13
3250,0.9027777777778249,62,269,1.1812591368547035e-06,2.324685647547997,1.0000000000043516e-13
3251,0.9030555555556027,62,269,1.1811944754645313e-06,2.3245564983453555,1.0000000000043529e-13
3252,0.9033333333333805,62,269,1.181129798088628e-06,2.3244273563176696,1.0000000000043543e-13
3253,0.9036111111111583,62,269,1.1810651047230407e-06,2.324298221464541,1.0000000000043556e-13
3254,0.9038888888889361,62,269,1.181002767676672e-06,2.324169093785571,1.0000000000043568e-13
3255,0.904166666666714,60,271,1.1809414542067233e-06,2.3240399732803607,1.0000000000043583e-13
3256,0.9044444444444918,59,272,1.180880125578724e-06,2.323910859948511,1.0000000000043597e-13
3257,0.9047222222222696,59,272,1.1808187817889259e-06,2.3237817537896257,1.0000000000043607e-13
3258,0.9050000000000474,59,272,1.1807574228335807e-06,2.323652654803304,1.0000000000043617e-13
3259,0.9052777777778253,59,272,1.180696048708939e-06,2.3235235629891484,1.000000000004363e-13
3260,0.9055555555556031,59,272,1.180634659411251e-06,2.32339447834676,1.0000000000043645e-13
3261,0.9058333333333809,59,272,1.1805732549367652e-06,2.341402225691346,1.0000000000043659e-13
3262,0.9061111111111587,59,271,1.1805118352817304e-06,2.3412721477899185,1.0000000000043674e-13
3263,0.9063888888889365,59,271,1.1804516181179305e-06,2.3411420771150415,1.0000000000043688e-13
3264,0.9066666666667144,58,272,1.1803913860671109e-06,2.341012013666313,1.0000000000043701e-13
3265,0.9069444444444922,58,272,1.1803311391255906e-06,2.3543277352745973,1.000000000004372e-13
3266,0.90722222222227,58,271,1.1802708772896892e-06,2.3541969392893045,1.000000000004373e-13
3267,0.9075000000000478,58,271,1.1802106005557238e-06,2.354066150570455,1.0000000000043746e-13
3268,0.9077777777778256,58,271,1.1801503089200113e-06,2.3539353691176457,1.0000000000043759e-13
3269,0.9080555555556035,58,271,1.1800900023788673e-06,2.3538045949304727,1.0000000000043773e-13
3270,0.9083333333333813,58,271,1.1800296809286073e-06,2.353673828008532,1.0000000000043785e-13
3271,0.9086111111111591,58,271,1.1799693445655454e-06,2.3535430683514207,1.0000000000043798e-13
3272,0.9088888888889369,58,271,1.17990981746142e-06,2.3534123159587343,1.0000000000043812e-13
3273,0.9091666666667148,57,272,1.1798502756408728e-06,2.3532815708300703,1.0000000000043823e-13
3274,0.9094444444444926,57,272,1.179790719100265e-06,2.353150832965024,1.0000000000043837e-13
3275,0.9097222222222704,57,272,1.1797311478359585e-06,2.3530201023631925,1.0000000000043852e-13
3276,0.9100000000000482,57,272,1.1796715618443127e-06,2.3528893790241723,1.0000000000043863e-13
3277,0.910277777777826,57,272,1.1796119614671516e-06,2.35275866294756,1.0000000000043876e-13
3278,0.9105555555556039,58,272,1.1795523463554536e-06,2.3526279541329522,1.0000000000043886e-13
3279,0.9108333333333817,58,272,1.1794927165055761e-06,2.3524972525799446,1.0000000000043901e-13
3280,0.9111111111111595,58,272,1.179433071913876e-06,2.352366558288135,1.0000000000043914e-13
3281,0.9113888888889373,58,272,1.1793734129221728e-06,2.3522358712571187,1.0000000000043928e-13
3282,0.9116666666667151,59,272,1.179314533749814e-06,2.352105191486493,1.0000000000043938e-13
3283,0.911944444444493,58,273,1.1792556400212164e-06,2.3519745189758554,1.0000000000043953e-13
3284,0.9122222222222708,58,273,1.1791967317327813e-06,2.351843853724801,1.0000000000043967e-13
3285,0.9125000000000486,58,273,1.1791378088809098e-06,2.3517131957329283,1.000000000004398e-13
3286,0.9127777777778264,58,273,1.1790788714620005e-06,2.3515825449998315,1.0000000000043992e-13
3287,0.9130555555556042,58,273,1.1790199194724525e-06,2.3514519015251096,1.0000000000044009e-13
3288,0.9133333333333821,58,273,1.1789609529086642e-06,2.3630143995695203,1.0000000000044021e-13
3289,0.9136111111111599,58,272,1.1789019717670316e-06,2.362883120991767,1.0000000000044034e-13
3290,0.9138888888889377,58,272,1.1788439479510616e-06,2.3627518497072675,1.0000000000044048e-13
3291,0.9141666666667155,57,273,1.1787859097903153e-06,2.362620585715617,1.0000000000044063e-13
3292,0.9144444444444934,57,273,1.178727857281247e-06,2.3624893290164106,1.0000000000044074e-13
3293,0.9147222222222712,57,273,1.1786697904203093e-06,2.362358079609243,1.0000000000044087e-13
3294,0.915000000000049,57,273,1.1786117092039535e-06,2.3622268374937097,1.0000000000044103e-13
3295,0.9152777777778268,57,273,1.1785536136286314e-06,2.362095602669404,1.0000000000044116e-13
3296,0.9155555555556046,57,273,1.1784955036907934e-06,2.3619643751359227,1.0000000000044131e-13
3297,0.9158333333333825,57,273,1.1784373793868882e-06,2.36183315489286,1.0000000000044144e-13
3298,0.9161111111111603,57,273,1.1783812680736189e-06,2.372447175943554,1.0000000000044158e-13
3299,0.9163888888889381,55,274,1.1783251428883874e-06,2.3723153733226687,1.000000000004417e-13
3300,0.9166666666667159,55,274,1.1782690038277641e-06,2.372183578024151,1.0000000000044183e-13
3301,0.9169444444444937,55,274,1.1782138740738388e-06,2.372051790047594,1.0000000000044197e-13
3302,0.9172222222222716,54,275,1.1781598057319904e-06,2.371920009392592,1.0000000000044209e-13
3303,0.9175000000000494,53,276,1.1781057240232466e-06,2.3717882360587366,1.0000000000044222e-13
3304,0.9177777777778272,53,276,1.178051628944304e-06,2.387746161003865,1.0000000000044236e-13
3305,0.918055555555605,53,275,1.1779975204918567e-06,2.398742610926821,1.0000000000044248e-13
3306,0.9183333333333829,53,274,1.1779433986625984e-06,2.3986093474484362,1.0000000000044264e-13
3307,0.9186111111111607,53,274,1.1778901683508748e-06,2.398476091373578,1.0000000000044274e-13
3308,0.9188888888889385,52,275,1.1778378970268235e-06,2.3983428427018354,1.000000000004429e-13
3309,0.9191666666667163,51,276,1.1777866023844992e-06,2.398209601432796,1.0000000000044303e-13
3310,0.9194444444444941,50,277,1.1777352950610003e-06,2.4170063529170838,1.0000000000044315e-13
3311,0.919722222222272,50,276,1.177683975053191e-06,2.4300578287258996,1.0000000000044327e-13
3312,0.9200000000000498,50,275,1.1776326423579364e-06,2.429922825513193,1.0000000000044339e-13
3313,0.9202777777778276,50,275,1.1775812969720998e-06,2.4297878298006643,1.0000000000044354e-13
3314,0.9205555555556054,50,275,1.1775308176878831e-06,2.4296528415878975,1.0000000000044368e-13
3315,0.9208333333333832,50,276,1.1774803259240668e-06,2.429517860874476,1.0000000000044384e-13
3316,0.9211111111111611,50,276,1.1774298216775652e-06,2.4293828876599832,1.0000000000044397e-13
3317,0.9213888888889389,50,276,1.1773793049452922e-06,2.429247921944002,1.0000000000044413e-13
3318,0.9216666666667167,50,276,1.1773287757241613e-06,2.4291129637261166,1.0000000000044424e-13
3319,0.9219444444444945,50,276,1.1772782340110855e-06,2.42897801300591,1.0000000000044437e-13
3320,0.9222222222222723,50,276,1.1772276798029757e-06,2.428843069782965,1.0000000000044449e-13
3321,0.9225000000000502,50,276,1.177177113096743e-06,2.428708134056866,1.0000000000044462e-13
3322,0.922777777777828,50,276,1.177126533889298e-06,2.4409167949290156,1.0000000000044476e-13
3323,0.9230555555556058,50,275,1.1770759421775492e-06,2.4407811884404085,1.0000000000044488e-13
3324,0.9233333333333836,50,275,1.1770253379584064e-06,2.4406455894854955,1.0000000000044501e-13
3325,0.9236111111111615,50,275,1.1769747212287768e-06,2.4405099980638574,1.0000000000044515e-13
3326,0.9238888888889393,50,275,1.1769240919855677e-06,2.4403744141750767,1.0000000000044526e-13
3327,0.9241666666667171,50,275,1.176873450225685e-06,2.440238837818733,1.000000000004454e-13
3328,0.9244444444444949,50,275,1.1768227959460353e-06,2.44010326899441,1.0000000000044555e-13
3329,0.9247222222222727,50,275,1.1767721291435229e-06,2.4399677077016886,1.0000000000044567e-13
3330,0.9250000000000506,50,275,1.1767214498150518e-06,2.4398321539401495,1.0000000000044579e-13
3331,0.9252777777778284,50,275,1.1766707579575254e-06,2.4396966077093745,1.0000000000044592e-13
3332,0.9255555555556062,50,275,1.1766200535678467e-06,2.439561069008947,1.0000000000044604e-13
3333,0.925833333333384,50,275,1.1765693366429165e-06,2.439425537838446,1.0000000000044617e-13
3334,0.9261111111111618,50,275,1.1765186071796368e-06,2.439290014197455,1.000000000004463e-13
3335,0.9263888888889397,50,275,1.176467865174907e-06,2.4391544980855553,1.0000000000044641e-13
3336,0.9266666666667175,50,275,1.176417110625627e-06,2.4390189895023284,1.0000000000044654e-13
3337,0.9269444444444953,50,275,1.1763663435286954e-06,2.4525707137756845,1.0000000000044669e-13
3338,0.9272222222222731,50,274,1.1763155638810099e-06,2.4524344598471415,1.0000000000044685e-13
3339,0.927500000000051,50,274,1.1762647716794679e-06,2.452298213488261,1.0000000000044699e-13
3340,0.9277777777778288,50,274,1.1762149690800131e-06,2.4521619746986225,1.0000000000044714e-13
3341,0.9280555555556066,49,275,1.1761651541682505e-06,2.4520257434778063,1.0000000000044727e-13
3342,0.9283333333333844,49,275,1.1761153269411355e-06,2.481971951206083,1.0000000000044743e-13
3343,0.9286111111111622,49,273,1.1760654873956236e-06,2.4818340638754606,1.0000000000044756e-13
3344,0.9288888888889401,49,273,1.1760168793672483e-06,2.481696184205245,1.0000000000044766e-13
3345,0.9291666666667179,48,274,1.175968259321889e-06,2.4815583121950118,1.000000000004478e-13
3346,0.9294444444444957,48,274,1.1759196272565752e-06,2.4938129533314153,1.0000000000044795e-13
3347,0.9297222222222735,48,273,1.1758722832791882e-06,2.4936744081673416,1.0000000000044806e-13
3348,0.9300000000000513,47,274,1.175824927597319e-06,2.4935358707002213,1.0000000000044819e-13
3349,0.9302777777778292,47,274,1.1757775602080734e-06,2.4933973409296266,1.0000000000044834e-13
3350,0.930555555555607,47,274,1.1757301811085574e-06,2.5037858400671724,1.0000000000044848e-13
3351,0.9308333333333848,47,273,1.1756827902958757e-06,2.5036467408538354,1.000000000004486e-13
3352,0.9311111111111626,47,273,1.17563619620389e-06,2.5035076493682324,1.0000000000044877e-13
3353,0.9313888888889404,46,274,1.17558959059281e-06,2.5033685656099345,1.000000000004489e-13
3354,0.9316666666667183,46,274,1.1755429734597876e-06,2.5032294895785117,1.0000000000044904e-13
3355,0.9319444444444961,46,274,1.1754963448019753e-06,2.5030904212735354,1.0000000000044916e-13
3356,0.9322222222222739,46,274,1.1754505198764324e-06,2.5168225127195174,1.0000000000044926e-13
3357,0.9325000000000517,45,274,1.1754046836219504e-06,2.516682689246589,1.0000000000044941e-13
3358,0.9327777777778296,45,274,1.1753588360357289e-06,2.5165428735416313,1.0000000000044955e-13
3359,0.9330555555556074,45,274,1.1753129771149656e-06,2.5281048744169694,1.0000000000044968e-13
3360,0.9333333333333852,45,273,1.175267106856859e-06,2.5279644241461683,1.0000000000044983e-13
3361,0.933611111111163,45,273,1.1752212252586055e-06,2.52782398167816,1.0000000000044997e-13
3362,0.9338888888889408,45,273,1.1751753323174026e-06,2.5276835470125114,1.0000000000045012e-13
3363,0.9341666666667187,45,273,1.1751294280304458e-06,2.5406185185945134,1.0000000000045026e-13
3364,0.9344444444444965,45,272,1.1750835123949298e-06,2.5404773731212584,1.0000000000045039e-13
3365,0.9347222222222743,45,272,1.1750375854080495e-06,2.540336235489418,1.0000000000045052e-13
3366,0.9350000000000521,45,272,1.174991647066998e-06,2.5401951056985577,1.0000000000045065e-13
3367,0.9352777777778299,45,272,1.1749456973689682e-06,2.540053983748241,1.000000000004508e-13
3368,0.9355555555556078,45,272,1.1748997363111534e-06,2.5399128696380338,1.0000000000045093e-13
3369,0.9358333333333856,45,272,1.1748537638907441e-06,2.5397717633674977,1.0000000000045109e-13
3370,0.9361111111111634,45,272,1.1748085768367596e-06,2.5396306649361993,1.0000000000045122e-13
3371,0.9363888888889412,44,273,1.1747633786115318e-06,2.539489574343703,1.0000000000045136e-13
3372,0.936666666666719,44,273,1.1747193784889582e-06,2.5393484915895734,1.000000000004515e-13
3373,0.9369444444444969,43,274,1.1746753674885773e-06,2.539207416673374,1.0000000000045162e-13
3374,0.9372222222222747,43,274,1.1746313456076996e-06,2.5520708341901965,1.0000000000045177e-13
3375,0.9375000000000525,43,273,1.1745873128436356e-06,2.5755498254204716,1.0000000000045191e-13
3376,0.9377777777778303,43,271,1.1745432691936943e-06,2.57540673931906,1.0000000000045204e-13
3377,0.9380555555556082,43,271,1.1744992146551847e-06,2.586968362925339,1.000000000004522e-13
3378,0.938333333333386,43,270,1.1744551492254151e-06,2.586824642460732,1.0000000000045233e-13
3379,0.9386111111111638,43,270,1.174411072901693e-06,2.5866809299805946,1.0000000000045246e-13
3380,0.9388888888889416,43,270,1.1743669856813246e-06,2.586537225484485,1.0000000000045262e-13
3381,0.9391666666667194,43,270,1.1743228879070813e-06,2.5863935289719584,1.0000000000045275e-13
3382,0.9394444444444973,44,270,1.1742787792308882e-06,2.586249840442571,1.0000000000045288e-13
3383,0.9397222222222751,44,270,1.1742346596500518e-06,2.58610615989588,1.0000000000045301e-13
3384,0.9400000000000529,44,270,1.174190529161875e-06,2.5859624873314413,1.0000000000045314e-13
3385,0.9402777777778307,44,270,1.1741463877636618e-06,2.585818822748812,1.0000000000045326e-13
3386,0.9405555555556085,44,270,1.1741022354527144e-06,2.5856751661475483,1.000000000004534e-13
3387,0.9408333333333864,44,270,1.1740580722263353e-06,2.5855315175272064,1.0000000000045353e-13
3388,0.9411111111111642,44,270,1.1740138980818265e-06,2.5853878768873444,1.0000000000045365e-13
3389,0.941388888888942,44,270,1.1739697130164882e-06,2.585244244227517,1.0000000000045378e-13
3390,0.9416666666667198,44,270,1.1739255170276205e-06,2.5851006195472825,1.000000000004539e-13
3391,0.9419444444444977,44,270,1.173881310112523e-06,2.584957002846197,1.0000000000045405e-13
3392,0.9422222222222755,44,270,1.1738370922684946e-06,2.595635932710368,1.0000000000045417e-13
3393,0.9425000000000533,44,269,1.1737928634928331e-06,2.595491730714106,1.000000000004543e-13
3394,0.9427777777778311,44,269,1.1737486237828365e-06,2.595347536729067,1.0000000000045446e-13
3395,0.9430555555556089,44,269,1.1737051797760073e-06,2.595203350754804,1.0000000000045459e-13
3396,0.9433333333333868,43,270,1.1736617250288549e-06,2.613452319946874,1.0000000000045473e-13
3397,0.9436111111111646,43,269,1.1736182595387239e-06,2.613307128151321,1.0000000000045483e-13
3398,0.9438888888889424,43,269,1.1735747833029585e-06,2.61316194442198,1.0000000000045499e-13
3399,0.9441666666667202,43,269,1.1735312963189027e-06,2.6130167687584005,1.0000000000045514e-13
3400,0.944444444444498,43,269,1.1734877985838982e-06,2.612871601160137,1.0000000000045528e-13
3401,0.9447222222222759,43,269,1.173444290095288e-06,2.6237161227016967,1.0000000000045541e-13
3402,0.9450000000000537,43,268,1.1734020623129917e-06,2.62357036069488,1.0000000000045556e-13
3403,0.9452777777778315,42,269,1.1733598240910503e-06,2.623424606785953,1.000000000004557e-13
3404,0.9455555555556093,42,269,1.1733175754268823e-06,2.623278860974464,1.0000000000045585e-13
3405,0.9458333333333871,42,269,1.1732753163179062e-06,2.6231331232599664,1.0000000000045595e-13
3406,0.946111111111165,42,269,1.1732330467615405e-06,2.622987393642007,1.0000000000045609e-13
3407,0.9463888888889428,42,269,1.1731917353046625e-06,2.622841672120138,1.0000000000045619e-13
3408,0.9466666666667206,41,270,1.173150413634675e-06,2.6226959586939094,1.000000000004563e-13
3409,0.9469444444444984,41,270,1.1731090817490533e-06,2.622550253362871,1.0000000000045644e-13
3410,0.9472222222222763,41,270,1.173067739645272e-06,2.622404556126573,1.0000000000045657e-13
3411,0.9475000000000541,41,270,1.1730263873208043e-06,2.622258866984567,1.0000000000045673e-13
3412,0.9477777777778319,41,270,1.1729850247731242e-06,2.6327238074950206,1.0000000000045686e-13
3413,0.9480555555556097,41,269,1.1729436519997035e-06,2.6325775450612707,1.0000000000045699e-13
3414,0.9483333333333875,41,269,1.172902268998015e-06,2.632431290753212,1.000000000004571e-13
3415,0.9486111111111654,41,269,1.1728608757655292e-06,2.6322850445703927,1.0000000000045723e-13
3416,0.9488888888889432,41,269,1.1728194722997177e-06,2.6321388065123603,1.0000000000045735e-13
3417,0.949166666666721,41,269,1.1727780585980498e-06,2.631992576578666,1.000000000004575e-13
3418,0.9494444444444988,41,269,1.1727366346579952e-06,2.6318463547688555,1.0000000000045762e-13
3419,0.9497222222222766,41,269,1.172695200477023e-06,2.63170014108248,1.000000000004578e-13
3420,0.9500000000000545,41,269,1.1726537560526014e-06,2.6315539355190865,1.000000000004579e-13
3421,0.9502777777778323,41,269,1.1726123013821976e-06,2.6484667108565536,1.0000000000045803e-13
3422,0.9505555555556101,41,268,1.172570836463279e-06,2.648319573817062,1.0000000000045816e-13
3423,0.9508333333333879,41,268,1.172529361293312e-06,2.6481724449518502,1.000000000004583e-13
3424,0.9511111111111658,41,268,1.1724878758697615e-06,2.6480253242604634,1.0000000000045845e-13
3425,0.9513888888889436,41,268,1.1724477354289684e-06,2.6478782117424493,1.0000000000045858e-13
3426,0.9516666666667214,40,269,1.1724075850645675e-06,2.6477311073973526,1.000000000004587e-13
3427,0.9519444444444992,40,269,1.1723674247741047e-06,2.64758401122472,1.0000000000045884e-13
3428,0.952222222222277,40,269,1.1723272545551263e-06,2.647436923224096,1.0000000000045897e-13
3429,0.9525000000000549,40,269,1.1722870744051779e-06,2.6472898433950283,1.0000000000045911e-13
3430,0.9527777777778327,40,269,1.1722477708429154e-06,2.6471427717370624,1.0000000000045922e-13
3431,0.9530555555556105,39,270,1.1722084575639393e-06,2.6469957082497437,1.0000000000045936e-13
3432,0.9533333333333883,39,270,1.172169134565848e-06,2.66326898202336,1.0000000000045949e-13
3433,0.9536111111111661,39,269,1.172129801846238e-06,2.6631210226354702,1.0000000000045965e-13
3434,0.953888888888944,39,269,1.1720904594027061e-06,2.662973071467546,1.0000000000045981e-13
3435,0.9541666666667218,39,269,1.1720511072328489e-06,2.662825128519131,1.0000000000045994e-13
3436,0.9544444444444996,39,269,1.1720117453342611e-06,2.662677193789769,1.0000000000046008e-13
3437,0.9547222222222774,39,269,1.1719723737045383e-06,2.6625292672790035,1.000000000004602e-13
3438,0.9550000000000552,39,269,1.1719329923412742e-06,2.6623813489863766,1.0000000000046036e-13
3439,0.9552777777778331,39,269,1.1718936012420629e-06,2.662233438911433,1.0000000000046048e-13
3440,0.9555555555556109,39,269,1.1718542004044977e-06,2.662085537053716,1.0000000000046058e-13
3441,0.9558333333333887,39,269,1.17181478982617e-06,2.6619376434127684,1.0000000000046072e-13
3442,0.9561111111111665,39,269,1.1717753695046725e-06,2.6617897579881347,1.0000000000046085e-13
3443,0.9563888888889444,39,269,1.1717359394375958e-06,2.661641880779358,1.0000000000046099e-13
3444,0.9566666666667222,39,269,1.1716964996225316e-06,2.6748206677971345,1.0000000000046111e-13
3445,0.9569444444445,39,268,1.171657050057069e-06,2.6746720666489234,1.0000000000046127e-13
3446,0.9572222222222778,39,268,1.1716175907387978e-06,2.6745234737563317,1.0000000000046139e-13
3447,0.9575000000000556,39,268,1.1715781216653068e-06,2.674374889118901,1.0000000000046156e-13
3448,0.9577777777778335,39,268,1.1715386428341844e-06,2.674226312736172,1.0000000000046166e-13
3449,0.9580555555556113,39,268,1.1715004852459463e-06,2.687483697319817,1.000000000004618e-13
3450,0.9583333333333891,38,268,1.1714623182243047e-06,2.687334392669966,1.0000000000046195e-13
3451,0.9586111111111669,38,268,1.1714241417669285e-06,2.687185096314818,1.0000000000046207e-13
3452,0.9588888888889447,38,268,1.1713859558714835e-06,2.6870358082539116,1.0000000000046221e-13
3453,0.9591666666667226,38,268,1.1713485405089177e-06,2.6868865284867867,1.0000000000046234e-13
3454,0.9594444444445004,37,269,1.171311115896444e-06,2.686737257012982,1.0000000000046248e-13
3455,0.9597222222222782,37,269,1.1712736820317747e-06,2.6865879938320365,1.0000000000046263e-13
3456,0.960000000000056,37,269,1.171236238912623e-06,2.6864387389434903,1.0000000000046276e-13
3457,0.9602777777778339,37,269,1.171198786536701e-06,2.6862894923468823,1.0000000000046288e-13
3458,0.9605555555556117,37,269,1.1711613249017195e-06,2.6861402540417525,1.00000000000463e-13
3459,0.9608333333333895,37,269,1.1711238540053905e-06,2.6859910240276386,1.0000000000046312e-13
3460,0.9611111111111673,37,269,1.1710863738454241e-06,2.685841802304082,1.0000000000046325e-13
3461,0.9613888888889451,37,269,1.1710488844195299e-06,2.6856925888706207,1.000000000004634e-13
3462,0.961666666666723,37,269,1.171011385725417e-06,2.685543383726795,1.0000000000046354e-13
3463,0.9619444444445008,37,269,1.170973877760794e-06,2.6853941868721436,1.0000000000046366e-13
3464,0.9622222222222786,37,269,1.1709378658865495e-06,2.685244998306206,1.0000000000046376e-13
3465,0.9625000000000564,36,270,1.1709018451093696e-06,2.6850958180285223,1.000000000004639e-13
3466,0.9627777777778342,36,270,1.1708658154270538e-06,2.6849466460386315,1.0000000000046406e-13
3467,0.9630555555556121,36,270,1.1708297768374008e-06,2.6982798704362425,1.0000000000046418e-13
3468,0.9633333333333899,36,269,1.1707937293382079e-06,2.6981299659989966,1.0000000000046432e-13
3469,0.9636111111111677,36,269,1.1707576729272727e-06,2.6979800698897742,1.0000000000046445e-13
3470,0.9638888888889455,36,269,1.1707216076023923e-06,2.6978301821081137,1.0000000000046457e-13
3471,0.9641666666667233,36,269,1.1706855333613627e-06,2.697680302653552,1.000000000004647e-13
3472,0.9644444444445012,36,269,1.17064945020198e-06,2.6975304315256277,1.0000000000046484e-13
3473,0.964722222222279,36,269,1.1706133581220388e-06,2.697380568723876,1.0000000000046499e-13
3474,0.9650000000000568,36,269,1.1705772571193345e-06,2.6972307142478362,1.0000000000046513e-13
3475,0.9652777777778346,36,269,1.1705411471916606e-06,2.697080868097044,1.0000000000046528e-13
3476,0.9655555555556125,36,269,1.1705063255584901e-06,2.696931030271039,1.0000000000046542e-13
3477,0.9658333333333903,35,270,1.1704714953166384e-06,2.6967812007693572,1.0000000000046554e-13
3478,0.9661111111111681,35,270,1.1704366564639774e-06,2.6966313795915373,1.0000000000046568e-13
3479,0.9663888888889459,35,270,1.170401808998379e-06,2.711457443689075,1.0000000000046581e-13
3480,0.9666666666667237,35,269,1.170366952917713e-06,2.7113068071644264,1.0000000000046594e-13
3481,0.9669444444445016,35,269,1.1703320882198497e-06,2.7111561790084733,1.0000000000046609e-13
3482,0.9672222222222794,35,269,1.1702972149026594e-06,2.71100555922075,1.000000000004662e-13
3483,0.9675000000000572,35,269,1.1702623329640105e-06,2.7108549478007933,1.0000000000046631e-13
3484,0.967777777777835,35,269,1.170227442401772e-06,2.710704344748138,1.0000000000046643e-13
3485,0.9680555555556128,35,269,1.1701937355713268e-06,2.710553750062319,1.0000000000046658e-13
3486,0.9683333333333907,34,270,1.170160020407805e-06,2.7104031637428707,1.0000000000046672e-13
3487,0.9686111111111685,34,270,1.1701262969091458e-06,2.7102525857893296,1.0000000000046684e-13
3488,0.9688888888889463,34,270,1.1700925650732896e-06,2.7101020162012306,1.0000000000046701e-13
3489,0.9691666666667241,34,270,1.170058824898174e-06,2.726177866828117,1.0000000000046713e-13
3490,0.969444444444502,34,269,1.1700250763817378e-06,2.7260264125021823,1.0000000000046729e-13
3491,0.9697222222222798,34,269,1.1699913195219192e-06,2.7258749665903768,1.000000000004674e-13
3492,0.9700000000000576,34,269,1.169957554316655e-06,2.7257235290922326,1.0000000000046756e-13
3493,0.9702777777778354,34,269,1.1699237807638828e-06,2.7417963636852956,1.0000000000046768e-13
3494,0.9705555555556132,34,268,1.1698908977398546e-06,2.7538601419518143,1.0000000000046779e-13
3495,0.9708333333333911,33,268,1.1698580065864131e-06,2.753707149721705,1.0000000000046797e-13
3496,0.9711111111111689,33,268,1.1698251073015479e-06,2.7535541659911655,1.0000000000046807e-13
3497,0.9713888888889467,33,268,1.1697921998832485e-06,2.76557207914644,1.0000000000046821e-13
3498,0.9716666666667245,33,267,1.1697592843295053e-06,2.7654184362531544,1.0000000000046833e-13
3499,0.9719444444445023,33,267,1.1697263606383061e-06,2.7652648018955848,1.000000000004685e-13
3500,0.9722222222222802,33,267,1.1696948905342932e-06,2.765111176073258,1.0000000000046865e-13
3501,0.972500000000058,32,268,1.1696634126501717e-06,2.764957558785699,1.0000000000046878e-13
3502,0.9727777777778358,32,268,1.1696319269840187e-06,2.764803950032433,1.0000000000046889e-13
3503,0.9730555555556136,32,268,1.1696004335339096e-06,2.7646503498129866,1.00000000000469e-13
3504,0.9733333333333914,32,268,1.1695689322979207e-06,2.7644967581268856,1.0000000000046917e-13
3505,0.9736111111111693,32,268,1.1695374232741262e-06,2.7643431749736562,1.000000000004693e-13
3506,0.9738888888889471,32,268,1.169505906460602e-06,2.764189600352825,1.0000000000046946e-13
3507,0.9741666666667249,32,268,1.1694743818554217e-06,2.764036034263916,1.0000000000046956e-13
3508,0.9744444444445027,32,268,1.1694428494566588e-06,2.763882476706457,1.000000000004697e-13
3509,0.9747222222222806,32,268,1.169411309262387e-06,2.77454611710574,1.0000000000046985e-13
3510,0.9750000000000584,32,267,1.1693797612706786e-06,2.77439197565479,1.0000000000046997e-13
3511,0.9752777777778362,32,267,1.1693482054796062e-06,2.7871845930942567,1.0000000000047014e-13
3512,0.975555555555614,32,266,1.1693166418872417e-06,2.787029749505752,1.0000000000047028e-13
3513,0.9758333333333918,32,266,1.169285070491656e-06,2.7868749145196685,1.000000000004704e-13
3514,0.9761111111111697,32,266,1.1692534912909206e-06,2.786720088135528,1.0000000000047053e-13
3515,0.9763888888889475,32,266,1.1692219042831055e-06,2.786565270352854,1.0000000000047066e-13
3516,0.9766666666667253,32,266,1.1691903094662805e-06,2.7864104611711684,1.000000000004708e-13
3517,0.9769444444445031,32,266,1.1691587068385155e-06,2.7862556605899917,1.000000000004709e-13
3518,0.977222222222281,32,266,1.1691270963978787e-06,2.796581154418247,1.0000000000047106e-13
3519,0.9775000000000588,32,265,1.1690954781424395e-06,2.8112067440573343,1.0000000000047119e-13
3520,0.9777777777778366,32,264,1.1690646649154513e-06,2.8110505659048868,1.0000000000047134e-13
3521,0.9780555555556144,31,265,1.1690338440707494e-06,2.8230472469426244,1.0000000000047148e-13
3522,0.9783333333333922,31,264,1.1690030156064502e-06,2.8228904109844613,1.0000000000047163e-13
3523,0.97861111111117,31,264,1.16897217952067e-06,2.8227335837394065,1.0000000000047173e-13
3524,0.9788888888889479,31,264,1.1689413358115248e-06,2.822576765206976,1.0000000000047189e-13
3525,0.9791666666667257,31,264,1.1689104844771297e-06,2.822419955386687,1.0000000000047202e-13
3526,0.9794444444445035,31,264,1.1688796255155996e-06,2.8222631542780547,1.0000000000047215e-13
3527,0.9797222222222813,31,264,1.168848758925049e-06,2.822106361880595,1.0000000000047226e-13
3528,0.9800000000000592,31,264,1.1688178847035917e-06,2.836585104460692,1.0000000000047239e-13
3529,0.980277777777837,31,263,1.1687870028493415e-06,2.836427516399333,1.0000000000047251e-13
3530,0.9805555555556148,31,263,1.1687569918102856e-06,2.8362699370928666,1.0000000000047266e-13
3531,0.9808333333333926,30,264,1.1687269733518344e-06,2.836112366540806,1.000000000004728e-13
3532,0.9811111111111704,30,264,1.168696947472154e-06,2.835954804742665,1.0000000000047293e-13
3533,0.9813888888889483,30,264,1.1686669141694087e-06,2.8357972516979566,1.0000000000047305e-13
3534,0.9816666666667261,30,264,1.1686377289616526e-06,2.8356397074061963,1.0000000000047317e-13
3535,0.9819444444445039,29,265,1.1686085365386648e-06,2.835482171866896,1.0000000000047332e-13
3536,0.9822222222222817,29,265,1.1685793368986616e-06,2.8353246450795693,1.0000000000047345e-13
3537,0.9825000000000595,29,265,1.1685501300398593e-06,2.835167127043732,1.0000000000047361e-13
3538,0.9827777777778374,29,265,1.1685209159604728e-06,2.835009617758897,1.0000000000047375e-13
3539,0.9830555555556152,29,265,1.1684916946587173e-06,2.863117628085283,1.000000000004739e-13
3540,0.983333333333393,29,263,1.1684624661328068e-06,2.862958565994834,1.0000000000047403e-13
3541,0.9836111111111708,29,263,1.1684332303809558e-06,2.8627995127411676,1.0000000000047417e-13
3542,0.9838888888889487,29,263,1.1684039874013779e-06,2.8626404683237934,1.0000000000047432e-13
3543,0.9841666666667265,29,263,1.1683758459698403e-06,2.86248143274222,1.0000000000047443e-13
3544,0.9844444444445043,28,264,1.1683476975811163e-06,2.873741324010908,1.0000000000047454e-13
3545,0.9847222222222821,28,263,1.1683195422334857e-06,2.87358167171513,1.0000000000047466e-13
3546,0.9850000000000599,28,263,1.1682913799252277e-06,2.8734220282889242,1.0000000000047481e-13
3547,0.9852777777778378,28,263,1.1682632106546218e-06,2.8732623937317965,1.0000000000047495e-13
3548,0.9855555555556156,28,263,1.168235034419947e-06,2.873102768043256,1.0000000000047511e-13
3549,0.9858333333333934,28,263,1.168206851219481e-06,2.872943151222809,1.0000000000047524e-13
3550,0.9861111111111712,28,263,1.1681786610515022e-06,2.8727835432699633,1.000000000004754e-13
3551,0.986388888888949,28,263,1.1681526386568703e-06,2.8726239441842267,1.0000000000047555e-13
3552,0.9866666666667269,26,265,1.168126609828925e-06,2.872464353965105,1.0000000000047568e-13
3553,0.9869444444445047,26,265,1.1681005745660751e-06,2.8723047726121074,1.0000000000047584e-13
3554,0.9872222222222825,26,265,1.1680745328667305e-06,2.887243739782854,1.0000000000047598e-13
3555,0.9875000000000603,26,264,1.1680484847292994e-06,2.8870833373528653,1.0000000000047611e-13
3556,0.9877777777778382,26,264,1.1680232860951377e-06,2.8869229438341235,1.0000000000047624e-13
3557,0.988055555555616,25,265,1.1680010763830054e-06,2.886762559226133,1.0000000000047637e-13
3558,0.9883333333333938,22,268,1.1679798204371865e-06,2.8866021835283986,1.000000000004765e-13
3559,0.9886111111111716,21,269,1.1679585592364255e-06,2.886441816740425,1.0000000000047665e-13
3560,0.9888888888889494,21,269,1.1679372927794239e-06,2.886281458861717,1.0000000000047682e-13
3561,0.9891666666667273,21,269,1.1679160210648822e-06,2.8861211098917807,1.0000000000047694e-13
3562,0.9894444444445051,21,269,1.1678947440915002e-06,2.8859607698301204,1.0000000000047708e-13
3563,0.9897222222222829,21,269,1.1678734618579781e-06,2.8858004386762404,1.0000000000047721e-13
3564,0.9900000000000607,21,269,1.167852174363015e-06,2.8856401164296472,1.0000000000047733e-13
3565,0.9902777777778385,21,269,1.1678317176821457e-06,2.885479803089846,1.0000000000047747e-13
3566,0.9905555555556164,20,270,1.167811255943931e-06,2.9000130240192576,1.0000000000047762e-13
3567,0.9908333333333942,20,269,1.1677907891471195e-06,2.8998519121845905,1.0000000000047775e-13
3568,0.991111111111172,20,269,1.1677703172904619e-06,2.899690809300581,1.0000000000047786e-13
3569,0.9913888888889498,20,269,1.1677498403727066e-06,2.8995297153667305,1.0000000000047798e-13
3570,0.9916666666667276,20,269,1.1677293583926024e-06,2.8993686303825443,1.0000000000047814e-13
3571,0.9919444444445055,20,269,1.167708871348898e-06,2.8992075543475226,1.000000000004783e-13
3572,0.9922222222222833,20,269,1.1676883792403413e-06,2.8990464872611703,1.0000000000047843e-13
3573,0.9925000000000611,20,269,1.1676678820656802e-06,2.898885429122989,1.0000000000047857e-13
3574,0.9927777777778389,20,269,1.167647379823663e-06,2.898724379932482,1.000000000004787e-13
3575,0.9930555555556168,20,269,1.1676268725130355e-06,2.8985633396891526,1.0000000000047884e-13
3576,0.9933333333333946,20,269,1.1676063601325459e-06,2.8984023083925035,1.0000000000047896e-13
3577,0.9936111111111724,20,269,1.1675858426809397e-06,2.8982412860420372,1.0000000000047909e-13
3578,0.9938888888889502,20,269,1.1675653201569643e-06,2.898080272637257,1.0000000000047924e-13
3579,0.994166666666728,20,269,1.1675447925593654e-06,2.8979192681776667,1.0000000000047938e-13
3580,0.9944444444445059,20,269,1.1675242598868884e-06,2.897758272662768,1.000000000004795e-13
3581,0.9947222222222837,20,269,1.1675037221382788e-06,2.8975972860920645,1.0000000000047964e-13
3582,0.9950000000000615,20,269,1.1674831793122817e-06,2.897436308465059,1.0000000000047974e-13
3583,0.9952777777778393,20,269,1.1674626314076417e-06,2.8972753397812556,1.000000000004799e-13
3584,0.9955555555556171,20,269,1.1674420784231038e-06,2.897114380040157,1.0000000000048002e-13
3585,0.995833333333395,20,269,1.1674215203574114e-06,2.9092209727462612,1.0000000000048016e-13
3586,0.9961111111111728,20,268,1.167400957209309e-06,2.9090593493588868,1.0000000000048029e-13
3587,0.9963888888889506,20,268,1.16738038897754e-06,2.908897734950589,1.0000000000048041e-13
3588,0.9966666666667284,20,268,1.1673598156608471e-06,2.90873612952087,1.0000000000048055e-13
3589,0.9969444444445063,20,268,1.1673392372579734e-06,2.90857453306923,1.000000000004807e-13
3590,0.9972222222222841,20,268,1.167318653767662e-06,2.9084129455951704,1.0000000000048083e-13
3591,0.9975000000000619,20,268,1.1672980651886547e-06,2.908251367098193,1.0000000000048097e-13
3592,0.9977777777778397,20,268,1.1672774715196934e-06,2.9080897975777993,1.0000000000048112e-13
3593,0.9980555555556175,20,268,1.1672568727595195e-06,2.9079282370334893,1.0000000000048123e-13
3594,0.9983333333333954,20,268,1.1672362689068748e-06,2.907766685464765,1.0000000000048136e-13
3595,0.9986111111111732,20,268,1.1672156599605004e-06,2.9076051428711285,1.0000000000048149e-13
3596,0.998888888888951,20,268,1.1671950459191364e-06,2.90744360925208,1.0000000000048161e-13
3597,0.9991666666667288,20,268,1.167174426781524e-06,2.907282084607122,1.0000000000048175e-13
3598,0.9994444444445066,20,268,1.1671538025464033e-06,2.9071205689357544,1.000000000004819e-13
3599,0.9997222222222845,20,268,1.1671331732125131e-06,2.9069590622374806,1.00000000000482e-13
3600,1.0000000000000622,20,268,1.167112538778594e-06,2.918447422370821,1.0000000000048213e-13
