,time,healthy_cells,infected_cells,mean_c_substrate,mean_c_phage,mean_c_quorum
0,0.0,0,0,0.0,0.0,0.0
1,0.0002777777777777778,300,0,1.9996988223263002e-06,9.999444444444443e-07,1.0000000000000023e-13
2,0.0005555555555555556,300,0,1.999393650646926e-06,9.998888919753085e-07,1.0000000000000046e-13
3,0.0008333333333333333,301,0,1.9990871177670623e-06,9.998333425924205e-07,1.0000000000000055e-13
4,0.0011111111111111111,301,0,1.998782499331458e-06,9.9977779629561e-07,1.0000000000000068e-13
5,0.001388888888888889,301,0,1.9984684276801064e-06,9.99722253084705e-07,1.0000000000000084e-13
6,0.0016666666666666668,301,0,1.998158411727352e-06,9.996667129595332e-07,1.00000000000001e-13
7,0.0019444444444444446,303,0,1.997852226924185e-06,9.99611175919924e-07,1.0000000000000114e-13
8,0.0022222222222222222,303,0,1.9975410796579133e-06,9.995556419657066e-07,1.0000000000000127e-13
9,0.0025,304,0,1.99723067552293e-06,9.995001110967087e-07,1.0000000000000139e-13
10,0.002777777777777778,304,0,1.9969220971072817e-06,9.99444583312759e-07,1.0000000000000153e-13
11,0.0030555555555555557,304,0,1.9966231080792726e-06,9.99389058613686e-07,1.0000000000000168e-13
12,0.0033333333333333335,304,0,1.9963166421544627e-06,9.993335369993185e-07,1.0000000000000187e-13
13,0.0036111111111111114,304,0,1.9960020052089596e-06,9.99278018469485e-07,1.0000000000000204e-13
14,0.003888888888888889,304,0,1.9956933605070113e-06,9.992225030240148e-07,1.0000000000000217e-13
15,0.004166666666666667,305,0,1.995390160163455e-06,9.99166990662736e-07,1.000000000000023e-13
16,0.0044444444444444444,305,0,1.995079793019461e-06,9.991114813854766e-07,1.000000000000024e-13
17,0.004722222222222222,305,0,1.9947755526166974e-06,9.990559751920664e-07,1.0000000000000255e-13
18,0.005,305,0,1.9944644062789237e-06,9.99000472082333e-07,1.0000000000000268e-13
19,0.005277777777777778,306,0,1.994149226738378e-06,9.989449720561066e-07,1.0000000000000279e-13
20,0.005555555555555556,306,0,1.9938408447206487e-06,9.988894751132143e-07,1.0000000000000294e-13
21,0.005833333333333334,306,0,1.9935324562667256e-06,9.988339812534865e-07,1.0000000000000307e-13
22,0.006111111111111111,306,0,1.9932216366926036e-06,9.987784904767501e-07,1.0000000000000323e-13
23,0.006388888888888889,306,0,1.9929139182778762e-06,9.987230027828347e-07,1.0000000000000342e-13
24,0.006666666666666667,307,0,1.9926107417191463e-06,9.986675181715695e-07,1.0000000000000354e-13
25,0.006944444444444445,307,0,1.9923113765288367e-06,9.986120366427816e-07,1.0000000000000366e-13
26,0.007222222222222223,307,0,1.9920077727310762e-06,9.985565581963018e-07,1.0000000000000379e-13
27,0.007500000000000001,307,0,1.9917039966935993e-06,9.98501082831958e-07,1.0000000000000394e-13
28,0.007777777777777778,307,0,1.991397905043276e-06,9.984456105495784e-07,1.0000000000000405e-13
29,0.008055555555555555,307,0,1.9910903597331156e-06,9.983901413489921e-07,1.000000000000042e-13
30,0.008333333333333333,308,0,1.9907833021538464e-06,9.983346752300287e-07,1.0000000000000433e-13
31,0.008611111111111111,308,0,1.990469711410677e-06,9.982792121925156e-07,1.0000000000000446e-13
32,0.008888888888888889,308,0,1.990156966531145e-06,9.982237522362826e-07,1.0000000000000457e-13
33,0.009166666666666667,308,0,1.9898533292668457e-06,9.981682953611587e-07,1.0000000000000472e-13
34,0.009444444444444445,308,0,1.9895486421531586e-06,9.981128415669718e-07,1.0000000000000485e-13
35,0.009722222222222222,308,0,1.989234837577282e-06,9.980573908535511e-07,1.0000000000000499e-13
36,0.01,308,0,1.988919350451185e-06,9.980019432207266e-07,1.0000000000000514e-13
37,0.010277777777777778,308,0,1.9886095535939947e-06,9.979464986683252e-07,1.0000000000000528e-13
38,0.010555555555555556,308,0,1.9883025245064625e-06,9.97891057196177e-07,1.000000000000054e-13
39,0.010833333333333334,308,0,1.98799415985396e-06,9.978356188041106e-07,1.000000000000055e-13
40,0.011111111111111112,308,0,1.9876878238973438e-06,9.977801834919544e-07,1.0000000000000566e-13
41,0.01138888888888889,308,0,1.987373165075056e-06,9.977247512595382e-07,1.000000000000058e-13
42,0.011666666666666667,309,0,1.987061789402045e-06,9.976693221066902e-07,1.0000000000000594e-13
43,0.011944444444444445,309,0,1.986742843459652e-06,9.976138960332401e-07,1.0000000000000606e-13
44,0.012222222222222223,309,0,1.9864397639260832e-06,9.97558473039016e-07,1.0000000000000619e-13
45,0.0125,310,0,1.986120962145456e-06,9.975030531238478e-07,1.0000000000000634e-13
46,0.012777777777777779,310,0,1.9858011104940334e-06,9.974476362875626e-07,1.0000000000000645e-13
47,0.013055555555555556,310,0,1.9854878390238757e-06,9.973922225299918e-07,1.0000000000000658e-13
48,0.013333333333333334,310,0,1.985181673815695e-06,9.97336811850962e-07,1.0000000000000673e-13
49,0.013611111111111112,310,0,1.9848745843235776e-06,9.972814042503038e-07,1.0000000000000686e-13
50,0.01388888888888889,310,0,1.9845578981143642e-06,9.972259997278456e-07,1.0000000000000697e-13
51,0.014166666666666668,310,0,1.9842485452764227e-06,9.971705982834166e-07,1.000000000000071e-13
52,0.014444444444444446,310,0,1.98394501008653e-06,9.971151999168453e-07,1.0000000000000725e-13
53,0.014722222222222223,311,0,1.983636180643786e-06,9.97059804627961e-07,1.0000000000000737e-13
54,0.015000000000000001,311,0,1.9833232264273234e-06,9.97004412416593e-07,1.0000000000000751e-13
55,0.015277777777777779,312,0,1.983013291011104e-06,9.9694902328257e-07,1.0000000000000765e-13
56,0.015555555555555557,312,0,1.9827042516242196e-06,9.968936372257206e-07,1.000000000000078e-13
57,0.015833333333333335,312,0,1.9823869233342057e-06,9.96838254245875e-07,1.0000000000000793e-13
58,0.01611111111111111,312,0,1.9820781507545875e-06,9.967828743428623e-07,1.0000000000000806e-13
59,0.016388888888888887,312,0,1.9817637345400887e-06,9.9672749751651e-07,1.0000000000000817e-13
60,0.016666666666666663,312,0,1.98144907870962e-06,9.966721237666482e-07,1.000000000000083e-13
61,0.01694444444444444,312,0,1.9811316275099245e-06,9.966167530931059e-07,1.0000000000000842e-13
62,0.017222222222222215,312,0,1.9808182089919316e-06,9.96561385495712e-07,1.0000000000000857e-13
63,0.01749999999999999,312,0,1.980507094788152e-06,9.965060209742953e-07,1.0000000000000869e-13
64,0.017777777777777767,312,0,1.980199114784376e-06,9.964506595286855e-07,1.0000000000000884e-13
65,0.018055555555555543,312,0,1.9798906212087924e-06,9.963953011587116e-07,1.00000000000009e-13
66,0.01833333333333332,312,0,1.9795801144282464e-06,9.963399458642036e-07,1.0000000000000914e-13
67,0.018611111111111096,312,0,1.9792788478375715e-06,9.962845936449885e-07,1.0000000000000929e-13
68,0.018888888888888872,312,0,1.9789651454065806e-06,9.962292445008973e-07,1.0000000000000943e-13
69,0.019166666666666648,312,0,1.9786605854829374e-06,9.961738984317588e-07,1.0000000000000958e-13
70,0.019444444444444424,312,0,1.9783458698271688e-06,9.961185554374016e-07,1.0000000000000971e-13
71,0.0197222222222222,312,0,1.9780309924878826e-06,9.960632155176548e-07,1.0000000000000982e-13
72,0.019999999999999976,312,0,1.9777332094450673e-06,9.960078786723492e-07,1.0000000000001e-13
73,0.020277777777777752,312,0,1.9774247257072205e-06,9.959525449013113e-07,1.000000000000101e-13
74,0.02055555555555553,312,0,1.9771150703646315e-06,9.95897214204372e-07,1.0000000000001024e-13
75,0.020833333333333304,312,0,1.9768084978838273e-06,9.95841886581361e-07,1.0000000000001039e-13
76,0.02111111111111108,312,0,1.9764926281331184e-06,9.957865620321064e-07,1.0000000000001052e-13
77,0.021388888888888857,312,0,1.9761783685832352e-06,9.957312405564378e-07,1.0000000000001068e-13
78,0.021666666666666633,312,0,1.975857274547747e-06,9.956759221541847e-07,1.0000000000001078e-13
79,0.02194444444444441,312,0,1.9755356298427477e-06,9.956206068251755e-07,1.0000000000001092e-13
80,0.022222222222222185,312,0,1.9752214814199967e-06,9.955652945692412e-07,1.0000000000001105e-13
81,0.02249999999999996,312,0,1.9749127686137792e-06,9.955099853862095e-07,1.0000000000001117e-13
82,0.022777777777777737,312,0,1.974596607869914e-06,9.9545467927591e-07,1.000000000000113e-13
83,0.023055555555555513,312,0,1.974284266872732e-06,9.953993762381722e-07,1.0000000000001144e-13
84,0.02333333333333329,312,0,1.9739724909213224e-06,9.953440762728257e-07,1.0000000000001159e-13
85,0.023611111111111065,312,0,1.9736633465442124e-06,9.952887793796995e-07,1.0000000000001173e-13
86,0.02388888888888884,312,0,1.9733566133186962e-06,9.952334855586225e-07,1.0000000000001185e-13
87,0.024166666666666618,312,0,1.9730458436579396e-06,9.951781948094256e-07,1.0000000000001201e-13
88,0.024444444444444394,312,0,1.9727466720887607e-06,9.951229071319362e-07,1.0000000000001212e-13
89,0.02472222222222217,312,0,1.97243320013266e-06,9.950676225259838e-07,1.0000000000001227e-13
90,0.024999999999999946,312,0,1.9721262875035415e-06,9.950123409913996e-07,1.0000000000001241e-13
91,0.025277777777777722,312,0,1.9718316728012915e-06,9.949570625280116e-07,1.0000000000001256e-13
92,0.025555555555555498,312,0,1.9715286054102257e-06,9.949017871356487e-07,1.000000000000127e-13
93,0.025833333333333274,312,0,1.9712133392628518e-06,9.948465148141415e-07,1.0000000000001285e-13
94,0.02611111111111105,312,0,1.9709005865526634e-06,9.94791245563318e-07,1.0000000000001298e-13
95,0.026388888888888826,312,0,1.970591598839267e-06,9.94735979383009e-07,1.0000000000001309e-13
96,0.026666666666666602,312,0,1.970278015039087e-06,9.946807162730435e-07,1.0000000000001322e-13
97,0.02694444444444438,312,0,1.9699655898247367e-06,9.946254562332506e-07,1.0000000000001337e-13
98,0.027222222222222155,312,0,1.9696529170631e-06,9.945701992634605e-07,1.0000000000001351e-13
99,0.02749999999999993,314,0,1.969348882310623e-06,9.94514945363501e-07,1.0000000000001363e-13
100,0.027777777777777707,314,0,1.9690319980565597e-06,9.94459694533203e-07,1.0000000000001376e-13
101,0.028055555555555483,314,0,1.968716949260352e-06,9.944044467723958e-07,1.0000000000001389e-13
102,0.02833333333333326,314,0,1.968410059500098e-06,9.943492020809085e-07,1.0000000000001403e-13
103,0.028611111111111035,314,0,1.9680978385580506e-06,9.942939604585706e-07,1.0000000000001415e-13
104,0.02888888888888881,314,0,1.967784860752133e-06,9.942387219052117e-07,1.0000000000001428e-13
105,0.029166666666666587,315,0,1.9674717250183828e-06,9.941834864206617e-07,1.000000000000144e-13
106,0.029444444444444363,315,0,1.967163591603769e-06,9.941282540047486e-07,1.0000000000001452e-13
107,0.02972222222222214,315,0,1.966842342146332e-06,9.940730246573043e-07,1.0000000000001467e-13
108,0.029999999999999916,315,0,1.9665382614857432e-06,9.940177983781563e-07,1.000000000000148e-13
109,0.03027777777777769,315,0,1.9662261685328074e-06,9.939625751671357e-07,1.0000000000001496e-13
110,0.030555555555555468,315,0,1.965920970702453e-06,9.939073550240714e-07,1.0000000000001509e-13
111,0.030833333333333244,315,0,1.965599673483036e-06,9.93852137948792e-07,1.000000000000152e-13
112,0.03111111111111102,315,0,1.96528335742628e-06,9.937969239411282e-07,1.0000000000001533e-13
113,0.0313888888888888,315,0,1.9649785310601414e-06,9.937417130009096e-07,1.0000000000001548e-13
114,0.03166666666666658,315,0,1.9646620616034465e-06,9.93686505127965e-07,1.000000000000156e-13
115,0.03194444444444436,315,0,1.9643422684422507e-06,9.936313003221247e-07,1.000000000000157e-13
116,0.03222222222222214,315,0,1.964028960989242e-06,9.935760985832178e-07,1.0000000000001584e-13
117,0.03249999999999992,316,0,1.9637063177421363e-06,9.935208999110741e-07,1.0000000000001597e-13
118,0.0327777777777777,316,0,1.9633956516897835e-06,9.934657043055235e-07,1.000000000000161e-13
119,0.03305555555555548,316,0,1.9630759954180647e-06,9.934105117663956e-07,1.0000000000001623e-13
120,0.03333333333333326,316,0,1.96275464015092e-06,9.933553222935194e-07,1.0000000000001636e-13
121,0.033611111111111036,316,0,1.9624501587273786e-06,9.933001358867254e-07,1.0000000000001651e-13
122,0.033888888888888816,316,0,1.962139699268965e-06,9.932449525458425e-07,1.0000000000001665e-13
123,0.034166666666666595,316,0,1.9618305292230294e-06,9.931897722707014e-07,1.0000000000001675e-13
124,0.034444444444444375,316,0,1.9615085864572434e-06,9.931345950611309e-07,1.0000000000001692e-13
125,0.034722222222222154,316,0,1.961195712734892e-06,9.930794209169616e-07,1.0000000000001703e-13
126,0.034999999999999934,316,0,1.9608891072896824e-06,9.930242498380216e-07,1.000000000000172e-13
127,0.035277777777777714,316,0,1.960572393885669e-06,9.92969081824142e-07,1.0000000000001732e-13
128,0.03555555555555549,316,0,1.960254699897363e-06,9.929139168751514e-07,1.0000000000001748e-13
129,0.03583333333333327,316,0,1.959943884228675e-06,9.92858754990881e-07,1.0000000000001762e-13
130,0.03611111111111105,316,0,1.9596242133983815e-06,9.928035961711595e-07,1.0000000000001777e-13
131,0.03638888888888883,316,0,1.9593132737406636e-06,9.927484404158159e-07,1.0000000000001789e-13
132,0.03666666666666661,316,0,1.958991529739817e-06,9.926932877246822e-07,1.0000000000001801e-13
133,0.03694444444444439,316,0,1.9586780188513516e-06,9.92638138097586e-07,1.0000000000001814e-13
134,0.03722222222222217,316,0,1.958360641764553e-06,9.925829915343582e-07,1.0000000000001827e-13
135,0.03749999999999995,316,0,1.9580469419783506e-06,9.925278480348292e-07,1.000000000000184e-13
136,0.03777777777777773,316,0,1.9577378358956463e-06,9.92472707598827e-07,1.0000000000001856e-13
137,0.03805555555555551,316,0,1.957408312324212e-06,9.924175702261826e-07,1.000000000000187e-13
138,0.03833333333333329,316,0,1.9570926497306995e-06,9.923624359167258e-07,1.0000000000001885e-13
139,0.03861111111111107,316,0,1.9567770836787597e-06,9.923073046702856e-07,1.0000000000001899e-13
140,0.03888888888888885,316,0,1.956451733095787e-06,9.922521764866932e-07,1.0000000000001914e-13
141,0.03916666666666663,316,0,1.9561401420314325e-06,9.921970513657772e-07,1.0000000000001928e-13
142,0.03944444444444441,316,0,1.955818756901898e-06,9.921419293073674e-07,1.0000000000001938e-13
143,0.03972222222222219,317,0,1.955506976876589e-06,9.920868103112948e-07,1.0000000000001953e-13
144,0.039999999999999966,317,0,1.955186748781056e-06,9.920316943773894e-07,1.0000000000001967e-13
145,0.040277777777777746,317,0,1.9548684262196506e-06,9.919765815054788e-07,1.000000000000198e-13
146,0.040555555555555525,318,0,1.9545557907978803e-06,9.919214716953952e-07,1.0000000000001992e-13
147,0.040833333333333305,318,0,1.9542349394674746e-06,9.918663649469677e-07,1.0000000000002007e-13
148,0.041111111111111084,318,0,1.9539153932494265e-06,9.918112612600263e-07,1.0000000000002021e-13
149,0.041388888888888864,318,0,1.953596315526815e-06,9.917561606344005e-07,1.0000000000002035e-13
150,0.041666666666666644,318,0,1.9532781909810563e-06,9.917010630699212e-07,1.000000000000205e-13
151,0.04194444444444442,318,0,1.952966999496956e-06,9.916459685664176e-07,1.0000000000002064e-13
152,0.0422222222222222,318,0,1.9526385518190698e-06,9.915908771237187e-07,1.0000000000002077e-13
153,0.04249999999999998,318,0,1.9523295765788916e-06,9.915357887416571e-07,1.0000000000002092e-13
154,0.04277777777777776,318,0,1.9520039901739937e-06,9.914807034200603e-07,1.0000000000002108e-13
155,0.04305555555555554,319,0,1.951686904677618e-06,9.914256211587592e-07,1.0000000000002121e-13
156,0.04333333333333332,319,0,1.9513663633245014e-06,9.913705419575836e-07,1.0000000000002132e-13
157,0.0436111111111111,319,0,1.9510538987438064e-06,9.913154658163638e-07,1.0000000000002145e-13
158,0.04388888888888888,319,0,1.950733056932653e-06,9.912603927349294e-07,1.0000000000002157e-13
159,0.04416666666666666,319,0,1.9504214718911507e-06,9.91205322713111e-07,1.000000000000217e-13
160,0.04444444444444444,319,0,1.950098287930584e-06,9.91150255750738e-07,1.0000000000002184e-13
161,0.04472222222222222,320,0,1.949779254291523e-06,9.910951918476409e-07,1.0000000000002199e-13
162,0.045,320,0,1.9494639429340656e-06,9.910401310036498e-07,1.0000000000002213e-13
163,0.04527777777777778,321,0,1.9491363614620914e-06,9.909850732185937e-07,1.0000000000002226e-13
164,0.04555555555555556,321,0,1.948813387933219e-06,9.90930018492304e-07,1.0000000000002241e-13
165,0.04583333333333334,321,0,1.948506133755705e-06,9.908749668246092e-07,1.0000000000002255e-13
166,0.04611111111111112,321,0,1.948189082517763e-06,9.90819918215342e-07,1.0000000000002267e-13
167,0.046388888888888896,322,0,1.9478706184344647e-06,9.907648726643296e-07,1.000000000000228e-13
168,0.046666666666666676,323,0,1.9475530279847895e-06,9.907098301714034e-07,1.0000000000002292e-13
169,0.046944444444444455,323,0,1.9472440352876612e-06,9.906547907363946e-07,1.0000000000002306e-13
170,0.047222222222222235,323,0,1.946921924771488e-06,9.905997543591314e-07,1.0000000000002319e-13
171,0.047500000000000014,323,0,1.9466102270786225e-06,9.90544721039445e-07,1.0000000000002332e-13
172,0.047777777777777794,324,0,1.946305207349867e-06,9.904896907771648e-07,1.0000000000002342e-13
173,0.048055555555555574,324,0,1.9459916384557554e-06,9.90434663572122e-07,1.0000000000002356e-13
174,0.04833333333333335,324,0,1.9456771252627397e-06,9.903796394241456e-07,1.0000000000002371e-13
175,0.04861111111111113,324,0,1.9453635725085307e-06,9.903246183330663e-07,1.0000000000002381e-13
176,0.04888888888888891,324,0,1.945056830956783e-06,9.902696002987146e-07,1.0000000000002396e-13
177,0.04916666666666669,326,0,1.9447403605465015e-06,9.902145853209202e-07,1.0000000000002407e-13
178,0.04944444444444447,326,0,1.944418214080351e-06,9.901595733995137e-07,1.000000000000242e-13
179,0.04972222222222225,326,0,1.9440993955748416e-06,9.901045645343244e-07,1.0000000000002433e-13
180,0.05000000000000003,326,0,1.9437796992533404e-06,9.900495587251837e-07,1.0000000000002446e-13
181,0.05027777777777781,326,0,1.9434572500424828e-06,9.899945559719213e-07,1.0000000000002458e-13
182,0.05055555555555559,326,0,1.943138293903074e-06,9.899395562743675e-07,1.0000000000002474e-13
183,0.05083333333333337,326,0,1.9428252578228056e-06,9.898845596323525e-07,1.0000000000002487e-13
184,0.05111111111111115,326,0,1.9425041920081925e-06,9.89829566045706e-07,1.0000000000002498e-13
185,0.05138888888888893,327,0,1.9421866631688783e-06,9.89774575514259e-07,1.0000000000002511e-13
186,0.05166666666666671,327,0,1.941860717588021e-06,9.897195880378418e-07,1.0000000000002526e-13
187,0.05194444444444449,327,0,1.941544368170626e-06,9.896646036162843e-07,1.0000000000002539e-13
188,0.05222222222222227,327,0,1.941232282031051e-06,9.896096222494167e-07,1.0000000000002552e-13
189,0.05250000000000005,327,0,1.940915299573958e-06,9.895546439370697e-07,1.0000000000002568e-13
190,0.052777777777777826,327,0,1.9406051802460883e-06,9.894996686790732e-07,1.0000000000002579e-13
191,0.053055555555555606,327,0,1.9402881235197463e-06,9.89444696475258e-07,1.0000000000002592e-13
192,0.053333333333333385,327,0,1.939973399808838e-06,9.893897273254533e-07,1.0000000000002604e-13
193,0.053611111111111165,327,0,1.939654180030442e-06,9.89334761229491e-07,1.0000000000002617e-13
194,0.053888888888888944,327,0,1.9393404645158833e-06,9.892797981872e-07,1.000000000000263e-13
195,0.054166666666666724,327,0,1.939018786710742e-06,9.892248381984123e-07,1.0000000000002641e-13
196,0.054444444444444504,327,0,1.938697362447778e-06,9.891698812629573e-07,1.0000000000002656e-13
197,0.05472222222222228,327,0,1.938380303301248e-06,9.89114927380665e-07,1.0000000000002666e-13
198,0.05500000000000006,327,0,1.9380667100545907e-06,9.89059976551366e-07,1.0000000000002679e-13
199,0.05527777777777784,327,0,1.9377389216641604e-06,9.89005028774891e-07,1.0000000000002693e-13
200,0.05555555555555562,327,0,1.937420571797147e-06,9.889500840510705e-07,1.0000000000002708e-13
201,0.0558333333333334,327,0,1.9371038885037925e-06,9.888951423797345e-07,1.0000000000002722e-13
202,0.05611111111111118,327,0,1.9367985345374405e-06,9.888402037607133e-07,1.0000000000002734e-13
203,0.05638888888888896,328,0,1.9364716908159824e-06,9.88785268193838e-07,1.000000000000275e-13
204,0.05666666666666674,328,0,1.9361438929707963e-06,9.88730335678938e-07,1.0000000000002763e-13
205,0.05694444444444452,328,0,1.935806985746324e-06,9.88675406215845e-07,1.0000000000002778e-13
206,0.0572222222222223,328,0,1.935484808316578e-06,9.886204798043887e-07,1.000000000000279e-13
207,0.05750000000000008,328,0,1.9351639055416064e-06,9.885655564443996e-07,1.0000000000002802e-13
208,0.05777777777777786,329,0,1.93484231571913e-06,9.885106361357078e-07,1.0000000000002812e-13
209,0.05805555555555564,329,0,1.934514336492259e-06,9.884557188781453e-07,1.0000000000002828e-13
210,0.05833333333333342,329,0,1.9341942953216373e-06,9.884008046715405e-07,1.000000000000284e-13
211,0.0586111111111112,329,0,1.9338553425480056e-06,9.883458935157252e-07,1.0000000000002854e-13
212,0.05888888888888898,329,0,1.9335309919404896e-06,9.882909854105303e-07,1.0000000000002864e-13
213,0.059166666666666756,329,0,1.9332040917829012e-06,9.88236080355785e-07,1.0000000000002879e-13
214,0.059444444444444536,330,0,1.9328731981944226e-06,9.881811783513203e-07,1.0000000000002892e-13
215,0.059722222222222315,330,0,1.93255162307531e-06,9.88126279396968e-07,1.0000000000002906e-13
216,0.060000000000000095,330,0,1.932236138869874e-06,9.880713834925568e-07,1.0000000000002922e-13
217,0.060277777777777874,331,0,1.9319165433145343e-06,9.880164906379191e-07,1.0000000000002935e-13
218,0.060555555555555654,331,0,1.931598636709347e-06,9.879616008328834e-07,1.0000000000002947e-13
219,0.060833333333333434,331,0,1.931277093376554e-06,9.879067140772815e-07,1.000000000000296e-13
220,0.06111111111111121,331,0,1.9309669765986705e-06,9.87851830370944e-07,1.0000000000002974e-13
221,0.06138888888888899,332,0,1.930656782562102e-06,9.877969497137014e-07,1.0000000000002987e-13
222,0.06166666666666677,332,0,1.9303482898987847e-06,9.87742072105384e-07,1.0000000000002999e-13
223,0.06194444444444455,332,0,1.93002620774606e-06,9.876871975458224e-07,1.0000000000003013e-13
224,0.06222222222222233,333,0,1.9296981161900368e-06,9.87632326034848e-07,1.0000000000003028e-13
225,0.06250000000000011,333,0,1.929382778727494e-06,9.875774575722901e-07,1.0000000000003042e-13
226,0.06277777777777789,333,0,1.9290687743109563e-06,9.87522592157981e-07,1.0000000000003059e-13
227,0.06305555555555567,333,0,1.9287480903623764e-06,9.874677297917497e-07,1.0000000000003071e-13
228,0.06333333333333345,333,0,1.9284208432647405e-06,9.874128704734283e-07,1.0000000000003086e-13
229,0.06361111111111123,333,0,1.928099125312222e-06,9.873580142028466e-07,1.00000000000031e-13
230,0.06388888888888901,333,0,1.927774092982763e-06,9.873031609798345e-07,1.0000000000003113e-13
231,0.06416666666666679,333,0,1.9274527541955224e-06,9.872483108042247e-07,1.0000000000003128e-13
232,0.06444444444444457,333,0,1.9271227549229774e-06,9.871934636758465e-07,1.0000000000003142e-13
233,0.06472222222222235,333,0,1.926806503850771e-06,9.871386195945314e-07,1.0000000000003154e-13
234,0.06500000000000013,333,0,1.926477954781943e-06,9.870837785601095e-07,1.0000000000003168e-13
235,0.0652777777777779,333,0,1.926159499228501e-06,9.870289405724113e-07,1.0000000000003184e-13
236,0.06555555555555569,333,0,1.9258400576720196e-06,9.869741056312683e-07,1.0000000000003197e-13
237,0.06583333333333347,333,0,1.925521680880197e-06,9.869192737365114e-07,1.000000000000321e-13
238,0.06611111111111125,333,0,1.925194556906819e-06,9.86864444887971e-07,1.0000000000003225e-13
239,0.06638888888888902,333,0,1.9248688009535692e-06,9.86809619085477e-07,1.0000000000003237e-13
240,0.0666666666666668,334,0,1.924532896709779e-06,9.867547963288613e-07,1.0000000000003249e-13
241,0.06694444444444458,334,0,1.924209420997462e-06,9.866999766179539e-07,1.0000000000003264e-13
242,0.06722222222222236,334,0,1.9238906690429364e-06,9.866451599525864e-07,1.0000000000003276e-13
243,0.06750000000000014,334,0,1.923578431241744e-06,9.865903463325895e-07,1.0000000000003288e-13
244,0.06777777777777792,334,0,1.92327193487477e-06,9.865355357577926e-07,1.0000000000003303e-13
245,0.0680555555555557,334,0,1.9229491512148566e-06,9.864807282280287e-07,1.0000000000003317e-13
246,0.06833333333333348,334,0,1.9226278458978152e-06,9.86425923743127e-07,1.000000000000333e-13
247,0.06861111111111126,334,0,1.922296168632625e-06,9.863711223029196e-07,1.0000000000003343e-13
248,0.06888888888888904,334,0,1.9219716298174616e-06,9.863163239072356e-07,1.0000000000003359e-13
249,0.06916666666666682,334,0,1.92164653135075e-06,9.862615285559075e-07,1.0000000000003369e-13
250,0.0694444444444446,334,0,1.921312812763401e-06,9.862067362487656e-07,1.0000000000003382e-13
251,0.06972222222222238,334,0,1.9209838808644622e-06,9.861519469856407e-07,1.0000000000003394e-13
252,0.07000000000000016,334,0,1.9206608534449327e-06,9.860971607663641e-07,1.0000000000003407e-13
253,0.07027777777777794,334,0,1.920341622750741e-06,9.86042377590766e-07,1.0000000000003423e-13
254,0.07055555555555572,334,0,1.920018801540953e-06,9.859875974586772e-07,1.0000000000003436e-13
255,0.0708333333333335,334,0,1.9197046685774046e-06,9.8593282036993e-07,1.000000000000345e-13
256,0.07111111111111128,335,0,1.919383347658277e-06,9.858780463243538e-07,1.000000000000346e-13
257,0.07138888888888906,335,0,1.919060730390797e-06,9.858232753217804e-07,1.0000000000003475e-13
258,0.07166666666666684,335,0,1.9187350159292362e-06,9.8576850736204e-07,1.0000000000003488e-13
259,0.07194444444444462,335,0,1.9184008077361375e-06,9.857137424449644e-07,1.0000000000003502e-13
260,0.0722222222222224,335,0,1.9180744406566135e-06,9.856589805703844e-07,1.0000000000003514e-13
261,0.07250000000000018,335,0,1.9177475991782363e-06,9.8560422173813e-07,1.0000000000003527e-13
262,0.07277777777777795,335,0,1.9174204685354195e-06,9.855494659480335e-07,1.000000000000354e-13
263,0.07305555555555573,335,0,1.9170957998479824e-06,9.85494713199925e-07,1.0000000000003551e-13
264,0.07333333333333351,336,0,1.916763569375886e-06,9.85439963493637e-07,1.0000000000003566e-13
265,0.0736111111111113,336,0,1.916441371251833e-06,9.85385216828998e-07,1.0000000000003579e-13
266,0.07388888888888907,337,0,1.9161095145483286e-06,9.853304732058413e-07,1.0000000000003592e-13
267,0.07416666666666685,337,0,1.915787523257958e-06,9.852757326239958e-07,1.0000000000003605e-13
268,0.07444444444444463,337,0,1.915458498188367e-06,9.85220995083295e-07,1.0000000000003618e-13
269,0.07472222222222241,338,0,1.915135168150638e-06,9.85166260583568e-07,1.0000000000003632e-13
270,0.07500000000000019,338,0,1.914814794466987e-06,9.851115291246467e-07,1.0000000000003642e-13
271,0.07527777777777797,338,0,1.9144828025765035e-06,9.850568007063618e-07,1.0000000000003654e-13
272,0.07555555555555575,338,0,1.9141459644412024e-06,9.850020753285445e-07,1.0000000000003667e-13
273,0.07583333333333353,338,0,1.913815597557539e-06,9.849473529910263e-07,1.000000000000368e-13
274,0.07611111111111131,338,0,1.913489390154186e-06,9.848926336936382e-07,1.0000000000003692e-13
275,0.07638888888888909,338,0,1.9131597179769585e-06,9.848379174362106e-07,1.0000000000003705e-13
276,0.07666666666666687,338,0,1.9128207304798134e-06,9.84783204218576e-07,1.0000000000003719e-13
277,0.07694444444444465,338,0,1.9125002321478944e-06,9.847284940405634e-07,1.0000000000003731e-13
278,0.07722222222222243,338,0,1.912177028463716e-06,9.846737869020059e-07,1.0000000000003741e-13
279,0.07750000000000021,338,0,1.9118489369784464e-06,9.846190828027334e-07,1.0000000000003758e-13
280,0.07777777777777799,338,0,1.9115256905488253e-06,9.845643817425778e-07,1.000000000000377e-13
281,0.07805555555555577,339,0,1.9112049597226185e-06,9.845096837213698e-07,1.0000000000003783e-13
282,0.07833333333333355,339,0,1.9108807389916354e-06,9.844549887389412e-07,1.0000000000003797e-13
283,0.07861111111111133,339,0,1.9105508472813615e-06,9.844002967951222e-07,1.000000000000381e-13
284,0.0788888888888891,339,0,1.9102189794120716e-06,9.843456078897452e-07,1.0000000000003825e-13
285,0.07916666666666689,339,0,1.9098950169257564e-06,9.842909220226403e-07,1.0000000000003836e-13
286,0.07944444444444466,339,0,1.9095678442068007e-06,9.842362391936386e-07,1.0000000000003851e-13
287,0.07972222222222244,339,0,1.9092525552130305e-06,9.841815594025723e-07,1.0000000000003864e-13
288,0.08000000000000022,339,0,1.9089287401526825e-06,9.841268826492723e-07,1.0000000000003878e-13
289,0.080277777777778,340,0,1.908587024446709e-06,9.840722089335697e-07,1.000000000000389e-13
290,0.08055555555555578,340,0,1.908258442060775e-06,9.840175382552954e-07,1.0000000000003903e-13
291,0.08083333333333356,340,0,1.907931465092006e-06,9.83962870614281e-07,1.0000000000003917e-13
292,0.08111111111111134,340,0,1.9075972005660333e-06,9.839082060103587e-07,1.0000000000003932e-13
293,0.08138888888888912,341,0,1.9072681835359409e-06,9.838535444433583e-07,1.0000000000003945e-13
294,0.0816666666666669,341,0,1.9069343567535826e-06,9.837988859131116e-07,1.0000000000003957e-13
295,0.08194444444444468,342,0,1.9065998106856095e-06,9.837442304194492e-07,1.0000000000003969e-13
296,0.08222222222222246,342,0,1.9062707861169145e-06,9.836895779622038e-07,1.0000000000003984e-13
297,0.08250000000000024,342,0,1.9059406944559566e-06,9.836349285412065e-07,1.0000000000003996e-13
298,0.08277777777777802,342,0,1.9056053776385397e-06,9.835802821562874e-07,1.000000000000401e-13
299,0.0830555555555558,342,0,1.9052813396012072e-06,9.835256388072788e-07,1.0000000000004025e-13
300,0.08333333333333358,342,0,1.9049503939145069e-06,9.834709984940117e-07,1.0000000000004039e-13
301,0.08361111111111136,342,0,1.9046160759091077e-06,0.010000427860805655,1.0000000000004056e-13
302,0.08388888888888914,342,0,1.90429531964969e-06,0.009999872281480056,1.0000000000004068e-13
303,0.08416666666666692,342,0,1.9039678681701435e-06,0.009999316733019977,1.0000000000004081e-13
304,0.0844444444444447,342,0,1.9036431935152992e-06,0.009998761215423691,1.0250000000004095e-13
305,0.08472222222222248,341,1,1.9033172203668555e-06,0.009998205728689508,1.0500000000004114e-13
306,0.08500000000000026,341,1,1.902986715523526e-06,0.009997650272815685,1.0750000000004128e-13
307,0.08527777777777804,341,1,1.9026600235253565e-06,0.00999709484780053,1.1000000000004147e-13
308,0.08555555555555582,341,1,1.902333952035841e-06,0.00999653945364232,1.1250000000004166e-13
309,0.0858333333333336,341,1,1.9020081801909693e-06,0.00999598409033934,1.2000000000004182e-13
310,0.08611111111111137,339,3,1.9016746566592677e-06,0.00999542875788988,1.2750000000004204e-13
311,0.08638888888888915,339,3,1.901353114994336e-06,0.009994873456292214,1.3500000000004226e-13
312,0.08666666666666693,339,3,1.901027943245278e-06,0.009994318185544648,1.4250000000004246e-13
313,0.08694444444444471,339,3,1.9007022480853466e-06,0.009993762945645445,1.5000000000004273e-13
314,0.08722222222222249,339,3,1.9003806044281879e-06,0.009993207736592916,1.5750000000004297e-13
315,0.08750000000000027,339,3,1.900044828550231e-06,0.009992652558385325,1.6500000000004322e-13
316,0.08777777777777805,339,3,1.8997264478358463e-06,0.009992097411020969,1.725000000000435e-13
317,0.08805555555555583,339,3,1.8994055278680061e-06,0.009991542294498128,1.800000000000438e-13
318,0.08833333333333361,339,3,1.8990760710355774e-06,0.009990987208815106,1.8750000000004403e-13
319,0.08861111111111139,339,3,1.8987583437518249e-06,0.009990432153970176,1.9500000000004438e-13
320,0.08888888888888917,339,3,1.8984369746849767e-06,0.00998987712996162,2.025000000000447e-13
321,0.08916666666666695,339,3,1.8981163905818335e-06,0.009989322136787732,2.1000000000004502e-13
322,0.08944444444444473,339,3,1.897783533708846e-06,0.0099887671744468,2.1750000000004534e-13
323,0.08972222222222251,339,3,1.8974481564209212e-06,0.009988212242937113,2.250000000000457e-13
324,0.09000000000000029,339,3,1.8971188440209467e-06,0.009987657342256947,2.3250000000004606e-13
325,0.09027777777777807,339,3,1.8967831162403904e-06,0.009987102472404601,2.400000000000464e-13
326,0.09055555555555585,339,3,1.8964561687290434e-06,0.009986547633378359,2.475000000000468e-13
327,0.09083333333333363,339,3,1.8961360216976981e-06,0.009985992825176504,2.5500000000004723e-13
328,0.0911111111111114,340,3,1.8958121026622508e-06,0.009985438047797326,2.6250000000004765e-13
329,0.09138888888888919,340,3,1.8954811077761366e-06,0.009984883301239113,2.70000000000048e-13
330,0.09166666666666697,340,3,1.8951530242365184e-06,0.009984328585500156,2.775000000000485e-13
331,0.09194444444444475,340,3,1.8948283699257284e-06,0.00998377390057874,2.85000000000049e-13
332,0.09222222222222252,340,3,1.8945116975804575e-06,0.00998321924647315,2.9250000000004944e-13
333,0.0925000000000003,340,3,1.894182464772284e-06,0.009982664623181687,3.000000000000499e-13
334,0.09277777777777808,340,3,1.893857639624115e-06,0.009982110030702616,3.075000000000504e-13
335,0.09305555555555586,340,3,1.8935383265405164e-06,0.009981555469034245,3.150000000000509e-13
336,0.09333333333333364,341,3,1.893217856778992e-06,0.009981000938174854,3.225000000000514e-13
337,0.09361111111111142,341,3,1.892897251250154e-06,0.009980446438122735,3.300000000000519e-13
338,0.0938888888888892,341,3,1.8925739038788767e-06,0.009979891968876175,3.375000000000524e-13
339,0.09416666666666698,341,3,1.8922534498634729e-06,0.009979337530433455,3.4500000000005296e-13
340,0.09444444444444476,341,3,1.8919278470535337e-06,0.009978783122792878,3.525000000000535e-13
341,0.09472222222222254,341,3,1.891604848367509e-06,0.009978228745952724,3.60000000000054e-13
342,0.09500000000000032,341,3,1.8912784053202358e-06,0.009977674399911278,3.675000000000547e-13
343,0.0952777777777781,341,3,1.8909621590909722e-06,0.009977120084666844,3.7500000000005515e-13
344,0.09555555555555588,341,3,1.8906443917677699e-06,0.00997656580021769,3.8250000000005577e-13
345,0.09583333333333366,341,3,1.890314492609477e-06,0.009976011546562129,3.9000000000005645e-13
346,0.09611111111111144,341,3,1.889996903248099e-06,0.009975457323698428,4.00000000000057e-13
347,0.09638888888888922,340,4,1.8896692672933386e-06,0.009974903131624892,4.100000000000578e-13
348,0.096666666666667,340,4,1.8893338538008327e-06,0.009974348970339799,4.2000000000005844e-13
349,0.09694444444444478,340,4,1.8890105564906798e-06,0.009973794839841451,4.30000000000059e-13
350,0.09722222222222256,340,4,1.8886915910293536e-06,0.009973240740128127,4.4000000000005977e-13
351,0.09750000000000034,340,4,1.8883583970032661e-06,0.009972686671198118,4.5000000000006054e-13
352,0.09777777777777812,340,4,1.8880451824797105e-06,0.00997213263304972,4.600000000000611e-13
353,0.0980555555555559,340,4,1.8877214135655425e-06,0.009971578625681217,4.700000000000619e-13
354,0.09833333333333368,340,4,1.8873991234944352e-06,0.009971024649090901,4.800000000000627e-13
355,0.09861111111111145,340,4,1.8870834650694806e-06,0.009970470703277064,4.900000000000634e-13
356,0.09888888888888923,341,4,1.8867570668558876e-06,0.009969916788237993,5.000000000000643e-13
357,0.09916666666666701,341,4,1.886429886088659e-06,0.00996936290397198,5.100000000000651e-13
358,0.0994444444444448,341,4,1.8860997925970603e-06,0.009968809050477317,5.200000000000658e-13
359,0.09972222222222257,341,4,1.8857769835784725e-06,0.009968255227752288,5.300000000000667e-13
360,0.10000000000000035,341,4,1.8854518334116142e-06,0.009967701435795194,5.400000000000676e-13
361,0.10027777777777813,341,4,1.8851267703254412e-06,0.009967147674604314,5.500000000000683e-13
362,0.10055555555555591,343,4,1.8848096252601903e-06,0.009966593944177947,5.600000000000692e-13
363,0.10083333333333369,343,4,1.8844930513132362e-06,0.009966040244514385,5.700000000000702e-13
364,0.10111111111111147,343,4,1.8841656893458716e-06,0.009965486575611911,5.800000000000711e-13
365,0.10138888888888925,344,4,1.883845425851873e-06,0.009964932937468822,5.90000000000072e-13
366,0.10166666666666703,344,4,1.8835343657977971e-06,0.009964379330083406,6.00000000000073e-13
367,0.10194444444444481,344,4,1.8832198613513185e-06,0.009963825753453958,6.100000000000738e-13
368,0.10222222222222259,344,4,1.8829028900931373e-06,0.009963272207578764,6.200000000000748e-13
369,0.10250000000000037,344,4,1.8825774391680151e-06,0.009962718692456126,6.300000000000758e-13
370,0.10277777777777815,344,4,1.8822674219245842e-06,0.00996216520808432,6.400000000000767e-13
371,0.10305555555555593,344,4,1.881948661273235e-06,0.00996161175446165,6.500000000000778e-13
372,0.10333333333333371,344,4,1.8816234055944844e-06,0.009961058331586404,6.600000000000788e-13
373,0.10361111111111149,344,4,1.8812901011826953e-06,0.00996050493945687,6.700000000000797e-13
374,0.10388888888888927,344,4,1.8809727174207106e-06,0.009959951578071344,6.800000000000809e-13
375,0.10416666666666705,344,4,1.8806485800380353e-06,0.009959398247428121,6.90000000000082e-13
376,0.10444444444444483,345,4,1.880318492926798e-06,0.009958844947525485,7.000000000000831e-13
377,0.1047222222222226,345,4,1.879985136273331e-06,0.009958291678361732,7.100000000000841e-13
378,0.10500000000000038,345,4,1.8796643564152306e-06,0.00995773843993516,7.200000000000854e-13
379,0.10527777777777816,345,4,1.8793295213193964e-06,0.00995718523224405,7.300000000000865e-13
380,0.10555555555555594,345,4,1.8790066608734783e-06,0.009956632055286704,7.400000000000875e-13
381,0.10583333333333372,345,4,1.8786845543102965e-06,0.00995607890906141,7.500000000000888e-13
382,0.1061111111111115,345,4,1.8783566318844515e-06,0.009955525793566464,7.600000000000901e-13
383,0.10638888888888928,345,4,1.8780365434763698e-06,0.009954972708800157,7.700000000000911e-13
384,0.10666666666666706,345,4,1.8777092481107264e-06,0.009954419654760778,7.800000000000924e-13
385,0.10694444444444484,345,4,1.8773986748597576e-06,0.009953866631446621,7.900000000000936e-13
386,0.10722222222222262,345,4,1.8770734971975695e-06,0.009953313638855989,8.000000000000948e-13
387,0.1075000000000004,346,4,1.8767430513503125e-06,0.009952760676987164,8.100000000000961e-13
388,0.10777777777777818,346,4,1.8764169256478422e-06,0.009952207745838444,8.200000000000975e-13
389,0.10805555555555596,347,4,1.8761015099643214e-06,0.009951654845408121,8.300000000000988e-13
390,0.10833333333333374,347,4,1.875779680607386e-06,0.009951101975694484,8.400000000001e-13
391,0.10861111111111152,347,4,1.8754461925854863e-06,0.009950549136695836,8.500000000001014e-13
392,0.1088888888888893,348,4,1.875120482233094e-06,0.009949996328410465,8.600000000001027e-13
393,0.10916666666666708,348,4,1.8747928665583548e-06,0.009949443550836662,8.700000000001039e-13
394,0.10944444444444486,348,4,1.8744718121576708e-06,0.009948890803972729,8.800000000001053e-13
395,0.10972222222222264,348,4,1.8741598711923764e-06,0.009948338087816951,8.925000000001067e-13
396,0.11000000000000042,348,5,1.873853083935436e-06,0.00994778540236763,9.050000000001082e-13
397,0.1102777777777782,348,5,1.8735287104157804e-06,0.009947232747623052,9.175000000001095e-13
398,0.11055555555555598,348,5,1.8731958665629776e-06,0.009946680123581518,9.300000000001111e-13
399,0.11083333333333376,349,5,1.8728803229296355e-06,0.00994612753024132,9.425000000001126e-13
400,0.11111111111111154,349,5,1.8725714630560789e-06,0.009945574967600752,9.57500000000114e-13
401,0.11138888888888931,348,6,1.8722427483204202e-06,0.009945022435658108,9.725000000001157e-13
402,0.1116666666666671,348,6,1.8719278808407028e-06,0.00994446993441168,9.875000000001171e-13
403,0.11194444444444487,348,6,1.8716200770600585e-06,0.009943917463859768,1.0025000000001186e-12
404,0.11222222222222265,349,6,1.8712971801583423e-06,0.009943365024000663,1.0175000000001202e-12
405,0.11250000000000043,349,6,1.8709742665523127e-06,0.009942812614832666,1.0325000000001217e-12
406,0.11277777777777821,349,6,1.8706681691364968e-06,0.009942260236354068,1.0475000000001233e-12
407,0.11305555555555599,349,6,1.8703420323434923e-06,0.009941707888563155,1.0625000000001252e-12
408,0.11333333333333377,349,6,1.870021266159069e-06,0.009941155571458235,1.0775000000001268e-12
409,0.11361111111111155,350,6,1.8697064545673966e-06,0.0099406032850376,1.0925000000001285e-12
410,0.11388888888888933,350,6,1.8693997016214752e-06,0.009940051029299546,1.1075000000001301e-12
411,0.11416666666666711,350,6,1.8690852869899247e-06,0.00993949880424236,1.1225000000001318e-12
412,0.11444444444444489,350,6,1.8687671063500788e-06,0.009938946609864344,1.1375000000001338e-12
413,0.11472222222222267,350,6,1.8684593063708818e-06,0.009938394446163797,1.1525000000001355e-12
414,0.11500000000000045,350,6,1.8681528069947859e-06,0.009937842313139012,1.1675000000001373e-12
415,0.11527777777777823,350,6,1.8678378301147977e-06,0.009937290210788282,1.1825000000001392e-12
416,0.11555555555555601,350,6,1.867538300056177e-06,0.009936738139109906,1.1975000000001409e-12
417,0.11583333333333379,350,6,1.8672272666471985e-06,0.009936186098102177,1.212500000000143e-12
418,0.11611111111111157,350,6,1.8669234095900755e-06,0.009935634087763394,1.2275000000001448e-12
419,0.11638888888888935,350,6,1.8666040316216455e-06,0.009935082108091853,1.2425000000001466e-12
420,0.11666666666666713,350,6,1.8663000619359868e-06,0.009934530159085847,1.2575000000001487e-12
421,0.1169444444444449,351,6,1.8659838602202018e-06,0.009933978240743675,1.272500000000151e-12
422,0.11722222222222269,351,6,1.8656767893310122e-06,0.009933426353063634,1.2875000000001528e-12
423,0.11750000000000047,351,6,1.8653646459601169e-06,0.00993287449604402,1.3025000000001548e-12
424,0.11777777777777824,351,6,1.8650546579339175e-06,0.00993232266968313,1.3175000000001567e-12
425,0.11805555555555602,351,6,1.8647360154932641e-06,0.00993177087397926,1.332500000000159e-12
426,0.1183333333333338,351,6,1.8644142751889124e-06,0.009931219108930706,1.347500000000161e-12
427,0.11861111111111158,351,6,1.864110323690599e-06,0.009930667374535766,1.362500000000163e-12
428,0.11888888888888936,351,6,1.8638065006868168e-06,0.009930115670792737,1.3775000000001651e-12
429,0.11916666666666714,351,6,1.8634952956955564e-06,0.009929563997699913,1.3925000000001674e-12
430,0.11944444444444492,351,6,1.8631896304239496e-06,0.009929012355255598,1.4075000000001694e-12
431,0.1197222222222227,351,6,1.8628896007837708e-06,0.009928460743458085,1.4225000000001717e-12
432,0.12000000000000048,351,6,1.86258764850109e-06,0.00992790916230567,1.4375000000001742e-12
433,0.12027777777777826,351,6,1.862278393043039e-06,0.009927357611796651,1.4525000000001762e-12
434,0.12055555555555604,351,6,1.8619641214799732e-06,0.00992680609192933,1.4675000000001785e-12
435,0.12083333333333382,351,6,1.8616680154765823e-06,0.009926254602702002,1.482500000000181e-12
436,0.1211111111111116,352,6,1.8613721438533418e-06,0.009925703144112964,1.4975000000001834e-12
437,0.12138888888888938,352,6,1.8610726289288355e-06,0.009925151716160513,1.5125000000001855e-12
438,0.12166666666666716,352,6,1.860774175627663e-06,0.009924600318842949,1.527500000000188e-12
439,0.12194444444444494,352,6,1.8604659069581287e-06,0.00992404895215857,1.5425000000001904e-12
440,0.12222222222222272,352,6,1.860162964357672e-06,0.009923497616105675,1.5575000000001928e-12
441,0.1225000000000005,353,6,1.8598666655535372e-06,0.00992294631068256,1.5725000000001949e-12
442,0.12277777777777828,353,6,1.8595706673522075e-06,0.009922395035887517,1.5875000000001978e-12
443,0.12305555555555606,353,6,1.8592626647567755e-06,0.009921843791718859,1.6025000000001998e-12
444,0.12333333333333384,353,6,1.858955323893434e-06,0.009921292578174876,1.6175000000002027e-12
445,0.12361111111111162,353,6,1.8586687790544314e-06,0.009920741395253866,1.6350000000002052e-12
446,0.1238888888888894,352,7,1.8583807933555747e-06,0.00992019024295413,1.6525000000002075e-12
447,0.12416666666666717,352,7,1.8580869668423442e-06,0.009919639121273964,1.6700000000002102e-12
448,0.12444444444444495,353,7,1.85779610832246e-06,0.009919088030211675,1.6875000000002129e-12
449,0.12472222222222273,353,7,1.8575088752219179e-06,0.009918536969765551,1.7050000000002154e-12
450,0.1250000000000005,353,7,1.8572170832519364e-06,0.009917985939933899,1.722500000000218e-12
451,0.12527777777777827,355,7,1.8569147929011876e-06,0.009917434940715014,1.74000000000022e-12
452,0.12555555555555603,355,7,1.8566303254683037e-06,0.009916883972107195,1.7575000000002233e-12
453,0.1258333333333338,355,7,1.8563345080470577e-06,0.009916333034108746,1.7750000000002256e-12
454,0.12611111111111156,355,7,1.8560411482059415e-06,0.009915782126717964,1.7925000000002287e-12
455,0.12638888888888933,355,7,1.8557484990120627e-06,0.009915231249933144,1.8100000000002312e-12
456,0.1266666666666671,355,7,1.8554686923669548e-06,0.009914680403752594,1.8275000000002343e-12
457,0.12694444444444486,355,7,1.8551739098983104e-06,0.009914129588174605,1.8450000000002374e-12
458,0.12722222222222263,355,7,1.8548902873236094e-06,0.009913578803197487,1.86250000000024e-12
459,0.1275000000000004,355,7,1.8545976745014192e-06,0.009913028048819533,1.8800000000002432e-12
460,0.12777777777777816,355,7,1.8543169921138774e-06,0.00991247732503904,1.8975000000002463e-12
461,0.12805555555555592,355,7,1.8540343012126239e-06,0.00991192663185432,1.915000000000249e-12
462,0.1283333333333337,355,7,1.8537553872114181e-06,0.00991137596926366,1.932500000000252e-12
463,0.12861111111111145,355,7,1.8534663789044634e-06,0.009910825337265368,1.950000000000255e-12
464,0.12888888888888922,356,7,1.8531864098211618e-06,0.009910274735857741,1.967500000000258e-12
465,0.12916666666666698,356,7,1.852913237766603e-06,0.009909724165039085,1.985000000000261e-12
466,0.12944444444444475,356,7,1.8526381115783627e-06,0.009909173624807694,2.0025000000002637e-12
467,0.12972222222222252,357,7,1.8523594059640083e-06,0.00990862311516187,2.0200000000002673e-12
468,0.13000000000000028,358,7,1.8520983149333e-06,0.009908072636099918,2.0375000000002704e-12
469,0.13027777777777805,358,7,1.8518358909653594e-06,0.009907522187620135,2.0550000000002735e-12
470,0.1305555555555558,358,7,1.8515637034703846e-06,0.009906971769720822,2.072500000000277e-12
471,0.13083333333333358,359,7,1.8512911612950379e-06,0.009906421382400284,2.0900000000002797e-12
472,0.13111111111111134,359,7,1.8510247113119024e-06,0.009905871025656817,2.110000000000283e-12
473,0.1313888888888891,359,8,1.850749911437563e-06,0.009905320699488724,2.1300000000002868e-12
474,0.13166666666666688,359,8,1.8504859884897723e-06,0.00990477040389431,2.15000000000029e-12
475,0.13194444444444464,359,8,1.8502252031843492e-06,0.009904220138871872,2.1700000000002935e-12
476,0.1322222222222224,359,8,1.8499587226188358e-06,0.009903669904419715,2.190000000000297e-12
477,0.13250000000000017,359,8,1.8497105074796425e-06,0.009903119700536134,2.2125000000003002e-12
478,0.13277777777777794,358,9,1.8494520183902838e-06,0.009902569527219436,2.235000000000304e-12
479,0.1330555555555557,358,9,1.849195689048002e-06,0.009902019384467928,2.2575000000003074e-12
480,0.13333333333333347,358,9,1.8489388358862603e-06,0.0099014692722799,2.280000000000311e-12
481,0.13361111111111124,358,9,1.8486822517951855e-06,0.009900919190653664,2.302500000000314e-12
482,0.133888888888889,358,9,1.8484236855438038e-06,0.009900369139587514,2.3250000000003178e-12
483,0.13416666666666677,358,9,1.8481793795124518e-06,0.00989981911907976,2.3475000000003217e-12
484,0.13444444444444453,358,9,1.8479360695904307e-06,0.009899269129128701,2.3700000000003253e-12
485,0.1347222222222223,359,9,1.8476941687142458e-06,0.009898719169732638,2.392500000000329e-12
486,0.13500000000000006,359,9,1.8474654425145891e-06,0.009898169240889878,2.415000000000333e-12
487,0.13527777777777783,359,9,1.8472263960389295e-06,0.009897619342598718,2.4375000000003365e-12
488,0.1355555555555556,359,9,1.846986952940115e-06,0.009897069474857462,2.46000000000034e-12
489,0.13583333333333336,359,9,1.8467551207903932e-06,0.009896519637664414,2.482500000000344e-12
490,0.13611111111111113,359,9,1.8465169269158622e-06,0.009895969831017879,2.5050000000003485e-12
491,0.1363888888888889,359,9,1.846291815640292e-06,0.009895420054916155,2.527500000000352e-12
492,0.13666666666666666,359,9,1.8460534849526127e-06,0.009894870309357552,2.5500000000003565e-12
493,0.13694444444444442,359,9,1.8458335695495682e-06,0.009894320594340363,2.5725000000003597e-12
494,0.1372222222222222,359,9,1.8456183173961885e-06,0.009893770909862898,2.5950000000003637e-12
495,0.13749999999999996,359,9,1.8454007676858113e-06,0.009893221255923464,2.6175000000003677e-12
496,0.13777777777777772,359,9,1.8451828547426795e-06,0.009892671632520358,2.640000000000372e-12
497,0.1380555555555555,359,9,1.8449714342183027e-06,0.009892122039651884,2.662500000000376e-12
498,0.13833333333333325,360,9,1.84476046169497e-06,0.009891572477316347,2.6850000000003804e-12
499,0.13861111111111102,360,9,1.8445580060513465e-06,0.009891022945512055,2.7075000000003844e-12
500,0.13888888888888878,360,9,1.8443607837056407e-06,0.009890473444237304,2.7300000000003884e-12
501,0.13916666666666655,360,9,1.844155198446883e-06,0.0098899239734904,2.752500000000393e-12
502,0.13944444444444432,360,9,1.8439525604449878e-06,0.009889374533269652,2.7750000000003972e-12
503,0.13972222222222208,360,9,1.8437559379017796e-06,0.009888825123573359,2.7975000000004012e-12
504,0.13999999999999985,360,9,1.8435623138477578e-06,0.009888275744399828,2.8200000000004056e-12
505,0.1402777777777776,360,9,1.8433681686955042e-06,0.009887726395747363,2.8425000000004096e-12
506,0.14055555555555538,361,9,1.8431741355046424e-06,0.009887177077614266,2.865000000000415e-12
507,0.14083333333333314,361,9,1.8429790390194759e-06,0.009886627789998844,2.887500000000419e-12
508,0.1411111111111109,361,9,1.8427811313729308e-06,0.009886078532899401,2.9100000000004232e-12
509,0.14138888888888868,361,9,1.8425877986771645e-06,0.009885529306314242,2.932500000000428e-12
510,0.14166666666666644,361,9,1.8423945664965078e-06,0.009884980110241665,2.9550000000004324e-12
511,0.1419444444444442,361,9,1.8422072334757344e-06,0.009884430944679988,2.9775000000004372e-12
512,0.14222222222222197,362,9,1.8420239632201806e-06,0.009883881809627503,3.0000000000004416e-12
513,0.14249999999999974,362,9,1.841845722830897e-06,0.009883332705082523,3.022500000000446e-12
514,0.1427777777777775,362,9,1.8416607142258762e-06,0.009882783631043357,3.0450000000004512e-12
515,0.14305555555555527,362,9,1.8414814466989344e-06,0.009882234587508294,3.067500000000456e-12
516,0.14333333333333304,362,9,1.8413118306703683e-06,0.009881685574475657,3.0900000000004612e-12
517,0.1436111111111108,362,9,1.8411349785305013e-06,0.009881136591943743,3.1125000000004656e-12
518,0.14388888888888857,362,9,1.8409763344442668e-06,0.009880587639910858,3.1350000000004704e-12
519,0.14416666666666633,362,9,1.8408081042662938e-06,0.00988003871837531,3.1575000000004756e-12
520,0.1444444444444441,362,9,1.8406457133818458e-06,0.0098794898273354,3.1800000000004804e-12
521,0.14472222222222186,362,9,1.8404897495260957e-06,0.009878940966789434,3.2025000000004856e-12
522,0.14499999999999963,362,9,1.8403265822225e-06,0.009878392136735723,3.2250000000004896e-12
523,0.1452777777777774,362,9,1.8401715634763134e-06,0.009877843337172574,3.2475000000004956e-12
524,0.14555555555555516,362,9,1.840021227071215e-06,0.009877294568098284,3.2700000000005004e-12
525,0.14583333333333293,362,9,1.8398613951258757e-06,0.009876745829511169,3.2925000000005056e-12
526,0.1461111111111107,362,9,1.8397040895163814e-06,0.00987619712140953,3.3150000000005096e-12
527,0.14638888888888846,362,9,1.8395462210130144e-06,0.009875648443791674,3.3375000000005156e-12
528,0.14666666666666622,363,9,1.8393883216635444e-06,0.00987509979665591,3.3600000000005204e-12
529,0.146944444444444,363,9,1.839227988883261e-06,0.00987455118000054,3.382500000000526e-12
530,0.14722222222222175,363,9,1.839074364458905e-06,0.009874002593823875,3.4050000000005313e-12
531,0.14749999999999952,363,9,1.8389174488761335e-06,0.009873454038124216,3.427500000000537e-12
532,0.14777777777777729,364,9,1.8387656849669473e-06,0.009872905512899877,3.4500000000005425e-12
533,0.14805555555555505,364,9,1.838612694497415e-06,0.00987235701814916,3.4725000000005473e-12
534,0.14833333333333282,364,9,1.8384567382824826e-06,0.009871808553870376,3.4950000000005525e-12
535,0.14861111111111058,364,9,1.8382921126449292e-06,0.009871260120061827,3.517500000000558e-12
536,0.14888888888888835,364,9,1.8381376391917313e-06,0.009870711716721823,3.5400000000005637e-12
537,0.14916666666666611,364,9,1.8379827547103027e-06,0.009870163343848671,3.5625000000005693e-12
538,0.14944444444444388,364,9,1.8378327849111725e-06,0.00986961500144068,3.5850000000005737e-12
539,0.14972222222222165,364,9,1.8376852070373775e-06,0.009869066689496157,3.60750000000058e-12
540,0.1499999999999994,364,9,1.83753358936871e-06,0.009868518408013406,3.6300000000005857e-12
541,0.15027777777777718,364,9,1.8373846611251916e-06,0.00986797015699074,3.652500000000592e-12
542,0.15055555555555494,364,9,1.8372359511334382e-06,0.009867421936426464,3.675000000000597e-12
543,0.1508333333333327,365,9,1.8370901774221358e-06,0.009866873746318887,3.697500000000603e-12
544,0.15111111111111047,365,9,1.8369412109667423e-06,0.009866325586666311,3.720000000000609e-12
545,0.15138888888888824,365,9,1.8367901574932302e-06,0.009865777457467051,3.742500000000614e-12
546,0.151666666666666,365,9,1.8366448029547942e-06,0.009865229358719417,3.765000000000621e-12
547,0.15194444444444377,365,9,1.8365018271954286e-06,0.00986468129042171,3.787500000000626e-12
548,0.15222222222222154,365,9,1.8363569134922701e-06,0.00986413325257224,3.810000000000632e-12
549,0.1524999999999993,365,9,1.8362138569989396e-06,0.00986358524516932,3.832500000000638e-12
550,0.15277777777777707,366,9,1.836068277345941e-06,0.009863037268211253,3.855000000000644e-12
551,0.15305555555555483,367,9,1.8359237957301586e-06,0.009862489321696354,3.87750000000065e-12
552,0.1533333333333326,367,9,1.8357747650120254e-06,0.009861941405622927,3.9025000000006555e-12
553,0.15361111111111037,366,10,1.8356354022309714e-06,0.009861393519989282,3.9275000000006616e-12
554,0.15388888888888813,366,10,1.8354975760250744e-06,0.009860845664793727,3.952500000000668e-12
555,0.1541666666666659,366,10,1.8353579743735013e-06,0.00986029784003457,3.977500000000674e-12
556,0.15444444444444366,366,10,1.8352181481024632e-06,0.009859750045710125,4.0025000000006805e-12
557,0.15472222222222143,366,10,1.8350819796387558e-06,0.0098592022818187,4.0275000000006866e-12
558,0.1549999999999992,366,10,1.8349408642211036e-06,0.009858654548358601,4.052500000000693e-12
559,0.15527777777777696,366,10,1.8348058487886148e-06,0.009858106845328134,4.077500000000699e-12
560,0.15555555555555473,366,10,1.8346713168863945e-06,0.009857559172725615,4.102500000000705e-12
561,0.1558333333333325,366,10,1.8345413261515521e-06,0.009857011530549353,4.127500000000712e-12
562,0.15611111111111026,366,10,1.8344065825392382e-06,0.009856463918797655,4.152500000000718e-12
563,0.15638888888888802,366,10,1.8342703987704198e-06,0.009855916337468837,4.1775000000007245e-12
564,0.1566666666666658,366,10,1.8341330951847762e-06,0.0098553687865612,4.2025000000007306e-12
565,0.15694444444444355,366,10,1.8340052903706695e-06,0.009854821266073057,4.2275000000007374e-12
566,0.15722222222222132,367,10,1.8338704706182582e-06,0.00985427377600272,4.2525000000007435e-12
567,0.15749999999999909,368,10,1.8337505802952806e-06,0.009853726316348496,4.27750000000075e-12
568,0.15777777777777685,369,10,1.8336182207433327e-06,0.0098531788871087,4.302500000000756e-12
569,0.15805555555555462,369,10,1.8334913003278088e-06,0.009852631488281641,4.327500000000764e-12
570,0.15833333333333238,369,10,1.8333553616403256e-06,0.009852084119865623,4.35250000000077e-12
571,0.15861111111111015,369,10,1.833215118724537e-06,0.009851536781858966,4.377500000000777e-12
572,0.1588888888888879,369,10,1.83308419356443e-06,0.009850989474259973,4.402500000000783e-12
573,0.15916666666666568,369,10,1.8329528559673924e-06,0.009850442197066957,4.427500000000791e-12
574,0.15944444444444344,369,10,1.8328066447285727e-06,0.009849894950278233,4.4525000000007976e-12
575,0.1597222222222212,370,10,1.8326755997890276e-06,0.009849347733892105,4.4775000000008044e-12
576,0.15999999999999898,370,10,1.832547445312016e-06,0.009848800547906891,4.502500000000811e-12
577,0.16027777777777674,370,10,1.832409927895599e-06,0.009848253392320896,4.527500000000819e-12
578,0.1605555555555545,370,10,1.832286356282848e-06,0.009847706267132434,4.552500000000826e-12
579,0.16083333333333227,370,10,1.8321565290412011e-06,0.009847159172339814,4.577500000000833e-12
580,0.16111111111111004,370,10,1.8320215882279687e-06,0.009846612107941353,4.6025000000008395e-12
581,0.1613888888888878,370,10,1.8318929218916939e-06,0.009846065073935355,4.627500000000846e-12
582,0.16166666666666557,370,10,1.8317581158748014e-06,0.009845518070320138,4.652500000000854e-12
583,0.16194444444444334,370,10,1.8316265833200916e-06,0.00984497109709401,4.680000000000861e-12
584,0.1622222222222211,369,11,1.83149836517025e-06,0.009844424154255283,4.707500000000869e-12
585,0.16249999999999887,369,11,1.8313623685845315e-06,0.009843877241802267,4.735000000000875e-12
586,0.16277777777777663,369,11,1.8312263084763934e-06,0.009843330359733279,4.762500000000883e-12
587,0.1630555555555544,370,11,1.8310879397345083e-06,0.009842783508046626,4.79000000000089e-12
588,0.16333333333333216,370,11,1.8309520926576332e-06,0.009842236686740623,4.817500000000898e-12
589,0.16361111111110993,370,11,1.8308133356113118e-06,0.009841689895813585,4.845000000000905e-12
590,0.1638888888888877,370,11,1.8306750277455614e-06,0.009841143135263818,4.872500000000913e-12
591,0.16416666666666546,371,11,1.8305509273655803e-06,0.009840596405089637,4.90000000000092e-12
592,0.16444444444444323,371,11,1.8304190323024834e-06,0.009840049705289355,4.927500000000929e-12
593,0.164722222222221,371,11,1.830287971692714e-06,0.009839503035861282,4.955000000000935e-12
594,0.16499999999999876,371,11,1.830149734212675e-06,0.009838956396803733,4.982500000000943e-12
595,0.16527777777777652,371,11,1.8300110310594225e-06,0.009838409788115024,5.010000000000951e-12
596,0.1655555555555543,371,11,1.8298799598011639e-06,0.009837863209793461,5.0375000000009595e-12
597,0.16583333333333206,371,11,1.829744830747522e-06,0.009837316661837363,5.065000000000967e-12
598,0.16611111111110982,371,11,1.8296106910959489e-06,0.009836770144245038,5.092500000000975e-12
599,0.1663888888888876,371,11,1.8294756509872552e-06,0.009836223657014804,5.120000000000982e-12
600,0.16666666666666535,371,11,1.8293380650516132e-06,0.009835677200144968,5.147500000000991e-12
601,0.16694444444444312,371,11,1.8292023299467777e-06,0.00983513077363385,5.1750000000009985e-12
602,0.16722222222222088,371,11,1.8290645102222066e-06,0.00983458437747976,5.202500000001007e-12
603,0.16749999999999865,372,11,1.8289324820260256e-06,0.00983403801168101,5.230000000001014e-12
604,0.16777777777777642,373,11,1.82879689837875e-06,0.009833491676235918,5.257500000001022e-12
605,0.16805555555555418,373,11,1.8286527573976148e-06,0.009832945371142793,5.285000000001031e-12
606,0.16833333333333195,373,11,1.82851114758753e-06,0.009832399096399954,5.312500000001039e-12
607,0.1686111111111097,373,11,1.828372968093937e-06,0.00983185285200571,5.340000000001047e-12
608,0.16888888888888748,373,11,1.8282287637947144e-06,0.009831306637958377,5.367500000001056e-12
609,0.16916666666666524,373,11,1.8280908034412024e-06,0.009830760454256267,5.395000000001063e-12
610,0.169444444444443,373,11,1.8279461042472934e-06,0.009830214300897698,5.4225000000010715e-12
611,0.16972222222222078,373,11,1.8278146644974937e-06,0.009829668177880984,5.450000000001082e-12
612,0.16999999999999854,373,11,1.8276887288625657e-06,0.009829122085204435,5.477500000001089e-12
613,0.1702777777777763,373,11,1.8275574938069646e-06,0.009828576022866367,5.5050000000010975e-12
614,0.17055555555555407,373,11,1.8274233766167706e-06,0.009828029990865099,5.5325000000011056e-12
615,0.17083333333333184,373,11,1.827292747332526e-06,0.009827483989198938,5.560000000001115e-12
616,0.1711111111111096,373,11,1.8271632084770354e-06,0.009826938017866204,5.587500000001123e-12
617,0.17138888888888737,373,11,1.8270451820805205e-06,0.009826392076865212,5.615000000001132e-12
618,0.17166666666666514,373,11,1.8269221230111873e-06,0.009825846166194276,5.6425000000011404e-12
619,0.1719444444444429,373,11,1.8267943580677566e-06,0.009825300285851709,5.670000000001149e-12
620,0.17222222222222067,373,11,1.8266721337830638e-06,0.009824754435835829,5.697500000001158e-12
621,0.17249999999999843,373,11,1.8265356720939368e-06,0.009824208616144952,5.725000000001167e-12
622,0.1727777777777762,373,11,1.826406647946418e-06,0.009823662826777387,5.752500000001175e-12
623,0.17305555555555396,373,11,1.8262796743460978e-06,0.009823117067731455,5.780000000001185e-12
624,0.17333333333333173,373,11,1.8261460831114521e-06,0.00982257133900547,5.807500000001193e-12
625,0.1736111111111095,373,11,1.8260140999484454e-06,0.009822025640597748,5.835000000001202e-12
626,0.17388888888888726,373,11,1.825886086914895e-06,0.009821479972506602,5.862500000001212e-12
627,0.17416666666666503,373,11,1.8257537161108988e-06,0.009820934334730353,5.890000000001221e-12
628,0.1744444444444428,373,11,1.82562425487999e-06,0.009820388727267313,5.91750000000123e-12
629,0.17472222222222056,373,11,1.8254910600725347e-06,0.0098198431501158,5.945000000001239e-12
630,0.17499999999999832,373,11,1.8253612332548563e-06,0.009819297603274126,5.972500000001248e-12
631,0.1752777777777761,373,11,1.8252300801684697e-06,0.009818752086740611,6.000000000001258e-12
632,0.17555555555555385,374,11,1.8250994142478602e-06,0.009818206600513572,6.027500000001267e-12
633,0.17583333333333162,375,11,1.824970515038864e-06,0.009817661144591322,6.055000000001276e-12
634,0.1761111111111094,375,11,1.8248370123277714e-06,0.009817115718972176,6.0825000000012856e-12
635,0.17638888888888715,375,11,1.8247000837570718e-06,0.009816570323654458,6.112500000001294e-12
636,0.17666666666666492,374,12,1.8245688458259558e-06,0.009816024958636477,6.1475000000013036e-12
637,0.17694444444444268,372,14,1.8244457272117087e-06,0.00981547962391655,6.182500000001314e-12
638,0.17722222222222045,372,14,1.8243152916216154e-06,0.009814934319493,6.217500000001323e-12
639,0.17749999999999821,374,14,1.824190906586263e-06,0.009814389045364141,6.252500000001333e-12
640,0.17777777777777598,374,14,1.8240601871963996e-06,0.009813843801528286,6.287500000001342e-12
641,0.17805555555555375,374,14,1.8239392004521605e-06,0.009813298587983757,6.322500000001351e-12
642,0.1783333333333315,374,14,1.8238096557240141e-06,0.009812753404728872,6.357500000001362e-12
643,0.17861111111110928,374,14,1.8236816939708941e-06,0.009812208251761942,6.392500000001372e-12
644,0.17888888888888704,374,14,1.8235556407781e-06,0.009811663129081289,6.427500000001383e-12
645,0.1791666666666648,375,14,1.823431485068038e-06,0.00981111803668523,6.462500000001392e-12
646,0.17944444444444257,375,14,1.8233054896924256e-06,0.00981057297457208,6.497500000001403e-12
647,0.17972222222222034,375,14,1.823180295865172e-06,0.009810027942740161,6.532500000001412e-12
648,0.1799999999999981,375,14,1.8230573026193936e-06,0.009809482941187785,6.5675000000014226e-12
649,0.18027777777777587,375,14,1.8229315162599177e-06,0.009808937969913275,6.602500000001432e-12
650,0.18055555555555364,376,14,1.82280912388724e-06,0.009808393028914945,6.637500000001444e-12
651,0.1808333333333314,376,14,1.8226879335887816e-06,0.00980784811819112,6.6725000000014525e-12
652,0.18111111111110917,376,14,1.8225667522847155e-06,0.009807303237740107,6.7075000000014636e-12
653,0.18138888888888693,376,14,1.822446271859709e-06,0.009806758387560233,6.742500000001473e-12
654,0.1816666666666647,376,14,1.822318939868979e-06,0.009806213567649814,6.777500000001483e-12
655,0.18194444444444247,376,14,1.8221983681386895e-06,0.009805668778007166,6.812500000001495e-12
656,0.18222222222222023,376,14,1.822075251005971e-06,0.00980512401863061,6.8475000000015046e-12
657,0.182499999999998,377,14,1.8219511584423208e-06,0.009804579289518466,6.882500000001515e-12
658,0.18277777777777576,377,14,1.8218337975473582e-06,0.00980403459066905,6.917500000001527e-12
659,0.18305555555555353,377,14,1.821714510409891e-06,0.009803489922080678,6.952500000001536e-12
660,0.1833333333333313,377,14,1.8215909877657852e-06,0.009802945283751674,6.987500000001546e-12
661,0.18361111111110906,377,14,1.8214779162780498e-06,0.009802400675680356,7.0225000000015574e-12
662,0.18388888888888683,377,14,1.8213516177832657e-06,0.009801856097865038,7.05750000000157e-12
663,0.1841666666666646,377,14,1.8212332046670272e-06,0.009801311550304047,7.0925000000015796e-12
664,0.18444444444444236,377,14,1.8211141187503384e-06,0.009800767032995695,7.125000000001592e-12
665,0.18472222222222012,377,14,1.8209931769325518e-06,0.00980022254593831,7.157500000001602e-12
666,0.1849999999999979,377,14,1.8208706285299061e-06,0.0097996780891302,7.190000000001615e-12
667,0.18527777777777565,378,14,1.8207467912605863e-06,0.009799133662569693,7.222500000001624e-12
668,0.18555555555555342,378,14,1.8206280157277244e-06,0.009798589266255108,7.255000000001634e-12
669,0.18583333333333119,378,14,1.8205079704236915e-06,0.00979804490018476,7.282500000001646e-12
670,0.18611111111110895,378,14,1.820376651800721e-06,0.009797500564356972,7.310000000001658e-12
671,0.18638888888888672,378,14,1.8202479128828719e-06,0.009796956258770063,7.337500000001669e-12
672,0.18666666666666448,378,14,1.8201204556747366e-06,0.009796411983422355,7.365000000001679e-12
673,0.18694444444444225,378,14,1.8199927510251213e-06,0.009795867738312165,7.392500000001692e-12
674,0.18722222222222,378,14,1.8198661557008783e-06,0.009795323523437814,7.420000000001702e-12
675,0.18749999999999778,378,14,1.8197347329446189e-06,0.009794779338797625,7.447500000001714e-12
676,0.18777777777777555,378,14,1.8196084809060616e-06,0.009794235184389913,7.475000000001726e-12
677,0.1880555555555533,378,14,1.8194890522315991e-06,0.009793691060213003,7.502500000001737e-12
678,0.18833333333333108,378,14,1.8193617922767631e-06,0.009793146966265213,7.530000000001748e-12
679,0.18861111111110884,378,14,1.819234932016504e-06,0.009792602902544868,7.557500000001761e-12
680,0.1888888888888866,378,14,1.8191108774949671e-06,0.00979205886905028,7.585000000001774e-12
681,0.18916666666666437,378,14,1.8189947840874545e-06,0.009791514865779777,7.612500000001784e-12
682,0.18944444444444214,378,14,1.8188820729904441e-06,0.009790970892731678,7.640000000001797e-12
683,0.1897222222222199,378,14,1.81875712150649e-06,0.009790426949904306,7.667500000001808e-12
684,0.18999999999999767,378,14,1.8186305053470502e-06,0.009789883037295976,7.69500000000182e-12
685,0.19027777777777544,378,14,1.8185151216212853e-06,0.009789339154905017,7.722500000001833e-12
686,0.1905555555555532,378,14,1.8183913698622954e-06,0.009788795302729745,7.750000000001844e-12
687,0.19083333333333097,378,14,1.8182690672695165e-06,0.009788251480768482,7.777500000001855e-12
688,0.19111111111110873,378,14,1.818139020558127e-06,0.00978770768901955,7.805000000001867e-12
689,0.1913888888888865,378,14,1.8180127285235246e-06,0.00978716392748127,7.83250000000188e-12
690,0.19166666666666426,379,14,1.8178837448678101e-06,0.009786620196151969,7.860000000001893e-12
691,0.19194444444444203,379,14,1.817764277027348e-06,0.00978607649502996,7.887500000001904e-12
692,0.1922222222222198,379,14,1.8176424332485509e-06,0.009785532824113569,7.915000000001915e-12
693,0.19249999999999756,379,14,1.8175145811845962e-06,0.009784989183401118,7.94250000000193e-12
694,0.19277777777777533,379,14,1.817385461228986e-06,0.00978444557289093,7.970000000001941e-12
695,0.1930555555555531,379,14,1.8172615145799343e-06,0.009783901992581326,7.997500000001954e-12
696,0.19333333333333086,379,14,1.817132828947422e-06,0.009783358442470627,8.025000000001964e-12
697,0.19361111111110862,379,14,1.8170038982630174e-06,0.009782814922557155,8.052500000001979e-12
698,0.1938888888888864,379,14,1.8168747312904957e-06,0.009782271432839237,8.08000000000199e-12
699,0.19416666666666416,379,14,1.8167434632797959e-06,0.009781727973315193,8.107500000002001e-12
700,0.19444444444444192,379,14,1.8166138830720463e-06,0.009781184543983341,8.137500000002015e-12
701,0.1947222222222197,378,15,1.816490381340228e-06,0.00978064114484201,8.167500000002026e-12
702,0.19499999999999745,378,15,1.8163662024267162e-06,0.009780097775889516,8.19750000000204e-12
703,0.19527777777777522,378,15,1.8162365465020626e-06,0.00977955443712419,8.227500000002052e-12
704,0.19555555555555298,378,15,1.8161183274427193e-06,0.009779011128544351,8.257500000002065e-12
705,0.19583333333333075,378,15,1.8159903465579442e-06,0.009778467850148322,8.287500000002078e-12
706,0.19611111111110852,378,15,1.815861142015887e-06,0.009777924601934425,8.31500000000209e-12
707,0.19638888888888628,378,15,1.815739557092756e-06,0.009777381383900982,8.342500000002104e-12
708,0.19666666666666405,378,15,1.8156169479867021e-06,0.009776838196046323,8.370000000002117e-12
709,0.1969444444444418,378,15,1.8154892180396467e-06,0.009776295038368766,8.39750000000213e-12
710,0.19722222222221958,378,15,1.8153622997111978e-06,0.009775751910866631,8.425000000002142e-12
711,0.19749999999999734,378,15,1.815233335886075e-06,0.009775208813538251,8.452500000002156e-12
712,0.1977777777777751,379,15,1.8151154107424773e-06,0.009774665746381942,8.480000000002169e-12
713,0.19805555555555288,379,15,1.8149922913329728e-06,0.009774122709396035,8.507500000002182e-12
714,0.19833333333333064,379,15,1.814871746256784e-06,0.009773579702578845,8.535000000002195e-12
715,0.1986111111111084,379,15,1.8147482669634e-06,0.009773036725928701,8.562500000002208e-12
716,0.19888888888888617,379,15,1.8146158083787268e-06,0.009772493779443928,8.590000000002221e-12
717,0.19916666666666394,379,15,1.814494283513643e-06,0.009771950863122849,8.620000000002233e-12
718,0.1994444444444417,378,16,1.8143685262283674e-06,0.009771407976963787,8.650000000002248e-12
719,0.19972222222221947,378,16,1.814239743932946e-06,0.009770865120965066,8.68000000000226e-12
720,0.19999999999999724,378,16,1.81410840381719e-06,0.009770322295125014,8.710000000002273e-12
721,0.200277777777775,378,16,1.813977717652485e-06,0.009769779499441952,8.740000000002286e-12
722,0.20055555555555277,378,16,1.8138476600350631e-06,0.009769236733914206,8.7700000000023e-12
723,0.20083333333333053,378,16,1.8137171034492783e-06,0.009768693998540101,8.800000000002313e-12
724,0.2011111111111083,378,16,1.813590127913994e-06,0.00976815129331796,8.830000000002328e-12
725,0.20138888888888606,378,16,1.8134650774246478e-06,0.00976760861824611,8.860000000002342e-12
726,0.20166666666666383,378,16,1.8133410938239034e-06,0.009767065973322874,8.890000000002353e-12
727,0.2019444444444416,378,16,1.8132216520063024e-06,0.009766523358546579,8.920000000002367e-12
728,0.20222222222221936,379,16,1.8130959640005262e-06,0.009765980773915547,8.950000000002382e-12
729,0.20249999999999713,379,16,1.8129772844129324e-06,0.009765438219428109,8.980000000002397e-12
730,0.2027777777777749,379,16,1.8128548900504634e-06,0.009764895695082586,9.010000000002409e-12
731,0.20305555555555266,379,16,1.812742044705499e-06,0.009764353200877303,9.042500000002424e-12
732,0.20333333333333042,378,17,1.8126191282651096e-06,0.00976381073681059,9.075000000002436e-12
733,0.2036111111111082,378,17,1.8125040628387216e-06,0.009763268302880764,9.107500000002452e-12
734,0.20388888888888596,378,17,1.8123794677195316e-06,0.009762725899086163,9.140000000002466e-12
735,0.20416666666666372,378,17,1.8122568735582868e-06,0.009762183525425102,9.172500000002478e-12
736,0.2044444444444415,378,17,1.8121387659875973e-06,0.009761641181895913,9.205000000002493e-12
737,0.20472222222221925,378,17,1.8120137704692285e-06,0.009761098868496918,9.237500000002509e-12
738,0.20499999999999702,378,17,1.8118936383686626e-06,0.009760556585226446,9.270000000002523e-12
739,0.20527777777777478,378,17,1.8117671796027955e-06,0.009760014332082822,9.302500000002536e-12
740,0.20555555555555255,378,17,1.811642420698907e-06,0.009759472109064374,9.33500000000255e-12
741,0.20583333333333032,378,17,1.8115168949750664e-06,0.009758929916169426,9.367500000002564e-12
742,0.20611111111110808,379,17,1.8113976129180663e-06,0.009758387753396306,9.40000000000258e-12
743,0.20638888888888585,379,17,1.8112798867734046e-06,0.00975784562074334,9.432500000002595e-12
744,0.2066666666666636,379,17,1.8111481423755844e-06,0.009757303518208853,9.465000000002609e-12
745,0.20694444444444138,379,17,1.8110282874128685e-06,0.009756761445791174,9.497500000002624e-12
746,0.20722222222221914,379,17,1.8109072874672214e-06,0.009756219403488635,9.530000000002638e-12
747,0.2074999999999969,379,17,1.8107852879347373e-06,0.009755677391299549,9.562500000002654e-12
748,0.20777777777777467,379,17,1.8106694677666408e-06,0.009755135409222258,9.597500000002666e-12
749,0.20805555555555244,378,18,1.8105415776781213e-06,0.00975459345725508,9.632500000002682e-12
750,0.2083333333333302,378,18,1.8104257762774744e-06,0.009754051535396343,9.667500000002697e-12
751,0.20861111111110797,378,18,1.8103048581611286e-06,0.009753509643644376,9.702500000002711e-12
752,0.20888888888888574,378,18,1.8101790103277123e-06,0.009752967781997508,9.737500000002727e-12
753,0.2091666666666635,378,18,1.8100529663333472e-06,0.009752425950454063,9.772500000002743e-12
754,0.20944444444444127,378,18,1.8099427552975362e-06,0.00975188414901237,9.807500000002759e-12
755,0.20972222222221903,378,18,1.8098128880372925e-06,0.00975134237767076,9.840000000002772e-12
756,0.2099999999999968,378,18,1.8096919311262404e-06,0.009750800636427557,9.875000000002787e-12
757,0.21027777777777457,378,19,1.8095633545166592e-06,0.009750258925281089,9.910000000002801e-12
758,0.21055555555555233,378,19,1.8094386424109831e-06,0.009749717244229683,9.945000000002815e-12
759,0.2108333333333301,379,19,1.8093196759062745e-06,0.009749175593271674,9.980000000002831e-12
760,0.21111111111110786,379,19,1.8091916731861716e-06,0.00974863397240538,1.0012500000002848e-11
761,0.21138888888888563,379,19,1.8090715929381947e-06,0.009748092381629136,1.0045000000002864e-11
762,0.2116666666666634,379,19,1.8089504166886942e-06,0.009747550820941267,1.0077500000002878e-11
763,0.21194444444444116,379,19,1.8088272325815508e-06,0.009747009290340104,1.0110000000002893e-11
764,0.21222222222221893,379,19,1.8087071198511748e-06,0.009746467789823975,1.0142500000002909e-11
765,0.2124999999999967,379,19,1.808579320115603e-06,0.009745926319391205,1.0175000000002924e-11
766,0.21277777777777446,379,19,1.8084580023618385e-06,0.00974538487904013,1.020750000000294e-11
767,0.21305555555555222,379,19,1.8083296363659282e-06,0.009744843468769072,1.0240000000002957e-11
768,0.21333333333333,380,19,1.8082000229990861e-06,0.009744302088576363,1.0272500000002972e-11
769,0.21361111111110775,380,19,1.808072394195443e-06,0.009743760738460332,1.0305000000002987e-11
770,0.21388888888888552,381,19,1.8079455235357866e-06,0.009743219418419305,1.0337500000003003e-11
771,0.21416666666666329,381,19,1.807823777343267e-06,0.009742678128451615,1.0370000000003018e-11
772,0.21444444444444105,381,19,1.8077009353511745e-06,0.009742136868555592,1.0402500000003037e-11
773,0.21472222222221882,382,19,1.807575486323881e-06,0.009741595638729561,1.0435000000003053e-11
774,0.21499999999999658,382,19,1.8074475972994486e-06,0.009741054438971854,1.0467500000003068e-11
775,0.21527777777777435,383,19,1.8073206251456357e-06,0.0097405132692808,1.0500000000003085e-11
776,0.21555555555555211,383,19,1.8071978867378877e-06,0.009739972129654731,1.0535000000003101e-11
777,0.21583333333332988,382,20,1.8070741992558314e-06,0.009739431020091971,1.0570000000003115e-11
778,0.21611111111110765,382,20,1.8069466481781048e-06,0.009738889940590858,1.0605000000003134e-11
779,0.2163888888888854,382,20,1.8068224463132803e-06,0.009738348891149712,1.0640000000003149e-11
780,0.21666666666666318,382,20,1.806696567998587e-06,0.009737807871766872,1.0675000000003168e-11
781,0.21694444444444094,382,20,1.806566981597069e-06,0.009737266882440662,1.0710000000003182e-11
782,0.2172222222222187,382,20,1.8064380311809728e-06,0.009736725923169416,1.07450000000032e-11
783,0.21749999999999647,382,20,1.8063178262949894e-06,0.009736184993951461,1.0780000000003216e-11
784,0.21777777777777424,382,20,1.8061848499543687e-06,0.009735644094785131,1.0815000000003231e-11
785,0.218055555555552,382,20,1.806064377550557e-06,0.009735103225668756,1.0850000000003249e-11
786,0.21833333333332977,382,20,1.8059276572285289e-06,0.009734562386600662,1.0885000000003265e-11
787,0.21861111111110754,382,20,1.8057836590710814e-06,0.009734021577579183,1.0922500000003283e-11
788,0.2188888888888853,381,21,1.8056542738655624e-06,0.009733480798602654,1.0960000000003298e-11
789,0.21916666666666307,381,21,1.8055183613394365e-06,0.009732940049669396,1.0997500000003316e-11
790,0.21944444444444083,381,21,1.8053946124483852e-06,0.009732399330777752,1.1035000000003332e-11
791,0.2197222222222186,381,21,1.805258959876559e-06,0.00973185864192604,1.1072500000003351e-11
792,0.21999999999999637,381,21,1.8051288253889492e-06,0.009731317983112601,1.1110000000003368e-11
793,0.22027777777777413,381,21,1.8049966038482649e-06,0.00973077735433576,1.1147500000003386e-11
794,0.2205555555555519,381,21,1.80485856294924e-06,0.009730236755593853,1.11850000000034e-11
795,0.22083333333332966,381,21,1.8047281451191138e-06,0.009729696186885212,1.1222500000003418e-11
796,0.22111111111110743,381,21,1.8045958501126669e-06,0.00972915564820816,1.1260000000003438e-11
797,0.2213888888888852,381,21,1.8044602495402647e-06,0.009728615139561041,1.1297500000003453e-11
798,0.22166666666666296,383,21,1.8043295543518078e-06,0.009728074660942176,1.133500000000347e-11
799,0.22194444444444072,383,21,1.8042074393794697e-06,0.009727534212349901,1.1372500000003489e-11
800,0.2222222222222185,383,21,1.8040820272362755e-06,0.009726993793782548,1.1410000000003505e-11
801,0.22249999999999626,383,21,1.8039569910298297e-06,0.00972645340523845,1.1447500000003525e-11
802,0.22277777777777402,383,21,1.80382599585351e-06,0.009725913046715938,1.1485000000003541e-11
803,0.2230555555555518,383,21,1.8036935537482708e-06,0.00972537271821334,1.1522500000003557e-11
804,0.22333333333332955,383,21,1.803563879016581e-06,0.009724832419728997,1.1560000000003577e-11
805,0.22361111111110732,383,21,1.8034420720017586e-06,0.009724292151261233,1.1595000000003594e-11
806,0.22388888888888508,383,21,1.8033208215899675e-06,0.009723751912808385,1.1630000000003614e-11
807,0.22416666666666285,383,21,1.8031889713992334e-06,0.009723211704368786,1.166500000000363e-11
808,0.22444444444444062,383,21,1.803064103895918e-06,0.009722671525940765,1.1700000000003647e-11
809,0.22472222222221838,383,21,1.8029285532078876e-06,0.00972213137752266,1.1735000000003666e-11
810,0.22499999999999615,385,21,1.8028039355200184e-06,0.009721591259112797,1.1770000000003684e-11
811,0.2252777777777739,385,21,1.80267666249103e-06,0.009721051170709514,1.1805000000003701e-11
812,0.22555555555555168,385,21,1.8025459720813863e-06,0.00972051111231114,1.1840000000003719e-11
813,0.22583333333332944,385,21,1.802421700457332e-06,0.009719971083916012,1.1875000000003738e-11
814,0.2261111111111072,385,21,1.8022997738636568e-06,0.009719431085522461,1.1910000000003757e-11
815,0.22638888888888498,385,21,1.802162602923845e-06,0.00971889111712882,1.1945000000003775e-11
816,0.22666666666666274,385,21,1.8020347109173996e-06,0.009718351178733427,1.1980000000003794e-11
817,0.2269444444444405,385,21,1.8019060370255449e-06,0.00971781127033461,1.201500000000381e-11
818,0.22722222222221827,385,21,1.80178214586108e-06,0.009717271391930703,1.205000000000383e-11
819,0.22749999999999604,385,21,1.8016577577485586e-06,0.00971673154352004,1.208500000000385e-11
820,0.2277777777777738,386,21,1.8015333186424308e-06,0.009716191725100956,1.2120000000003865e-11
821,0.22805555555555157,387,21,1.8014067195203621e-06,0.009715651936671784,1.2155000000003883e-11
822,0.22833333333332934,387,21,1.801278439514761e-06,0.009715112178230859,1.2190000000003904e-11
823,0.2286111111111071,387,21,1.8011512122581098e-06,0.009714572449776512,1.2225000000003923e-11
824,0.22888888888888487,387,21,1.8010166196579e-06,0.00971403275130708,1.2260000000003942e-11
825,0.22916666666666263,387,21,1.8008939323782214e-06,0.009713493082820894,1.2295000000003963e-11
826,0.2294444444444404,387,21,1.8007628682713057e-06,0.009712953444316297,1.233000000000398e-11
827,0.22972222222221816,387,21,1.8006372100041994e-06,0.009712413835791611,1.2365000000004e-11
828,0.22999999999999593,387,21,1.8005038984881943e-06,0.009711874257245179,1.2400000000004018e-11
829,0.2302777777777737,387,21,1.8003741514725314e-06,0.009711334708675332,1.2435000000004036e-11
830,0.23055555555555146,387,21,1.8002427363315037e-06,0.009710795190080404,1.2470000000004058e-11
831,0.23083333333332923,387,21,1.800110565124646e-06,0.009710255701458734,1.2505000000004076e-11
832,0.231111111111107,388,21,1.7999773971665055e-06,0.009709716242808654,1.2537500000004095e-11
833,0.23138888888888476,388,21,1.7998440499676417e-06,0.009709176814128497,1.2570000000004113e-11
834,0.23166666666666252,388,21,1.7997214482175773e-06,0.009708637415416603,1.2602500000004134e-11
835,0.2319444444444403,389,21,1.7995922435442278e-06,0.009708098046671302,1.2635000000004152e-11
836,0.23222222222221806,389,21,1.7994618642980646e-06,0.009707558707890931,1.2667500000004171e-11
837,0.23249999999999582,389,21,1.799323933814797e-06,0.009707019399073827,1.2697500000004194e-11
838,0.2327777777777736,389,21,1.7991911482995923e-06,0.009706480120218321,1.2727500000004212e-11
839,0.23305555555555135,389,21,1.7990654460308317e-06,0.009705940871322757,1.275750000000423e-11
840,0.23333333333332912,389,21,1.7989242078500394e-06,0.00970540165238546,1.278750000000425e-11
841,0.23361111111110688,389,21,1.7987917850197655e-06,0.009704862463404773,1.2817500000004269e-11
842,0.23388888888888465,389,21,1.798651181145625e-06,0.00970432330437903,1.284750000000429e-11
843,0.23416666666666242,389,21,1.7985158494202785e-06,0.009703784175306563,1.2877500000004308e-11
844,0.23444444444444018,389,21,1.7983800467413915e-06,0.009703245076185711,1.2907500000004328e-11
845,0.23472222222221795,389,21,1.798239196761588e-06,0.009702706007014814,1.293750000000435e-11
846,0.2349999999999957,389,21,1.7981037498940987e-06,0.009702166967792202,1.2967500000004368e-11
847,0.23527777777777348,389,21,1.7979654323818644e-06,0.009701627958516215,1.2997500000004388e-11
848,0.23555555555555124,390,21,1.7978287714549893e-06,0.009701088979185184,1.302750000000441e-11
849,0.235833333333329,390,21,1.7976943733853845e-06,0.009700550029797453,1.305750000000443e-11
850,0.23611111111110678,390,21,1.7975492068292759e-06,0.009700011110351353,1.3087500000004447e-11
851,0.23638888888888454,390,21,1.7974100710348433e-06,0.009699472220845225,1.3117500000004466e-11
852,0.2366666666666623,390,21,1.7972790598497275e-06,0.009698933361277398,1.3147500000004487e-11
853,0.23694444444444007,390,21,1.797144044253153e-06,0.009698394531646217,1.317750000000451e-11
854,0.23722222222221784,391,21,1.7970164924311766e-06,0.009697855731950016,1.3207500000004529e-11
855,0.2374999999999956,391,21,1.7968785819017661e-06,0.009697316962187128,1.323750000000455e-11
856,0.23777777777777337,391,21,1.7967500196769339e-06,0.009696778222355897,1.326750000000457e-11
857,0.23805555555555113,391,21,1.7966132699892689e-06,0.009696239512454654,1.3297500000004591e-11
858,0.2383333333333289,391,21,1.79647193712002e-06,0.009695700832481743,1.3327500000004611e-11
859,0.23861111111110667,391,21,1.7963344617721453e-06,0.009695162182435492,1.335750000000463e-11
860,0.23888888888888443,391,21,1.7961973090328777e-06,0.00969462356231425,1.3387500000004648e-11
861,0.2391666666666622,391,21,1.7960582654411652e-06,0.009694084972116341,1.341750000000467e-11
862,0.23944444444443996,391,21,1.795919975801423e-06,0.009693546411840115,1.3447500000004692e-11
863,0.23972222222221773,391,21,1.7957855065048947e-06,0.009693007881483902,1.3477500000004714e-11
864,0.2399999999999955,391,21,1.7956511167764359e-06,0.009692469381046039,1.3507500000004734e-11
865,0.24027777777777326,392,21,1.7955085472131306e-06,0.009691930910524872,1.3537500000004752e-11
866,0.24055555555555103,392,21,1.795371981548051e-06,0.009691392469918732,1.3567500000004775e-11
867,0.2408333333333288,392,21,1.7952294527522905e-06,0.00969085405922596,1.3597500000004796e-11
868,0.24111111111110656,392,21,1.7950945147851254e-06,0.00969031567844489,1.3627500000004816e-11
869,0.24138888888888432,392,21,1.7949580583950022e-06,0.009689777327573866,1.3657500000004838e-11
870,0.2416666666666621,393,21,1.794816990954571e-06,0.009689239006611226,1.368750000000486e-11
871,0.24194444444443985,393,21,1.7946804672442501e-06,0.0096887007155553,1.3717500000004879e-11
872,0.24222222222221762,393,21,1.794542014936454e-06,0.009688162454404436,1.37475000000049e-11
873,0.24249999999999539,394,21,1.794410365833211e-06,0.009687624223156973,1.377750000000492e-11
874,0.24277777777777315,394,21,1.7942821573525718e-06,0.009687086021811238,1.3807500000004944e-11
875,0.24305555555555092,394,21,1.7941505753802889e-06,0.009686547850365584,1.3837500000004962e-11
876,0.24333333333332868,395,21,1.7940208933072747e-06,0.009686009708818341,1.3867500000004987e-11
877,0.24361111111110645,395,21,1.7938912581076227e-06,0.009685471597167853,1.3897500000005006e-11
878,0.24388888888888421,395,21,1.7937587288852226e-06,0.009684933515412454,1.3930000000005028e-11
879,0.24416666666666198,394,22,1.7936233020657002e-06,0.009684395463550486,1.3962500000005049e-11
880,0.24444444444443975,394,22,1.7934875412647339e-06,0.00968385744158029,1.3995000000005069e-11
881,0.2447222222222175,394,22,1.793353051629832e-06,0.009683319449500202,1.4027500000005092e-11
882,0.24499999999999528,394,22,1.793220858181433e-06,0.009682781487308566,1.4060000000005114e-11
883,0.24527777777777304,394,22,1.7930843228005502e-06,0.009682243555003715,1.4092500000005135e-11
884,0.2455555555555508,395,22,1.7929519947795091e-06,0.00968170565258399,1.4127500000005155e-11
885,0.24583333333332857,394,23,1.7928183801071528e-06,0.00968116778004774,1.416250000000518e-11
886,0.24611111111110634,394,23,1.7926881396994121e-06,0.009680629937393293,1.4197500000005202e-11
887,0.2463888888888841,394,23,1.7925525665126213e-06,0.009680092124618993,1.4232500000005223e-11
888,0.24666666666666187,394,23,1.792422503806068e-06,0.009679554341723181,1.4267500000005247e-11
889,0.24694444444443964,394,23,1.7922880514272508e-06,0.009679016588704199,1.4302500000005267e-11
890,0.2472222222222174,394,23,1.7921483736408147e-06,0.009678478865560378,1.4337500000005288e-11
891,0.24749999999999517,394,23,1.7920117373466375e-06,0.00967794117229007,1.4375000000005312e-11
892,0.24777777777777293,393,24,1.7918852967329757e-06,0.009677403508891612,1.4412500000005334e-11
893,0.2480555555555507,393,24,1.7917566807387378e-06,0.009676865875363342,1.4450000000005355e-11
894,0.24833333333332847,393,24,1.7916352365526238e-06,0.009676328271703599,1.448750000000538e-11
895,0.24861111111110623,393,24,1.7915058602653818e-06,0.009675790697910726,1.45250000000054e-11
896,0.248888888888884,393,24,1.7913709926974233e-06,0.009675253153983062,1.4562500000005423e-11
897,0.24916666666666176,393,24,1.7912395342589186e-06,0.009674715639918955,1.4600000000005445e-11
898,0.24944444444443953,393,24,1.7911073013647407e-06,0.009674178155716735,1.4637500000005466e-11
899,0.2497222222222173,393,24,1.7909781581026113e-06,0.009673640701374754,1.467500000000549e-11
900,0.24999999999999506,393,24,1.7908522504587574e-06,0.009673103276891346,1.471250000000551e-11
901,0.2502777777777728,393,24,1.7907292660934922e-06,0.009672565882264849,1.4750000000005536e-11
902,0.2505555555555506,393,24,1.7905894428902669e-06,0.009672028517493615,1.4787500000005554e-11
903,0.25083333333332836,393,24,1.790450296442056e-06,0.009671491182575974,1.482500000000558e-11
904,0.2511111111111061,395,24,1.7903105309571687e-06,0.009670953877510274,1.4865000000005605e-11
905,0.2513888888888839,395,25,1.7901808463940721e-06,0.00967041660229486,1.4905000000005625e-11
906,0.25166666666666165,396,25,1.7900522873921098e-06,0.009669879356928065,1.4945000000005648e-11
907,0.2519444444444394,396,25,1.7899128442661359e-06,0.009669342141408237,1.4985000000005674e-11
908,0.2522222222222172,396,25,1.789785493783419e-06,0.009668804955733717,1.5025000000005694e-11
909,0.25249999999999495,396,25,1.7896637760776595e-06,0.009668267799902841,1.5065000000005718e-11
910,0.2527777777777727,396,25,1.7895398776049263e-06,0.009667730673913959,1.510500000000574e-11
911,0.2530555555555505,396,25,1.7894196434356282e-06,0.009667193577765408,1.5145000000005764e-11
912,0.25333333333332825,396,25,1.7892928748157774e-06,0.009666656511455533,1.518250000000579e-11
913,0.253611111111106,396,25,1.789162077927342e-06,0.009666119474982674,1.522000000000581e-11
914,0.2538888888888838,396,25,1.7890290795851135e-06,0.009665582468345178,1.525750000000583e-11
915,0.25416666666666154,396,25,1.7889052767478302e-06,0.009665045491541381,1.529500000000586e-11
916,0.2544444444444393,396,25,1.7887700445563144e-06,0.009664508544569628,1.533250000000588e-11
917,0.2547222222222171,396,25,1.7886329297364397e-06,0.00966397162742826,1.5370000000005908e-11
918,0.25499999999999484,396,25,1.788495403937898e-06,0.009663434740115627,1.540750000000593e-11
919,0.2552777777777726,397,25,1.7883524560983467e-06,0.009662897882630065,1.544500000000595e-11
920,0.2555555555555504,397,25,1.78821204414105e-06,0.009662361054969919,1.5482500000005974e-11
921,0.25583333333332814,397,25,1.7880806717101943e-06,0.009661824257133533,1.5520000000006e-11
922,0.2561111111111059,397,25,1.7879456402214125e-06,0.00966128748911925,1.555750000000602e-11
923,0.25638888888888367,397,25,1.7878065723383786e-06,0.009660750750925411,1.5595000000006048e-11
924,0.25666666666666144,397,25,1.7876761965012714e-06,0.009660214042550358,1.5632500000006072e-11
925,0.2569444444444392,397,25,1.7875434367912536e-06,0.00965967736399244,1.5670000000006093e-11
926,0.25722222222221697,397,25,1.7874083227954386e-06,0.009659140715249995,1.570750000000612e-11
927,0.25749999999999473,397,25,1.787279107366979e-06,0.009658604096321369,1.5745000000006142e-11
928,0.2577777777777725,397,25,1.7871464329177027e-06,0.009658067507204911,1.5782500000006167e-11
929,0.25805555555555026,397,25,1.7870138022581143e-06,0.009657530947898953,1.582000000000619e-11
930,0.25833333333332803,397,25,1.7868818474376438e-06,0.00965699441840185,1.5857500000006215e-11
931,0.2586111111111058,397,25,1.7867484156263952e-06,0.009656457918711938,1.589500000000624e-11
932,0.25888888888888356,397,25,1.7866123480171855e-06,0.009655921448827565,1.5932500000006264e-11
933,0.2591666666666613,397,25,1.7864776096959853e-06,0.009655385008747075,1.597000000000629e-11
934,0.2594444444444391,397,25,1.7863431037927129e-06,0.009654848598468815,1.6007500000006313e-11
935,0.25972222222221686,397,25,1.7862067268144808e-06,0.009654312217991122,1.6045000000006334e-11
936,0.2599999999999946,397,25,1.786063003193374e-06,0.009653775867312343,1.6082500000006362e-11
937,0.2602777777777724,397,25,1.7859231852913008e-06,0.009653239546430827,1.612000000000639e-11
938,0.26055555555555016,397,25,1.7857896000739484e-06,0.009652703255344914,1.6157500000006414e-11
939,0.2608333333333279,397,25,1.7856460672867815e-06,0.009652166994052951,1.6195000000006435e-11
940,0.2611111111111057,397,25,1.7855056615323932e-06,0.00965163076255328,1.623250000000646e-11
941,0.26138888888888345,398,25,1.7853658653159465e-06,0.009651094560844252,1.6270000000006487e-11
942,0.2616666666666612,398,25,1.7852273887863357e-06,0.009650558388924204,1.630750000000651e-11
943,0.261944444444439,398,25,1.7850936274473161e-06,0.009650022246791486,1.6342500000006537e-11
944,0.26222222222221675,399,25,1.7849641118321931e-06,0.009649486134444442,1.6377500000006563e-11
945,0.2624999999999945,399,25,1.7848227177952282e-06,0.009648950051881417,1.641250000000659e-11
946,0.2627777777777723,399,25,1.7846750555172687e-06,0.00964841399910076,1.644750000000661e-11
947,0.26305555555555005,399,25,1.7845415910875074e-06,0.009647877976100807,1.6482500000006637e-11
948,0.2633333333333278,400,25,1.784406739858646e-06,0.009647341982879915,1.6517500000006665e-11
949,0.2636111111111056,400,25,1.7842716855140695e-06,0.00964680601943642,1.655250000000669e-11
950,0.26388888888888334,400,25,1.7841380604328453e-06,0.009646270085768675,1.6587500000006713e-11
951,0.2641666666666611,400,25,1.7840022838383107e-06,0.009645734181875022,1.662250000000674e-11
952,0.2644444444444389,400,25,1.7838693194743314e-06,0.009645198307753807,1.6657500000006765e-11
953,0.26472222222221664,400,25,1.7837236510972568e-06,0.009644662463403376,1.669250000000679e-11
954,0.2649999999999944,400,25,1.7835868811690768e-06,0.009644126648822077,1.672750000000682e-11
955,0.2652777777777722,400,25,1.7834543529965558e-06,0.009643590864008253,1.6762500000006845e-11
956,0.26555555555554994,400,25,1.7833202377397494e-06,0.009643055108960252,1.6797500000006867e-11
957,0.2658333333333277,400,25,1.783178083484627e-06,0.009642519383676421,1.6832500000006896e-11
958,0.26611111111110547,400,25,1.783039253952857e-06,0.009641983688155107,1.6867500000006918e-11
959,0.26638888888888324,400,25,1.782915186012262e-06,0.009641448022394654,1.6902500000006944e-11
960,0.266666666666661,400,25,1.7827801177763829e-06,0.009640912386393412,1.6937500000006973e-11
961,0.26694444444443877,401,25,1.7826443573999634e-06,0.009640376780149722,1.6972500000006998e-11
962,0.26722222222221653,401,25,1.7825095945216695e-06,0.009639841203661934,1.7007500000007027e-11
963,0.2674999999999943,401,25,1.78238226139363e-06,0.0096393056569284,1.704250000000705e-11
964,0.26777777777777206,401,25,1.7822480263521696e-06,0.00963877013994746,1.707750000000708e-11
965,0.26805555555554983,401,25,1.782116072329088e-06,0.009638234652717462,1.71125000000071e-11
966,0.2683333333333276,401,25,1.7819840870973838e-06,0.009637699195236757,1.7147500000007126e-11
967,0.26861111111110536,403,25,1.781851695056874e-06,0.009637163767503688,1.7182500000007158e-11
968,0.2688888888888831,404,25,1.781712522398022e-06,0.009636628369516606,1.721750000000718e-11
969,0.2691666666666609,404,25,1.781576252858296e-06,0.009636093001273854,1.7252500000007206e-11
970,0.26944444444443866,404,25,1.7814396294687333e-06,0.009635557662773785,1.7290000000007237e-11
971,0.2697222222222164,403,26,1.7813061096478924e-06,0.009635022354014743,1.732750000000726e-11
972,0.2699999999999942,403,26,1.781164383003516e-06,0.009634487074995075,1.736500000000729e-11
973,0.27027777777777195,403,26,1.7810209358298757e-06,0.00963395182571313,1.7402500000007317e-11
974,0.2705555555555497,403,26,1.7808860269589193e-06,0.009633416606167258,1.744000000000734e-11
975,0.2708333333333275,403,26,1.7807357823300836e-06,0.009632881416355805,1.747750000000737e-11
976,0.27111111111110525,403,26,1.7805935327780332e-06,0.009632346256277118,1.7515000000007397e-11
977,0.271388888888883,403,26,1.7804559208182829e-06,0.009631811125929549,1.7552500000007424e-11
978,0.2716666666666608,403,26,1.780316818916081e-06,0.00963127602531144,1.759000000000745e-11
979,0.27194444444443855,403,26,1.7801726695212041e-06,0.009630740954421148,1.7627500000007476e-11
980,0.2722222222222163,403,26,1.780026256067974e-06,0.009630205913257013,1.7665000000007504e-11
981,0.2724999999999941,403,26,1.7798772008817492e-06,0.009629670901817386,1.770250000000753e-11
982,0.27277777777777185,403,26,1.7797309380375222e-06,0.00962913592010062,1.774000000000756e-11
983,0.2730555555555496,403,26,1.7795872663760742e-06,0.009628600968105059,1.7777500000007587e-11
984,0.2733333333333274,403,26,1.7794397694851125e-06,0.009628066045829053,1.781500000000761e-11
985,0.27361111111110514,403,26,1.7792914890943353e-06,0.009627531153270951,1.785500000000764e-11
986,0.2738888888888829,402,27,1.7791451549176807e-06,0.009626996290429103,1.7895000000007668e-11
987,0.2741666666666607,402,27,1.77900265801849e-06,0.00962646145730186,1.7935000000007697e-11
988,0.27444444444443844,402,27,1.7788644321329304e-06,0.009625926653887566,1.7975000000007724e-11
989,0.2747222222222162,402,27,1.7787240577184975e-06,0.00962539188018457,1.801500000000775e-11
990,0.27499999999999397,402,27,1.7785823456947777e-06,0.009624857136191229,1.8055000000007777e-11
991,0.27527777777777174,402,27,1.7784505625362115e-06,0.009624322421905885,1.8095000000007806e-11
992,0.2755555555555495,402,27,1.778316535049185e-06,0.00962378773732689,1.8135000000007833e-11
993,0.27583333333332727,402,27,1.7781826867177292e-06,0.009623253082452592,1.8175000000007863e-11
994,0.27611111111110503,402,27,1.7780536810384354e-06,0.009622718457281349,1.8215000000007892e-11
995,0.2763888888888828,402,27,1.7779176796404963e-06,0.009622183861811497,1.825250000000792e-11
996,0.27666666666666057,403,27,1.7777808107473586e-06,0.009621649296041396,1.828500000000795e-11
997,0.27694444444443833,403,27,1.7776433890548866e-06,0.009621114759969396,1.8317500000007974e-11
998,0.2772222222222161,403,27,1.777502539594051e-06,0.009620580253593844,1.8350000000008e-11
999,0.27749999999999386,403,27,1.7773617405292842e-06,0.009620045776913088,1.838250000000803e-11
1000,0.27777777777777163,403,27,1.7772112251467555e-06,0.00961951132992548,1.841500000000806e-11
1001,0.2780555555555494,403,27,1.7770607723927932e-06,0.009618976912629376,1.8447500000008087e-11
1002,0.27833333333332716,403,27,1.7769214274621827e-06,0.00961844252502312,1.8480000000008117e-11
1003,0.2786111111111049,404,27,1.7767836944712623e-06,0.009617908167105062,1.8512500000008147e-11
1004,0.2788888888888827,404,27,1.7766419178587681e-06,0.009617373838873558,1.854500000000817e-11
1005,0.27916666666666046,404,27,1.7764977284147949e-06,0.009616839540326954,1.85775000000082e-11
1006,0.2794444444444382,404,27,1.7763628121187123e-06,0.0096163052714636,1.8610000000008234e-11
1007,0.279722222222216,404,27,1.776209380635433e-06,0.009615771032281853,1.864250000000826e-11
1008,0.27999999999999375,405,27,1.776069772271936e-06,0.00961523682278006,1.8675000000008284e-11
1009,0.2802777777777715,405,27,1.7759237273444862e-06,0.009614702642956573,1.8707500000008317e-11
1010,0.2805555555555493,405,27,1.7757795533362e-06,0.009614168492809742,1.8740000000008347e-11
1011,0.28083333333332705,406,27,1.7756380875168284e-06,0.00961363437233792,1.8772500000008374e-11
1012,0.2811111111111048,406,27,1.7755062087787357e-06,0.009613100281539456,1.8805000000008404e-11
1013,0.2813888888888826,406,27,1.7753691711240908e-06,0.009612566220412705,1.883750000000843e-11
1014,0.28166666666666035,406,27,1.7752289860903558e-06,0.009612032188956014,1.8870000000008464e-11
1015,0.2819444444444381,406,27,1.7750890380145088e-06,0.009611498187167743,1.8902500000008488e-11
1016,0.2822222222222159,406,27,1.7749543356296485e-06,0.009610964215046232,1.8935000000008518e-11
1017,0.28249999999999365,406,27,1.7748139675380092e-06,0.009610430272589841,1.8967500000008545e-11
1018,0.2827777777777714,406,27,1.7746740193767378e-06,0.00960989635979692,1.9000000000008578e-11
1019,0.2830555555555492,406,27,1.7745417516868644e-06,0.00960936247666582,1.9032500000008605e-11
1020,0.28333333333332694,406,27,1.7743975471742806e-06,0.009608828623194895,1.9065000000008638e-11
1021,0.2836111111111047,406,27,1.7742555030988949e-06,0.009608294799382496,1.909750000000866e-11
1022,0.2838888888888825,406,27,1.7741170735330974e-06,0.009607761005226973,1.913000000000869e-11
1023,0.28416666666666024,406,27,1.773977965479878e-06,0.009607227240726683,1.916250000000872e-11
1024,0.284444444444438,406,27,1.773830536898896e-06,0.009606693505879976,1.9195000000008755e-11
1025,0.28472222222221577,406,27,1.7736881879821829e-06,0.009606159800685207,1.922750000000878e-11
1026,0.28499999999999354,406,27,1.7735487287251356e-06,0.009605626125140723,1.926000000000881e-11
1027,0.2852777777777713,406,27,1.7734051173811986e-06,0.009605092479244884,1.929250000000884e-11
1028,0.28555555555554907,406,27,1.7732692763235958e-06,0.009604558862996035,1.9325000000008868e-11
1029,0.28583333333332683,406,27,1.7731275556744044e-06,0.009604025276392538,1.93575000000089e-11
1030,0.2861111111111046,406,27,1.7729826959843487e-06,0.009603491719432738,1.9390000000008928e-11
1031,0.28638888888888236,406,27,1.7728473038772182e-06,0.00960295819211499,1.942250000000896e-11
1032,0.28666666666666013,406,27,1.7727053716698937e-06,0.009602424694437652,1.9455000000008988e-11
1033,0.2869444444444379,406,27,1.772562250579577e-06,0.009601891226399073,1.9487500000009018e-11
1034,0.28722222222221566,406,27,1.7724200866645537e-06,0.009601357787997606,1.952000000000905e-11
1035,0.2874999999999934,406,27,1.7722741268840541e-06,0.009600824379231607,1.9552500000009078e-11
1036,0.2877777777777712,406,27,1.7721320018209974e-06,0.00960029100009943,1.9585000000009108e-11
1037,0.28805555555554896,406,27,1.7719899585730795e-06,0.009599757650599422,1.9617500000009138e-11
1038,0.2883333333333267,406,27,1.7718413648668353e-06,0.009599224330729945,1.9650000000009165e-11
1039,0.2886111111111045,406,27,1.7716998300796348e-06,0.00959869104048935,1.96825000000092e-11
1040,0.28888888888888226,407,27,1.7715599243270458e-06,0.00959815777987599,1.9715000000009228e-11
1041,0.28916666666666,407,27,1.7714207683648442e-06,0.009597624548888219,1.974750000000926e-11
1042,0.2894444444444378,407,27,1.7712716790153499e-06,0.00959709134752439,1.978000000000929e-11
1043,0.28972222222221555,407,27,1.7711255778927657e-06,0.009596558175782864,1.981250000000932e-11
1044,0.2899999999999933,407,27,1.7709825641793987e-06,0.009596025033661986,1.984500000000935e-11
1045,0.2902777777777711,408,27,1.770847420775877e-06,0.009595491921160115,1.987750000000938e-11
1046,0.29055555555554885,408,27,1.770712023057932e-06,0.00959495883827561,1.991000000000941e-11
1047,0.2908333333333266,408,27,1.7705684768821364e-06,0.009594425785006815,1.9942500000009445e-11
1048,0.2911111111111044,408,27,1.770424416959875e-06,0.009593892761352094,1.9975000000009475e-11
1049,0.29138888888888215,408,27,1.7702842182748043e-06,0.009593359767309795,2.00075000000095e-11
1050,0.2916666666666599,408,27,1.7701420617124225e-06,0.009592826802878278,2.0040000000009535e-11
1051,0.2919444444444377,408,27,1.7700041843407403e-06,0.009592293868055898,2.0072500000009568e-11
1052,0.29222222222221544,408,27,1.7698654561468495e-06,0.009591760962841003,2.0105000000009598e-11
1053,0.2924999999999932,408,27,1.7697273438282813e-06,0.009591228087231958,2.0137500000009628e-11
1054,0.292777777777771,408,27,1.7695859622381256e-06,0.009590695241227114,2.0170000000009655e-11
1055,0.29305555555554874,408,27,1.769448792136407e-06,0.009590162424824824,2.0202500000009688e-11
1056,0.2933333333333265,408,27,1.76931636612089e-06,0.009589629638023444,2.0235000000009718e-11
1057,0.2936111111111043,408,27,1.7691812804018534e-06,0.009589096880821331,2.0267500000009748e-11
1058,0.29388888888888204,408,27,1.7690333161653479e-06,0.009588564153216843,2.0300000000009778e-11
1059,0.2941666666666598,408,27,1.7688987293229555e-06,0.00958803145520833,2.033250000000981e-11
1060,0.29444444444443757,408,27,1.7687651145549556e-06,0.009587498786794152,2.0365000000009844e-11
1061,0.29472222222221534,407,28,1.7686287710560613e-06,0.009586966147972664,2.0397500000009874e-11
1062,0.2949999999999931,407,28,1.7684859220674095e-06,0.009586433538742221,2.0432500000009906e-11
1063,0.29527777777777087,406,29,1.7683537300735893e-06,0.009585900959101182,2.0467500000009935e-11
1064,0.29555555555554863,406,29,1.76821051971704e-06,0.0095853684090479,2.0502500000009967e-11
1065,0.2958333333333264,406,29,1.7680743863078386e-06,0.009584835888580728,2.053750000001e-11
1066,0.29611111111110416,406,29,1.7679407343301754e-06,0.009584303397698031,2.057250000001003e-11
1067,0.29638888888888193,406,29,1.7678025114024359e-06,0.009583770936398157,2.060750000001006e-11
1068,0.2966666666666597,406,29,1.7676680195494842e-06,0.009583238504679471,2.0642500000010096e-11
1069,0.29694444444443746,406,29,1.7675328707079525e-06,0.009582706102540323,2.0677500000010124e-11
1070,0.2972222222222152,406,29,1.7673948065508344e-06,0.00958217372997907,2.0712500000010156e-11
1071,0.297499999999993,407,29,1.7672561824650248e-06,0.009581641386994069,2.074750000001019e-11
1072,0.29777777777777076,407,29,1.7671165350794154e-06,0.009581109073583683,2.078250000001022e-11
1073,0.2980555555555485,407,29,1.7669819300948326e-06,0.009580576789746262,2.0817500000010253e-11
1074,0.2983333333333263,407,29,1.7668409756240442e-06,0.009580044535480165,2.0852500000010285e-11
1075,0.29861111111110406,407,29,1.766700609088384e-06,0.00957951231078375,2.0887500000010314e-11
1076,0.2988888888888818,407,29,1.7665602127964503e-06,0.009578980115655373,2.092250000001035e-11
1077,0.2991666666666596,407,29,1.7664171755731536e-06,0.009578447950093393,2.095500000001038e-11
1078,0.29944444444443735,407,29,1.7662771785927547e-06,0.009577915814096165,2.0987500000010412e-11
1079,0.2997222222222151,407,29,1.7661378564116398e-06,0.009577383707662049,2.1020000000010442e-11
1080,0.2999999999999929,407,29,1.7659930186473307e-06,0.009576851630789402,2.1052500000010475e-11
1081,0.30027777777777065,407,29,1.7658513952512375e-06,0.00957631958347658,2.108500000001051e-11
1082,0.3005555555555484,407,29,1.765718032234196e-06,0.009575787565721944,2.1117500000010545e-11
1083,0.3008333333333262,407,29,1.7655708475750643e-06,0.009575255577523846,2.1150000000010572e-11
1084,0.30111111111110395,407,29,1.7654351827630814e-06,0.009574723618880652,2.1182500000010608e-11
1085,0.3013888888888817,407,29,1.7652937936072789e-06,0.009574191689790715,2.121750000001064e-11
1086,0.3016666666666595,406,30,1.7651528625860997e-06,0.009573659790252393,2.1252500000010672e-11
1087,0.30194444444443724,406,30,1.7650076713818033e-06,0.009573127920264046,2.1287500000010704e-11
1088,0.302222222222215,406,30,1.7648652218309448e-06,0.009572596079824032,2.1325000000010735e-11
1089,0.3024999999999928,405,31,1.7647247197991292e-06,0.00957206426893071,2.136250000001077e-11
1090,0.30277777777777054,405,31,1.7645763520758349e-06,0.009571532487582433,2.1400000000010797e-11
1091,0.3030555555555483,406,31,1.764432138484501e-06,0.009571000735777569,2.1435000000010832e-11
1092,0.30333333333332607,407,31,1.7642930538963562e-06,0.009570469013514472,2.1470000000010868e-11
1093,0.30361111111110384,407,31,1.764158307412013e-06,0.009569937320791498,2.15050000000109e-11
1094,0.3038888888888816,407,31,1.7640224671503183e-06,0.00956940565760701,2.1542500000010934e-11
1095,0.30416666666665937,406,32,1.7638814507499892e-06,0.009568874023959366,2.1580000000010965e-11
1096,0.30444444444443713,406,32,1.7637434017482204e-06,0.009568342419846923,2.1617500000011e-11
1097,0.3047222222222149,407,32,1.7636109759240293e-06,0.009567810845268043,2.1655000000011033e-11
1098,0.30499999999999267,407,32,1.76346389642415e-06,0.009567279300221084,2.1692500000011064e-11
1099,0.30527777777777043,407,32,1.7633280526617748e-06,0.009566747784704406,2.1730000000011098e-11
1100,0.3055555555555482,407,32,1.7631839457442489e-06,0.009566216298716367,2.1767500000011135e-11
1101,0.30583333333332596,407,32,1.763047523012462e-06,0.009565684842255326,2.1805000000011166e-11
1102,0.30611111111110373,407,32,1.7629044766728288e-06,0.009565153415319647,2.18425000000112e-11
1103,0.3063888888888815,407,32,1.76276233141457e-06,0.009564622017907684,2.1880000000011234e-11
1104,0.30666666666665926,407,32,1.7626121113080168e-06,0.009564090650017803,2.1917500000011265e-11
1105,0.306944444444437,407,32,1.76246920575606e-06,0.009563559311648356,2.1955000000011296e-11
1106,0.3072222222222148,408,32,1.7623197508963323e-06,0.009563028002797711,2.1992500000011334e-11
1107,0.30749999999999256,408,32,1.7621742463171632e-06,0.00956249672346422,2.2030000000011368e-11
1108,0.3077777777777703,408,32,1.7620258673541504e-06,0.009561965473646253,2.20650000000114e-11
1109,0.3080555555555481,408,32,1.7618861689396366e-06,0.00956143425334216,2.2100000000011435e-11
1110,0.30833333333332585,408,32,1.7617453992453954e-06,0.009560903062550308,2.2135000000011467e-11
1111,0.3086111111111036,408,32,1.761605109998424e-06,0.009560371901269054,2.2170000000011502e-11
1112,0.3088888888888814,408,32,1.7614687631078731e-06,0.009559840769496763,2.2205000000011538e-11
1113,0.30916666666665915,408,32,1.7613332851384756e-06,0.009559309667231794,2.224000000001157e-11
1114,0.3094444444444369,408,32,1.761198033567054e-06,0.0095587785944725,2.2275000000011605e-11
1115,0.3097222222222147,408,32,1.761057179917415e-06,0.009558247551217255,2.231000000001164e-11
1116,0.30999999999999245,408,32,1.7609198988086415e-06,0.009557716537464407,2.234250000001167e-11
1117,0.3102777777777702,408,32,1.7607830253912618e-06,0.009557185553212328,2.2375000000011704e-11
1118,0.310555555555548,408,32,1.7606427116387202e-06,0.00955665459845937,2.2407500000011743e-11
1119,0.31083333333332575,408,32,1.7604998243274442e-06,0.009556123673203902,2.2440000000011777e-11
1120,0.3111111111111035,408,32,1.7603675961348899e-06,0.009555592777444279,2.247250000001181e-11
1121,0.3113888888888813,408,32,1.7602318846155578e-06,0.009555061911178867,2.2505000000011843e-11
1122,0.31166666666665904,408,32,1.7600921782197024e-06,0.009554531074406025,2.253750000001188e-11
1123,0.3119444444444368,408,32,1.7599492344837521e-06,0.009554000267124113,2.2570000000011913e-11
1124,0.3122222222222146,408,32,1.7598016624171243e-06,0.009553469489331494,2.260250000001195e-11
1125,0.31249999999999234,408,32,1.7596634408548803e-06,0.009552938741026532,2.2635000000011982e-11
1126,0.3127777777777701,408,32,1.7595206175188894e-06,0.009552408022207587,2.266750000001202e-11
1127,0.31305555555554787,408,32,1.759376019219184e-06,0.009551877332873021,2.2702500000012054e-11
1128,0.31333333333332564,408,33,1.7592322801462064e-06,0.009551346673021193,2.2737500000012083e-11
1129,0.3136111111111034,409,33,1.7590932771420028e-06,0.009550816042650472,2.277250000001212e-11
1130,0.31388888888888117,409,33,1.7589566512795499e-06,0.009550285441759211,2.280750000001216e-11
1131,0.31416666666665893,409,33,1.758819135721399e-06,0.009549754870345782,2.2842500000012192e-11
1132,0.3144444444444367,409,33,1.7586798620709312e-06,0.00954922432840854,2.2877500000012224e-11
1133,0.31472222222221446,409,33,1.7585359545321565e-06,0.009548693815945851,2.2912500000012263e-11
1134,0.31499999999999223,409,33,1.7583980957023588e-06,0.009548163332956076,2.2947500000012295e-11
1135,0.31527777777777,410,33,1.7582567391869366e-06,0.009547632879437579,2.298250000001233e-11
1136,0.31555555555554776,410,33,1.7581111222941774e-06,0.009547102455388723,2.3015000000012366e-11
1137,0.3158333333333255,410,33,1.7579749808477676e-06,0.009546572060807867,2.3047500000012403e-11
1138,0.3161111111111033,410,33,1.757844882046282e-06,0.009546041695693378,2.308000000001244e-11
1139,0.31638888888888106,410,33,1.757705344024494e-06,0.009545511360043618,2.311250000001247e-11
1140,0.3166666666666588,410,33,1.7575635009342613e-06,0.009544981053856951,2.3145000000012506e-11
1141,0.3169444444444366,411,33,1.7574221239651993e-06,0.009544450777131735,2.3180000000012544e-11
1142,0.31722222222221436,410,34,1.7572811843560306e-06,0.009543920529866343,2.321500000001258e-11
1143,0.3174999999999921,410,34,1.7571382796812152e-06,0.009543390312059127,2.3250000000012615e-11
1144,0.3177777777777699,410,34,1.7570000456833715e-06,0.009542860123708457,2.3285000000012654e-11
1145,0.31805555555554765,412,34,1.7568529036629081e-06,0.009542329964812695,2.3320000000012686e-11
1146,0.3183333333333254,412,34,1.7567152833289128e-06,0.009541799835370205,2.3355000000012724e-11
1147,0.3186111111111032,412,34,1.7565731469403142e-06,0.009541269735379351,2.3387500000012757e-11
1148,0.31888888888888095,412,34,1.7564351297946923e-06,0.009540739664838498,2.3420000000012797e-11
1149,0.3191666666666587,412,34,1.7562876455503078e-06,0.009540209623746005,2.3455000000012832e-11
1150,0.3194444444444365,411,35,1.756141702569802e-06,0.009539679612100243,2.3490000000012868e-11
1151,0.31972222222221425,411,35,1.7559984289476342e-06,0.009539149629899569,2.3525000000012906e-11
1152,0.319999999999992,411,35,1.7558540479374445e-06,0.009538619677142353,2.356000000001294e-11
1153,0.3202777777777698,411,35,1.7557092605673955e-06,0.009538089753826959,2.3595000000012973e-11
1154,0.32055555555554754,411,35,1.7555594037715623e-06,0.009537559859951746,2.3630000000013012e-11
1155,0.3208333333333253,411,35,1.7554178775455994e-06,0.009537029995515083,2.3665000000013047e-11
1156,0.3211111111111031,411,35,1.7552702478331176e-06,0.00953650016051533,2.3700000000013083e-11
1157,0.32138888888888084,411,35,1.7551205442234322e-06,0.009535970354950858,2.3735000000013124e-11
1158,0.3216666666666586,411,35,1.7549768415941084e-06,0.00953544057882003,2.377250000001316e-11
1159,0.3219444444444364,410,36,1.7548317807304702e-06,0.009534910832121206,2.3810000000013196e-11
1160,0.32222222222221414,410,36,1.754685058479282e-06,0.009534381114852757,2.3847500000013233e-11
1161,0.3224999999999919,410,36,1.7545458130337601e-06,0.009533851427013042,2.3885000000013267e-11
1162,0.32277777777776967,412,36,1.754400021203724e-06,0.00953332176860043,2.39225000000133e-11
1163,0.32305555555554744,412,36,1.7542610587762418e-06,0.009532792139613284,2.3960000000013342e-11
1164,0.3233333333333252,412,36,1.7541198418769937e-06,0.009532262540049973,2.3997500000013376e-11
1165,0.32361111111110297,412,36,1.7539748754125204e-06,0.009531732969908861,2.403500000001341e-11
1166,0.32388888888888073,412,36,1.753840569157037e-06,0.00953120342918831,2.407250000001345e-11
1167,0.3241666666666585,412,36,1.7537038031011997e-06,0.00953067391788669,2.411000000001349e-11
1168,0.32444444444443626,412,36,1.7535623407917081e-06,0.009530144436002363,2.4147500000013526e-11
1169,0.32472222222221403,412,36,1.7534229491725194e-06,0.009529614983533696,2.418500000001356e-11
1170,0.3249999999999918,412,36,1.7532755506209641e-06,0.009529085560479055,2.42225000000136e-11
1171,0.32527777777776956,412,36,1.7531308948863396e-06,0.009528556166836805,2.4260000000013638e-11
1172,0.3255555555555473,412,36,1.7529911034998757e-06,0.009528026802605317,2.4297500000013672e-11
1173,0.3258333333333251,412,36,1.7528449334384952e-06,0.00952749746778295,2.433500000001371e-11
1174,0.32611111111110286,412,36,1.7527070211213725e-06,0.009526968162368074,2.4372500000013746e-11
1175,0.3263888888888806,412,36,1.7525586192592847e-06,0.00952643888635905,2.4410000000013787e-11
1176,0.3266666666666584,412,36,1.752411095467214e-06,0.009525909639754257,2.444750000001382e-11
1177,0.32694444444443616,412,36,1.7522633349280943e-06,0.009525380422552047,2.4485000000013862e-11
1178,0.3272222222222139,412,36,1.7521215390964112e-06,0.009524851234750796,2.4522500000013896e-11
1179,0.3274999999999917,412,36,1.751980767285454e-06,0.009524322076348863,2.4560000000013936e-11
1180,0.32777777777776945,412,36,1.7518402035738199e-06,0.009523792947344624,2.459750000001397e-11
1181,0.3280555555555472,412,36,1.7516893886825838e-06,0.009523263847736437,2.463500000001401e-11
1182,0.328333333333325,412,36,1.7515451700951038e-06,0.009522734777522674,2.4672500000014045e-11
1183,0.32861111111110275,412,36,1.7513992627975441e-06,0.0095222057367017,2.4710000000014086e-11
1184,0.3288888888888805,412,36,1.7512537446583491e-06,0.009521676725271887,2.4747500000014126e-11
1185,0.3291666666666583,412,36,1.7511080030042851e-06,0.009521147743231593,2.4785000000014164e-11
1186,0.32944444444443605,412,36,1.750964884596308e-06,0.00952061879057919,2.48225000000142e-11
1187,0.3297222222222138,412,36,1.7508173748178236e-06,0.00952008986731305,2.486000000001424e-11
1188,0.3299999999999916,412,36,1.750674412929641e-06,0.009519560973431531,2.4897500000014276e-11
1189,0.33027777777776934,412,36,1.7505262932390784e-06,0.009519032108933007,2.4935000000014313e-11
1190,0.3305555555555471,412,36,1.7503826431784015e-06,0.009518503273815846,2.4972500000014354e-11
1191,0.3308333333333249,412,36,1.7502358668116696e-06,0.00951797446807841,2.501250000001439e-11
1192,0.33111111111110264,411,37,1.7500951450344762e-06,0.009517445691719074,2.505250000001443e-11
1193,0.3313888888888804,411,37,1.7499528130606825e-06,0.0095169169447362,2.5095000000014468e-11
1194,0.33166666666665817,411,38,1.7498092584482406e-06,0.009516388227128159,2.513750000001451e-11
1195,0.33194444444443594,411,38,1.7496714328866697e-06,0.009515859538893319,2.5180000000014544e-11
1196,0.3322222222222137,411,38,1.749530061773841e-06,0.009515330880030048,2.5222500000014586e-11
1197,0.33249999999999147,411,38,1.7493922169720542e-06,0.009514802250536714,2.5265000000014624e-11
1198,0.33277777777776923,411,38,1.7492558070190096e-06,0.009514273650411685,2.5310000000014664e-11
1199,0.333055555555547,410,39,1.7491140592052517e-06,0.009513745079653328,2.53550000000147e-11
1200,0.33333333333332477,410,39,1.748969853559211e-06,0.009513216538260014,2.540000000001474e-11
1201,0.33361111111110253,410,39,1.7488290969291352e-06,0.009512688026230114,2.5445000000014782e-11
1202,0.3338888888888803,410,39,1.7486910148494482e-06,0.009512159543561988,2.5492500000014818e-11
1203,0.33416666666665806,409,40,1.7485488603452615e-06,0.009511631090254012,2.5540000000014857e-11
1204,0.33444444444443583,409,40,1.748407099750635e-06,0.009511102666304554,2.55875000000149e-11
1205,0.3347222222222136,409,40,1.7482658049106016e-06,0.009510574271711982,2.5637500000014934e-11
1206,0.33499999999999136,408,41,1.7481238807094058e-06,0.009510045906474666,2.5687500000014975e-11
1207,0.3352777777777691,408,41,1.7479820002438205e-06,0.009509517570590972,2.5737500000015016e-11
1208,0.3355555555555469,408,41,1.7478480793088162e-06,0.009508989264059273,2.5787500000015057e-11
1209,0.33583333333332466,408,41,1.7477065715841379e-06,0.009508460986877937,2.5837500000015095e-11
1210,0.3361111111111024,408,41,1.7475680342930667e-06,0.009507932739045334,2.5887500000015133e-11
1211,0.3363888888888802,409,41,1.747430569882853e-06,0.009507404520559832,2.5937500000015174e-11
1212,0.33666666666665795,409,41,1.7472860650779736e-06,0.0095068763314198,2.5987500000015212e-11
1213,0.3369444444444357,409,41,1.7471475571550252e-06,0.00950634817162361,2.6037500000015254e-11
1214,0.3372222222222135,409,41,1.747009807660511e-06,0.009505820041169632,2.6087500000015295e-11
1215,0.33749999999999125,409,41,1.7468698176443018e-06,0.009505291940056235,2.613750000001533e-11
1216,0.337777777777769,409,41,1.7467246283563837e-06,0.009504763868281786,2.618750000001537e-11
1217,0.3380555555555468,409,41,1.746585339952169e-06,0.009504235825844662,2.6237500000015412e-11
1218,0.33833333333332455,409,41,1.7464493930771906e-06,0.009503707812743225,2.6287500000015453e-11
1219,0.3386111111111023,409,41,1.7463034944054726e-06,0.009503179828975852,2.6337500000015494e-11
1220,0.3388888888888801,409,41,1.7461599155400986e-06,0.009502651874540911,2.6387500000015535e-11
1221,0.33916666666665785,409,41,1.7460223885576803e-06,0.009502123949436768,2.6437500000015577e-11
1222,0.3394444444444356,410,41,1.745885243183979e-06,0.009501596053661798,2.6487500000015618e-11
1223,0.3397222222222134,411,41,1.7457430277342422e-06,0.009501068187214374,2.653750000001566e-11
1224,0.33999999999999114,411,41,1.745600620082094e-06,0.009500540350092863,2.6587500000015697e-11
1225,0.3402777777777689,411,41,1.7454603474026802e-06,0.009500012542295634,2.6637500000015738e-11
1226,0.3405555555555467,411,41,1.7453239300632302e-06,0.009499484763821063,2.668750000001578e-11
1227,0.34083333333332444,411,41,1.7451883532969986e-06,0.009498957014667518,2.673750000001582e-11
1228,0.3411111111111022,411,41,1.7450466467569377e-06,0.00949842929483337,2.6787500000015862e-11
1229,0.34138888888887997,411,41,1.7449028303999797e-06,0.009497901604316992,2.6837500000015903e-11
1230,0.34166666666665774,411,41,1.744762085742175e-06,0.009497373943116751,2.6887500000015944e-11
1231,0.3419444444444355,411,41,1.7446223408167705e-06,0.009496846311231023,2.6937500000015985e-11
1232,0.34222222222221327,412,41,1.7444799167341435e-06,0.00949631870865818,2.6987500000016023e-11
1233,0.34249999999999103,412,41,1.7443306958233502e-06,0.009495791135396586,2.7037500000016064e-11
1234,0.3427777777777688,412,41,1.744190790206001e-06,0.009495263591444621,2.7087500000016106e-11
1235,0.34305555555554657,412,41,1.7440499058948605e-06,0.009494736076800648,2.7137500000016153e-11
1236,0.34333333333332433,412,41,1.7439075416844453e-06,0.009494208591463047,2.7187500000016194e-11
1237,0.3436111111111021,412,41,1.7437615282996815e-06,0.00949368113543019,2.723750000001623e-11
1238,0.34388888888887986,412,41,1.74362297553755e-06,0.009493153708700443,2.7285000000016275e-11
1239,0.34416666666665763,412,41,1.7434774404080482e-06,0.009492626311272184,2.733250000001632e-11
1240,0.3444444444444354,412,41,1.7433334385434492e-06,0.009492098943143781,2.7380000000016356e-11
1241,0.34472222222221316,412,41,1.743191533025214e-06,0.009491571604313607,2.7427500000016395e-11
1242,0.3449999999999909,412,41,1.7430475722345685e-06,0.009491044294780034,2.747500000001644e-11
1243,0.3452777777777687,412,41,1.7429055843959134e-06,0.009490517014541434,2.7522500000016483e-11
1244,0.34555555555554646,412,41,1.7427652163204216e-06,0.009489989763596184,2.756750000001653e-11
1245,0.3458333333333242,412,41,1.7426290761931805e-06,0.009489462541942651,2.761250000001657e-11
1246,0.346111111111102,412,41,1.7424861577740785e-06,0.00948893534957921,2.765750000001661e-11
1247,0.34638888888887975,412,41,1.742349019728894e-06,0.009488408186504232,2.7702500000016654e-11
1248,0.3466666666666575,412,41,1.7422053848872622e-06,0.009487881052716094,2.7747500000016695e-11
1249,0.3469444444444353,412,41,1.7420677023349301e-06,0.009487353948213166,2.779250000001674e-11
1250,0.34722222222221305,412,41,1.7419261728816284e-06,0.009486826872993822,2.783750000001678e-11
1251,0.3474999999999908,412,41,1.741781625322939e-06,0.009486299827056432,2.7880000000016823e-11
1252,0.3477777777777686,412,41,1.7416365608688727e-06,0.009485772810399374,2.792250000001686e-11
1253,0.34805555555554635,412,41,1.7414946501665858e-06,0.00948524582302102,2.796500000001691e-11
1254,0.3483333333333241,412,41,1.741356783145415e-06,0.00948471886491974,2.8007500000016954e-11
1255,0.3486111111111019,412,41,1.7412196867769653e-06,0.009484191936093914,2.8050000000016995e-11
1256,0.34888888888887964,412,41,1.7410705380321612e-06,0.009483665036541907,2.809250000001704e-11
1257,0.3491666666666574,412,41,1.740925994265452e-06,0.009483138166262098,2.813750000001708e-11
1258,0.3494444444444352,411,42,1.740782292376058e-06,0.009482611325252865,2.8182500000017127e-11
1259,0.34972222222221294,411,42,1.7406433482283586e-06,0.009482084513512573,2.8230000000017166e-11
1260,0.3499999999999907,410,43,1.740499780621247e-06,0.0094815577310396,2.8277500000017205e-11
1261,0.3502777777777685,410,43,1.740358090823951e-06,0.009481030977832318,2.8325000000017257e-11
1262,0.35055555555554624,410,43,1.7402169956711546e-06,0.009480504253889107,2.83725000000173e-11
1263,0.350833333333324,410,43,1.740077657062757e-06,0.009479977559208335,2.842000000001734e-11
1264,0.35111111111110177,410,43,1.739937115108129e-06,0.009479450893788379,2.8465000000017386e-11
1265,0.35138888888887954,410,43,1.7398011856380354e-06,0.009478924257627613,2.8510000000017432e-11
1266,0.3516666666666573,410,43,1.7396616823904525e-06,0.009478397650724413,2.8555000000017476e-11
1267,0.35194444444443507,410,43,1.7395242244504905e-06,0.00947787107307715,2.8600000000017516e-11
1268,0.35222222222221283,410,43,1.739387886093537e-06,0.009477344524684201,2.8645000000017557e-11
1269,0.3524999999999906,410,43,1.7392458598637583e-06,0.009476818005543942,2.869000000001761e-11
1270,0.35277777777776836,410,43,1.739106730203991e-06,0.009476291515654746,2.873500000001765e-11
1271,0.35305555555554613,410,43,1.7389703989381514e-06,0.009475765055014988,2.8780000000017694e-11
1272,0.3533333333333239,410,43,1.7388321435700235e-06,0.009475238623623043,2.882500000001774e-11
1273,0.35361111111110166,410,43,1.738697425083684e-06,0.009474712221477286,2.8870000000017787e-11
1274,0.3538888888888794,411,43,1.7385549837074646e-06,0.009474185848576093,2.8915000000017827e-11
1275,0.3541666666666572,411,43,1.7384123106409786e-06,0.009473659504917839,2.896000000001787e-11
1276,0.35444444444443496,411,43,1.7382739215441387e-06,0.0094731331905009,2.9005000000017918e-11
1277,0.3547222222222127,411,43,1.7381343354331954e-06,0.00947260690532365,2.9050000000017958e-11
1278,0.3549999999999905,411,43,1.7379873327343885e-06,0.009472080649384467,2.9095000000018008e-11
1279,0.35527777777776826,411,43,1.7378461356405827e-06,0.009471554422681723,2.914000000001805e-11
1280,0.355555555555546,411,43,1.737707588803591e-06,0.009471028225213797,2.9185000000018095e-11
1281,0.3558333333333238,411,43,1.737561253739234e-06,0.009470502056979064,2.923000000001814e-11
1282,0.35611111111110155,411,43,1.737416443478625e-06,0.009469975917975897,2.927500000001819e-11
1283,0.3563888888888793,411,43,1.7372751074091295e-06,0.009469449808202676,2.932000000001823e-11
1284,0.3566666666666571,412,43,1.7371312718806636e-06,0.009468923727657778,2.936500000001827e-11
1285,0.35694444444443485,412,43,1.7369927012195426e-06,0.009468397676339573,2.941000000001832e-11
1286,0.3572222222222126,412,43,1.7368594172565484e-06,0.009467871654246446,2.945500000001836e-11
1287,0.3574999999999904,412,43,1.7367192434277646e-06,0.009467345661376764,2.9500000000018406e-11
1288,0.35777777777776815,412,43,1.736577955101405e-06,0.00946681969772891,2.9545000000018456e-11
1289,0.3580555555555459,412,43,1.736430669987603e-06,0.009466293763301258,2.9592500000018495e-11
1290,0.3583333333333237,411,44,1.736291438528718e-06,0.009465767858092188,2.964250000001855e-11
1291,0.35861111111110144,410,45,1.7361436604720809e-06,0.00946524198210007,2.969250000001859e-11
1292,0.3588888888888792,410,45,1.736004568676344e-06,0.009464716135323287,2.974500000001864e-11
1293,0.359166666666657,409,46,1.7358604098987945e-06,0.009464190317760213,2.9797500000018684e-11
1294,0.35944444444443474,409,46,1.7357163790299828e-06,0.009463664529409228,2.985000000001873e-11
1295,0.3597222222222125,409,46,1.7355746858028292e-06,0.009463138770268706,2.990250000001877e-11
1296,0.35999999999999027,410,46,1.7354343628982743e-06,0.009462613040337025,2.995500000001882e-11
1297,0.36027777777776804,410,46,1.7352877732987277e-06,0.009462087339612561,3.000750000001886e-11
1298,0.3605555555555458,410,46,1.735143285241884e-06,0.009461561668093695,3.006000000001891e-11
1299,0.36083333333332357,410,46,1.7349948197218964e-06,0.009461036025778802,3.011250000001896e-11
1300,0.36111111111110133,410,46,1.7348490729489852e-06,0.009460510412666259,3.0165000000019e-11
1301,0.3613888888888791,410,46,1.7347060818243196e-06,0.009459984828754443,3.021750000001905e-11
1302,0.36166666666665687,410,46,1.7345606706655768e-06,0.009459459274041737,3.02700000000191e-11
1303,0.36194444444443463,410,46,1.7344195278279735e-06,0.009458933748526513,3.032250000001914e-11
1304,0.3622222222222124,411,46,1.7342813072418714e-06,0.00945840825220715,3.037500000001919e-11
1305,0.36249999999999016,411,46,1.7341385267132463e-06,0.009457882785082026,3.0427500000019235e-11
1306,0.36277777777776793,411,46,1.7340008971329874e-06,0.009457357347149522,3.0480000000019285e-11
1307,0.3630555555555457,411,46,1.733854586071613e-06,0.009456831938408015,3.0532500000019334e-11
1308,0.36333333333332346,411,46,1.7337126587097018e-06,0.009456306558855881,3.058750000001937e-11
1309,0.3636111111111012,410,47,1.7335720143617349e-06,0.009455781208491502,3.0642500000019425e-11
1310,0.363888888888879,410,47,1.733432789165516e-06,0.009455255887313253,3.069750000001947e-11
1311,0.36416666666665676,410,47,1.7332923987856268e-06,0.009454730595319512,3.075250000001952e-11
1312,0.3644444444444345,410,47,1.7331547234770021e-06,0.009454205332508661,3.081000000001957e-11
1313,0.3647222222222123,409,48,1.7330144537399193e-06,0.009453680098879078,3.086750000001961e-11
1314,0.36499999999999005,409,48,1.7328798014456838e-06,0.009453154894429142,3.0925000000019664e-11
1315,0.3652777777777678,409,48,1.7327388883125193e-06,0.00945262971915723,3.0982500000019705e-11
1316,0.3655555555555456,409,48,1.7325988375398823e-06,0.00945210457306172,3.1040000000019746e-11
1317,0.36583333333332335,409,48,1.7324606113374036e-06,0.009451579456140993,3.1097500000019806e-11
1318,0.3661111111111011,409,48,1.732329204831916e-06,0.00945105436839343,3.1155000000019854e-11
1319,0.3663888888888789,409,48,1.7321996949650052e-06,0.009450529309817409,3.12125000000199e-11
1320,0.36666666666665665,409,48,1.732064889216163e-06,0.009450004280411308,3.127000000001995e-11
1321,0.3669444444444344,409,48,1.7319296262900565e-06,0.00944947928017351,3.1327500000019996e-11
1322,0.3672222222222122,409,48,1.7317949555629666e-06,0.00944895430910239,3.138500000002004e-11
1323,0.36749999999998995,409,48,1.7316520773477682e-06,0.009448429367196327,3.1445000000020086e-11
1324,0.3677777777777677,408,49,1.7315076590317688e-06,0.009447904454453706,3.150500000002014e-11
1325,0.3680555555555455,408,49,1.7313713171359688e-06,0.009447379570872905,3.156500000002019e-11
1326,0.36833333333332324,408,49,1.7312327284281885e-06,0.0094468547164523,3.162500000002024e-11
1327,0.368611111111101,408,49,1.7310910954543415e-06,0.009446329891190276,3.1687500000020286e-11
1328,0.3688888888888788,407,50,1.7309501318205577e-06,0.009445805095085209,3.175000000002034e-11
1329,0.36916666666665654,407,50,1.7308089182094536e-06,0.009445280328135481,3.181250000002038e-11
1330,0.3694444444444343,407,50,1.7306607276750867e-06,0.009444755590339476,3.187250000002044e-11
1331,0.36972222222221207,407,50,1.7305126698731045e-06,0.009444230881695569,3.193500000002048e-11
1332,0.36999999999998984,406,51,1.7303758432346283e-06,0.00944370620220214,3.199750000002053e-11
1333,0.3702777777777676,406,51,1.7302368083691542e-06,0.009443181551857575,3.206000000002058e-11
1334,0.37055555555554537,406,51,1.730096040376533e-06,0.009442656930660251,3.212250000002063e-11
1335,0.37083333333332313,406,51,1.729947418488059e-06,0.009442132338608548,3.2185000000020676e-11
1336,0.3711111111111009,406,51,1.7298092492511587e-06,0.009441607775700847,3.224750000002073e-11
1337,0.37138888888887867,407,51,1.7296686939497943e-06,0.00944108324193553,3.231000000002078e-11
1338,0.37166666666665643,407,51,1.7295247899265631e-06,0.009440558737310978,3.237250000002083e-11
1339,0.3719444444444342,407,51,1.7293788468738083e-06,0.009440034261825572,3.2435000000020876e-11
1340,0.37222222222221196,407,51,1.7292328519992032e-06,0.009439509815477693,3.249750000002093e-11
1341,0.37249999999998973,407,51,1.7290866888582268e-06,0.009438985398265723,3.256000000002097e-11
1342,0.3727777777777675,407,51,1.728948463431907e-06,0.009438461010188042,3.262250000002103e-11
1343,0.37305555555554526,407,51,1.7288040056673513e-06,0.009437936651243033,3.2685000000021075e-11
1344,0.373333333333323,407,51,1.728665579348113e-06,0.009437412321429074,3.2747500000021127e-11
1345,0.3736111111111008,407,51,1.7285211853315337e-06,0.009436888020744551,3.2807500000021176e-11
1346,0.37388888888887856,407,51,1.7283807986213783e-06,0.009436363749187842,3.286750000002122e-11
1347,0.3741666666666563,407,51,1.7282422228876015e-06,0.009435839506757332,3.2927500000021275e-11
1348,0.3744444444444341,407,51,1.72810292626824e-06,0.009435315293451403,3.298750000002133e-11
1349,0.37472222222221185,407,51,1.7279643383819988e-06,0.009434791109268434,3.304750000002138e-11
1350,0.3749999999999896,407,51,1.7278280293812145e-06,0.00943426695420681,3.310750000002142e-11
1351,0.3752777777777674,407,51,1.7276892595405456e-06,0.009433742828264908,3.316750000002148e-11
1352,0.37555555555554515,407,51,1.7275517266796544e-06,0.009433218731441118,3.322750000002153e-11
1353,0.3758333333333229,407,51,1.7274131910529146e-06,0.009432694663733813,3.328750000002158e-11
1354,0.3761111111111007,407,51,1.7272683716331043e-06,0.009432170625141385,3.3347500000021634e-11
1355,0.37638888888887845,407,51,1.727132987819921e-06,0.00943164661566221,3.3407500000021677e-11
1356,0.3766666666666562,407,51,1.7269910088931712e-06,0.009431122635294673,3.346750000002174e-11
1357,0.376944444444434,407,51,1.7268511992157952e-06,0.009430598684037157,3.352750000002178e-11
1358,0.37722222222221174,407,51,1.7267039527018514e-06,0.009430074761888044,3.358750000002184e-11
1359,0.3774999999999895,407,51,1.7265700350023378e-06,0.009429550868845718,3.364750000002189e-11
1360,0.3777777777777673,407,51,1.7264282485468374e-06,0.00942902700490856,3.3707500000021937e-11
1361,0.37805555555554504,407,51,1.726287952579338e-06,0.009428503170074952,3.3767500000021986e-11
1362,0.3783333333333228,407,51,1.7261472513828823e-06,0.009427979364343284,3.382750000002204e-11
1363,0.3786111111111006,407,51,1.7260086101964674e-06,0.009427455587711932,3.388750000002209e-11
1364,0.37888888888887834,407,51,1.725866918996616e-06,0.009426931840179282,3.394750000002214e-11
1365,0.3791666666666561,407,51,1.7257267136130294e-06,0.009426408121743717,3.40075000000222e-11
1366,0.37944444444443387,408,51,1.7255849015709493e-06,0.009425884432403619,3.4067500000022246e-11
1367,0.37972222222221164,408,51,1.725435725286079e-06,0.009425360772157375,3.41300000000223e-11
1368,0.3799999999999894,407,52,1.7252878215815004e-06,0.009424837141003367,3.419250000002235e-11
1369,0.38027777777776717,407,52,1.7251454424672775e-06,0.009424313538939976,3.425500000002241e-11
1370,0.38055555555554493,407,52,1.725005431312316e-06,0.009423789965965592,3.431750000002246e-11
1371,0.3808333333333227,407,52,1.7248615607133782e-06,0.009423266422078594,3.438000000002251e-11
1372,0.38111111111110046,408,52,1.7247157214786966e-06,0.009422742907277367,3.444250000002256e-11
1373,0.38138888888887823,408,52,1.7245714464383325e-06,0.009422219421560296,3.450500000002262e-11
1374,0.381666666666656,408,52,1.7244331193011043e-06,0.009421695964925767,3.4567500000022665e-11
1375,0.38194444444443376,408,52,1.7243002745793933e-06,0.009421172537372161,3.4630000000022716e-11
1376,0.3822222222222115,408,52,1.7241655357350435e-06,0.009420649138897862,3.4692500000022774e-11
1377,0.3824999999999893,408,52,1.7240325916798423e-06,0.009420125769501258,3.475500000002283e-11
1378,0.38277777777776706,408,52,1.7239016101521689e-06,0.009419602429180728,3.4817500000022883e-11
1379,0.3830555555555448,408,52,1.7237636039410683e-06,0.009419079117934664,3.488000000002294e-11
1380,0.3833333333333226,408,52,1.7236263323574175e-06,0.009418555835761445,3.494250000002299e-11
1381,0.38361111111110036,408,52,1.7234910730276283e-06,0.00941803258265946,3.500500000002305e-11
1382,0.3838888888888781,408,52,1.7233530105352286e-06,0.009417509358627089,3.50675000000231e-11
1383,0.3841666666666559,408,52,1.7232154454644954e-06,0.009416986163662721,3.513000000002315e-11
1384,0.38444444444443365,408,52,1.7230740153075265e-06,0.009416462997764741,3.5192500000023205e-11
1385,0.3847222222222114,408,52,1.722933913880231e-06,0.00941593986093153,3.5255000000023257e-11
1386,0.3849999999999892,408,52,1.722792552932146e-06,0.009415416753161479,3.5317500000023315e-11
1387,0.38527777777776695,408,52,1.7226505639950814e-06,0.009414893674452971,3.538250000002337e-11
1388,0.3855555555555447,407,53,1.7225098488651253e-06,0.00941437062480439,3.544750000002343e-11
1389,0.3858333333333225,408,53,1.7223757963049802e-06,0.009413847604214124,3.551250000002348e-11
1390,0.38611111111110025,408,53,1.722238970072682e-06,0.009413324612680556,3.557750000002353e-11
1391,0.386388888888878,408,53,1.7221064501042466e-06,0.009412801650202076,3.564250000002359e-11
1392,0.3866666666666558,408,53,1.7219721321242245e-06,0.009412278716777064,3.570750000002364e-11
1393,0.38694444444443354,408,53,1.7218356956054517e-06,0.00941175581240391,3.5772500000023696e-11
1394,0.3872222222222113,409,53,1.7216984036879754e-06,0.009411232937080998,3.583750000002375e-11
1395,0.3874999999999891,409,53,1.721561786837835e-06,0.009410710090806716,3.59025000000238e-11
1396,0.38777777777776684,409,53,1.72142303368245e-06,0.00941018727357945,3.596750000002386e-11
1397,0.3880555555555446,409,53,1.7212866998933378e-06,0.009409664485397587,3.603250000002391e-11
1398,0.3883333333333224,409,53,1.7211454589897034e-06,0.009409141726259507,3.609750000002397e-11
1399,0.38861111111110014,409,53,1.7210076013740147e-06,0.009408618996163605,3.6162500000024024e-11
1400,0.3888888888888779,409,53,1.72087544279277e-06,0.009408096295108262,3.6230000000024086e-11
1401,0.38916666666665567,408,54,1.7207430563561797e-06,0.009407573623091869,3.6297500000024135e-11
1402,0.38944444444443344,408,54,1.7206134768353368e-06,0.00940705098011281,3.63650000000242e-11
1403,0.3897222222222112,408,54,1.7204732958706746e-06,0.009406528366169467,3.6432500000024246e-11
1404,0.38999999999998897,409,54,1.7203310412977057e-06,0.009406005781260237,3.65000000000243e-11
1405,0.39027777777776673,409,54,1.7201851409681313e-06,0.0094054832253835,3.6567500000024364e-11
1406,0.3905555555555445,409,54,1.7200433378950593e-06,0.009404960698537647,3.663500000002441e-11
1407,0.39083333333332226,409,54,1.7199063578296174e-06,0.009404438200721062,3.670250000002447e-11
1408,0.39111111111110003,409,54,1.7197642835918388e-06,0.009403915731932133,3.6770000000024524e-11
1409,0.3913888888888778,409,54,1.7196211188393874e-06,0.00940339329216925,3.684000000002458e-11
1410,0.39166666666665556,408,55,1.7194824017085827e-06,0.009402870881430794,3.691000000002464e-11
1411,0.3919444444444333,408,55,1.7193375978788245e-06,0.00940234849971516,3.6980000000024703e-11
1412,0.3922222222222111,408,55,1.719200829830305e-06,0.00940182614702073,3.7050000000024755e-11
1413,0.39249999999998886,408,55,1.7190620003040848e-06,0.009401303823345898,3.712000000002481e-11
1414,0.3927777777777666,408,55,1.7189227195152617e-06,0.009400781528689046,3.7190000000024864e-11
1415,0.3930555555555444,408,55,1.7187783127086916e-06,0.009400259263048561,3.726000000002493e-11
1416,0.39333333333332215,408,55,1.7186395002345666e-06,0.009399737026422838,3.7330000000024985e-11
1417,0.3936111111110999,408,55,1.718500259554254e-06,0.009399214818810259,3.740000000002504e-11
1418,0.3938888888888777,408,55,1.71836429198409e-06,0.009398692640209216,3.7470000000025094e-11
1419,0.39416666666665545,408,55,1.7182243494608819e-06,0.009398170490618089,3.754000000002515e-11
1420,0.3944444444444332,408,55,1.7180816975239328e-06,0.009397648370035282,3.7607500000025214e-11
1421,0.394722222222211,408,55,1.7179458743003493e-06,0.00939712627845917,3.767500000002526e-11
1422,0.39499999999998875,408,55,1.7178052506165429e-06,0.009396604215888142,3.774000000002532e-11
1423,0.3952777777777665,408,55,1.7176708897847195e-06,0.009396082182320593,3.780500000002538e-11
1424,0.3955555555555443,408,55,1.717529865394829e-06,0.009395560177754909,3.787250000002543e-11
1425,0.39583333333332205,407,56,1.717391328893591e-06,0.009395038202189477,3.79400000000255e-11
1426,0.3961111111110998,407,56,1.7172501057838661e-06,0.009394516255622688,3.800750000002556e-11
1427,0.3963888888888776,407,56,1.7171040756222957e-06,0.009393994338052934,3.807500000002561e-11
1428,0.39666666666665534,407,56,1.7169682736881874e-06,0.009393472449478598,3.814250000002568e-11
1429,0.3969444444444331,407,56,1.7168220194496036e-06,0.009392950589898072,3.821000000002573e-11
1430,0.3972222222222109,407,56,1.7166803560111e-06,0.009392428759309745,3.827750000002579e-11
1431,0.39749999999998864,407,56,1.7165429457987856e-06,0.009391906957712004,3.8345000000025854e-11
1432,0.3977777777777664,407,56,1.7163979644287696e-06,0.009391385185103246,3.841250000002591e-11
1433,0.39805555555554417,407,56,1.7162535200429805e-06,0.009390863441481849,3.8480000000025965e-11
1434,0.39833333333332194,407,56,1.7161120582489579e-06,0.009390341726846212,3.854750000002603e-11
1435,0.3986111111110997,407,56,1.715979658307614e-06,0.009389820041194718,3.861500000002608e-11
1436,0.39888888888887747,407,56,1.7158406365320781e-06,0.009389298384525766,3.868250000002614e-11
1437,0.39916666666665523,407,56,1.7157043533259035e-06,0.009388776756837736,3.87500000000262e-11
1438,0.399444444444433,407,56,1.715568630836195e-06,0.009388255158129024,3.881750000002626e-11
1439,0.39972222222221077,407,56,1.7154387159414668e-06,0.009387733588398017,3.888500000002632e-11
1440,0.39999999999998853,407,56,1.7153044831378362e-06,0.009387212047643107,3.8952500000026386e-11
1441,0.4002777777777663,408,56,1.715167921467035e-06,0.00938669053586268,3.902000000002644e-11
1442,0.40055555555554406,408,56,1.7150300351515366e-06,0.009386169053055135,3.90875000000265e-11
1443,0.40083333333332183,408,56,1.7148926271330508e-06,0.009385647599218854,3.9155000000026566e-11
1444,0.4011111111110996,408,56,1.7147489837544279e-06,0.009385126174352231,3.922250000002662e-11
1445,0.40138888888887736,408,56,1.714613737051712e-06,0.009384604778453655,3.928750000002668e-11
1446,0.4016666666666551,408,56,1.714473522373433e-06,0.009384083411521518,3.935250000002674e-11
1447,0.4019444444444329,408,56,1.7143294648463195e-06,0.009383562073554213,3.941750000002681e-11
1448,0.40222222222221066,408,56,1.7141948634732254e-06,0.009383040764550127,3.948250000002687e-11
1449,0.4024999999999884,408,57,1.714057588267208e-06,0.009382519484507653,3.954750000002693e-11
1450,0.4027777777777662,408,57,1.7139161499276589e-06,0.009381998233425181,3.961250000002698e-11
1451,0.40305555555554395,408,57,1.7137826203551923e-06,0.009381477011301102,3.9677500000027055e-11
1452,0.4033333333333217,408,57,1.7136458415842735e-06,0.009380955818133805,3.974250000002711e-11
1453,0.4036111111110995,408,57,1.7135082044737183e-06,0.009380434653921688,3.980750000002717e-11
1454,0.40388888888887725,408,57,1.713370593616445e-06,0.009379913518663137,3.987000000002724e-11
1455,0.404166666666655,409,57,1.7132265247986996e-06,0.009379392412356547,3.99325000000273e-11
1456,0.4044444444444328,409,57,1.7130893774308167e-06,0.009378871335000306,3.9995000000027355e-11
1457,0.40472222222221055,409,57,1.7129496391907102e-06,0.009378350286592802,4.005750000002741e-11
1458,0.4049999999999883,409,57,1.7128153325897586e-06,0.009377829267132437,4.012000000002747e-11
1459,0.4052777777777661,409,57,1.7126859219425145e-06,0.0093773082766176,4.018250000002754e-11
1460,0.40555555555554385,409,57,1.712552213040633e-06,0.009376787315046677,4.0245000000027606e-11
1461,0.4058333333333216,409,57,1.7124162365666864e-06,0.009376266382418062,4.0307500000027664e-11
1462,0.4061111111110994,409,57,1.7122846251867736e-06,0.00937574547873015,4.037250000002773e-11
1463,0.40638888888887714,408,58,1.712149818253748e-06,0.009375224603981332,4.0437500000027784e-11
1464,0.4066666666666549,408,58,1.7120194757201028e-06,0.00937470375817,4.050250000002786e-11
1465,0.4069444444444327,408,58,1.7118835935546858e-06,0.009374182941294546,4.056750000002791e-11
1466,0.40722222222221044,408,58,1.7117492796981267e-06,0.009373662153353364,4.063250000002797e-11
1467,0.4074999999999882,409,58,1.7116083297060082e-06,0.009373141394344843,4.069750000002804e-11
1468,0.40777777777776597,409,58,1.7114765982365935e-06,0.009372620664267382,4.07625000000281e-11
1469,0.40805555555554374,409,58,1.7113292537033789e-06,0.009372099963119367,4.0827500000028164e-11
1470,0.4083333333333215,409,58,1.7111818076221827e-06,0.009371579290899193,4.0892500000028224e-11
1471,0.40861111111109927,409,58,1.7110402455423855e-06,0.009371058647605257,4.095750000002829e-11
1472,0.40888888888887703,409,58,1.7109021564370004e-06,0.009370538033235945,4.1022500000028344e-11
1473,0.4091666666666548,409,58,1.7107621708957837e-06,0.009370017447789652,4.108750000002841e-11
1474,0.40944444444443256,409,58,1.7106255337641867e-06,0.009369496891264777,4.1152500000028477e-11
1475,0.40972222222221033,409,58,1.7104891614516574e-06,0.009368976363659708,4.122000000002853e-11
1476,0.4099999999999881,408,59,1.7103531970631098e-06,0.00936845586497284,4.12875000000286e-11
1477,0.41027777777776586,408,59,1.7102136011492265e-06,0.00936793539520256,4.135500000002867e-11
1478,0.4105555555555436,410,59,1.7100780858277303e-06,0.009367414954347272,4.142250000002873e-11
1479,0.4108333333333214,410,59,1.7099427913074637e-06,0.009366894542405364,4.1490000000028793e-11
1480,0.41111111111109916,411,59,1.7098088765828092e-06,0.00936637415937523,4.156250000002886e-11
1481,0.4113888888888769,410,61,1.7096693108855043e-06,0.009365853805255267,4.163500000002892e-11
1482,0.4116666666666547,410,61,1.7095384048140983e-06,0.009365333480043862,4.1707500000028985e-11
1483,0.41194444444443246,410,61,1.7094024107056085e-06,0.009364813183739414,4.1780000000029045e-11
1484,0.4122222222222102,411,61,1.709264105726134e-06,0.009364292916340321,4.185250000002912e-11
1485,0.412499999999988,411,61,1.709127280280752e-06,0.009363772677844969,4.192500000002918e-11
1486,0.41277777777776575,411,61,1.708985179030247e-06,0.009363252468251756,4.1997500000029244e-11
1487,0.4130555555555435,411,61,1.7088387075408519e-06,0.009362732287559074,4.206750000002931e-11
1488,0.4133333333333213,411,61,1.7086994836028678e-06,0.009362212135765323,4.213750000002938e-11
1489,0.41361111111109905,411,61,1.7085617469197005e-06,0.00936169201286889,4.2207500000029436e-11
1490,0.4138888888888768,411,61,1.708418190484931e-06,0.009361171918868177,4.22775000000295e-11
1491,0.4141666666666546,412,61,1.708273220274506e-06,0.009360651853761575,4.2350000000029566e-11
1492,0.41444444444443235,411,62,1.7081301556447937e-06,0.009360131817547477,4.242250000002963e-11
1493,0.4147222222222101,412,62,1.707987863285822e-06,0.009359611810224279,4.249500000002969e-11
1494,0.4149999999999879,412,62,1.7078532888703322e-06,0.009359091831790378,4.256750000002977e-11
1495,0.41527777777776564,412,62,1.7077044026646331e-06,0.009358571882244168,4.2640000000029825e-11
1496,0.4155555555555434,413,62,1.7075644557307642e-06,0.009358051961584042,4.27125000000299e-11
1497,0.4158333333333212,413,62,1.7074210047640734e-06,0.009357532069808399,4.278750000002996e-11
1498,0.41611111111109894,412,63,1.7072819559310923e-06,0.009357012206915634,4.286250000003002e-11
1499,0.4163888888888767,412,63,1.7071477382381754e-06,0.009356492372904137,4.2937500000030096e-11
1500,0.4166666666666545,412,63,1.7070148775001543e-06,0.00935597256777231,4.301250000003016e-11
1501,0.41694444444443224,412,63,1.70688089232549e-06,0.009355452791518545,4.308500000003022e-11
1502,0.41722222222221,412,63,1.7067423253719904e-06,0.00935493304414124,4.315750000003028e-11
1503,0.41749999999998777,412,63,1.7066045262189682e-06,0.009354413325638786,4.3230000000030356e-11
1504,0.41777777777776554,412,63,1.7064618655545763e-06,0.009353893636009587,4.3302500000030416e-11
1505,0.4180555555555433,412,63,1.706317446319721e-06,0.009353373975252028,4.337500000003048e-11
1506,0.41833333333332107,412,63,1.7061752205230595e-06,0.009352854343364515,4.344750000003055e-11
1507,0.41861111111109883,412,63,1.7060336793174247e-06,0.009352334740345438,4.352000000003062e-11
1508,0.4188888888888766,412,63,1.7058973077482112e-06,0.0093518151661932,4.359250000003068e-11
1509,0.41916666666665436,412,63,1.7057580751215457e-06,0.009351295620906188,4.366250000003076e-11
1510,0.41944444444443213,412,63,1.7056115319043386e-06,0.009350776104482804,4.3732500000030815e-11
1511,0.4197222222222099,412,63,1.7054755511888144e-06,0.009350256616921444,4.3802500000030886e-11
1512,0.41999999999998766,412,63,1.705335282648212e-06,0.009349737158220505,4.387250000003095e-11
1513,0.4202777777777654,412,63,1.7051890198586674e-06,0.009349217728378382,4.3942500000031014e-11
1514,0.4205555555555432,412,63,1.7050500315148462e-06,0.009348698327393472,4.4012500000031084e-11
1515,0.42083333333332096,412,63,1.704911329768551e-06,0.009348178955264174,4.4082500000031155e-11
1516,0.4211111111110987,412,63,1.7047683330061583e-06,0.009347659611988881,4.415250000003122e-11
1517,0.4213888888888765,412,63,1.704636380490064e-06,0.009347140297565993,4.422250000003129e-11
1518,0.42166666666665426,412,63,1.7044989239895021e-06,0.009346621011993907,4.429000000003135e-11
1519,0.421944444444432,413,63,1.7043540039255292e-06,0.009346101755271017,4.435750000003143e-11
1520,0.4222222222222098,414,63,1.704205578107006e-06,0.009345582527395724,4.4425000000031495e-11
1521,0.42249999999998755,414,63,1.704059555946148e-06,0.009345063328366427,4.449500000003156e-11
1522,0.4227777777777653,413,64,1.7039189972773674e-06,0.009344544158181518,4.4565000000031636e-11
1523,0.4230555555555431,413,64,1.7037779355679663e-06,0.009344025016839399,4.4635000000031694e-11
1524,0.42333333333332085,413,64,1.7036366605623747e-06,0.009343505904338462,4.4705000000031765e-11
1525,0.4236111111110986,413,64,1.703489807103963e-06,0.009342986820677109,4.4775000000031835e-11
1526,0.4238888888888764,413,64,1.7033568808749524e-06,0.00934246776585374,4.4845000000031906e-11
1527,0.42416666666665415,413,64,1.7032130586458683e-06,0.009341948739866749,4.491500000003197e-11
1528,0.4244444444444319,413,64,1.7030664358627697e-06,0.009341429742714532,4.498500000003205e-11
1529,0.4247222222222097,414,64,1.7029244111807943e-06,0.009340910774395493,4.505500000003211e-11
1530,0.42499999999998744,415,64,1.7027831350887764e-06,0.009340391834908028,4.512500000003218e-11
1531,0.4252777777777652,415,64,1.7026400773364034e-06,0.009339872924250535,4.5195000000032246e-11
1532,0.425555555555543,415,64,1.7024998224165096e-06,0.009339354042421408,4.5265000000032316e-11
1533,0.42583333333332074,415,64,1.7023581093025189e-06,0.009338835189419052,4.533500000003239e-11
1534,0.4261111111110985,415,64,1.70221224885164e-06,0.009338316365241864,4.540500000003246e-11
1535,0.42638888888887627,415,64,1.7020589914023256e-06,0.009337797569888237,4.547500000003252e-11
1536,0.42666666666665404,415,64,1.7019104345677146e-06,0.00933727880335658,4.554500000003259e-11
1537,0.4269444444444318,415,64,1.7017693955214945e-06,0.009336760065645279,4.561500000003266e-11
1538,0.42722222222220957,415,64,1.701629519759365e-06,0.009336241356752747,4.568500000003274e-11
1539,0.42749999999998733,415,64,1.7014860825676413e-06,0.00933572267667737,4.5755000000032804e-11
1540,0.4277777777777651,415,64,1.701340855883926e-06,0.009335204025417555,4.5825000000032875e-11
1541,0.42805555555554287,415,64,1.7012035073817444e-06,0.0093346854029717,4.589750000003294e-11
1542,0.42833333333332063,414,65,1.7010531908276758e-06,0.009334166809338202,4.5970000000033014e-11
1543,0.4286111111110984,414,65,1.7009046992576233e-06,0.009333648244515462,4.6042500000033086e-11
1544,0.42888888888887616,414,65,1.7007644832594419e-06,0.009333129708501878,4.611750000003316e-11
1545,0.42916666666665393,413,66,1.7006203461626686e-06,0.00933261120129585,4.619250000003323e-11
1546,0.4294444444444317,413,66,1.7004775346154705e-06,0.009332092722895776,4.626750000003331e-11
1547,0.42972222222220946,413,66,1.7003330593060135e-06,0.009331574273300064,4.634250000003337e-11
1548,0.4299999999999872,413,66,1.7001908621551745e-06,0.0093310558525071,4.6417500000033434e-11
1549,0.430277777777765,413,66,1.7000392389446925e-06,0.009330537460515294,4.6492500000033515e-11
1550,0.43055555555554276,413,66,1.699890908790265e-06,0.009330019097323044,4.6567500000033583e-11
1551,0.4308333333333205,413,66,1.699742992682738e-06,0.009329500762928749,4.6640000000033656e-11
1552,0.4311111111110983,414,66,1.6996026416190728e-06,0.00932898245733081,4.6712500000033735e-11
1553,0.43138888888887605,414,66,1.6994605820866628e-06,0.009328464180527626,4.67825000000338e-11
1554,0.4316666666666538,414,66,1.6993170931390587e-06,0.009327945932517595,4.685250000003387e-11
1555,0.4319444444444316,414,66,1.6991706992376e-06,0.009327427713299122,4.692250000003394e-11
1556,0.43222222222220935,414,66,1.6990305143646707e-06,0.009326909522870604,4.699250000003401e-11
1557,0.4324999999999871,414,66,1.6988861273022261e-06,0.009326391361230446,4.706250000003409e-11
1558,0.4327777777777649,414,66,1.6987425853257593e-06,0.009325873228377045,4.713000000003417e-11
1559,0.43305555555554265,414,66,1.6985996430781392e-06,0.009325355124308802,4.719750000003423e-11
1560,0.4333333333333204,415,66,1.6984478523877762e-06,0.009324837049024115,4.72675000000343e-11
1561,0.4336111111110982,414,67,1.6983063225764247e-06,0.009324319002521396,4.733750000003437e-11
1562,0.43388888888887595,415,67,1.6981606872699264e-06,0.00932380098479903,4.740500000003445e-11
1563,0.4341666666666537,415,67,1.6980207436772105e-06,0.009323282995855432,4.747250000003452e-11
1564,0.4344444444444315,415,67,1.6978761693843515e-06,0.009322765035688999,4.754000000003459e-11
1565,0.43472222222220924,415,67,1.697727712956271e-06,0.009322247104298126,4.760500000003467e-11
1566,0.434999999999987,415,67,1.6975859983154648e-06,0.009321729201681221,4.7670000000034743e-11
1567,0.4352777777777648,415,67,1.697444937684882e-06,0.009321211327836683,4.773500000003481e-11
1568,0.43555555555554254,415,67,1.6973032064701126e-06,0.009320693482762916,4.780000000003489e-11
1569,0.4358333333333203,415,67,1.6971603183613276e-06,0.009320175666458319,4.786500000003497e-11
1570,0.43611111111109807,415,67,1.6970197021528e-06,0.009319657878921292,4.7930000000035035e-11
1571,0.43638888888887584,415,67,1.6968795784966093e-06,0.009319140120150242,4.7995000000035115e-11
1572,0.4366666666666536,415,67,1.6967347438458e-06,0.009318622390143565,4.806000000003518e-11
1573,0.43694444444443137,415,67,1.6965913677541426e-06,0.00931810468889967,4.812500000003526e-11
1574,0.43722222222220913,416,67,1.6964457800645655e-06,0.009317587016416953,4.8190000000035333e-11
1575,0.4374999999999869,416,67,1.6963045497622626e-06,0.00931706937269382,4.825500000003541e-11
1576,0.43777777777776467,416,67,1.6961637310623372e-06,0.009316551757728669,4.832000000003549e-11
1577,0.43805555555554243,417,67,1.6960125165945202e-06,0.009316034171519908,4.838500000003556e-11
1578,0.4383333333333202,418,67,1.6958741551573828e-06,0.009315516614065936,4.845000000003564e-11
1579,0.43861111111109796,418,67,1.6957346272830298e-06,0.009314999085365155,4.8515000000035704e-11
1580,0.43888888888887573,419,67,1.6955922503433645e-06,0.009314481585415969,4.858000000003577e-11
1581,0.4391666666666535,420,67,1.6954495091879545e-06,0.00931396411421678,4.864500000003585e-11
1582,0.43944444444443126,420,67,1.6953067006481357e-06,0.009313446671765986,4.871000000003593e-11
1583,0.439722222222209,420,67,1.6951626282023304e-06,0.009312929258062002,4.877500000003601e-11
1584,0.4399999999999868,421,67,1.6950215464898763e-06,0.009312411873103223,4.884000000003608e-11
1585,0.44027777777776456,421,67,1.6948777520711476e-06,0.009311894516888049,4.8905000000036155e-11
1586,0.4405555555555423,421,67,1.6947343857390072e-06,0.009311377189414887,4.897000000003623e-11
1587,0.4408333333333201,422,67,1.6945904489739394e-06,0.009310859890682144,4.903500000003631e-11
1588,0.44111111111109785,422,67,1.6944464734627232e-06,0.009310342620688217,4.9100000000036387e-11
1589,0.4413888888888756,422,67,1.6943058637569203e-06,0.009309825379431515,4.9167500000036455e-11
1590,0.4416666666666534,421,68,1.6941608180981893e-06,0.009309308166910434,4.923500000003653e-11
1591,0.44194444444443115,421,68,1.6940154200635396e-06,0.009308790983123382,4.9302500000036605e-11
1592,0.4422222222222089,421,68,1.6938700904175382e-06,0.009308273828068765,4.937000000003668e-11
1593,0.4424999999999867,421,68,1.6937211563781615e-06,0.009307756701744985,4.943750000003676e-11
1594,0.44277777777776445,422,68,1.693575454419223e-06,0.009307239604150443,4.9505000000036837e-11
1595,0.4430555555555422,422,68,1.6934262926487847e-06,0.009306722535283547,4.957250000003691e-11
1596,0.44333333333332,423,68,1.6932802425921229e-06,0.009306205495142697,4.9640000000036974e-11
1597,0.44361111111109774,424,68,1.6931341440125275e-06,0.009305688483726302,4.970750000003706e-11
1598,0.4438888888888755,424,68,1.6929910707761314e-06,0.009305171501032763,4.977750000003714e-11
1599,0.4441666666666533,423,69,1.6928411450328585e-06,0.009304654547060481,4.9850000000037224e-11
1600,0.44444444444443104,422,70,1.6926949141798671e-06,0.009304137621807868,4.992250000003729e-11
1601,0.4447222222222088,422,70,1.692550159246739e-06,0.009303620725273323,4.999500000003736e-11
1602,0.4449999999999866,423,70,1.6924011957218655e-06,0.009303103857455253,5.0067500000037436e-11
1603,0.44527777777776434,423,70,1.6922557736665673e-06,0.00930258701835206,5.014000000003752e-11
1604,0.4455555555555421,423,70,1.6921069081476069e-06,0.009302070207962152,5.0212500000037594e-11
1605,0.44583333333331987,423,70,1.691963512565594e-06,0.009301553426283932,5.028500000003767e-11
1606,0.44611111111109764,423,70,1.6918189724618564e-06,0.009301036673315808,5.0357500000037746e-11
1607,0.4463888888888754,423,70,1.6916743099439277e-06,0.009300519949056178,5.043000000003782e-11
1608,0.44666666666665317,423,70,1.6915325802853678e-06,0.009300003253503454,5.0502500000037904e-11
1609,0.44694444444443093,423,70,1.6913937686229862e-06,0.009299486586656037,5.0575000000037976e-11
1610,0.4472222222222087,423,70,1.6912478547232448e-06,0.009298969948512332,5.064750000003806e-11
1611,0.44749999999998646,423,70,1.6910997415849686e-06,0.00929845333907075,5.0720000000038135e-11
1612,0.44777777777776423,423,70,1.690955786964513e-06,0.009297936758329689,5.0792500000038214e-11
1613,0.448055555555542,423,70,1.6908058583342306e-06,0.00929742020628756,5.086500000003829e-11
1614,0.44833333333331976,423,70,1.6906532898140936e-06,0.009296903682942769,5.093750000003837e-11
1615,0.4486111111110975,423,70,1.6905106369556499e-06,0.009296387188293714,5.1010000000038445e-11
1616,0.4488888888888753,423,70,1.6903652686292785e-06,0.009295870722338812,5.108250000003853e-11
1617,0.44916666666665306,424,70,1.6902218641417658e-06,0.009295354285076461,5.11550000000386e-11
1618,0.4494444444444308,423,71,1.6900789951394695e-06,0.009294837876505067,5.1230000000038684e-11
1619,0.4497222222222086,422,72,1.6899306292751059e-06,0.00929432149662304,5.130250000003877e-11
1620,0.44999999999998636,422,72,1.6897874725455294e-06,0.009293805145428782,5.137500000003884e-11
1621,0.4502777777777641,423,72,1.6896415972397795e-06,0.009293288822920702,5.1447500000038915e-11
1622,0.4505555555555419,423,72,1.6894985261640311e-06,0.009292772529097208,5.1520000000039e-11
1623,0.45083333333331965,423,72,1.6893568098871266e-06,0.009292256263956702,5.159250000003907e-11
1624,0.4511111111110974,423,72,1.6892131759365246e-06,0.009291740027497594,5.166500000003916e-11
1625,0.4513888888888752,423,72,1.6890709092368083e-06,0.00929122381971829,5.1737500000039244e-11
1626,0.45166666666665295,423,72,1.688923578406216e-06,0.009290707640617192,5.181000000003932e-11
1627,0.4519444444444307,423,72,1.6887774388650728e-06,0.009290191490192714,5.1882500000039396e-11
1628,0.4522222222222085,423,72,1.6886272952044164e-06,0.009289675368443261,5.195500000003948e-11
1629,0.45249999999998625,423,72,1.6884797142624802e-06,0.009289159275367236,5.2027500000039554e-11
1630,0.452777777777764,423,72,1.6883254442098e-06,0.00928864321096305,5.210000000003964e-11
1631,0.4530555555555418,423,72,1.6881800904254434e-06,0.009288127175229107,5.2175000000039714e-11
1632,0.45333333333331954,422,73,1.6880308331153334e-06,0.009287611168163816,5.2250000000039796e-11
1633,0.4536111111110973,422,73,1.6878868897931622e-06,0.009287095189765587,5.232500000003988e-11
1634,0.4538888888888751,422,73,1.687737836785589e-06,0.009286579240032821,5.240000000003996e-11
1635,0.45416666666665284,422,73,1.68759058054455e-06,0.009286063318963932,5.247500000004004e-11
1636,0.4544444444444306,422,73,1.687444765334152e-06,0.009285547426557324,5.255250000004011e-11
1637,0.45472222222220837,421,74,1.6872977152906602e-06,0.009285031562811404,5.2630000000040186e-11
1638,0.45499999999998614,421,74,1.6871555733920198e-06,0.009284515727724579,5.270750000004027e-11
1639,0.4552777777777639,421,74,1.6870123462370705e-06,0.009283999921295262,5.278500000004036e-11
1640,0.45555555555554167,421,74,1.6868685655315984e-06,0.009283484143521856,5.286250000004044e-11
1641,0.45583333333331943,421,74,1.6867185568461343e-06,0.009282968394402773,5.294000000004052e-11
1642,0.4561111111110972,422,74,1.6865738639736896e-06,0.009282452673936417,5.30175000000406e-11
1643,0.45638888888887497,422,74,1.6864294995175067e-06,0.0092819369821212,5.309500000004068e-11
1644,0.45666666666665273,422,74,1.686284170208542e-06,0.009281421318955527,5.317250000004076e-11
1645,0.4569444444444305,422,74,1.6861412381151422e-06,0.00928090568443781,5.3250000000040846e-11
1646,0.45722222222220826,422,74,1.685996797134373e-06,0.00928039007856645,5.332750000004093e-11
1647,0.45749999999998603,422,74,1.6858522942354154e-06,0.009279874501339862,5.3405000000041006e-11
1648,0.4577777777777638,422,74,1.6857045335788308e-06,0.009279358952756457,5.348250000004108e-11
1649,0.45805555555554156,422,74,1.6855565783490835e-06,0.009278843432814637,5.355750000004117e-11
1650,0.4583333333333193,422,74,1.6854085456676587e-06,0.009278327941512813,5.3630000000041256e-11
1651,0.4586111111110971,422,74,1.685263761519967e-06,0.009277812478849397,5.370250000004133e-11
1652,0.45888888888887486,422,74,1.68511649069766e-06,0.009277297044822795,5.3775000000041414e-11
1653,0.4591666666666526,421,75,1.684975397452189e-06,0.009276781639431415,5.38475000000415e-11
1654,0.4594444444444304,421,75,1.684832638873401e-06,0.00927626626267367,5.392000000004157e-11
1655,0.45972222222220815,421,75,1.6846831169582885e-06,0.009275750914547964,5.399250000004166e-11
1656,0.4599999999999859,421,75,1.6845371152236148e-06,0.009275235595052713,5.406500000004174e-11
1657,0.4602777777777637,421,75,1.684394449961993e-06,0.009274720304186322,5.4140000000041824e-11
1658,0.46055555555554145,420,76,1.6842518049399309e-06,0.009274205041947202,5.4215000000041905e-11
1659,0.4608333333333192,421,76,1.6841032193523407e-06,0.00927368980833376,5.429000000004199e-11
1660,0.461111111111097,421,76,1.6839542216173851e-06,0.009273174603344408,5.436500000004209e-11
1661,0.46138888888887475,421,76,1.6838123676904313e-06,0.009272659426977555,5.444000000004216e-11
1662,0.4616666666666525,421,76,1.6836644944726465e-06,0.009272144279231615,5.451500000004224e-11
1663,0.4619444444444303,421,76,1.6835161103236236e-06,0.00927162916010499,5.4590000000042324e-11
1664,0.46222222222220805,421,76,1.6833673139898632e-06,0.009271114069596095,5.466500000004241e-11
1665,0.4624999999999858,421,76,1.6832203235380639e-06,0.00927059900770334,5.474000000004249e-11
1666,0.4627777777777636,421,76,1.6830715050998888e-06,0.009270083974425134,5.4815000000042574e-11
1667,0.46305555555554134,421,76,1.6829191790871726e-06,0.009269568969759888,5.489000000004266e-11
1668,0.4633333333333191,421,76,1.6827720219657578e-06,0.009269053993706013,5.496250000004275e-11
1669,0.4636111111110969,421,76,1.6826279538192393e-06,0.009268539046261919,5.503500000004283e-11
1670,0.46388888888887464,421,76,1.6824805187310894e-06,0.009268024127426016,5.5107500000042906e-11
1671,0.4641666666666524,421,76,1.6823311858551868e-06,0.009267509237196714,5.5180000000043004e-11
1672,0.46444444444443017,421,76,1.6821825723958103e-06,0.009266994375572426,5.525000000004308e-11
1673,0.46472222222220794,421,76,1.6820313642941546e-06,0.009266479542551562,5.532000000004317e-11
1674,0.4649999999999857,421,76,1.6818860073048225e-06,0.00926596473813253,5.5390000000043255e-11
1675,0.46527777777776347,422,76,1.6817405675953706e-06,0.009265449962313745,5.546000000004333e-11
1676,0.46555555555554123,422,76,1.6815934054536747e-06,0.009264935215093617,5.553000000004342e-11
1677,0.465833333333319,422,76,1.6814435993403431e-06,0.009264420496470558,5.56000000000435e-11
1678,0.46611111111109677,422,76,1.6812893161229264e-06,0.009263905806442976,5.56700000000436e-11
1679,0.46638888888887453,422,76,1.6811331758841402e-06,0.009263391145009283,5.574000000004368e-11
1680,0.4666666666666523,422,76,1.6809827966810326e-06,0.009262876512167896,5.581000000004377e-11
1681,0.46694444444443006,422,76,1.6808327215837822e-06,0.00926236190791722,5.588500000004385e-11
1682,0.46722222222220783,420,78,1.6806814645287382e-06,0.009261847332255671,5.596000000004393e-11
1683,0.4674999999999856,420,78,1.6805322951381172e-06,0.009261332785181658,5.6032500000044016e-11
1684,0.46777777777776336,421,78,1.6803830005903405e-06,0.00926081826669359,5.610500000004411e-11
1685,0.4680555555555411,421,78,1.680232242827e-06,0.009260303776789885,5.617750000004419e-11
1686,0.4683333333333189,421,78,1.680087136631652e-06,0.009259789315468954,5.625000000004428e-11
1687,0.46861111111109666,421,78,1.6799410307948866e-06,0.009259274882729207,5.6320000000044357e-11
1688,0.4688888888888744,421,78,1.6797989877793406e-06,0.009258760478569054,5.6390000000044447e-11
1689,0.4691666666666522,421,78,1.6796508262748602e-06,0.009258246102986912,5.6460000000044537e-11
1690,0.46944444444442995,421,78,1.6795082603999637e-06,0.009257731755981193,5.653000000004462e-11
1691,0.4697222222222077,421,78,1.67936314262845e-06,0.009257217437550301,5.65975000000447e-11
1692,0.4699999999999855,421,78,1.6792212258058756e-06,0.009256703147692662,5.6665000000044796e-11
1693,0.47027777777776325,421,78,1.6790706605732747e-06,0.009256188886406681,5.6732500000044884e-11
1694,0.470555555555541,422,78,1.67892441663422e-06,0.009255674653690768,5.680000000004498e-11
1695,0.4708333333333188,422,78,1.6787735100632126e-06,0.00925516044954334,5.686750000004506e-11
1696,0.47111111111109655,422,78,1.6786234607395894e-06,0.009254646273962813,5.693500000004515e-11
1697,0.4713888888888743,422,78,1.6784770789680038e-06,0.009254132126947591,5.700250000004524e-11
1698,0.4716666666666521,422,78,1.678332491693172e-06,0.009253618008496094,5.707000000004532e-11
1699,0.47194444444442984,422,78,1.678187327340979e-06,0.009253103918606736,5.713750000004541e-11
1700,0.4722222222222076,422,78,1.6780394333020605e-06,0.009252589857277924,5.720500000004549e-11
1701,0.4724999999999854,422,78,1.6778977612417499e-06,0.009252075824508075,5.727250000004558e-11
1702,0.47277777777776314,422,78,1.6777567897679771e-06,0.0092515618202956,5.7340000000045675e-11
1703,0.4730555555555409,422,78,1.6776125921217078e-06,0.00925104784463892,5.7407500000045757e-11
1704,0.4733333333333187,422,78,1.6774592704920068e-06,0.00925053389753644,5.747500000004586e-11
1705,0.47361111111109644,422,78,1.6773189186082751e-06,0.009250019978986578,5.754250000004594e-11
1706,0.4738888888888742,422,78,1.6771710512544592e-06,0.009249506088987745,5.761000000004602e-11
1707,0.47416666666665197,422,78,1.6770222214086062e-06,0.009248992227538355,5.767750000004613e-11
1708,0.47444444444442974,422,78,1.676882135188924e-06,0.009248478394636826,5.77450000000462e-11
1709,0.4747222222222075,422,78,1.6767403228612029e-06,0.009247964590281571,5.781500000004629e-11
1710,0.47499999999998527,421,79,1.6765983545952851e-06,0.009247450814470998,5.788500000004638e-11
1711,0.47527777777776303,421,79,1.6764504699431479e-06,0.00924693706720353,5.795500000004647e-11
1712,0.4755555555555408,421,79,1.6763015648842718e-06,0.009246423348477575,5.802500000004656e-11
1713,0.47583333333331856,421,79,1.6761554557880261e-06,0.009245909658291548,5.8095000000046665e-11
1714,0.47611111111109633,421,79,1.6760069460631407e-06,0.009245395996643865,5.816500000004674e-11
1715,0.4763888888888741,421,79,1.6758543512983121e-06,0.009244882363532938,5.823500000004683e-11
1716,0.47666666666665186,421,79,1.6757079306880405e-06,0.009244368758957188,5.830500000004692e-11
1717,0.4769444444444296,421,79,1.675564743638899e-06,0.009243855182915024,5.837500000004701e-11
1718,0.4772222222222074,421,79,1.6754164198788907e-06,0.009243341635404863,5.844500000004711e-11
1719,0.47749999999998516,421,79,1.6752703795579627e-06,0.009242828116425118,5.851500000004719e-11
1720,0.4777777777777629,421,79,1.6751266789929033e-06,0.009242314625974206,5.858500000004729e-11
1721,0.4780555555555407,421,79,1.6749762689609965e-06,0.00924180116405054,5.865500000004736e-11
1722,0.47833333333331846,421,79,1.6748262143681538e-06,0.00924128773065254,5.872500000004746e-11
1723,0.4786111111110962,421,79,1.6746773947073724e-06,0.009240774325778613,5.879500000004754e-11
1724,0.478888888888874,421,79,1.6745353898614827e-06,0.00924026094942718,5.886500000004764e-11
1725,0.47916666666665175,421,79,1.674388252619937e-06,0.009239747601596657,5.893500000004773e-11
1726,0.4794444444444295,422,79,1.6742429051040037e-06,0.009239234282285458,5.900500000004783e-11
1727,0.4797222222222073,423,79,1.674095775670145e-06,0.009238720991491998,5.90725000000479e-11
1728,0.47999999999998505,423,79,1.6739479340902575e-06,0.009238207729214694,5.9140000000048e-11
1729,0.4802777777777628,424,79,1.6737980246030404e-06,0.00923769449545196,5.920750000004808e-11
1730,0.4805555555555406,424,79,1.6736541367254929e-06,0.009237181290202214,5.927500000004818e-11
1731,0.48083333333331835,425,79,1.673506024929507e-06,0.00923666811346387,5.934250000004827e-11
1732,0.4811111111110961,425,79,1.6733617898051327e-06,0.009236154965235343,5.941000000004836e-11
1733,0.4813888888888739,425,79,1.6732094102888475e-06,0.009235641845515053,5.947750000004844e-11
1734,0.48166666666665164,425,79,1.6730615106366184e-06,0.009235128754301413,5.954500000004853e-11
1735,0.4819444444444294,425,79,1.6729106425315862e-06,0.00923461569159284,5.961250000004863e-11
1736,0.4822222222222072,426,79,1.6727586211423653e-06,0.009234102657387755,5.968000000004873e-11
1737,0.48249999999998494,426,79,1.6726068880559619e-06,0.009233589651684564,5.974750000004882e-11
1738,0.4827777777777627,426,79,1.6724568237650925e-06,0.009233076674481694,5.98150000000489e-11
1739,0.4830555555555405,426,79,1.6723069199664278e-06,0.009232563725777557,5.9882500000049e-11
1740,0.48333333333331824,426,79,1.6721500922686895e-06,0.009232050805570569,5.995000000004909e-11
1741,0.483611111111096,426,79,1.6720043309869394e-06,0.009231537913859151,6.001750000004919e-11
1742,0.48388888888887377,426,79,1.6718506327012248e-06,0.009231025050641712,6.008500000004927e-11
1743,0.48416666666665154,426,79,1.6717018663699082e-06,0.009230512215916678,6.015250000004936e-11
1744,0.4844444444444293,426,79,1.6715501439241643e-06,0.009229999409682462,6.022000000004946e-11
1745,0.48472222222220707,426,79,1.6714034604498694e-06,0.009229486631937478,6.028750000004955e-11
1746,0.48499999999998483,426,79,1.6712524371090306e-06,0.009228973882680147,6.035500000004964e-11
1747,0.4852777777777626,426,79,1.671099025456696e-06,0.009228461161908888,6.042000000004974e-11
1748,0.48555555555554036,426,79,1.6709486209105989e-06,0.009227948469622117,6.048500000004982e-11
1749,0.48583333333331813,426,79,1.670803951439195e-06,0.009227435805818246,6.055000000004992e-11
1750,0.4861111111110959,426,79,1.6706524187934148e-06,0.009226923170495704,6.061500000005002e-11
1751,0.48638888888887366,426,79,1.6705018882998793e-06,0.009226410563652898,6.068000000005011e-11
1752,0.4866666666666514,426,79,1.670350134258218e-06,0.00922589798528825,6.07450000000502e-11
1753,0.4869444444444292,426,79,1.6701936047785385e-06,0.009225385435400179,6.08100000000503e-11
1754,0.48722222222220696,427,79,1.6700421695913837e-06,0.009224872913987103,6.087500000005039e-11
1755,0.4874999999999847,427,79,1.669887296656058e-06,0.009224360421047436,6.094000000005048e-11
1756,0.4877777777777625,427,79,1.6697300592430186e-06,0.009223847956579602,6.100500000005059e-11
1757,0.48805555555554025,427,79,1.669577450093293e-06,0.009223335520582012,6.107000000005067e-11
1758,0.488333333333318,427,79,1.6694230837795763e-06,0.009222823113053093,6.113750000005077e-11
1759,0.4886111111110958,426,80,1.6692640105776504e-06,0.009222310733991258,6.120500000005086e-11
1760,0.48888888888887355,426,80,1.669112736490532e-06,0.009221798383394925,6.127000000005096e-11
1761,0.4891666666666513,426,80,1.668966411779247e-06,0.009221286061262515,6.133500000005104e-11
1762,0.4894444444444291,426,80,1.668808531564641e-06,0.009220773767592444,6.140000000005115e-11
1763,0.48972222222220685,426,80,1.6686558207850408e-06,0.009220261502383134,6.146500000005124e-11
1764,0.4899999999999846,426,80,1.66849972573137e-06,0.009219749265633,6.153000000005133e-11
1765,0.4902777777777624,426,80,1.6683459885159468e-06,0.009219237057340467,6.159500000005142e-11
1766,0.49055555555554015,426,80,1.6681963417014317e-06,0.00921872487750395,6.16600000000515e-11
1767,0.4908333333333179,426,80,1.6680416346620816e-06,0.009218212726121862,6.172500000005161e-11
1768,0.4911111111110957,426,80,1.6678883921337005e-06,0.009217700603192637,6.17900000000517e-11
1769,0.49138888888887344,427,80,1.6677380454286194e-06,0.009217188508714683,6.185250000005181e-11
1770,0.4916666666666512,428,80,1.667588204217426e-06,0.009216676442686419,6.191500000005189e-11
1771,0.491944444444429,429,80,1.667439263031452e-06,0.00921616440510627,6.197750000005198e-11
1772,0.49222222222220674,429,80,1.6672895329358325e-06,0.009215652395972653,6.204000000005207e-11
1773,0.4924999999999845,429,80,1.6671444216655625e-06,0.00921514041528399,6.21025000000522e-11
1774,0.49277777777776227,430,80,1.6669951286248774e-06,0.009214628463038697,6.216500000005228e-11
1775,0.49305555555554004,430,80,1.666846548938774e-06,0.009214116539235193,6.222750000005236e-11
1776,0.4933333333333178,430,80,1.6666920071213766e-06,0.009213604643871906,6.229000000005246e-11
1777,0.49361111111109557,430,80,1.6665347543788195e-06,0.009213092776947247,6.235250000005257e-11
1778,0.49388888888887333,430,80,1.6663834769381443e-06,0.009212580938459636,6.241500000005265e-11
1779,0.4941666666666511,430,80,1.6662259149373769e-06,0.009212069128407501,6.247750000005276e-11
1780,0.49444444444442887,431,80,1.6660690443796016e-06,0.009211557346789254,6.254000000005285e-11
1781,0.49472222222220663,432,80,1.6659172514237354e-06,0.009211045593603324,6.260250000005293e-11
1782,0.4949999999999844,432,80,1.66576077563791e-06,0.009210533868848124,6.266500000005304e-11
1783,0.49527777777776216,432,80,1.6655997295769279e-06,0.009210022172522078,6.272750000005314e-11
1784,0.49555555555553993,432,80,1.665443764761292e-06,0.009209510504623604,6.278750000005324e-11
1785,0.4958333333333177,432,80,1.6652908776249295e-06,0.009208998865151126,6.284750000005334e-11
1786,0.49611111111109546,432,80,1.6651400703406684e-06,0.009208487254103063,6.290750000005343e-11
1787,0.4963888888888732,432,80,1.664979430716838e-06,0.009207975671477832,6.296750000005352e-11
1788,0.496666666666651,433,80,1.6648253058985759e-06,0.009207464117273861,6.303000000005361e-11
1789,0.49694444444442876,432,81,1.6646736583119632e-06,0.00920695259148957,6.309250000005371e-11
1790,0.4972222222222065,433,81,1.664521497903668e-06,0.009206441094123377,6.315500000005379e-11
1791,0.4974999999999843,433,81,1.6643661447027315e-06,0.009205929625173704,6.321750000005389e-11
1792,0.49777777777776205,433,81,1.6642186237350224e-06,0.00920541818463897,6.3280000000054e-11
1793,0.4980555555555398,433,81,1.6640671195381998e-06,0.009204906772517604,6.334250000005408e-11
1794,0.4983333333333176,433,81,1.6639155690006915e-06,0.009204395388808018,6.340500000005419e-11
1795,0.49861111111109535,433,81,1.6637579749948034e-06,0.00920388403350864,6.346750000005428e-11
1796,0.4988888888888731,433,81,1.6636032217659274e-06,0.00920337270661789,6.353000000005439e-11
1797,0.4991666666666509,433,81,1.6634482291447757e-06,0.00920286140813419,6.359250000005448e-11
1798,0.49944444444442865,433,81,1.663292182582722e-06,0.009202350138055959,6.365500000005458e-11
1799,0.4997222222222064,433,81,1.663133329638734e-06,0.009201838896381624,6.371750000005468e-11
1800,0.4999999999999842,433,81,1.6629689115857192e-06,0.009201327683109606,6.378000000005476e-11
1801,0.500277777777762,433,81,1.6628141206346091e-06,0.009200816498238321,6.384250000005487e-11
1802,0.5005555555555398,433,81,1.6626595791210529e-06,0.009200305341766196,6.390500000005498e-11
1803,0.5008333333333176,433,81,1.6625053876744361e-06,0.009199794213691655,6.396750000005508e-11
1804,0.5011111111110954,433,81,1.6623440016908793e-06,0.009199283114013116,6.403000000005516e-11
1805,0.5013888888888732,433,81,1.6621825988028413e-06,0.009198772042729004,6.409250000005526e-11
1806,0.501666666666651,433,81,1.6620234438497739e-06,0.009198260999837742,6.415500000005535e-11
1807,0.5019444444444289,434,81,1.6618653273354613e-06,0.00919774998533775,6.421750000005545e-11
1808,0.5022222222222067,434,81,1.661707900841626e-06,0.009197238999227454,6.427750000005556e-11
1809,0.5024999999999845,434,81,1.6615514663903895e-06,0.009196728041505276,6.433750000005565e-11
1810,0.5027777777777623,434,81,1.6613973261407726e-06,0.009196217112169638,6.439750000005574e-11
1811,0.5030555555555402,434,81,1.6612431172928152e-06,0.009195706211218962,6.445750000005585e-11
1812,0.503333333333318,434,81,1.6610820527489738e-06,0.00919519533865167,6.451750000005596e-11
1813,0.5036111111110958,434,81,1.6609250169090366e-06,0.00919468449446619,6.457750000005604e-11
1814,0.5038888888888736,434,81,1.6607647889811238e-06,0.009194173678660943,6.463750000005615e-11
1815,0.5041666666666514,434,81,1.660604954452697e-06,0.009193662891234354,6.469750000005625e-11
1816,0.5044444444444293,434,81,1.6604495255503253e-06,0.009193152132184839,6.475750000005635e-11
1817,0.5047222222222071,434,81,1.6602942906115737e-06,0.009192641401510831,6.481750000005645e-11
1818,0.5049999999999849,434,81,1.6601345779835367e-06,0.009192130699210745,6.487750000005656e-11
1819,0.5052777777777627,434,81,1.6599718317285711e-06,0.009191620025283011,6.493750000005665e-11
1820,0.5055555555555405,434,81,1.6598172128433807e-06,0.009191109379726052,6.499750000005675e-11
1821,0.5058333333333184,434,81,1.6596569719162642e-06,0.00919059876253829,6.505750000005685e-11
1822,0.5061111111110962,434,81,1.6594929479087373e-06,0.009190088173718148,6.511500000005695e-11
1823,0.506388888888874,434,81,1.6593331687378578e-06,0.009189577613264052,6.517250000005704e-11
1824,0.5066666666666518,434,81,1.6591754188368685e-06,0.009189067081174429,6.523000000005714e-11
1825,0.5069444444444297,434,81,1.6590107349655533e-06,0.009188556577447696,6.528750000005725e-11
1826,0.5072222222222075,434,81,1.6588485580724476e-06,0.009188046102082284,6.534500000005735e-11
1827,0.5074999999999853,434,81,1.6586889858480929e-06,0.009187535655076611,6.540250000005743e-11
1828,0.5077777777777631,434,81,1.6585319914032694e-06,0.009187025236429107,6.546000000005754e-11
1829,0.5080555555555409,434,81,1.6583689320233227e-06,0.009186514846138196,6.552000000005764e-11
1830,0.5083333333333188,433,82,1.6582091621800272e-06,0.0091860044842023,6.558000000005776e-11
1831,0.5086111111110966,433,82,1.6580492933375306e-06,0.009185494150619844,6.564000000005784e-11
1832,0.5088888888888744,433,82,1.657885029671418e-06,0.009184983845389252,6.570250000005795e-11
1833,0.5091666666666522,432,83,1.6577295308338982e-06,0.009184473568508954,6.576500000005806e-11
1834,0.50944444444443,432,83,1.6575720604233942e-06,0.00918396331997737,6.582750000005815e-11
1835,0.5097222222222079,432,83,1.6574103269013e-06,0.009183453099792929,6.588750000005825e-11
1836,0.5099999999999857,432,83,1.6572488727780735e-06,0.009182942907954052,6.594750000005835e-11
1837,0.5102777777777635,432,83,1.6570920900444712e-06,0.009182432744459165,6.600750000005845e-11
1838,0.5105555555555413,432,83,1.656938836325177e-06,0.009181922609306694,6.606750000005854e-11
1839,0.5108333333333192,432,83,1.656776261283486e-06,0.009181412502495068,6.612750000005865e-11
1840,0.511111111111097,432,83,1.6566274398244265e-06,0.009180902424022707,6.618250000005875e-11
1841,0.5113888888888748,432,83,1.6564727990202348e-06,0.00918039237388804,6.623750000005886e-11
1842,0.5116666666666526,432,83,1.656317537663291e-06,0.00917988235208949,6.629250000005896e-11
1843,0.5119444444444304,432,83,1.6561661591249656e-06,0.009179372358625483,6.635000000005906e-11
1844,0.5122222222222083,431,84,1.6560065325268239e-06,0.00917886239349445,6.640750000005917e-11
1845,0.5124999999999861,431,84,1.6558518524644124e-06,0.009178352456694813,6.646500000005927e-11
1846,0.5127777777777639,431,84,1.6556940421906352e-06,0.009177842548224997,6.652250000005937e-11
1847,0.5130555555555417,431,84,1.655535448576014e-06,0.00917733266808343,6.658250000005947e-11
1848,0.5133333333333195,430,85,1.655380112527109e-06,0.009176822816268537,6.664250000005957e-11
1849,0.5136111111110974,430,85,1.655222140114536e-06,0.009176312992778744,6.670250000005967e-11
1850,0.5138888888888752,430,85,1.6550662784566453e-06,0.00917580319761248,6.676500000005978e-11
1851,0.514166666666653,429,86,1.654915052926706e-06,0.009175293430768167,6.682500000005988e-11
1852,0.5144444444444308,429,86,1.6547616713840445e-06,0.009174783692244235,6.688500000005998e-11
1853,0.5147222222222086,429,86,1.6546132135944858e-06,0.00917427398203911,6.694500000006008e-11
1854,0.5149999999999865,429,86,1.6544570925711598e-06,0.009173764300151219,6.700500000006018e-11
1855,0.5152777777777643,429,86,1.654302912440774e-06,0.009173254646578989,6.70650000000603e-11
1856,0.5155555555555421,429,86,1.6541519774212807e-06,0.009172745021320847,6.71250000000604e-11
1857,0.5158333333333199,429,86,1.6539958243547675e-06,0.009172235424375218,6.71825000000605e-11
1858,0.5161111111110978,429,86,1.6538401124091516e-06,0.009171725855740531,6.72400000000606e-11
1859,0.5163888888888756,430,86,1.6536868387845974e-06,0.009171216315415212,6.72975000000607e-11
1860,0.5166666666666534,430,86,1.6535381602619615e-06,0.00917070680339769,6.73550000000608e-11
1861,0.5169444444444312,430,86,1.6533833790022902e-06,0.009170197319686388,6.741250000006089e-11
1862,0.517222222222209,430,86,1.6532348213308963e-06,0.00916968786427974,6.7470000000061e-11
1863,0.5174999999999869,430,86,1.653083025618664e-06,0.00916917843717617,6.75275000000611e-11
1864,0.5177777777777647,430,86,1.6529293679627232e-06,0.009168669038374105,6.758500000006122e-11
1865,0.5180555555555425,430,86,1.652775933751813e-06,0.009168159667871975,6.764250000006131e-11
1866,0.5183333333333203,430,86,1.6526219947042158e-06,0.009167650325668202,6.770000000006141e-11
1867,0.5186111111110981,430,86,1.652469557603079e-06,0.00916714101176122,6.775750000006152e-11
1868,0.518888888888876,430,86,1.6523124991179629e-06,0.009166631726149456,6.781500000006163e-11
1869,0.5191666666666538,430,86,1.6521562959665372e-06,0.009166122468831339,6.787250000006173e-11
1870,0.5194444444444316,430,86,1.6519991989400546e-06,0.009165613239805291,6.793000000006184e-11
1871,0.5197222222222094,430,86,1.6518469061344998e-06,0.009165104039069748,6.799000000006194e-11
1872,0.5199999999999873,429,87,1.6516837798757985e-06,0.009164594866623134,6.805000000006204e-11
1873,0.5202777777777651,429,87,1.6515271050041498e-06,0.009164085722463876,6.811000000006215e-11
1874,0.5205555555555429,429,87,1.6513683281922372e-06,0.009163576606590406,6.817250000006226e-11
1875,0.5208333333333207,428,88,1.6512166044296243e-06,0.009163067519001153,6.823500000006236e-11
1876,0.5211111111110985,428,88,1.6510670299645699e-06,0.009162558459694542,6.830000000006246e-11
1877,0.5213888888888764,427,89,1.6509223839560384e-06,0.009162049428669002,6.836500000006257e-11
1878,0.5216666666666542,427,89,1.6507670346711925e-06,0.009161540425922966,6.843000000006267e-11
1879,0.521944444444432,427,89,1.6506171442679276e-06,0.009161031451454858,6.849500000006278e-11
1880,0.5222222222222098,427,89,1.6504673525812474e-06,0.009160522505263113,6.856000000006287e-11
1881,0.5224999999999876,427,89,1.6503163124086339e-06,0.009160013587346154,6.862250000006298e-11
1882,0.5227777777777655,427,89,1.650161581462435e-06,0.00915950469770241,6.868500000006309e-11
1883,0.5230555555555433,427,89,1.6500074351240326e-06,0.009158995836330317,6.874750000006319e-11
1884,0.5233333333333211,427,89,1.6498493599209851e-06,0.0091584870032283,6.881000000006331e-11
1885,0.5236111111110989,427,89,1.6496928407224678e-06,0.009157978198394787,6.887250000006341e-11
1886,0.5238888888888767,427,89,1.6495389467674985e-06,0.009157469421828211,6.893500000006352e-11
1887,0.5241666666666546,427,89,1.6493810259361503e-06,0.009156960673526997,6.899750000006363e-11
1888,0.5244444444444324,427,89,1.6492292096096047e-06,0.009156451953489578,6.906000000006372e-11
1889,0.5247222222222102,427,89,1.649079055781396e-06,0.009155943261714388,6.912250000006382e-11
1890,0.524999999999988,428,89,1.6489255658970963e-06,0.009155434598199846,6.918500000006393e-11
1891,0.5252777777777659,428,89,1.6487694788401318e-06,0.009154925962944392,6.924750000006404e-11
1892,0.5255555555555437,428,89,1.6486160562685617e-06,0.00915441735594645,6.931000000006415e-11
1893,0.5258333333333215,428,89,1.6484672428666366e-06,0.009153908777204452,6.937500000006425e-11
1894,0.5261111111110993,427,90,1.648318991396473e-06,0.00915340022671683,6.944250000006434e-11
1895,0.5263888888888771,426,91,1.6481647013674521e-06,0.009152891704482012,6.951000000006447e-11
1896,0.526666666666655,426,91,1.6480132907751098e-06,0.009152383210498431,6.957750000006458e-11
1897,0.5269444444444328,426,91,1.6478622468446267e-06,0.009151874744764515,6.964500000006467e-11
1898,0.5272222222222106,426,91,1.6477101443352197e-06,0.009151366307278695,6.971250000006478e-11
1899,0.5274999999999884,426,91,1.647556873674219e-06,0.009150857898039402,6.978250000006488e-11
1900,0.5277777777777662,425,92,1.647406511219748e-06,0.009150349517045067,6.985250000006499e-11
1901,0.5280555555555441,425,92,1.6472567211404388e-06,0.00914984116429412,6.99200000000651e-11
1902,0.5283333333333219,425,92,1.647109564309507e-06,0.009149332839784993,6.99900000000652e-11
1903,0.5286111111110997,425,93,1.6469582244280355e-06,0.009148824543516116,7.006000000006532e-11
1904,0.5288888888888775,425,93,1.646802809571285e-06,0.009148316275485922,7.012750000006544e-11
1905,0.5291666666666553,425,93,1.6466506689793234e-06,0.009147808035692838,7.019500000006552e-11
1906,0.5294444444444332,426,93,1.6464954984418603e-06,0.009147299824135301,7.026250000006564e-11
1907,0.529722222222211,426,93,1.646336337652996e-06,0.009146791640811738,7.033250000006573e-11
1908,0.5299999999999888,425,94,1.6461772312190096e-06,0.009146283485720582,7.040250000006584e-11
1909,0.5302777777777666,425,94,1.6460155779747563e-06,0.009145775358860266,7.047250000006597e-11
1910,0.5305555555555445,425,94,1.645862905603892e-06,0.00914526726022922,7.054250000006606e-11
1911,0.5308333333333223,425,94,1.6457115676916472e-06,0.009144759189825873,7.061250000006619e-11
1912,0.5311111111111001,425,94,1.6455639831559801e-06,0.00914425114764866,7.06825000000663e-11
1913,0.5313888888888779,426,94,1.6454082967152985e-06,0.009143743133696012,7.075250000006639e-11
1914,0.5316666666666557,426,94,1.64524694735123e-06,0.009143235147966364,7.08225000000665e-11
1915,0.5319444444444336,426,94,1.6450939063989585e-06,0.009142727190458144,7.089250000006661e-11
1916,0.5322222222222114,427,94,1.644939037669802e-06,0.009142219261169785,7.096500000006671e-11
1917,0.5324999999999892,426,95,1.6447829168528425e-06,0.009141711360099718,7.103750000006683e-11
1918,0.532777777777767,426,95,1.6446274673447696e-06,0.009141203487246383,7.111000000006694e-11
1919,0.5330555555555448,426,95,1.6444699482249928e-06,0.0091406956426082,7.118250000006704e-11
1920,0.5333333333333227,426,95,1.6443150088410276e-06,0.009140187826183614,7.125500000006716e-11
1921,0.5336111111111005,426,96,1.6441577501363987e-06,0.009139680037971047,7.132750000006728e-11
1922,0.5338888888888783,426,96,1.6440050506028244e-06,0.009139172277968937,7.140250000006738e-11
1923,0.5341666666666561,425,97,1.6438468182695075e-06,0.00913866454617572,7.147750000006749e-11
1924,0.534444444444434,425,97,1.6436858733124088e-06,0.009138156842589819,7.155250000006759e-11
1925,0.5347222222222118,425,97,1.6435297559850157e-06,0.009137649167209678,7.16275000000677e-11
1926,0.5349999999999896,425,97,1.6433675892345244e-06,0.009137141520033719,7.170250000006782e-11
1927,0.5352777777777674,425,97,1.6432193487856981e-06,0.009136633901060386,7.177750000006792e-11
1928,0.5355555555555452,425,97,1.6430662107579937e-06,0.009136126310288106,7.185250000006803e-11
1929,0.5358333333333231,425,97,1.6429111035594669e-06,0.009135618747715311,7.192750000006815e-11
1930,0.5361111111111009,425,97,1.642759779594613e-06,0.00913511121334044,7.200250000006826e-11
1931,0.5363888888888787,425,97,1.6426028007275045e-06,0.009134603707161919,7.208000000006837e-11
1932,0.5366666666666565,424,98,1.64245029990273e-06,0.009134096229178186,7.215750000006848e-11
1933,0.5369444444444343,424,98,1.6422984001393787e-06,0.00913358877938768,7.223500000006859e-11
1934,0.5372222222222122,424,98,1.642147127560289e-06,0.009133081357788826,7.231250000006868e-11
1935,0.53749999999999,424,98,1.6419917827148168e-06,0.009132573964380058,7.239000000006882e-11
1936,0.5377777777777678,424,98,1.6418361802992807e-06,0.009132066599159815,7.246750000006893e-11
1937,0.5380555555555456,424,98,1.641679657976881e-06,0.009131559262126531,7.254500000006902e-11
1938,0.5383333333333234,424,98,1.6415200553082095e-06,0.009131051953278633,7.262250000006913e-11
1939,0.5386111111111013,424,98,1.6413636605681947e-06,0.009130544672614564,7.270250000006925e-11
1940,0.5388888888888791,423,99,1.6412093394233496e-06,0.00913003742013275,7.278250000006936e-11
1941,0.5391666666666569,423,99,1.6410519858025729e-06,0.009129530195831634,7.286250000006949e-11
1942,0.5394444444444347,423,99,1.6408956641154864e-06,0.009129022999709644,7.294250000006959e-11
1943,0.5397222222222126,423,99,1.6407439393137917e-06,0.009128515831765213,7.30225000000697e-11
1944,0.5399999999999904,423,99,1.640591025253648e-06,0.009128008691996784,7.310250000006981e-11
1945,0.5402777777777682,423,99,1.6404374021234378e-06,0.009127501580402785,7.318250000006992e-11
1946,0.540555555555546,424,99,1.6402800343396e-06,0.009126994496981651,7.326250000007004e-11
1947,0.5408333333333238,424,99,1.640127424093886e-06,0.009126487441731819,7.334250000007014e-11
1948,0.5411111111111017,424,99,1.6399803746501786e-06,0.009125980414651723,7.342250000007026e-11
1949,0.5413888888888795,424,99,1.639825921576634e-06,0.009125473415739799,7.350000000007037e-11
1950,0.5416666666666573,424,99,1.6396710299620278e-06,0.00912496644499448,7.357750000007048e-11
1951,0.5419444444444351,424,99,1.6395178855688177e-06,0.009124459502414204,7.365500000007058e-11
1952,0.542222222222213,424,99,1.639365218980196e-06,0.009123952587997402,7.373250000007071e-11
1953,0.5424999999999908,424,99,1.6392185338347566e-06,0.009123445701742514,7.38100000000708e-11
1954,0.5427777777777686,424,99,1.639067711851769e-06,0.009122938843647973,7.388750000007094e-11
1955,0.5430555555555464,424,99,1.638915998223673e-06,0.009122432013712215,7.396500000007105e-11
1956,0.5433333333333242,424,99,1.6387568840020964e-06,0.009121925211933677,7.404250000007114e-11
1957,0.543611111111102,424,99,1.6386057788041878e-06,0.00912141843831079,7.412000000007127e-11
1958,0.5438888888888799,424,99,1.6384541571004108e-06,0.009120911692841996,7.419500000007138e-11
1959,0.5441666666666577,424,99,1.638302200134284e-06,0.009120404975525727,7.42700000000715e-11
1960,0.5444444444444355,424,100,1.6381527454521657e-06,0.00911989828636042,7.43475000000716e-11
1961,0.5447222222222133,423,101,1.6380029390441e-06,0.009119391625344512,7.442750000007173e-11
1962,0.5449999999999912,422,102,1.6378556690085436e-06,0.009118884992476435,7.450750000007184e-11
1963,0.545277777777769,422,102,1.6377037111560379e-06,0.009118378387754634,7.459000000007195e-11
1964,0.5455555555555468,421,103,1.6375535586380823e-06,0.009117871811177534,7.467250000007206e-11
1965,0.5458333333333246,421,103,1.6374088783954337e-06,0.009117365262743583,7.475750000007218e-11
1966,0.5461111111111024,420,104,1.63726343453309e-06,0.009116858742451207,7.484250000007229e-11
1967,0.5463888888888803,420,104,1.637111330123887e-06,0.00911635225029885,7.492750000007242e-11
1968,0.5466666666666581,420,104,1.6369657321012043e-06,0.009115845786284944,7.501250000007252e-11
1969,0.5469444444444359,420,104,1.636813563631548e-06,0.00911533935040793,7.509750000007263e-11
1970,0.5472222222222137,421,104,1.6366746245169088e-06,0.00911483294266624,7.518250000007275e-11
1971,0.5474999999999915,421,104,1.6365279700598344e-06,0.009114326563058316,7.526750000007286e-11
1972,0.5477777777777694,421,104,1.6363765041783735e-06,0.00911382021158259,7.5352500000073e-11
1973,0.5480555555555472,421,104,1.6362250955810055e-06,0.009113313888237502,7.543750000007308e-11
1974,0.548333333333325,421,104,1.6360783769130325e-06,0.009112807593021488,7.552250000007322e-11
1975,0.5486111111111028,421,104,1.6359275310161806e-06,0.009112301325932989,7.560750000007334e-11
1976,0.5488888888888807,421,104,1.6357813369815641e-06,0.009111795086970437,7.569250000007345e-11
1977,0.5491666666666585,421,104,1.6356349251493944e-06,0.009111288876132273,7.577750000007357e-11
1978,0.5494444444444363,420,105,1.6354946883664678e-06,0.00911078269341693,7.586000000007367e-11
1979,0.5497222222222141,420,105,1.6353464905255404e-06,0.009110276538822853,7.594250000007381e-11
1980,0.5499999999999919,420,105,1.6351992743000643e-06,0.009109770412348474,7.602500000007391e-11
1981,0.5502777777777698,420,105,1.635051267937419e-06,0.009109264313992232,7.610750000007402e-11
1982,0.5505555555555476,420,105,1.6349003351731167e-06,0.009108758243752567,7.619000000007415e-11
1983,0.5508333333333254,420,105,1.6347476569080946e-06,0.009108252201627916,7.627250000007426e-11
1984,0.5511111111111032,420,105,1.6345962247026984e-06,0.009107746187616714,7.635500000007437e-11
1985,0.551388888888881,420,105,1.6344491528198508e-06,0.009107240201717402,7.643750000007451e-11
1986,0.5516666666666589,421,105,1.6342919510459565e-06,0.009106734243928416,7.652000000007461e-11
1987,0.5519444444444367,421,105,1.634141913540543e-06,0.0091062283142482,7.660250000007473e-11
1988,0.5522222222222145,421,105,1.6339963426519958e-06,0.009105722412675188,7.668500000007485e-11
1989,0.5524999999999923,421,105,1.6338440881036927e-06,0.009105216539207815,7.676750000007498e-11
1990,0.5527777777777702,421,105,1.6336935164439896e-06,0.009104710693844525,7.685000000007508e-11
1991,0.553055555555548,421,105,1.6335433032934596e-06,0.009104204876583756,7.69300000000752e-11
1992,0.5533333333333258,421,105,1.63338740007246e-06,0.009103699087423948,7.701000000007533e-11
1993,0.5536111111111036,421,105,1.633232834276304e-06,0.009103193326363536,7.709000000007544e-11
1994,0.5538888888888814,421,105,1.6330804258856603e-06,0.00910268759340096,7.717000000007557e-11
1995,0.5541666666666593,421,105,1.6329349484503126e-06,0.009102181888534662,7.725000000007568e-11
1996,0.5544444444444371,421,105,1.632783666951123e-06,0.009101676211763075,7.732750000007579e-11
1997,0.5547222222222149,421,105,1.6326329672344688e-06,0.009101170563084647,7.740750000007592e-11
1998,0.5549999999999927,421,106,1.6324800358286165e-06,0.009100664942497807,7.748750000007604e-11
1999,0.5552777777777705,421,106,1.6323314876400693e-06,0.009100159350001002,7.756750000007615e-11
2000,0.5555555555555484,421,106,1.6321758439306547e-06,0.009099653785592668,7.764750000007627e-11
2001,0.5558333333333262,421,106,1.6320234139489013e-06,0.009099148249271249,7.772750000007638e-11
2002,0.556111111111104,421,106,1.6318681669926285e-06,0.00909864274103518,7.78075000000765e-11
2003,0.5563888888888818,421,106,1.6317188477108993e-06,0.009098137260882896,7.788750000007661e-11
2004,0.5566666666666596,421,106,1.6315638429604277e-06,0.00909763180881285,7.796750000007675e-11
2005,0.5569444444444375,421,106,1.6314142842784256e-06,0.009097126384823472,7.804750000007686e-11
2006,0.5572222222222153,421,106,1.6312660157462771e-06,0.009096620988913203,7.812750000007699e-11
2007,0.5574999999999931,421,106,1.6311173050558247e-06,0.009096115621080484,7.820750000007711e-11
2008,0.5577777777777709,421,106,1.6309701646263285e-06,0.00909561028132376,7.829000000007722e-11
2009,0.5580555555555488,420,107,1.6308169251033306e-06,0.009095104969641464,7.837250000007735e-11
2010,0.5583333333333266,420,107,1.630664891054759e-06,0.00909459968603204,7.845500000007747e-11
2011,0.5586111111111044,420,107,1.6305073080012281e-06,0.009094094430493926,7.853750000007759e-11
2012,0.5588888888888822,421,107,1.6303532816305058e-06,0.009093589203025568,7.862000000007771e-11
2013,0.55916666666666,420,108,1.6302063623010913e-06,0.0090930840036254,7.870250000007783e-11
2014,0.5594444444444379,420,108,1.6300519026696277e-06,0.009092578832291866,7.878750000007795e-11
2015,0.5597222222222157,419,109,1.6298961845609992e-06,0.009092073689023403,7.887250000007807e-11
2016,0.5599999999999935,419,109,1.629742125482369e-06,0.009091568573818461,7.895750000007819e-11
2017,0.5602777777777713,419,109,1.6295933655059093e-06,0.009091063486675469,7.904000000007832e-11
2018,0.5605555555555491,419,109,1.6294404491701046e-06,0.009090558427592876,7.912250000007843e-11
2019,0.560833333333327,419,109,1.6292875860897896e-06,0.00909005339656912,7.920750000007855e-11
2020,0.5611111111111048,419,110,1.6291364824034464e-06,0.009089548393602645,7.929500000007867e-11
2021,0.5613888888888826,418,111,1.6289857944536748e-06,0.009089043418691892,7.93825000000788e-11
2022,0.5616666666666604,418,111,1.6288339300731597e-06,0.009088538471835297,7.947000000007892e-11
2023,0.5619444444444383,418,111,1.6286807923009129e-06,0.009088033553031305,7.955750000007903e-11
2024,0.5622222222222161,418,111,1.6285365279641827e-06,0.00908752866227836,7.964500000007915e-11
2025,0.5624999999999939,418,111,1.628388432052907e-06,0.009087023799574902,7.973250000007928e-11
2026,0.5627777777777717,418,111,1.6282501204887709e-06,0.009086518964919368,7.982000000007941e-11
2027,0.5630555555555495,418,111,1.6281125018949753e-06,0.009086014158310209,7.991000000007952e-11
2028,0.5633333333333274,417,112,1.6279725211896402e-06,0.009085509379745858,8.000000000007965e-11
2029,0.5636111111111052,417,112,1.627831777252723e-06,0.00908500462922476,8.009000000007978e-11
2030,0.563888888888883,417,112,1.6276860766521624e-06,0.009084499906745359,8.018000000007989e-11
2031,0.5641666666666608,417,112,1.6275421053255425e-06,0.009083995212306096,8.027000000008001e-11
2032,0.5644444444444386,417,112,1.6273945470737995e-06,0.009083490545905413,8.036000000008014e-11
2033,0.5647222222222165,417,112,1.6272496212918272e-06,0.00908298590754175,8.045000000008027e-11
2034,0.5649999999999943,417,112,1.6271088413503884e-06,0.009082481297213554,8.054000000008038e-11
2035,0.5652777777777721,418,112,1.6269661042883011e-06,0.009081976714919265,8.06300000000805e-11
2036,0.5655555555555499,418,112,1.6268185660671278e-06,0.009081472160657324,8.072000000008063e-11
2037,0.5658333333333277,418,112,1.6266769312177312e-06,0.009080967634426177,8.081000000008074e-11
2038,0.5661111111111056,418,112,1.6265365281185399e-06,0.009080463136224265,8.090000000008087e-11
2039,0.5663888888888834,418,112,1.6263821999323022e-06,0.00907995866605003,8.099000000008101e-11
2040,0.5666666666666612,418,112,1.6262307170124047e-06,0.009079454223901917,8.108000000008113e-11
2041,0.566944444444439,418,112,1.626076655173371e-06,0.009078949809778367,8.116500000008126e-11
2042,0.5672222222222169,418,112,1.6259234280603981e-06,0.009078445423677825,8.125250000008137e-11
2043,0.5674999999999947,417,113,1.6257682996305286e-06,0.009077941065598734,8.134000000008149e-11
2044,0.5677777777777725,417,113,1.625628523046514e-06,0.009077436735539533,8.142750000008162e-11
2045,0.5680555555555503,418,113,1.6254788444858442e-06,0.00907693243349867,8.151500000008174e-11
2046,0.5683333333333281,418,113,1.6253359557210262e-06,0.009076428159474586,8.160250000008187e-11
2047,0.568611111111106,418,113,1.6251934650951132e-06,0.009075923913465728,8.1690000000082e-11
2048,0.5688888888888838,418,113,1.625053009619206e-06,0.009075419695470537,8.177750000008212e-11
2049,0.5691666666666616,418,113,1.6249083302999194e-06,0.009074915505487452,8.186500000008226e-11
2050,0.5694444444444394,418,113,1.6247638697249708e-06,0.009074411343514928,8.195250000008238e-11
2051,0.5697222222222172,418,113,1.6246119633843782e-06,0.009073907209551398,8.204000000008251e-11
2052,0.5699999999999951,418,113,1.6244617913618962e-06,0.00907340310359531,8.213000000008262e-11
2053,0.5702777777777729,419,114,1.624316761224079e-06,0.009072899025645113,8.222000000008275e-11
2054,0.5705555555555507,419,114,1.624172636886121e-06,0.009072394975699245,8.231000000008288e-11
2055,0.5708333333333285,419,114,1.6240246057592763e-06,0.009071890953756148,8.240000000008301e-11
2056,0.5711111111111064,420,114,1.6238817132949598e-06,0.009071386959814276,8.249000000008312e-11
2057,0.5713888888888842,420,114,1.6237363771512879e-06,0.009070882993872063,8.258250000008324e-11
2058,0.571666666666662,420,115,1.6235879465145305e-06,0.009070379055927957,8.267500000008339e-11
2059,0.5719444444444398,420,115,1.623447569661101e-06,0.009069875145980408,8.27675000000835e-11
2060,0.5722222222222176,420,115,1.623299026361173e-06,0.009069371264027853,8.286000000008363e-11
2061,0.5724999999999955,420,115,1.6231506023339778e-06,0.00906886741006874,8.295250000008376e-11
2062,0.5727777777777733,420,115,1.6230051211697645e-06,0.009068363584101515,8.304500000008389e-11
2063,0.5730555555555511,420,115,1.6228541838194606e-06,0.009067859786124623,8.313750000008401e-11
2064,0.5733333333333289,420,115,1.6227074464143798e-06,0.009067356016136504,8.323000000008416e-11
2065,0.5736111111111067,420,115,1.6225629412358153e-06,0.009066852274135607,8.332250000008427e-11
2066,0.5738888888888846,420,115,1.6224203028299778e-06,0.009066348560120377,8.34150000000844e-11
2067,0.5741666666666624,420,115,1.6222706476349355e-06,0.00906584487408926,8.350750000008454e-11
2068,0.5744444444444402,421,115,1.622125340971577e-06,0.0090653412160407,8.360000000008466e-11
2069,0.574722222222218,421,115,1.6219817304310075e-06,0.009064837585973142,8.369000000008478e-11
2070,0.5749999999999958,421,115,1.6218341345106656e-06,0.009064333983885032,8.378000000008491e-11
2071,0.5752777777777737,421,115,1.6216841081664566e-06,0.009063830409774818,8.387000000008505e-11
2072,0.5755555555555515,421,115,1.621532339793602e-06,0.009063326863640942,8.396000000008516e-11
2073,0.5758333333333293,421,115,1.6213871957359383e-06,0.009062823345481849,8.40500000000853e-11
2074,0.5761111111111071,421,115,1.6212386966574448e-06,0.00906231985529599,8.414000000008543e-11
2075,0.576388888888885,421,115,1.6210917769194634e-06,0.009061816393081809,8.423000000008555e-11
2076,0.5766666666666628,421,115,1.6209387783768035e-06,0.009061312958837745,8.432250000008569e-11
2077,0.5769444444444406,421,116,1.6207957873404031e-06,0.009060809552562258,8.441500000008582e-11
2078,0.5772222222222184,421,116,1.6206489623552985e-06,0.009060306174253782,8.451000000008594e-11
2079,0.5774999999999962,420,117,1.6205021651862197e-06,0.009059802823910768,8.460500000008607e-11
2080,0.5777777777777741,421,117,1.6203530115949889e-06,0.009059299501531663,8.470000000008621e-11
2081,0.5780555555555519,421,117,1.6201973701133357e-06,0.009058796207114911,8.479500000008634e-11
2082,0.5783333333333297,421,117,1.6200424480990215e-06,0.00905829294065896,8.489000000008647e-11
2083,0.5786111111111075,421,117,1.6198898871174824e-06,0.009057789702162256,8.49850000000866e-11
2084,0.5788888888888853,421,117,1.6197381453037423e-06,0.009057286491623249,8.508000000008673e-11
2085,0.5791666666666632,421,117,1.619579312587361e-06,0.00905678330904038,8.517500000008686e-11
2086,0.579444444444441,421,117,1.6194230153400872e-06,0.0090562801544121,8.527000000008698e-11
2087,0.5797222222222188,421,117,1.6192738968313993e-06,0.009055777027736857,8.536500000008712e-11
2088,0.5799999999999966,421,117,1.6191203478057165e-06,0.009055273929013091,8.546000000008725e-11
2089,0.5802777777777745,421,117,1.6189687501225017e-06,0.00905477085823926,8.555500000008738e-11
2090,0.5805555555555523,421,117,1.6188114640075989e-06,0.0090542678154138,8.565000000008751e-11
2091,0.5808333333333301,421,117,1.6186550400730886e-06,0.009053764800535168,8.574500000008764e-11
2092,0.5811111111111079,421,117,1.6185028093740002e-06,0.009053261813601806,8.584000000008777e-11
2093,0.5813888888888857,421,117,1.6183447698668786e-06,0.00905275885461216,8.593500000008791e-11
2094,0.5816666666666636,421,117,1.618193616264918e-06,0.009052255923564682,8.603250000008804e-11
2095,0.5819444444444414,420,118,1.6180401903767714e-06,0.009051753020457819,8.613000000008815e-11
2096,0.5822222222222192,420,118,1.6178889376381004e-06,0.009051250145290016,8.622750000008829e-11
2097,0.582499999999997,420,118,1.617734611155653e-06,0.00905074729805972,8.632500000008843e-11
2098,0.5827777777777748,420,118,1.617581655623429e-06,0.009050244478765386,8.642250000008857e-11
2099,0.5830555555555527,420,118,1.6174304830349495e-06,0.009049741687405457,8.652000000008869e-11
2100,0.5833333333333305,420,118,1.6172785641698366e-06,0.009049238923978376,8.661750000008882e-11
2101,0.5836111111111083,421,118,1.6171349498291982e-06,0.009048736188482601,8.671500000008897e-11
2102,0.5838888888888861,421,118,1.6169880282919806e-06,0.009048233480916573,8.68125000000891e-11
2103,0.584166666666664,421,118,1.6168333054291572e-06,0.009047730801278747,8.691000000008922e-11
2104,0.5844444444444418,421,118,1.6166864000634444e-06,0.009047228149567564,8.701000000008935e-11
2105,0.5847222222222196,420,119,1.61653965560864e-06,0.009046725525781474,8.711000000008949e-11
2106,0.5849999999999974,420,119,1.6163890340168485e-06,0.019683105510889524,8.721000000008962e-11
2107,0.5852777777777752,420,118,1.6162372567399704e-06,0.01968201200502781,8.731000000008976e-11
2108,0.585555555555553,420,118,1.6160866782284925e-06,0.01968091855991642,8.741000000008989e-11
2109,0.5858333333333309,420,118,1.6159398806717497e-06,0.01967982517555198,8.751000000009002e-11
2110,0.5861111111111087,420,118,1.6157873404659188e-06,0.019678731851931117,8.761000000009016e-11
2111,0.5863888888888865,420,118,1.615641941878021e-06,0.049768244558599364,8.771000000009029e-11
2112,0.5866666666666643,421,116,1.615489536086881e-06,0.04976547965612389,8.781000000009043e-11
2113,0.5869444444444422,421,116,1.6153387634373834e-06,0.04976271490725412,8.791000000009057e-11
2114,0.58722222222222,422,116,1.6151858898778816e-06,0.04975995031198149,8.801000000009071e-11
2115,0.5874999999999978,422,116,1.6150278444373324e-06,0.04975718587029748,8.811000000009084e-11
2116,0.5877777777777756,422,116,1.614876767066214e-06,0.04975442158219359,8.821250000009097e-11
2117,0.5880555555555534,421,117,1.614730778011226e-06,0.04975165744766125,8.83150000000911e-11
2118,0.5883333333333313,421,117,1.6145754464105368e-06,0.04974889346669194,8.841500000009123e-11
2119,0.5886111111111091,421,117,1.614422317715858e-06,0.04974612963927712,8.851500000009137e-11
2120,0.5888888888888869,421,117,1.614268356610219e-06,0.04974336596540828,8.86150000000915e-11
2121,0.5891666666666647,421,117,1.6141167429263719e-06,0.049740602445076866,8.871500000009165e-11
2122,0.5894444444444426,421,117,1.6139653728682597e-06,0.049737839078274365,8.881500000009178e-11
2123,0.5897222222222204,421,117,1.6138145079132738e-06,0.04973507586499224,8.891500000009192e-11
2124,0.5899999999999982,421,117,1.6136597926552852e-06,0.04973231280522196,8.901750000009206e-11
2125,0.590277777777776,420,118,1.6135125155996956e-06,0.049729549898955006,8.91200000000922e-11
2126,0.5905555555555538,420,118,1.613366153254698e-06,0.049726787146182845,8.922250000009233e-11
2127,0.5908333333333317,420,118,1.613218688782235e-06,0.04972402454689694,8.932500000009246e-11
2128,0.5911111111111095,420,118,1.6130712578816642e-06,0.049721262101088785,8.94275000000926e-11
2129,0.5913888888888873,420,118,1.6129179342571642e-06,0.04971849980874984,8.953000000009275e-11
2130,0.5916666666666651,420,118,1.6127668977563764e-06,0.04971573766987158,8.963250000009288e-11
2131,0.5919444444444429,420,118,1.6126196631156809e-06,0.04971297568444547,8.973500000009301e-11
2132,0.5922222222222208,420,118,1.6124669047607798e-06,0.049710213852463006,8.983750000009315e-11
2133,0.5924999999999986,420,118,1.612318523152498e-06,0.04970745217391565,8.994000000009329e-11
2134,0.5927777777777764,420,118,1.6121754966911366e-06,0.049704690648794875,9.004500000009343e-11
2135,0.5930555555555542,419,119,1.6120300145872558e-06,0.04970192927709217,9.015000000009356e-11
2136,0.593333333333332,419,119,1.6118811720278666e-06,0.049699168058799,9.025500000009372e-11
2137,0.5936111111111099,419,119,1.6117311262521507e-06,0.049696406993906844,9.036000000009384e-11
2138,0.5938888888888877,419,119,1.6115804437764468e-06,0.04969364608240717,9.046500000009398e-11
2139,0.5941666666666655,419,119,1.6114298719756485e-06,0.049690885324291494,9.057000000009411e-11
2140,0.5944444444444433,419,119,1.6112816972783398e-06,0.04968812471955125,9.067500000009426e-11
2141,0.5947222222222212,419,119,1.6111295384797005e-06,0.049685364268177955,9.07800000000944e-11
2142,0.594999999999999,419,119,1.6109793447346452e-06,0.04968260397016306,9.088500000009454e-11
2143,0.5952777777777768,419,119,1.6108263729808305e-06,0.04967984382549805,9.099000000009467e-11
2144,0.5955555555555546,419,119,1.610676376015031e-06,0.04967708383417441,9.109500000009483e-11
2145,0.5958333333333324,419,119,1.6105243880100331e-06,0.04967432399618363,9.120000000009495e-11
2146,0.5961111111111103,419,119,1.6103763780769275e-06,0.04967156431151717,9.130500000009509e-11
2147,0.5963888888888881,419,119,1.6102227649781912e-06,0.04966880478016653,9.141000000009524e-11
2148,0.5966666666666659,419,119,1.6100737339983365e-06,0.06001503794766644,9.151250000009537e-11
2149,0.5969444444444437,419,118,1.6099195376668249e-06,0.06001170377889157,9.161500000009551e-11
2150,0.5972222222222215,419,118,1.6097705848461974e-06,0.06000836979534829,9.171750000009565e-11
2151,0.5974999999999994,419,118,1.609624964662868e-06,0.06000503599702632,9.182000000009581e-11
2152,0.5977777777777772,419,118,1.6094674766862038e-06,0.06000170238391539,9.192250000009594e-11
2153,0.598055555555555,419,118,1.6093131490182349e-06,0.059998368956005174,9.202500000009607e-11
2154,0.5983333333333328,419,118,1.6091598207893101e-06,0.05999503571328539,9.212750000009621e-11
2155,0.5986111111111106,419,118,1.609007249558477e-06,0.05999170265574577,9.223000000009635e-11
2156,0.5988888888888885,420,118,1.6088560407685096e-06,0.05998836978337602,9.23325000000965e-11
2157,0.5991666666666663,420,118,1.6087002543809753e-06,0.05998503709616583,9.243500000009664e-11
2158,0.5994444444444441,420,118,1.6085545452293637e-06,0.05998170459410493,9.253750000009677e-11
2159,0.5997222222222219,421,118,1.6083984997688858e-06,0.05997837227718305,9.264000000009691e-11
2160,0.5999999999999998,421,118,1.6082461402127994e-06,0.05997504014538986,9.274500000009706e-11
2161,0.6002777777777776,420,119,1.6080953911525003e-06,0.05997170819871513,9.285000000009721e-11
2162,0.6005555555555554,420,119,1.607946016372008e-06,0.059968376437148516,9.295500000009735e-11
2163,0.6008333333333332,420,119,1.6077906365179643e-06,0.0599650448606798,9.306000000009749e-11
2164,0.601111111111111,420,119,1.607640464213963e-06,0.05996171346929865,9.316500000009763e-11
2165,0.6013888888888889,420,119,1.6074912561735402e-06,0.059958382262994804,9.327000000009778e-11
2166,0.6016666666666667,420,119,1.607338896213191e-06,0.05995505124175798,9.337500000009792e-11
2167,0.6019444444444445,420,119,1.607187348246428e-06,0.05995172040557788,9.348250000009806e-11
2168,0.6022222222222223,419,120,1.6070382674639992e-06,0.05994838975444425,9.359000000009821e-11
2169,0.6025000000000001,419,120,1.6068869377132186e-06,0.05994505928834677,9.369750000009835e-11
2170,0.602777777777778,419,120,1.6067333493867114e-06,0.05994172900727521,9.380500000009849e-11
2171,0.6030555555555558,419,120,1.6065779315462804e-06,0.05993839891121922,9.391250000009865e-11
2172,0.6033333333333336,419,120,1.6064243986922072e-06,0.05993506900016861,9.402000000009877e-11
2173,0.6036111111111114,419,120,1.6062730886579544e-06,0.059931739274113056,9.412750000009893e-11
2174,0.6038888888888893,419,120,1.6061172560146895e-06,0.05992840973304228,9.423500000009908e-11
2175,0.6041666666666671,419,120,1.6059606890979252e-06,0.05992508037694601,9.434250000009921e-11
2176,0.6044444444444449,420,120,1.6058088019284517e-06,0.05992175120581395,9.445000000009936e-11
2177,0.6047222222222227,420,120,1.6056561587005163e-06,0.05991842221963585,9.45575000000995e-11
2178,0.6050000000000005,420,120,1.605505049601121e-06,0.059915093418401434,9.466750000009964e-11
2179,0.6052777777777784,419,121,1.6053522742221441e-06,0.0599117648021004,9.477750000009978e-11
2180,0.6055555555555562,419,121,1.6051966727746916e-06,0.059908436370722504,9.488750000009992e-11
2181,0.605833333333334,419,121,1.6050499347403379e-06,0.05990510812425747,9.499750000010008e-11
2182,0.6061111111111118,419,121,1.6049039865993848e-06,0.059901780062695024,9.510750000010023e-11
2183,0.6063888888888896,419,121,1.6047548241990429e-06,0.05989845218602486,9.521750000010036e-11
2184,0.6066666666666675,419,121,1.6046036488831788e-06,0.05989512449423676,9.532750000010052e-11
2185,0.6069444444444453,419,121,1.6044528357716148e-06,0.05989179698732041,9.543750000010066e-11
2186,0.6072222222222231,419,121,1.6042958633397836e-06,0.059888469665265565,9.55525000001008e-11
2187,0.6075000000000009,417,123,1.6041471237034678e-06,0.05988514252806193,9.566750000010095e-11
2188,0.6077777777777787,417,123,1.6039924838801866e-06,0.059881815575699264,9.57825000001011e-11
2189,0.6080555555555566,417,123,1.6038386395823198e-06,0.0598784888081673,9.589500000010126e-11
2190,0.6083333333333344,417,123,1.6036774330251677e-06,0.05987516222545572,9.60075000001014e-11
2191,0.6086111111111122,417,123,1.6035203995263232e-06,0.05987183582755431,9.612000000010154e-11
2192,0.60888888888889,417,123,1.6033659290622213e-06,0.059868509614452795,9.623000000010169e-11
2193,0.6091666666666679,417,123,1.6032126760147657e-06,0.05986518358614088,9.634000000010183e-11
2194,0.6094444444444457,417,123,1.603048169421638e-06,0.05986185774260831,9.645000000010199e-11
2195,0.6097222222222235,417,123,1.6028935245396936e-06,0.05985853208384484,9.656000000010212e-11
2196,0.6100000000000013,417,123,1.6027388989235467e-06,0.059855206609840186,9.667000000010227e-11
2197,0.6102777777777791,417,123,1.6025869932514238e-06,0.07017022113555067,9.678000000010243e-11
2198,0.610555555555557,417,122,1.602429079081493e-06,0.07016632278993203,9.689000000010257e-11
2199,0.6108333333333348,417,122,1.602274617503699e-06,0.07016242466088815,9.70000000001027e-11
2200,0.6111111111111126,417,122,1.602122766569494e-06,0.070158526748407,9.711000000010288e-11
2201,0.6113888888888904,418,122,1.60196868635696e-06,0.07015462905247652,9.722000000010302e-11
2202,0.6116666666666682,418,122,1.6018223682925138e-06,0.08041564741251064,9.733250000010317e-11
2203,0.6119444444444461,417,122,1.6016732876421107e-06,0.0804111798765433,9.744250000010332e-11
2204,0.6122222222222239,417,122,1.601520641514691e-06,0.08040671258877236,9.755250000010347e-11
2205,0.6125000000000017,417,122,1.601372788613581e-06,0.08040224554918411,9.766500000010361e-11
2206,0.6127777777777795,416,123,1.6012284969593383e-06,0.08039777875776472,9.777750000010375e-11
2207,0.6130555555555574,417,123,1.6010844094551418e-06,0.0803933122145004,9.788750000010392e-11
2208,0.6133333333333352,417,123,1.6009312946781147e-06,0.08038884591937737,9.799750000010407e-11
2209,0.613611111111113,417,123,1.6007815878170986e-06,0.08038437987238187,9.81075000001042e-11
2210,0.6138888888888908,417,123,1.6006298555451936e-06,0.08037991407350005,9.821500000010435e-11
2211,0.6141666666666686,417,123,1.6004789280389012e-06,0.08037544852271819,9.832250000010452e-11
2212,0.6144444444444465,417,123,1.6003244157933943e-06,0.08037098322002248,9.843000000010468e-11
2213,0.6147222222222243,417,123,1.6001756455978115e-06,0.08036651816539916,9.85375000001048e-11
2214,0.6150000000000021,417,123,1.6000243381453306e-06,0.08036205335883442,9.864500000010497e-11
2215,0.6152777777777799,417,123,1.5998773223527497e-06,0.08035758880031448,9.875250000010513e-11
2216,0.6155555555555577,417,123,1.59972170718301e-06,0.08035312448982557,9.886250000010529e-11
2217,0.6158333333333356,416,124,1.599571329100126e-06,0.08034866042735392,9.897250000010542e-11
2218,0.6161111111111134,416,124,1.5994202199805013e-06,0.08034419661288575,9.908250000010557e-11
2219,0.6163888888888912,417,124,1.5992704286172638e-06,0.08033973304640724,9.919250000010573e-11
2220,0.616666666666669,417,124,1.5991224690106414e-06,0.08033526972790468,9.930500000010589e-11
2221,0.6169444444444468,416,125,1.5989713450772183e-06,0.08033080665736424,9.941750000010606e-11
2222,0.6172222222222247,416,125,1.59882132576447e-06,0.08032634383477218,9.95300000001062e-11
2223,0.6175000000000025,416,125,1.5986783231277945e-06,0.08032188126011466,9.964250000010636e-11
2224,0.6177777777777803,416,125,1.5985293681648405e-06,0.080317418933378,9.975500000010651e-11
2225,0.6180555555555581,416,125,1.5983772853966739e-06,0.08031295685454838,9.986750000010666e-11
2226,0.618333333333336,416,125,1.5982255502247616e-06,0.08030849502361201,9.998000000010682e-11
2227,0.6186111111111138,416,125,1.598076681482005e-06,0.08030403344055514,1.0009250000010696e-10
2228,0.6188888888888916,417,125,1.5979196402234785e-06,0.08029957210536401,1.0020500000010712e-10
2229,0.6191666666666694,417,125,1.5977714300836745e-06,0.08029511101802483,1.0031750000010728e-10
2230,0.6194444444444472,417,125,1.5976176805267348e-06,0.08029065017852383,1.0043000000010743e-10
2231,0.6197222222222251,417,125,1.5974712648445102e-06,0.08028618958684723,1.005400000001076e-10
2232,0.6200000000000029,417,125,1.5973268080831295e-06,0.0802817292429813,1.0065000000010775e-10
2233,0.6202777777777807,417,125,1.597182820950688e-06,0.08027726914691226,1.0076250000010789e-10
2234,0.6205555555555585,416,126,1.5970346781503123e-06,0.08027280929862633,1.0087250000010804e-10
2235,0.6208333333333363,416,126,1.5968866075653474e-06,0.08026834969810973,1.009825000001082e-10
2236,0.6211111111111142,416,126,1.5967438444770597e-06,0.08026389034534873,1.0109000000010837e-10
2237,0.621388888888892,416,126,1.5965971287205102e-06,0.08025943124032953,1.0119750000010852e-10
2238,0.6216666666666698,416,126,1.596451902112387e-06,0.08025497238303841,1.0130500000010868e-10
2239,0.6219444444444476,416,126,1.5963034543097222e-06,0.08025051377346158,1.0141250000010882e-10
2240,0.6222222222222255,416,126,1.5961555243331746e-06,0.08024605541158529,1.0152000000010897e-10
2241,0.6225000000000033,416,126,1.5960108702492876e-06,0.08024159729739576,1.0162750000010913e-10
2242,0.6227777777777811,416,126,1.5958666413147884e-06,0.08023713943087923,1.017350000001093e-10
2243,0.6230555555555589,416,126,1.5957202085108691e-06,0.08023268181202196,1.0184250000010945e-10
2244,0.6233333333333367,416,126,1.5955738497893925e-06,0.0802282244408102,1.0195250000010958e-10
2245,0.6236111111111146,415,127,1.5954302696142342e-06,0.08022376731723013,1.0206250000010976e-10
2246,0.6238888888888924,415,127,1.5952869383082474e-06,0.08021931044126808,1.021725000001099e-10
2247,0.6241666666666702,415,127,1.5951419383101122e-06,0.09079666313872148,1.0228250000011007e-10
2248,0.624444444444448,415,126,1.594992234015628e-06,0.09079161887965824,1.0239250000011021e-10
2249,0.6247222222222258,416,126,1.5948442015571142e-06,0.09078657490083158,1.0250250000011037e-10
2250,0.6250000000000037,416,126,1.5947005271488113e-06,0.09078153120222596,1.0261250000011055e-10
2251,0.6252777777777815,416,126,1.594549708046309e-06,0.09077648778382585,1.0272250000011068e-10
2252,0.6255555555555593,416,126,1.5944015653156348e-06,0.09077144464561565,1.0283250000011086e-10
2253,0.6258333333333371,416,126,1.5942498622201963e-06,0.0907664017875798,1.02940000000111e-10
2254,0.626111111111115,416,126,1.5941076270427914e-06,0.09076135920970269,1.0304500000011116e-10
2255,0.6263888888888928,416,126,1.593961726696875e-06,0.09075631691196882,1.0315000000011132e-10
2256,0.6266666666666706,416,126,1.5938127631449406e-06,0.0907512748943626,1.0325500000011148e-10
2257,0.6269444444444484,416,126,1.5936684076637623e-06,0.0907462331568685,1.0336000000011165e-10
2258,0.6272222222222262,417,126,1.593517881444691e-06,0.09074119169947088,1.034650000001118e-10
2259,0.627500000000004,417,126,1.5933694530005568e-06,0.09073615052215424,1.0357000000011196e-10
2260,0.6277777777777819,416,127,1.5932203161355806e-06,0.09073110962490301,1.0367500000011212e-10
2261,0.6280555555555597,416,127,1.5930697013852407e-06,0.09072606900770164,1.0378000000011228e-10
2262,0.6283333333333375,416,127,1.592917126899926e-06,0.09072102867053453,1.0388250000011242e-10
2263,0.6286111111111153,416,127,1.5927669645610317e-06,0.0907159886133862,1.039850000001126e-10
2264,0.6288888888888932,416,127,1.5926161863625592e-06,0.090710948836241,1.0408750000011275e-10
2265,0.629166666666671,416,127,1.5924670242352382e-06,0.09070590933908344,1.0419000000011293e-10
2266,0.6294444444444488,416,127,1.592311825412362e-06,0.09070087012189794,1.0429250000011308e-10
2267,0.6297222222222266,416,127,1.5921508695848334e-06,0.09069583118466894,1.0439250000011322e-10
2268,0.6300000000000044,416,127,1.591999989979836e-06,0.09069079252738091,1.0449250000011339e-10
2269,0.6302777777777823,416,127,1.5918436151886222e-06,0.09068575415001826,1.0459250000011355e-10
2270,0.6305555555555601,416,127,1.591689384839432e-06,0.0906807160525655,1.0469250000011371e-10
2271,0.6308333333333379,416,127,1.5915349552754661e-06,0.09067567823500702,1.0479250000011388e-10
2272,0.6311111111111157,416,127,1.5913773888363638e-06,0.09067064069732732,1.0489250000011404e-10
2273,0.6313888888888936,416,127,1.5912209167316994e-06,0.09066560343951079,1.049925000001142e-10
2274,0.6316666666666714,416,127,1.5910653203661781e-06,0.10093817715221187,1.0509250000011435e-10
2275,0.6319444444444492,416,126,1.5909116359862117e-06,0.10093256947570342,1.0519250000011453e-10
2276,0.632222222222227,416,126,1.590764362769042e-06,0.10092696211073254,1.0529000000011467e-10
2277,0.6325000000000048,416,126,1.5906101097576869e-06,0.10092135505728196,1.0538750000011482e-10
2278,0.6327777777777827,416,126,1.5904571019724055e-06,0.10091574831533433,1.05485000000115e-10
2279,0.6330555555555605,417,126,1.590305409557161e-06,0.1116819700731387,1.0558250000011515e-10
2280,0.6333333333333383,417,125,1.5901528388498187e-06,0.11167576551924575,1.0567750000011532e-10
2281,0.6336111111111161,417,125,1.5900071180015198e-06,0.11166956131005025,1.0577250000011548e-10
2282,0.6338888888888939,417,125,1.5898513009769788e-06,0.11166335744553305,1.0586500000011564e-10
2283,0.6341666666666718,417,125,1.5897021838067425e-06,0.11165715392567495,1.059575000001158e-10
2284,0.6344444444444496,417,125,1.589551100584894e-06,0.11165095075045688,1.0605000000011596e-10
2285,0.6347222222222274,417,125,1.5893963447631878e-06,0.11164474791985962,1.0614250000011612e-10
2286,0.6350000000000052,417,125,1.5892455706944898e-06,0.11163854543386408,1.0623500000011628e-10
2287,0.635277777777783,417,125,1.5890972352795948e-06,0.1116323432924511,1.0633000000011645e-10
2288,0.6355555555555609,416,126,1.5889512325578225e-06,0.11162614149560152,1.0642500000011659e-10
2289,0.6358333333333387,416,126,1.5888037401976644e-06,0.11161994004329621,1.0652000000011679e-10
2290,0.6361111111111165,416,126,1.5886569016068455e-06,0.11161373893551602,1.0661500000011693e-10
2291,0.6363888888888943,416,126,1.5885069316466018e-06,0.11160753817224185,1.0670750000011711e-10
2292,0.6366666666666722,416,126,1.5883642052521837e-06,0.11160133775345449,1.0680000000011727e-10
2293,0.63694444444445,416,126,1.5882130804049407e-06,0.11159513767913486,1.0689250000011743e-10
2294,0.6372222222222278,416,126,1.58805937500664e-06,0.11158893794926382,1.069850000001176e-10
2295,0.6375000000000056,416,126,1.587912693129127e-06,0.1115827385638222,1.0707750000011775e-10
2296,0.6377777777777834,416,126,1.587759280158884e-06,0.11157653952279085,1.0717000000011792e-10
2297,0.6380555555555613,416,126,1.587613655171782e-06,0.11157034082615071,1.0726250000011808e-10
2298,0.6383333333333391,416,126,1.5874665118543865e-06,0.1115641424738826,1.0735500000011825e-10
2299,0.6386111111111169,416,126,1.5873176595748267e-06,0.1115579444659674,1.0744500000011841e-10
2300,0.6388888888888947,416,126,1.5871671610431904e-06,0.11155174680238597,1.0753500000011859e-10
2301,0.6391666666666725,416,126,1.587014645787388e-06,0.11154554948311916,1.0762500000011874e-10
2302,0.6394444444444504,416,126,1.5868625277611994e-06,0.11153935250814787,1.0771500000011892e-10
2303,0.6397222222222282,417,126,1.5867095178594148e-06,0.11153315587745297,1.0780500000011907e-10
2304,0.640000000000006,417,126,1.586559849267471e-06,0.11152695959101536,1.0789750000011923e-10
2305,0.6402777777777838,416,127,1.5864054339049902e-06,0.11152076364881584,1.0799000000011942e-10
2306,0.6405555555555617,416,127,1.5862501861568255e-06,0.11151456805083537,1.0808250000011958e-10
2307,0.6408333333333395,416,127,1.58610049875498e-06,0.11150837279705475,1.0817500000011974e-10
2308,0.6411111111111173,416,127,1.5859505472004802e-06,0.11150217788745496,1.082700000001199e-10
2309,0.6413888888888951,415,128,1.585793580106932e-06,0.11149598332201674,1.0836500000012006e-10
2310,0.6416666666666729,415,128,1.585645105102483e-06,0.11148978910072105,1.0846000000012023e-10
2311,0.6419444444444508,415,128,1.585493122461331e-06,0.11148359522354881,1.085550000001204e-10
2312,0.6422222222222286,415,128,1.5853395103579416e-06,0.11147740169048086,1.0865000000012057e-10
2313,0.6425000000000064,415,128,1.5851894882996727e-06,0.11147120850149804,1.0874500000012072e-10
2314,0.6427777777777842,416,128,1.5850369773166534e-06,0.11146501565658128,1.0884000000012089e-10
2315,0.643055555555562,416,128,1.5848851649029223e-06,0.1114588231557115,1.0893500000012106e-10
2316,0.6433333333333399,416,128,1.584733803265536e-06,0.11145263099886951,1.0903000000012124e-10
2317,0.6436111111111177,417,128,1.5845841057525323e-06,0.11144643918603629,1.0912500000012141e-10
2318,0.6438888888888955,417,128,1.5844308771136086e-06,0.1114402477171926,1.0922000000012158e-10
2319,0.6441666666666733,417,128,1.5842757370572963e-06,0.11143405659231939,1.0931250000012174e-10
2320,0.6444444444444511,417,128,1.5841192203243377e-06,0.11142786581139762,1.0940250000012192e-10
2321,0.644722222222229,417,128,1.5839642092138249e-06,0.1114216753744081,1.0949000000012209e-10
2322,0.6450000000000068,417,128,1.5838109612150382e-06,0.11141548528133179,1.0957750000012224e-10
2323,0.6452777777777846,417,128,1.5836629945907083e-06,0.11140929553214947,1.096625000001224e-10
2324,0.6455555555555624,418,128,1.5835071061996182e-06,0.11140310612684211,1.0974750000012259e-10
2325,0.6458333333333403,418,128,1.5833610719678079e-06,0.11139691706539064,1.0983250000012275e-10
2326,0.6461111111111181,417,129,1.5832133329063352e-06,0.11139072834777591,1.0991750000012292e-10
2327,0.6463888888888959,417,129,1.5830639945088355e-06,0.11138453997397878,1.1000250000012309e-10
2328,0.6466666666666737,417,129,1.582908744617658e-06,0.11137835194398024,1.1008750000012325e-10
2329,0.6469444444444515,417,129,1.5827603313232692e-06,0.11137216425776118,1.1017250000012343e-10
2330,0.6472222222222294,417,129,1.5826066338876909e-06,0.1113659769153024,1.1025750000012358e-10
2331,0.6475000000000072,417,129,1.5824520115271069e-06,0.11135978991658485,1.1034250000012374e-10
2332,0.647777777777785,417,129,1.5823012730460616e-06,0.11135360326158952,1.1042750000012393e-10
2333,0.6480555555555628,417,129,1.582149239020587e-06,0.1113474169502972,1.105125000001241e-10
2334,0.6483333333333406,417,129,1.581997232687546e-06,0.11134123098268885,1.1059750000012426e-10
2335,0.6486111111111185,417,129,1.5818447971786643e-06,0.11133504535874537,1.1068250000012443e-10
2336,0.6488888888888963,417,129,1.5816886690031356e-06,0.11132886007844768,1.107700000001246e-10
2337,0.6491666666666741,416,130,1.581541423381319e-06,0.11132267514177666,1.1085500000012479e-10
2338,0.6494444444444519,416,130,1.5813921613413596e-06,0.11131649054871323,1.1094000000012495e-10
2339,0.6497222222222298,416,130,1.581236853934221e-06,0.11131030629923833,1.1102500000012511e-10
2340,0.6500000000000076,416,130,1.5810836060216906e-06,0.11130412239333282,1.1111000000012528e-10
2341,0.6502777777777854,416,130,1.5809392357382111e-06,0.11129793883097759,1.1119500000012544e-10
2342,0.6505555555555632,416,130,1.580782171454019e-06,0.11129175561215365,1.1128000000012563e-10
2343,0.650833333333341,416,130,1.5806338041891896e-06,0.11128557273684189,1.1136500000012579e-10
2344,0.6511111111111189,416,130,1.5804844737069424e-06,0.11127939020502317,1.1145000000012596e-10
2345,0.6513888888888967,416,130,1.5803398544250228e-06,0.11127320801667845,1.1153500000012615e-10
2346,0.6516666666666745,416,130,1.58018983997235e-06,0.11126702617178864,1.116225000001263e-10
2347,0.6519444444444523,415,131,1.5800390204297316e-06,0.11126084467033466,1.1171000000012646e-10
2348,0.6522222222222301,415,131,1.5798875369222198e-06,0.11125466351229743,1.1179750000012664e-10
2349,0.652500000000008,415,131,1.5797358923126645e-06,0.11124848269765784,1.1188500000012681e-10
2350,0.6527777777777858,416,131,1.5795850373393285e-06,0.1112423022263969,1.1197250000012698e-10
2351,0.6530555555555636,417,131,1.5794392081236304e-06,0.11123612209849541,1.1206000000012715e-10
2352,0.6533333333333414,417,131,1.5792822915331093e-06,0.11122994231393439,1.1214750000012732e-10
2353,0.6536111111111192,418,131,1.579133333117544e-06,0.11122376287269474,1.1223500000012752e-10
2354,0.6538888888888971,418,131,1.5789842187018186e-06,0.12151044901268035,1.1232250000012766e-10
2355,0.6541666666666749,418,130,1.578830247636551e-06,0.12150369843217963,1.1241000000012785e-10
2356,0.6544444444444527,418,130,1.5786861997131516e-06,0.12149694822671117,1.1249750000012801e-10
2357,0.6547222222222305,418,130,1.5785369285578565e-06,0.12149019839625413,1.125825000001282e-10
2358,0.6550000000000084,418,130,1.578383647605141e-06,0.12148344894078773,1.1266750000012836e-10
2359,0.6552777777777862,418,130,1.5782360337474284e-06,0.121476699860291,1.1275250000012854e-10
2360,0.655555555555564,418,130,1.5780844244297841e-06,0.1214699511547432,1.1283750000012873e-10
2361,0.6558333333333418,418,130,1.577932656226265e-06,0.1214632028241235,1.1292250000012889e-10
2362,0.6561111111111196,418,130,1.5777853329216918e-06,0.12145645486841106,1.1300750000012906e-10
2363,0.6563888888888975,418,130,1.577629252598001e-06,0.12144970728758502,1.1309250000012922e-10
2364,0.6566666666666753,418,130,1.577481453539965e-06,0.12144296008162461,1.1317750000012938e-10
2365,0.6569444444444531,418,130,1.5773323238309295e-06,0.12143621325050896,1.1326250000012956e-10
2366,0.6572222222222309,418,130,1.5771805196684558e-06,0.1214294667942173,1.1334750000012974e-10
2367,0.6575000000000087,418,130,1.5770304403214606e-06,0.12142272071272874,1.1343250000012993e-10
2368,0.6577777777777866,418,130,1.5768853320557594e-06,0.12141597500602243,1.1351500000013008e-10
2369,0.6580555555555644,418,130,1.576738247495789e-06,0.12140922967407769,1.1359750000013027e-10
2370,0.6583333333333422,418,130,1.5765897152688744e-06,0.12140248471687358,1.1368000000013045e-10
2371,0.65861111111112,418,130,1.5764366475934869e-06,0.12139574013438931,1.1376250000013062e-10
2372,0.6588888888888979,418,130,1.5762844969236155e-06,0.12138899592660407,1.1384250000013079e-10
2373,0.6591666666666757,418,130,1.57613667869234e-06,0.12138225209349703,1.1392250000013095e-10
2374,0.6594444444444535,418,130,1.5759796534714755e-06,0.1213755086350474,1.1400250000013114e-10
2375,0.6597222222222313,417,131,1.5758298689330792e-06,0.12136876555123435,1.140825000001313e-10
2376,0.6600000000000091,417,131,1.575680222387622e-06,0.12136202284203705,1.1416250000013149e-10
2377,0.660277777777787,417,131,1.5755268268440697e-06,0.12135528050743472,1.1424250000013166e-10
2378,0.6605555555555648,417,131,1.5753743259172244e-06,0.12134853854740654,1.1432250000013184e-10
2379,0.6608333333333426,417,131,1.5752230861889263e-06,0.12134179696193169,1.1440000000013201e-10
2380,0.6611111111111204,417,131,1.5750656434547205e-06,0.12133505575098937,1.1447500000013219e-10
2381,0.6613888888888982,417,131,1.5749132169841123e-06,0.12132831491455874,1.1455000000013236e-10
2382,0.6616666666666761,417,131,1.5747633022455926e-06,0.12132157445261907,1.1462500000013255e-10
2383,0.6619444444444539,417,131,1.5746035347493165e-06,0.12131483436514948,1.1470000000013271e-10
2384,0.6622222222222317,417,131,1.5744512383696279e-06,0.12130809465212918,1.1477500000013288e-10
2385,0.6625000000000095,417,131,1.5742974742742073e-06,0.1327853794550602,1.1485000000013306e-10
2386,0.6627777777777873,417,130,1.5741398101034431e-06,0.1327780024895349,1.1492500000013325e-10
2387,0.6630555555555652,418,130,1.5739887022537647e-06,0.13277062593384106,1.149975000001334e-10
2388,0.663333333333343,418,130,1.5738362264241066e-06,0.1327632497879558,1.1507000000013359e-10
2389,0.6636111111111208,418,130,1.573682158982347e-06,0.1327558740518565,1.1514250000013377e-10
2390,0.6638888888888986,418,130,1.5735230191443274e-06,0.1327484987255203,1.1521750000013392e-10
2391,0.6641666666666765,419,131,1.5733711524158762e-06,0.13274112380892444,1.1529250000013411e-10
2392,0.6644444444444543,419,131,1.573215581939263e-06,0.13273374930204618,1.153675000001343e-10
2393,0.6647222222222321,419,131,1.5730632841326492e-06,0.13272637520486272,1.1544250000013447e-10
2394,0.6650000000000099,419,131,1.572914443654811e-06,0.1327190015173514,1.1551750000013463e-10
2395,0.6652777777777877,419,131,1.5727587467586246e-06,0.1327116282394893,1.1559250000013481e-10
2396,0.6655555555555656,419,131,1.5726007183370247e-06,0.13270425537125372,1.15667500000135e-10
2397,0.6658333333333434,419,131,1.57245149704999e-06,0.13269688291262202,1.1574250000013517e-10
2398,0.6661111111111212,419,131,1.5722969403740939e-06,0.1326895108635713,1.1581750000013535e-10
2399,0.666388888888899,419,131,1.5721476994963163e-06,0.13268213922407887,1.1589500000013555e-10
2400,0.6666666666666768,418,132,1.5720027460292721e-06,0.13267476799412203,1.1597500000013571e-10
2401,0.6669444444444547,417,133,1.571853096368219e-06,0.1326673971736779,1.160550000001359e-10
2402,0.6672222222222325,417,133,1.5717054767707035e-06,0.13266002676272381,1.1613250000013606e-10
2403,0.6675000000000103,417,133,1.5715549397566495e-06,0.132652656761237,1.1621000000013623e-10
2404,0.6677777777777881,417,133,1.5714065027644165e-06,0.13264528716919471,1.162875000001364e-10
2405,0.668055555555566,417,133,1.5712588473587246e-06,0.1326379179865742,1.1636500000013659e-10
2406,0.6683333333333438,417,133,1.5711078829801303e-06,0.1326305492133527,1.1644250000013678e-10
2407,0.6686111111111216,417,133,1.57095288717455e-06,0.13262318084950755,1.1652000000013695e-10
2408,0.6688888888888994,417,133,1.570804663615167e-06,0.13261581289501592,1.1659750000013715e-10
2409,0.6691666666666772,417,133,1.5706586215031733e-06,0.1326084453498551,1.1667500000013733e-10
2410,0.6694444444444551,417,133,1.57050887154135e-06,0.13260107821400235,1.167525000001375e-10
2411,0.6697222222222329,417,133,1.5703625210669058e-06,0.1325937114874349,1.1683000000013767e-10
2412,0.6700000000000107,417,133,1.570212312983114e-06,0.13258634517013004,1.1690500000013785e-10
2413,0.6702777777777885,417,133,1.570053123892286e-06,0.13257897926206502,1.1698000000013803e-10
2414,0.6705555555555663,417,133,1.5699061293804113e-06,0.13257161376321713,1.170550000001382e-10
2415,0.6708333333333442,417,133,1.5697499753658019e-06,0.13256424867356364,1.1713000000013839e-10
2416,0.671111111111122,417,133,1.5695966135897362e-06,0.13255688399308177,1.172050000001386e-10
2417,0.6713888888888998,417,133,1.5694424355488037e-06,0.13254951972174883,1.1727750000013875e-10
2418,0.6716666666666776,417,133,1.5692930850248619e-06,0.1325421558595421,1.1735000000013893e-10
2419,0.6719444444444554,417,133,1.5691448226846647e-06,0.13253479240643878,1.1742250000013908e-10
2420,0.6722222222222333,417,133,1.5689931803052116e-06,0.13252742936241618,1.174950000001393e-10
2421,0.6725000000000111,417,133,1.5688447247394845e-06,0.13252006672745162,1.1757250000013944e-10
2422,0.6727777777777889,415,135,1.5686965082366184e-06,0.13251270450152233,1.1765000000013964e-10
2423,0.6730555555555667,415,135,1.5685452459199362e-06,0.1325053426846056,1.177300000001398e-10
2424,0.6733333333333446,414,136,1.5683901241801566e-06,0.13249798127667864,1.1781000000014e-10
2425,0.6736111111111224,414,136,1.5682394677927432e-06,0.13249062027771885,1.1789250000014017e-10
2426,0.6738888888889002,413,137,1.5680839100610674e-06,0.13248325968770341,1.1797500000014036e-10
2427,0.674166666666678,413,137,1.5679350789932842e-06,0.13247589950660965,1.1806000000014055e-10
2428,0.6744444444444558,412,138,1.5677830103335021e-06,0.13246853973441483,1.1814500000014073e-10
2429,0.6747222222222337,412,138,1.5676348374420467e-06,0.13246118037109628,1.182300000001409e-10
2430,0.6750000000000115,412,138,1.567485551659345e-06,0.13245382141663126,1.1831500000014108e-10
2431,0.6752777777777893,412,138,1.5673373300898324e-06,0.13244646287099696,1.1840000000014127e-10
2432,0.6755555555555671,412,138,1.5671908749986533e-06,0.1324391047341708,1.1848500000014143e-10
2433,0.6758333333333449,412,138,1.5670393111738548e-06,0.13243174700613,1.1857000000014161e-10
2434,0.6761111111111228,412,138,1.5668977119005667e-06,0.1324243896868519,1.186550000001418e-10
2435,0.6763888888889006,412,138,1.5667402857924164e-06,0.13241703277631378,1.1874000000014196e-10
2436,0.6766666666666784,412,138,1.5665914770271987e-06,0.13240967627449285,1.1882250000014218e-10
2437,0.6769444444444562,412,138,1.5664404748554832e-06,0.14303657373738585,1.1890500000014234e-10
2438,0.677222222222234,412,137,1.5662904228794658e-06,0.16424007271268012,1.1898500000014254e-10
2439,0.6775000000000119,412,135,1.5661444834798533e-06,0.1642309482641961,1.190650000001427e-10
2440,0.6777777777777897,412,135,1.5659921124162486e-06,0.1642218243226259,1.191450000001429e-10
2441,0.6780555555555675,413,135,1.565844459841889e-06,0.1642127008879413,1.192250000001431e-10
2442,0.6783333333333453,413,135,1.5656969702526874e-06,0.16420357796011417,1.1930500000014327e-10
2443,0.6786111111111232,413,135,1.565553184478241e-06,0.16419445553911644,1.1938500000014343e-10
2444,0.678888888888901,414,135,1.5654024824184379e-06,0.16418533362491977,1.1946500000014363e-10
2445,0.6791666666666788,414,135,1.565257344545051e-06,0.1641762122174962,1.195450000001438e-10
2446,0.6794444444444566,414,135,1.5651110835955168e-06,0.16416709131681745,1.19625000000144e-10
2447,0.6797222222222344,415,135,1.5649622091592978e-06,0.16415797092285542,1.197050000001442e-10
2448,0.6800000000000123,415,135,1.5648114255105208e-06,0.1641488510355819,1.1978500000014433e-10
2449,0.6802777777777901,415,135,1.564658034999017e-06,0.16413973165496887,1.1986500000014453e-10
2450,0.6805555555555679,416,135,1.5645003117401319e-06,0.16413061278098803,1.1994500000014472e-10
2451,0.6808333333333457,416,135,1.5643497062882202e-06,0.16412149441361132,1.2002500000014492e-10
2452,0.6811111111111235,416,135,1.5642033618610996e-06,0.16411237655281055,1.201050000001451e-10
2453,0.6813888888889014,416,135,1.564056498292122e-06,0.16410325919855764,1.2018500000014528e-10
2454,0.6816666666666792,416,135,1.5639069284553057e-06,0.16409414235082437,1.2026250000014546e-10
2455,0.681944444444457,417,135,1.5637529306095528e-06,0.16408502600958266,1.2034000000014563e-10
2456,0.6822222222222348,417,135,1.5636102553642714e-06,0.16407591017480438,1.2041750000014583e-10
2457,0.6825000000000127,417,135,1.563463955438183e-06,0.16406679484646133,1.20495000000146e-10
2458,0.6827777777777905,417,135,1.5633119976731326e-06,0.16405768002452542,1.205725000001462e-10
2459,0.6830555555555683,417,135,1.5631614724707571e-06,0.1640485657089685,1.2065000000014638e-10
2460,0.6833333333333461,417,135,1.563012249265757e-06,0.1640394518997625,1.2072750000014655e-10
2461,0.6836111111111239,417,135,1.5628628130727493e-06,0.16403033859687915,1.2080500000014675e-10
2462,0.6838888888889018,418,135,1.5627102951484138e-06,0.16402122580029044,1.2088250000014695e-10
2463,0.6841666666666796,418,135,1.5625580241822326e-06,0.16401211350996822,1.2096000000014712e-10
2464,0.6844444444444574,418,135,1.5624105367777922e-06,0.16400300172588433,1.2103500000014733e-10
2465,0.6847222222222352,418,135,1.5622553981135607e-06,0.16399389044801066,1.2111000000014748e-10
2466,0.685000000000013,418,135,1.5621119915982943e-06,0.1639847796763191,1.2118500000014768e-10
2467,0.6852777777777909,418,135,1.561957919648792e-06,0.16397566941078154,1.212600000001479e-10
2468,0.6855555555555687,418,135,1.5618080302900687e-06,0.1639665596513699,1.2133500000014804e-10
2469,0.6858333333333465,419,135,1.5616591978255246e-06,0.16395745039805587,1.2141000000014824e-10
2470,0.6861111111111243,419,135,1.5615058128080787e-06,0.16394834165081157,1.2148500000014842e-10
2471,0.6863888888889021,419,135,1.5613502921640604e-06,0.16393923340960873,1.2156000000014863e-10
2472,0.68666666666668,419,135,1.561199542619069e-06,0.16393012567441934,1.216350000001488e-10
2473,0.6869444444444578,419,135,1.5610425371474955e-06,0.1639210184452152,1.2171000000014898e-10
2474,0.6872222222222356,419,135,1.5608888205498932e-06,0.16391191172196826,1.2178500000014919e-10
2475,0.6875000000000134,419,135,1.560738556472544e-06,0.16390280550465036,1.2186000000014936e-10
2476,0.6877777777777913,419,135,1.5605797554323672e-06,0.16389369979323343,1.2193250000014957e-10
2477,0.6880555555555691,419,135,1.5604318307627294e-06,0.16388459458768936,1.2200500000014973e-10
2478,0.6883333333333469,419,135,1.5602809999848945e-06,0.16387548988799006,1.220775000001499e-10
2479,0.6886111111111247,419,135,1.5601240337511026e-06,0.1638663856941074,1.2215000000015012e-10
2480,0.6888888888889025,419,135,1.5599703015660031e-06,0.16385728200601332,1.222225000001503e-10
2481,0.6891666666666804,419,135,1.5598183571118398e-06,0.16384817882367964,1.2229500000015048e-10
2482,0.6894444444444582,420,135,1.5596640476758639e-06,0.16383907614707832,1.2236750000015067e-10
2483,0.689722222222236,420,135,1.5595048252859688e-06,0.1638299739761813,1.2244000000015085e-10
2484,0.6900000000000138,420,135,1.5593460237236525e-06,0.16382087231096037,1.2251000000015106e-10
2485,0.6902777777777916,420,135,1.5591897683232426e-06,0.16381177115138756,1.2258000000015122e-10
2486,0.6905555555555695,420,135,1.55903405485469e-06,0.16380267049743466,1.226500000001514e-10
2487,0.6908333333333473,420,135,1.5588800704885675e-06,0.16379357034907374,1.227200000001516e-10
2488,0.6911111111111251,420,135,1.5587286306333173e-06,0.16378447070627658,1.227900000001518e-10
2489,0.6913888888889029,420,135,1.5585765955380973e-06,0.16377537156901514,1.2286000000015197e-10
2490,0.6916666666666808,420,135,1.558425849853264e-06,0.1637662729372613,1.2293000000015218e-10
2491,0.6919444444444586,420,135,1.558273553033867e-06,0.16375717481098703,1.2300000000015235e-10
2492,0.6922222222222364,421,135,1.5581183326627533e-06,0.16374807719016418,1.2307000000015253e-10
2493,0.6925000000000142,421,135,1.5579656776552434e-06,0.16373898007476473,1.2314000000015274e-10
2494,0.692777777777792,421,135,1.5578157850205638e-06,0.16372988346476056,1.2320750000015294e-10
2495,0.6930555555555699,421,135,1.5576658284506214e-06,0.16372078736012363,1.2327500000015313e-10
2496,0.6933333333333477,421,135,1.557514407279945e-06,0.16371169176082587,1.233425000001533e-10
2497,0.6936111111111255,421,135,1.5573628266991346e-06,0.16370259666683915,1.2341000000015348e-10
2498,0.6938888888889033,421,135,1.557214041874779e-06,0.1636935020781355,1.2347750000015368e-10
2499,0.6941666666666811,421,135,1.5570649922174958e-06,0.16368440799468667,1.2354500000015387e-10
2500,0.694444444444459,421,135,1.5569076468191538e-06,0.16367531441646474,1.2361250000015403e-10
2501,0.6947222222222368,421,135,1.5567561222739929e-06,0.1636662213434416,1.2368000000015425e-10
2502,0.6950000000000146,421,135,1.5565978487940496e-06,0.17409346612900575,1.2374750000015444e-10
2503,0.6952777777777924,421,134,1.556445473271165e-06,0.17408379426977635,1.2381750000015463e-10
2504,0.6955555555555702,420,135,1.5562937471863395e-06,0.17407412294787244,1.2388750000015481e-10
2505,0.6958333333333481,420,135,1.5561457993313724e-06,0.17406445216326427,1.2395750000015503e-10
2506,0.6961111111111259,420,135,1.5559893205655472e-06,0.17405478191592189,1.2402750000015521e-10
2507,0.6963888888889037,420,135,1.5558395437771468e-06,0.17404511220581545,1.2409750000015535e-10
2508,0.6966666666666815,420,135,1.5556824614341118e-06,0.17403544303291513,1.241675000001556e-10
2509,0.6969444444444594,420,135,1.5555273965397417e-06,0.17402577439719108,1.2423750000015577e-10
2510,0.6972222222222372,420,135,1.5553709518641283e-06,0.17401610629861347,1.2431000000015593e-10
2511,0.697500000000015,419,136,1.5552107966719516e-06,0.17400643873715244,1.2438250000015614e-10
2512,0.6977777777777928,419,136,1.5550557941833616e-06,0.17399677171277814,1.2445500000015635e-10
2513,0.6980555555555706,419,136,1.5549049274343728e-06,0.17398710522546076,1.2452750000015653e-10
2514,0.6983333333333485,419,136,1.554753088506777e-06,0.17397743927517048,1.2460000000015671e-10
2515,0.6986111111111263,419,136,1.5545961661428752e-06,0.17396777386187742,1.2467250000015692e-10
2516,0.6988888888889041,419,136,1.5544430005339353e-06,0.17395810898555178,1.2474750000015713e-10
2517,0.6991666666666819,418,137,1.554292040988076e-06,0.17394844464616369,1.2482250000015733e-10
2518,0.6994444444444597,418,137,1.554144093758073e-06,0.1739387808436834,1.2489750000015748e-10
2519,0.6997222222222376,418,137,1.5539989988442384e-06,0.18504722142725125,1.2497250000015769e-10
2520,0.7000000000000154,418,136,1.5538492715411325e-06,0.18503694102606083,1.2504500000015787e-10
2521,0.7002777777777932,418,136,1.5536954735494949e-06,0.18502666119600386,1.2511750000015808e-10
2522,0.700555555555571,419,136,1.5535439982842024e-06,0.1850163819370485,1.2519000000015826e-10
2523,0.7008333333333489,419,136,1.5533886526710893e-06,0.18500610324916314,1.2526250000015844e-10
2524,0.7011111111111267,419,136,1.5532365447938027e-06,0.18499582513231597,1.2533500000015862e-10
2525,0.7013888888889045,420,136,1.553083972007133e-06,0.18498554758647526,1.2540750000015883e-10
2526,0.7016666666666823,420,136,1.5529267947056252e-06,0.18497527061160937,1.2548000000015902e-10
2527,0.7019444444444601,420,136,1.5527767212065622e-06,0.18496499420768653,1.255500000001592e-10
2528,0.702222222222238,420,136,1.552622052845861e-06,0.18495471837467498,1.2562000000015941e-10
2529,0.7025000000000158,421,136,1.5524641770828882e-06,0.18494444311254307,1.256900000001596e-10
2530,0.7027777777777936,421,136,1.5523061734425e-06,0.18493416842125904,1.257600000001598e-10
2531,0.7030555555555714,421,136,1.5521529534204263e-06,0.18492389430079118,1.2583000000015998e-10
2532,0.7033333333333492,421,136,1.5520066479370111e-06,0.18491362075110782,1.259000000001602e-10
2533,0.7036111111111271,421,136,1.5518558968258923e-06,0.19654456960832475,1.2597000000016038e-10
2534,0.7038888888889049,421,135,1.5517031867008681e-06,0.19653365046556875,1.2604000000016054e-10
2535,0.7041666666666827,421,135,1.5515543963784343e-06,0.19652273192943173,1.2611000000016075e-10
2536,0.7044444444444605,421,135,1.551405521226577e-06,0.19651181399988013,1.2618000000016094e-10
2537,0.7047222222222383,421,135,1.551256723679222e-06,0.19650089667688014,1.262500000001611e-10
2538,0.7050000000000162,421,135,1.551102818408614e-06,0.1964899799603981,1.2631750000016134e-10
2539,0.705277777777794,421,135,1.5509504504494315e-06,0.19647906385040032,1.263875000001615e-10
2540,0.7055555555555718,421,136,1.5507977264772514e-06,0.19646814834685308,1.2645750000016171e-10
2541,0.7058333333333496,421,136,1.550642491371657e-06,0.1964572334497227,1.2652750000016187e-10
2542,0.7061111111111275,421,136,1.5504867250754313e-06,0.19644631915897548,1.265975000001621e-10
2543,0.7063888888889053,421,136,1.5503382399390109e-06,0.19643540547457777,1.266675000001623e-10
2544,0.7066666666666831,421,136,1.5501833744937292e-06,0.19642449239649587,1.267375000001625e-10
2545,0.7069444444444609,421,136,1.5500394395007259e-06,0.1964135799246961,1.2680750000016267e-10
2546,0.7072222222222387,421,136,1.5498946015428528e-06,0.19640266805914472,1.2687250000016287e-10
2547,0.7075000000000166,421,136,1.5497406341868116e-06,0.19639175679980808,1.2694000000016306e-10
2548,0.7077777777777944,420,137,1.549586652591652e-06,0.19638084614665258,1.2700750000016325e-10
2549,0.7080555555555722,420,137,1.549423393007689e-06,0.19636993609964443,1.2707500000016347e-10
2550,0.70833333333335,420,137,1.5492647349151078e-06,0.20785441143418293,1.2714250000016366e-10
2551,0.7086111111111278,420,136,1.5491044432526407e-06,0.20784286396688106,1.2721000000016388e-10
2552,0.7088888888889057,420,136,1.54894557694843e-06,0.20783131714110514,1.2727750000016404e-10
2553,0.7091666666666835,420,136,1.5487902105485154e-06,0.2078197709568195,1.2734500000016423e-10
2554,0.7094444444444613,420,136,1.5486386377726962e-06,0.2078082254139886,1.2741250000016445e-10
2555,0.7097222222222391,420,136,1.5484845239449832e-06,0.20779668051257663,1.2748000000016462e-10
2556,0.710000000000017,421,136,1.5483299634900727e-06,0.20778513625254827,1.275475000001648e-10
2557,0.7102777777777948,421,136,1.5481683690077764e-06,0.20777359263386747,1.27615000000165e-10
2558,0.7105555555555726,421,136,1.5480097916301744e-06,0.21897676140288946,1.2768250000016522e-10
2559,0.7108333333333504,422,135,1.5478567946965514e-06,0.218964596027256,1.277500000001654e-10
2560,0.7111111111111282,422,135,1.5477052828867219e-06,0.2189524313274767,1.278175000001656e-10
2561,0.7113888888889061,422,135,1.5475535033790405e-06,0.21894026730351407,1.2788500000016582e-10
2562,0.7116666666666839,422,135,1.547393657719158e-06,0.21892810395533052,1.2795000000016599e-10
2563,0.7119444444444617,422,135,1.54724002010381e-06,0.21891594128288858,1.2801500000016618e-10
2564,0.7122222222222395,422,135,1.547086489218864e-06,0.21890377928615062,1.2808000000016638e-10
2565,0.7125000000000173,422,135,1.5469315473379587e-06,0.21889161796507925,1.2814250000016658e-10
2566,0.7127777777777952,422,135,1.5467787178026263e-06,0.21887945731963668,1.2820750000016675e-10
2567,0.713055555555573,421,136,1.5466210485765008e-06,0.21886729734978563,1.2827250000016697e-10
2568,0.7133333333333508,421,136,1.5464677372469718e-06,0.21885513805548845,1.2833750000016717e-10
2569,0.7136111111111286,421,136,1.5463069814304627e-06,0.21884297943670752,1.2840250000016736e-10
2570,0.7138888888889064,422,136,1.5461512088049133e-06,0.21883082149340552,1.2846750000016753e-10
2571,0.7141666666666843,422,136,1.545995444970519e-06,0.2188186642255448,1.2853250000016775e-10
2572,0.7144444444444621,422,136,1.5458353406192808e-06,0.21880650763308787,1.2859750000016797e-10
2573,0.7147222222222399,422,136,1.5456771011436038e-06,0.21879435171599712,1.2866250000016814e-10
2574,0.7150000000000177,422,136,1.545523828742308e-06,0.2187821964742351,1.2872750000016834e-10
2575,0.7152777777777956,422,136,1.545372046062949e-06,0.21877004190776433,1.2879250000016854e-10
2576,0.7155555555555734,422,136,1.5452129760372486e-06,0.21875788801654722,1.288550000001687e-10
2577,0.7158333333333512,422,136,1.5450570681118627e-06,0.21874573480054632,1.2891750000016894e-10
2578,0.716111111111129,422,136,1.5448945562982153e-06,0.22952940147826803,1.2898000000016914e-10
2579,0.7163888888889068,422,135,1.5447376600912458e-06,0.22951664984485257,1.2904250000016934e-10
2580,0.7166666666666847,422,135,1.5445802386159315e-06,0.2295038989198612,1.2910250000016951e-10
2581,0.7169444444444625,422,135,1.5444211701305004e-06,0.22949114870325457,1.2916250000016972e-10
2582,0.7172222222222403,422,135,1.544265800955811e-06,0.2294783991949932,1.2922250000016992e-10
2583,0.7175000000000181,422,135,1.5441106964616635e-06,0.229465650395038,1.2928250000017008e-10
2584,0.7177777777777959,422,135,1.5439509438775473e-06,0.22945290230334936,1.293425000001703e-10
2585,0.7180555555555738,422,135,1.543792679337778e-06,0.22944015491988806,1.2940250000017049e-10
2586,0.7183333333333516,423,135,1.5436329592702771e-06,0.22942740824461474,1.2946250000017072e-10
2587,0.7186111111111294,424,135,1.5434713327055131e-06,0.22941466227749005,1.295225000001709e-10
2588,0.7188888888889072,424,135,1.5433107860214133e-06,0.22940191701847465,1.2958250000017107e-10
2589,0.719166666666685,424,135,1.5431532502381483e-06,0.24041695123923745,1.296425000001713e-10
2590,0.7194444444444629,424,134,1.542996337638855e-06,0.24040359474194642,1.2970250000017148e-10
2591,0.7197222222222407,424,134,1.5428408295093968e-06,0.24039023898668307,1.2976250000017166e-10
2592,0.7200000000000185,424,134,1.5426893824162478e-06,0.24037688397340598,1.298225000001719e-10
2593,0.7202777777777963,424,134,1.542530618424935e-06,0.24036352970207414,1.2988000000017205e-10
2594,0.7205555555555742,424,134,1.5423664315612454e-06,0.24035017617264628,1.2993750000017226e-10
2595,0.720833333333352,424,134,1.5422017183137058e-06,0.2403368233850811,1.2999500000017247e-10
2596,0.7211111111111298,424,134,1.5420381222866015e-06,0.24032347133933754,1.3005250000017265e-10
2597,0.7213888888889076,424,134,1.541877667399883e-06,0.24031012003537422,1.3011000000017286e-10
2598,0.7216666666666854,424,134,1.541721297108657e-06,0.24029676947315007,1.3016750000017307e-10
2599,0.7219444444444633,424,134,1.5415628423580123e-06,0.2402834196526238,1.3022500000017328e-10
2600,0.7222222222222411,424,134,1.541403582461403e-06,0.24027007057375419,1.3028250000017343e-10
2601,0.7225000000000189,424,134,1.5412399772866002e-06,0.24025672223650013,1.3034000000017367e-10
2602,0.7227777777777967,424,134,1.5410810567162433e-06,0.24024337464082032,1.3039750000017385e-10
2603,0.7230555555555745,424,134,1.5409257742569613e-06,0.2402300277866736,1.3045500000017406e-10
2604,0.7233333333333524,424,134,1.5407639918309781e-06,0.24021668167401877,1.3051000000017427e-10
2605,0.7236111111111302,425,134,1.5406047827720025e-06,0.2402033363028147,1.3056500000017446e-10
2606,0.723888888888908,425,134,1.5404471856355914e-06,0.24018999167302005,1.306200000001747e-10
2607,0.7241666666666858,425,134,1.5402852137340512e-06,0.24017664778459386,1.3067500000017486e-10
2608,0.7244444444444637,425,134,1.540129250904434e-06,0.2401633046374947,1.3073000000017508e-10
2609,0.7247222222222415,425,134,1.539968494300932e-06,0.2401499622316815,1.3078500000017526e-10
2610,0.7250000000000193,425,134,1.5398088391759855e-06,0.24013662056711313,1.3084000000017548e-10
2611,0.7252777777777971,425,134,1.5396562650140289e-06,0.24012327964374827,1.3089500000017566e-10
2612,0.7255555555555749,426,134,1.5395013736771296e-06,0.2401099394615458,1.3095000000017588e-10
2613,0.7258333333333528,426,134,1.539344805505623e-06,0.24009660002046457,1.310050000001761e-10
2614,0.7261111111111306,426,134,1.5391794005913968e-06,0.24008326132046354,1.3106250000017627e-10
2615,0.7263888888889084,425,135,1.539021006542983e-06,0.2400699233615013,1.3112000000017646e-10
2616,0.7266666666666862,425,135,1.538872325217163e-06,0.24005658614353678,1.3118500000017668e-10
2617,0.726944444444464,422,138,1.538720476174545e-06,0.2400432496665288,1.3125000000017687e-10
2618,0.7272222222222419,422,138,1.538569301609654e-06,0.2400299139304362,1.313150000001771e-10
2619,0.7275000000000197,422,138,1.5384171236180293e-06,0.24001657893521783,1.3137750000017727e-10
2620,0.7277777777777975,422,138,1.5382600177189572e-06,0.24000324468083264,1.3144000000017747e-10
2621,0.7280555555555753,422,138,1.5381067626732833e-06,0.2399899111672392,1.315025000001777e-10
2622,0.7283333333333532,422,138,1.5379523489092213e-06,0.23997657839439657,1.315650000001779e-10
2623,0.728611111111131,422,138,1.5377969653106521e-06,0.2399632463622636,1.316275000001781e-10
2624,0.7288888888889088,422,138,1.5376432586097516e-06,0.239949915070799,1.316900000001783e-10
2625,0.7291666666666866,422,138,1.5374906659035531e-06,0.23993658451996175,1.317525000001785e-10
2626,0.7294444444444644,422,138,1.537335378007314e-06,0.23992325470971063,1.318150000001787e-10
2627,0.7297222222222423,422,138,1.537179001437389e-06,0.23990992564000457,1.318775000001789e-10
2628,0.7300000000000201,422,138,1.5370164516919528e-06,0.23989659731080243,1.319400000001791e-10
2629,0.7302777777777979,422,138,1.53686217545924e-06,0.23988326972206292,1.320025000001793e-10
2630,0.7305555555555757,422,138,1.5367079001271838e-06,0.239869942873745,1.320650000001795e-10
2631,0.7308333333333535,422,138,1.5365561423291244e-06,0.23985661676580763,1.321275000001797e-10
2632,0.7311111111111314,422,138,1.5363945618656246e-06,0.23984329139820948,1.321900000001799e-10
2633,0.7313888888889092,422,138,1.5362429233218346e-06,0.23982996677090965,1.322525000001801e-10
2634,0.731666666666687,422,138,1.536089924821726e-06,0.23981664288386678,1.3231750000018034e-10
2635,0.7319444444444648,421,139,1.5359359925638964e-06,0.23980331973703983,1.3238250000018051e-10
2636,0.7322222222222426,421,139,1.5357787755002112e-06,0.2397899973303878,1.324500000001807e-10
2637,0.7325000000000205,420,140,1.5356219621641073e-06,0.23977667566386954,1.3251750000018092e-10
2638,0.7327777777777983,420,140,1.5354705232464632e-06,0.2397633547374437,1.3258500000018114e-10
2639,0.7330555555555761,420,140,1.5353182595818663e-06,0.23975003455106939,1.3265250000018133e-10
2640,0.7333333333333539,420,140,1.5351686935509926e-06,0.23973671510470546,1.3272000000018155e-10
2641,0.7336111111111318,420,140,1.535017948789598e-06,0.2397233963983108,1.3279000000018176e-10
2642,0.7338888888889096,419,141,1.5348704707231696e-06,0.23971007843184425,1.3286000000018192e-10
2643,0.7341666666666874,419,141,1.534718006786423e-06,0.2396967612052647,1.3293000000018216e-10
2644,0.7344444444444652,419,141,1.5345585541862063e-06,0.23968344471853106,1.3300000000018237e-10
2645,0.734722222222243,420,141,1.5344046049199846e-06,0.2396701289716023,1.3307250000018256e-10
2646,0.7350000000000209,419,142,1.5342487287709442e-06,0.2396568139644372,1.3314500000018276e-10
2647,0.7352777777777987,419,142,1.534096801426586e-06,0.23964349969699475,1.3321500000018295e-10
2648,0.7355555555555765,419,142,1.5339468426417576e-06,0.2396301861692338,1.3328500000018316e-10
2649,0.7358333333333543,419,142,1.5337911844210849e-06,0.23961687338111332,1.3335500000018335e-10
2650,0.7361111111111321,419,142,1.533635509591588e-06,0.2396035613325921,1.334250000001836e-10
2651,0.73638888888891,419,142,1.5334809120911179e-06,0.23959025002362924,1.3349500000018378e-10
2652,0.7366666666666878,419,142,1.5333312485391215e-06,0.2395769394541835,1.3356750000018398e-10
2653,0.7369444444444656,418,143,1.5331833290189547e-06,0.23956362962421382,1.336400000001842e-10
2654,0.7372222222222434,418,143,1.5330374700134464e-06,0.23955032053367908,1.337125000001844e-10
2655,0.7375000000000212,418,143,1.5328866627581494e-06,0.2395370121825383,1.337850000001846e-10
2656,0.7377777777777991,418,143,1.5327262372979906e-06,0.23952370457075045,1.338600000001848e-10
2657,0.7380555555555769,417,144,1.5325745788023228e-06,0.2395103976982743,1.3393750000018501e-10
2658,0.7383333333333547,416,145,1.5324158622374471e-06,0.23949709156506888,1.340150000001852e-10
2659,0.7386111111111325,416,145,1.532263822881055e-06,0.239483786171093,1.3409250000018539e-10
2660,0.7388888888889104,416,145,1.5321070714175337e-06,0.2394704815163058,1.341700000001856e-10
2661,0.7391666666666882,417,145,1.5319562401313758e-06,0.239457177600666,1.342475000001858e-10
2662,0.739444444444466,417,145,1.5318003438913075e-06,0.23944387442413262,1.3432500000018604e-10
2663,0.7397222222222438,417,145,1.5316476552584148e-06,0.23943057198666465,1.3440250000018624e-10
2664,0.7400000000000216,417,145,1.5314884735720857e-06,0.23941727028822093,1.3447750000018644e-10
2665,0.7402777777777995,417,145,1.5313383057277605e-06,0.23940396932876046,1.3455250000018664e-10
2666,0.7405555555555773,417,145,1.5311809432197354e-06,0.23939066910824228,1.3462750000018687e-10
2667,0.7408333333333551,417,145,1.531025710838595e-06,0.23937736962662515,1.3470250000018708e-10
2668,0.7411111111111329,417,145,1.5308736332787554e-06,0.2393640708838681,1.3477500000018726e-10
2669,0.7413888888889107,417,145,1.530721807355938e-06,0.2393507728799301,1.348475000001875e-10
2670,0.7416666666666886,417,145,1.5305637799324423e-06,0.23933747561477012,1.3492000000018768e-10
2671,0.7419444444444664,417,145,1.5304119216053714e-06,0.23932417908834705,1.3499250000018789e-10
2672,0.7422222222222442,417,145,1.5302593270939687e-06,0.23931088330061998,1.3506500000018807e-10
2673,0.742500000000022,417,145,1.5301101797646418e-06,0.23929758825154768,1.3514000000018827e-10
2674,0.7427777777777999,416,146,1.529959362606009e-06,0.23928429394108924,1.352150000001885e-10
2675,0.7430555555555777,416,146,1.52980766637758e-06,0.23927100036920365,1.352900000001887e-10
2676,0.7433333333333555,416,146,1.529659902827992e-06,0.23925770753584985,1.353650000001889e-10
2677,0.7436111111111333,416,146,1.5295100291313674e-06,0.23924441544098676,1.3544000000018911e-10
2678,0.7438888888889111,416,146,1.5293570693820884e-06,0.2392311240845733,1.3551500000018934e-10
2679,0.744166666666689,416,146,1.5292052818811734e-06,0.23921783346656872,1.3559000000018957e-10
2680,0.7444444444444668,416,146,1.5290482424106585e-06,0.2498309139690567,1.3566500000018978e-10
2681,0.7447222222222446,416,145,1.5288985302432135e-06,0.24981703447383624,1.3574000000018998e-10
2682,0.7450000000000224,417,145,1.528749033759727e-06,0.24980315574969883,1.3581750000019018e-10
2683,0.7452777777778002,416,146,1.5286021530798855e-06,0.24978927779660157,1.358950000001904e-10
2684,0.7455555555555781,416,146,1.5284522547127222e-06,0.24977540061450182,1.3597250000019058e-10
2685,0.7458333333333559,416,146,1.5283067705698628e-06,0.24976152420335657,1.3604750000019084e-10
2686,0.7461111111111337,416,146,1.5281559291399596e-06,0.26100958658165463,1.3612250000019104e-10
2687,0.7463888888889115,416,145,1.5280045545606653e-06,0.2609950860490668,1.3619750000019122e-10
2688,0.7466666666666893,416,145,1.52784641423631e-06,0.260980586322064,1.3627250000019145e-10
2689,0.7469444444444672,416,145,1.5276981531398426e-06,0.2609660874006018,1.3635000000019165e-10
2690,0.747222222222245,415,146,1.5275444519235477e-06,0.260951589284635,1.3642750000019185e-10
2691,0.7475000000000228,415,146,1.5273963290208716e-06,0.26093709197411924,1.3650500000019207e-10
2692,0.7477777777778006,415,146,1.5272461073730933e-06,0.2609225954690095,1.3658250000019227e-10
2693,0.7480555555555785,415,146,1.5270922494979375e-06,0.2733159313616461,1.3666000000019247e-10
2694,0.7483333333333563,415,145,1.5269408552685059e-06,0.2733007471432371,1.367400000001927e-10
2695,0.7486111111111341,415,146,1.5267908300973486e-06,0.27328556376839586,1.368200000001929e-10
2696,0.7488888888889119,415,146,1.5266461684420607e-06,0.27327038123707537,1.368975000001931e-10
2697,0.7491666666666897,416,146,1.526493564471972e-06,0.27325519954922894,1.369750000001933e-10
2698,0.7494444444444676,416,146,1.5263401574658457e-06,0.2732400187048095,1.3705250000019349e-10
2699,0.7497222222222454,416,146,1.5261883184706194e-06,0.27322483870377035,1.3713000000019374e-10
2700,0.7500000000000232,416,146,1.526032621398335e-06,0.2732096595460646,1.3720750000019396e-10
2701,0.750277777777801,416,146,1.5258773270327623e-06,0.27319448123164536,1.3728500000019414e-10
2702,0.7505555555555788,416,146,1.5257241153645407e-06,0.27317930376046584,1.3736250000019434e-10
2703,0.7508333333333567,416,146,1.5255768702627484e-06,0.2731641271324791,1.3744000000019459e-10
2704,0.7511111111111345,416,146,1.5254224363239182e-06,0.2731489513476385,1.3751750000019476e-10
2705,0.7513888888889123,416,146,1.5252733806258265e-06,0.273133776405897,1.3759500000019499e-10
2706,0.7516666666666901,416,146,1.5251200592967352e-06,0.28442237569493145,1.376700000001952e-10
2707,0.751944444444468,416,145,1.5249754615028968e-06,0.2844065744518373,1.3774500000019542e-10
2708,0.7522222222222458,416,145,1.5248196366106846e-06,0.28439077408658997,1.3782000000019562e-10
2709,0.7525000000000236,416,145,1.5246629763248381e-06,0.28437497459914074,1.3789500000019583e-10
2710,0.7527777777778014,416,145,1.5245152353358605e-06,0.28435917598944077,1.3797000000019606e-10
2711,0.7530555555555792,416,145,1.524366973228233e-06,0.2843433782574414,1.3804500000019624e-10
2712,0.7533333333333571,417,145,1.524214189128425e-06,0.2843275814030937,1.3812000000019647e-10
2713,0.7536111111111349,417,145,1.524056860448744e-06,0.28431178542634916,1.3819500000019667e-10
2714,0.7538888888889127,417,145,1.5239007673430863e-06,0.2842959903271588,1.3827000000019687e-10
2715,0.7541666666666905,417,145,1.523749130584431e-06,0.284280196105474,1.383450000001971e-10
2716,0.7544444444444683,418,145,1.5235965644911721e-06,0.2842644027612459,1.384200000001973e-10
2717,0.7547222222222462,418,145,1.5234398911080281e-06,0.2842486102944259,1.384950000001975e-10
2718,0.755000000000024,418,145,1.5232826558017893e-06,0.284232818704965,1.3857000000019774e-10
2719,0.7552777777778018,418,145,1.5231367082532692e-06,0.28421702799281473,1.3864750000019791e-10
2720,0.7555555555555796,417,146,1.5229878588020374e-06,0.28420123815792625,1.3872500000019817e-10
2721,0.7558333333333574,417,146,1.5228426952137852e-06,0.28418544920025085,1.3880500000019839e-10
2722,0.7561111111111353,416,147,1.5226958041624642e-06,0.28416966111973974,1.3888500000019858e-10
2723,0.7563888888889131,417,147,1.522540410168244e-06,0.2841538739163442,1.389650000001988e-10
2724,0.7566666666666909,417,147,1.5223939770595374e-06,0.2841380875900155,1.39045000000199e-10
2725,0.7569444444444687,417,147,1.5222445247733707e-06,0.28412230214070505,1.3912500000019922e-10
2726,0.7572222222222466,417,147,1.522093697525692e-06,0.2841065175683638,1.3920750000019944e-10
2727,0.7575000000000244,416,148,1.5219463988305742e-06,0.28409073387294337,1.3929000000019965e-10
2728,0.7577777777778022,416,148,1.521797291804949e-06,0.28407495105439495,1.3937250000019984e-10
2729,0.75805555555558,416,148,1.521647573728968e-06,0.28405916911266965,1.3945500000020009e-10
2730,0.7583333333333578,416,148,1.5215005738186082e-06,0.28404338804771895,1.395375000002003e-10
2731,0.7586111111111357,416,148,1.5213537037504054e-06,0.28402760785949416,1.3962000000020047e-10
2732,0.7588888888889135,416,148,1.5212023962518923e-06,0.2840118285479463,1.397025000002007e-10
2733,0.7591666666666913,416,148,1.5210523421065773e-06,0.2839960501130271,1.3978500000020093e-10
2734,0.7594444444444691,416,148,1.520905436717153e-06,0.28398027255468744,1.3986500000020112e-10
2735,0.759722222222247,416,148,1.5207537953367724e-06,0.2839644958728789,1.3994500000020134e-10
2736,0.7600000000000248,416,148,1.5206018963505043e-06,0.28394872006755256,1.4002500000020154e-10
2737,0.7602777777778026,416,148,1.5204465731335836e-06,0.28393294513865996,1.4010500000020176e-10
2738,0.7605555555555804,417,148,1.5202982585124807e-06,0.2839171710861523,1.4018500000020198e-10
2739,0.7608333333333582,419,148,1.5201484586704989e-06,0.28390139790998076,1.402650000002022e-10
2740,0.761111111111136,419,148,1.5199921706292074e-06,0.28388562561009695,1.403450000002024e-10
2741,0.7613888888889139,419,148,1.519841952086736e-06,0.28386985418645194,1.4042500000020262e-10
2742,0.7616666666666917,419,148,1.5196859953990757e-06,0.28385408363899717,1.4050500000020284e-10
2743,0.7619444444444695,419,148,1.5195298316375083e-06,0.2838383139676839,1.4058500000020303e-10
2744,0.7622222222222473,419,148,1.5193782881863532e-06,0.2838225451724635,1.4066500000020328e-10
2745,0.7625000000000252,419,148,1.5192243284166563e-06,0.2838067772532872,1.407450000002035e-10
2746,0.762777777777803,419,148,1.5190704406239354e-06,0.2837910102101065,1.4082500000020372e-10
2747,0.7630555555555808,419,148,1.5189161874959902e-06,0.28377524404287263,1.4090500000020392e-10
2748,0.7633333333333586,419,148,1.5187617309546858e-06,0.28375947875153695,1.4098500000020414e-10
2749,0.7636111111111364,419,148,1.5186097300583179e-06,0.2837437143360507,1.4106500000020436e-10
2750,0.7638888888889143,420,148,1.518455563449141e-06,0.2837279507963654,1.4114250000020456e-10
2751,0.7641666666666921,420,148,1.518300116590861e-06,0.2837121881324322,1.4122000000020478e-10
2752,0.7644444444444699,421,148,1.5181419369740017e-06,0.2836964263442027,1.41297500000205e-10
2753,0.7647222222222477,421,148,1.5179872059087628e-06,0.283680665431628,1.413750000002052e-10
2754,0.7650000000000255,421,148,1.5178288780577065e-06,0.28366490539465966,1.4145250000020543e-10
2755,0.7652777777778034,422,148,1.5176705048426602e-06,0.28364914623324883,1.4153000000020563e-10
2756,0.7655555555555812,422,148,1.5175112349228447e-06,0.28363338794734694,1.4160750000020586e-10
2757,0.765833333333359,422,148,1.517352578381069e-06,0.2836176305369055,1.4168500000020606e-10
2758,0.7661111111111368,422,148,1.5171885866942908e-06,0.2836018740018757,1.4176250000020628e-10
2759,0.7663888888889147,422,148,1.5170363741637491e-06,0.28358611834220887,1.4183750000020654e-10
2760,0.7666666666666925,422,148,1.5168768565320023e-06,0.2835703635578566,1.4191000000020672e-10
2761,0.7669444444444703,422,148,1.5167192148849695e-06,0.28355460964877005,1.4198250000020698e-10
2762,0.7672222222222481,422,148,1.5165624552060434e-06,0.28353885661490064,1.4205500000020716e-10
2763,0.7675000000000259,422,148,1.5164012946122338e-06,0.2835231044561999,1.4212750000020737e-10
2764,0.7677777777778038,422,148,1.5162445178499088e-06,0.28350735317261894,1.422000000002076e-10
2765,0.7680555555555816,422,148,1.5160893684036825e-06,0.28349160276410934,1.4227500000020784e-10
2766,0.7683333333333594,421,149,1.5159315436942669e-06,0.2834758532306225,1.4235000000020804e-10
2767,0.7686111111111372,421,149,1.5157699143102824e-06,0.28346010457210974,1.4242500000020827e-10
2768,0.768888888888915,421,149,1.5156044805410932e-06,0.28344435678852237,1.4250000000020847e-10
2769,0.7691666666666929,421,149,1.5154430360918046e-06,0.28342860987981183,1.425750000002087e-10
2770,0.7694444444444707,421,149,1.515282668135597e-06,0.2834128638459297,1.426500000002089e-10
2771,0.7697222222222485,421,149,1.515122471625248e-06,0.2833971186868271,1.4272500000020914e-10
2772,0.7700000000000263,421,149,1.5149615418301755e-06,0.29599953238092197,1.4280000000020934e-10
2773,0.7702777777778042,421,148,1.5148034096311078e-06,0.2959830879624564,1.4287500000020957e-10
2774,0.770555555555582,421,148,1.5146458163881779e-06,0.29596664445756965,1.429500000002098e-10
2775,0.7708333333333598,422,148,1.5144911988281548e-06,0.2959502018662109,1.4302500000021003e-10
2776,0.7711111111111376,422,148,1.5143339042986378e-06,0.29593376018832945,1.4310000000021024e-10
2777,0.7713888888889154,422,148,1.5141796968711957e-06,0.29591731942387467,1.4317500000021047e-10
2778,0.7716666666666933,422,148,1.5140241807670456e-06,0.29590087957279554,1.4325000000021067e-10
2779,0.7719444444444711,422,148,1.5138707141950133e-06,0.2958844406350415,1.433250000002109e-10
2780,0.7722222222222489,422,148,1.5137150713337866e-06,0.29586800261056173,1.4340000000021113e-10
2781,0.7725000000000267,422,148,1.5135594227076397e-06,0.2958515654993056,1.4347000000021134e-10
2782,0.7727777777778045,422,148,1.5133994161258216e-06,0.2958351293012223,1.4354000000021153e-10
2783,0.7730555555555824,422,148,1.5132436680138937e-06,0.29581869401626115,1.4360750000021177e-10
2784,0.7733333333333602,422,148,1.5130829538025466e-06,0.29580225964437135,1.43675000000212e-10
2785,0.773611111111138,422,148,1.512925511508321e-06,0.2957858261855022,1.4374000000021218e-10
2786,0.7738888888889158,422,148,1.512763684681479e-06,0.29576939363960303,1.4380500000021246e-10
2787,0.7741666666666936,422,148,1.5126029950865815e-06,0.30799324395707384,1.4386750000021266e-10
2788,0.7744444444444715,422,147,1.512443068204987e-06,0.30797613322129846,1.4393250000021288e-10
2789,0.7747222222222493,421,148,1.5122846849400016e-06,0.30795902343611953,1.439975000002131e-10
2790,0.7750000000000271,421,148,1.5121332502449118e-06,0.3079419146014841,1.4406250000021332e-10
2791,0.7752777777778049,421,148,1.511974517760577e-06,0.3079248067173397,1.4412750000021352e-10
2792,0.7755555555555828,421,148,1.5118228795190565e-06,0.3079076997836331,1.4419250000021374e-10
2793,0.7758333333333606,421,148,1.511672152486202e-06,0.30789059380031186,1.4425750000021396e-10
2794,0.7761111111111384,421,148,1.5115227478759488e-06,0.3078734887673229,1.4432250000021418e-10
2795,0.7763888888889162,421,148,1.5113652267009125e-06,0.3078563846846137,1.4438750000021443e-10
2796,0.776666666666694,421,148,1.5112056808724652e-06,0.3078392815521312,1.4445250000021463e-10
2797,0.7769444444444719,422,148,1.5110476961201904e-06,0.30782217936982276,1.4451750000021485e-10
2798,0.7772222222222497,422,148,1.5108914575896252e-06,0.3078050781376356,1.4458250000021507e-10
2799,0.7775000000000275,422,148,1.5107379056068197e-06,0.30778797785551676,1.4464750000021532e-10
2800,0.7777777777778053,422,148,1.510582761309545e-06,0.30777087852341367,1.4471250000021554e-10
2801,0.7780555555555831,422,148,1.5104338107169505e-06,0.3077537801412736,1.4477750000021576e-10
2802,0.778333333333361,422,148,1.5102794379596557e-06,0.3077366827090435,1.4484250000021598e-10
2803,0.7786111111111388,423,148,1.5101260845505876e-06,0.3077195862266708,1.4490750000021618e-10
2804,0.7788888888889166,423,148,1.5099623594268139e-06,0.3077024906941026,1.449725000002164e-10
2805,0.7791666666666944,423,148,1.5098115646138102e-06,0.3076853961112863,1.4503750000021665e-10
2806,0.7794444444444723,423,148,1.509655309851409e-06,0.30766830247816895,1.4510250000021687e-10
2807,0.7797222222222501,423,148,1.50948847127512e-06,0.307651209794698,1.451675000002171e-10
2808,0.7800000000000279,424,148,1.5093292662576149e-06,0.3076341180608205,1.452325000002173e-10
2809,0.7802777777778057,424,148,1.5091718054873565e-06,0.3076170272764839,1.4529750000021753e-10
2810,0.7805555555555835,424,148,1.5090152501962138e-06,0.30759993744163516,1.4536250000021775e-10
2811,0.7808333333333614,424,148,1.5088582434405932e-06,0.30758284855622176,1.4542750000021798e-10
2812,0.7811111111111392,426,148,1.5086961460284324e-06,0.3075657606201909,1.454925000002182e-10
2813,0.781388888888917,426,148,1.5085327262985507e-06,0.30754867363348976,1.4555750000021842e-10
2814,0.7816666666666948,427,148,1.5083732382276818e-06,0.30753158759606564,1.4562250000021864e-10
2815,0.7819444444444726,427,148,1.5082146117515539e-06,0.307514502507866,1.4568750000021886e-10
2816,0.7822222222222505,427,148,1.5080555014227906e-06,0.3074974183688377,1.4575250000021908e-10
2817,0.7825000000000283,427,148,1.5078957617464302e-06,0.30748033517892837,1.458175000002193e-10
2818,0.7827777777778061,427,148,1.5077411034193272e-06,0.307463252938085,1.4588250000021953e-10
2819,0.7830555555555839,427,148,1.5075779873687415e-06,0.30744617164625515,1.4595000000021974e-10
2820,0.7833333333333617,428,149,1.5074156994628407e-06,0.30742909130338597,1.4601750000021996e-10
2821,0.7836111111111396,428,149,1.507253202442721e-06,0.30741201190942463,1.4608500000022018e-10
2822,0.7838888888889174,428,149,1.507097235250018e-06,0.30739493346431856,1.461550000002204e-10
2823,0.7841666666666952,427,150,1.5069385799053014e-06,0.30737785596801503,1.4622750000022065e-10
2824,0.784444444444473,427,151,1.5067769366675031e-06,0.30736077942046125,1.4630000000022086e-10
2825,0.7847222222222509,427,151,1.5066154527095807e-06,0.30734370382160453,1.463725000002211e-10
2826,0.7850000000000287,427,151,1.506458238522758e-06,0.3073266291713923,1.464450000002213e-10
2827,0.7852777777778065,427,151,1.5063099211097458e-06,0.3073095554697716,1.4651750000022154e-10
2828,0.7855555555555843,427,151,1.5061524197854689e-06,0.30729248271669,1.4659000000022177e-10
2829,0.7858333333333621,428,151,1.5059939429671269e-06,0.3072754109120946,1.4666250000022198e-10
2830,0.78611111111114,428,151,1.5058344945453044e-06,0.30725834005593294,1.467350000002222e-10
2831,0.7863888888889178,428,151,1.505673186420627e-06,0.307241270148152,1.4680750000022242e-10
2832,0.7866666666666956,428,151,1.5055123701978326e-06,0.30722420118869936,1.4688000000022263e-10
2833,0.7869444444444734,428,151,1.5053548656818394e-06,0.3072071331775222,1.4695250000022286e-10
2834,0.7872222222222512,428,151,1.5051939045729806e-06,0.3071900661145679,1.4702500000022307e-10
2835,0.7875000000000291,429,151,1.5050347092139364e-06,0.3071729999997837,1.4710000000022333e-10
2836,0.7877777777778069,428,152,1.5048750831073092e-06,0.30715593483311715,1.4717500000022356e-10
2837,0.7880555555555847,428,152,1.5047206566711209e-06,0.3071388706145153,1.4725000000022379e-10
2838,0.7883333333333625,428,152,1.5045661968697516e-06,0.3071218073439256,1.47325000000224e-10
2839,0.7886111111111404,428,152,1.5044060534795706e-06,0.30710474502129537,1.4740000000022422e-10
2840,0.7888888888889182,428,152,1.5042458634668718e-06,0.30708768364657196,1.4747750000022445e-10
2841,0.789166666666696,427,153,1.5040955389268684e-06,0.30707062321970274,1.4755500000022465e-10
2842,0.7894444444444738,427,153,1.503934829093738e-06,0.307053563740635,1.476325000002249e-10
2843,0.7897222222222516,427,153,1.5037693100712954e-06,0.3070365052093161,1.4771000000022512e-10
2844,0.7900000000000295,427,153,1.5036110590450955e-06,0.3070194476256934,1.4778750000022535e-10
2845,0.7902777777778073,427,153,1.5034492023691385e-06,0.3070023909897142,1.478650000002256e-10
2846,0.7905555555555851,427,153,1.5032836200412244e-06,0.3069853353013259,1.479425000002258e-10
2847,0.7908333333333629,428,153,1.5031233100203183e-06,0.3069682805604758,1.4802000000022602e-10
2848,0.7911111111111407,428,153,1.5029597174298802e-06,0.30695122676711134,1.4809750000022625e-10
2849,0.7913888888889186,428,153,1.5028005011687949e-06,0.30693417392117983,1.481800000002265e-10
2850,0.7916666666666964,426,155,1.5026401044376429e-06,0.30691712202262866,1.482625000002267e-10
2851,0.7919444444444742,427,155,1.5024810509234147e-06,0.3069000710714052,1.4834500000022692e-10
2852,0.792222222222252,427,155,1.5023211215699103e-06,0.3068830210674568,1.484275000002272e-10
2853,0.7925000000000298,427,155,1.5021640175984148e-06,0.30686597201073085,1.4851000000022738e-10
2854,0.7927777777778077,427,155,1.5019969988523768e-06,0.30684892390117463,1.4859250000022765e-10
2855,0.7930555555555855,427,155,1.5018386022390774e-06,0.3068318767387358,1.4867500000022784e-10
2856,0.7933333333333633,427,155,1.501678037434964e-06,0.30681483052336145,1.4875750000022809e-10
2857,0.7936111111111411,427,155,1.5015123388404712e-06,0.30679778525499907,1.4884000000022833e-10
2858,0.793888888888919,428,155,1.5013509839128045e-06,0.30678074093359603,1.4892250000022854e-10
2859,0.7941666666666968,428,155,1.501193942433524e-06,0.30676369755909966,1.4900500000022876e-10
2860,0.7944444444444746,429,155,1.5010374356092135e-06,0.3067466551314575,1.49087500000229e-10
2861,0.7947222222222524,429,155,1.5008755829337471e-06,0.3067296136506169,1.4917000000022925e-10
2862,0.7950000000000302,429,155,1.500718765250622e-06,0.3175699457849086,1.4925250000022946e-10
2863,0.7952777777778081,429,154,1.5005643714903538e-06,0.31755230301014276,1.4933250000022966e-10
2864,0.7955555555555859,429,154,1.5004017339678754e-06,0.32888603592345245,1.494125000002299e-10
2865,0.7958333333333637,429,153,1.5002462235248956e-06,0.32886776447701227,1.4949250000023015e-10
2866,0.7961111111111415,429,153,1.5000848856001785e-06,0.3288494940456524,1.4957250000023035e-10
2867,0.7963888888889193,429,153,1.499921143470058e-06,0.3288312246293166,1.4965250000023062e-10
2868,0.7966666666666972,429,153,1.4997604282086643e-06,0.32881295622794826,1.4973250000023081e-10
2869,0.796944444444475,429,153,1.4996003702015948e-06,0.3287946888414912,1.4981250000023104e-10
2870,0.7972222222222528,429,153,1.4994369308799672e-06,0.3287764224698889,1.4989000000023129e-10
2871,0.7975000000000306,429,153,1.499276098620721e-06,0.328758157113085,1.499675000002315e-10
2872,0.7977777777778085,429,153,1.4991108607224346e-06,0.32873989277102317,1.500450000002317e-10
2873,0.7980555555555863,429,153,1.4989536090072495e-06,0.32872162944364697,1.50122500000232e-10
2874,0.7983333333333641,429,153,1.4987877221614092e-06,0.32870336713090015,1.502000000002322e-10
2875,0.7986111111111419,429,153,1.4986345880636446e-06,0.32868510583272625,1.5028000000023243e-10
2876,0.7988888888889197,428,154,1.498474418444202e-06,0.3286668455490689,1.503575000002326e-10
2877,0.7991666666666976,428,154,1.4983139979398995e-06,0.3286485862798717,1.504375000002329e-10
2878,0.7994444444444754,427,155,1.4981445551126243e-06,0.32863032802507836,1.505175000002331e-10
2879,0.7997222222222532,427,155,1.4979889903536358e-06,0.32861207078463256,1.5059750000023332e-10
2880,0.800000000000031,427,155,1.4978294963752237e-06,0.32859381455847786,1.5067750000023357e-10
2881,0.8002777777778088,427,155,1.4976656988909763e-06,0.32857555934655797,1.5075750000023382e-10
2882,0.8005555555555867,427,155,1.4975050486142617e-06,0.32855730514881654,1.5083750000023404e-10
2883,0.8008333333333645,427,155,1.497346718408891e-06,0.3285390519651971,1.5091750000023428e-10
2884,0.8011111111111423,427,155,1.4971811318037677e-06,0.3285207997956435,1.5099750000023448e-10
2885,0.8013888888889201,427,155,1.4970207538094141e-06,0.3285025486400993,1.5107750000023473e-10
2886,0.801666666666698,427,155,1.4968498501244012e-06,0.32848429849850824,1.5115750000023497e-10
2887,0.8019444444444758,427,155,1.496693041071468e-06,0.3415349851721511,1.512375000002352e-10
2888,0.8022222222222536,427,154,1.4965296027923072e-06,0.3415160110063083,1.5131750000023542e-10
2889,0.8025000000000314,427,154,1.4963662719945172e-06,0.3414970378945857,1.5139750000023566e-10
2890,0.8027777777778092,427,154,1.4962024773737062e-06,0.3518501076726047,1.5148000000023588e-10
2891,0.803055555555587,426,154,1.4960411530241293e-06,0.35183056044440075,1.5156250000023612e-10
2892,0.8033333333333649,426,154,1.4958783096588126e-06,0.35181101430215383,1.5164500000023634e-10
2893,0.8036111111111427,426,154,1.4957205372253605e-06,0.35179146924580373,1.5173000000023658e-10
2894,0.8038888888889205,425,155,1.4955617906513554e-06,0.35177192527529016,1.5181500000023684e-10
2895,0.8041666666666983,425,155,1.4954023834797544e-06,0.35175238239055256,1.5190000000023705e-10
2896,0.8044444444444762,425,155,1.4952461315638866e-06,0.3629253967844323,1.5198750000023729e-10
2897,0.804722222222254,424,155,1.4950922149858536e-06,0.36290523426238874,1.5207500000023752e-10
2898,0.8050000000000318,424,155,1.4949298665601823e-06,0.3628850728604853,1.5216250000023775e-10
2899,0.8052777777778096,424,155,1.494769707005833e-06,0.36286491257865977,1.52247500000238e-10
2900,0.8055555555555874,424,155,1.4946188929646428e-06,0.3628447534168498,1.5233250000023823e-10
2901,0.8058333333333653,424,155,1.4944560917895665e-06,0.36282459537499334,1.5241750000023844e-10
2902,0.8061111111111431,424,155,1.4942920826206072e-06,0.362804438453028,1.525025000002387e-10
2903,0.8063888888889209,424,155,1.4941377201293394e-06,0.3627842826508918,1.5258750000023892e-10
2904,0.8066666666666987,426,155,1.4939741987983027e-06,0.36276412796852225,1.5267500000023915e-10
2905,0.8069444444444765,425,156,1.4938165204383597e-06,0.3627439744058573,1.527625000002394e-10
2906,0.8072222222222544,425,156,1.493661807806855e-06,0.36272382196283487,1.5285000000023962e-10
2907,0.8075000000000322,425,156,1.4935008573263887e-06,0.36270367063939246,1.5293500000023983e-10
2908,0.80777777777781,425,156,1.4933405622968263e-06,0.3626835204354681,1.530200000002401e-10
2909,0.8080555555555878,425,156,1.4931755378719692e-06,0.36266337135099946,1.531050000002403e-10
2910,0.8083333333333657,426,156,1.493018356845395e-06,0.3626432233859244,1.5319000000024052e-10
2911,0.8086111111111435,426,156,1.4928497128768318e-06,0.36262307654018083,1.532750000002408e-10
2912,0.8088888888889213,426,156,1.4926850793533355e-06,0.3626029308137063,1.5336000000024102e-10
2913,0.8091666666666991,426,156,1.4925271204608404e-06,0.36258278620643897,1.5344500000024126e-10
2914,0.8094444444444769,426,156,1.4923595789133256e-06,0.3625626427183163,1.5353000000024147e-10
2915,0.8097222222222548,426,156,1.492197500208314e-06,0.36254250034927643,1.536175000002417e-10
2916,0.8100000000000326,425,157,1.4920432030587195e-06,0.36252235909925706,1.5370500000024196e-10
2917,0.8102777777778104,425,157,1.49188670264704e-06,0.362502218968196,1.537925000002422e-10
2918,0.8105555555555882,425,157,1.4917275945524262e-06,0.36248207995603116,1.5388250000024243e-10
2919,0.810833333333366,424,158,1.4915676641811696e-06,0.36246194206270027,1.5397250000024266e-10
2920,0.8111111111111439,424,158,1.4914146382750811e-06,0.3624418052881413,1.540650000002429e-10
2921,0.8113888888889217,423,159,1.4912591045722153e-06,0.36242166963229194,1.5415750000024313e-10
2922,0.8116666666666995,424,159,1.491098230022142e-06,0.36240153509509015,1.5425000000024336e-10
2923,0.8119444444444773,424,159,1.4909457397563373e-06,0.3623814016764737,1.543425000002436e-10
2924,0.8122222222222552,424,159,1.4908020777037565e-06,0.3623612693763805,1.5443750000024383e-10
2925,0.812500000000033,423,160,1.4906445217112273e-06,0.36234113819474856,1.5453250000024407e-10
2926,0.8127777777778108,423,160,1.49048806576381e-06,0.3623210081315156,1.546250000002443e-10
2927,0.8130555555555886,423,160,1.4903378863471772e-06,0.3623008791866194,1.5471750000024455e-10
2928,0.8133333333333664,423,160,1.490179686368629e-06,0.3622807513599979,1.5481000000024477e-10
2929,0.8136111111111443,423,160,1.4900227236276428e-06,0.3732204641904936,1.54902500000245e-10
2930,0.8138888888889221,423,159,1.4898638213412284e-06,0.3731997297202609,1.5499500000024525e-10
2931,0.8141666666666999,423,159,1.4897071673167327e-06,0.3731789964019431,1.550900000002455e-10
2932,0.8144444444444777,422,160,1.48955436811747e-06,0.3731582642354763,1.5518500000024572e-10
2933,0.8147222222222555,422,160,1.4894006702477813e-06,0.37313753322079657,1.5528000000024596e-10
2934,0.8150000000000334,422,160,1.4892363340651618e-06,0.3731168033578399,1.553750000002462e-10
2935,0.8152777777778112,422,160,1.4890700019417774e-06,0.37309607464654226,1.5547250000024645e-10
2936,0.815555555555589,421,161,1.4889081459583283e-06,0.3730753470868397,1.5557000000024667e-10
2937,0.8158333333333668,421,161,1.4887541537529338e-06,0.3730546206786682,1.556675000002469e-10
2938,0.8161111111111446,421,161,1.4885970473893468e-06,0.3730338954219638,1.5576500000024718e-10
2939,0.8163888888889225,421,161,1.4884443320099767e-06,0.3730131713166626,1.558625000002474e-10
2940,0.8166666666667003,421,161,1.4882834582601534e-06,0.37299244836270057,1.5596000000024766e-10
2941,0.8169444444444781,421,161,1.488129016421949e-06,0.37297172656001376,1.5605750000024788e-10
2942,0.8172222222222559,421,161,1.4879703267148292e-06,0.3729510059085382,1.5615500000024812e-10
2943,0.8175000000000338,421,161,1.4878118572927694e-06,0.3858706376808121,1.5625500000024838e-10
2944,0.8177777777778116,420,161,1.487648980726859e-06,0.38584920042316323,1.563550000002486e-10
2945,0.8180555555555894,420,161,1.487490367199336e-06,0.38582776435647304,1.5645500000024883e-10
2946,0.8183333333333672,420,161,1.4873355047492644e-06,0.38580632948067545,1.5655500000024907e-10
2947,0.818611111111145,420,161,1.48717940116719e-06,0.3857848957957043,1.566550000002493e-10
2948,0.8188888888889229,421,161,1.4870246593800113e-06,0.38576346330149347,1.5675500000024957e-10
2949,0.8191666666667007,421,161,1.4868661170079017e-06,0.38574203199797674,1.5685500000024978e-10
2950,0.8194444444444785,421,161,1.486711422063824e-06,0.38572060188508794,1.5695500000025004e-10
2951,0.8197222222222563,422,161,1.4865474629379783e-06,0.39668885404434834,1.5705500000025028e-10
2952,0.8200000000000341,422,160,1.4863807926792978e-06,0.39666681577467927,1.5715500000025052e-10
2953,0.820277777777812,422,160,1.4862207100955792e-06,0.3966447787293584,1.5725500000025076e-10
2954,0.8205555555555898,422,160,1.4860580776683146e-06,0.3966227429083179,1.57355000000251e-10
2955,0.8208333333333676,422,160,1.4859009770546386e-06,0.3966007083114897,1.5745500000025123e-10
2956,0.8211111111111454,422,160,1.485741223644475e-06,0.39657867493880566,1.575575000002515e-10
2957,0.8213888888889233,421,161,1.4855813097043268e-06,0.39655664279019803,1.576600000002517e-10
2958,0.8216666666667011,421,161,1.4854250390087906e-06,0.3965346118655985,1.5776250000025196e-10
2959,0.8219444444444789,421,161,1.485268731843737e-06,0.39651258216493945,1.5786500000025221e-10
2960,0.8222222222222567,422,161,1.4851121815706122e-06,0.40835254132638776,1.5796750000025245e-10
2961,0.8225000000000345,422,160,1.4849569581473637e-06,0.4083298550740919,1.5807000000025268e-10
2962,0.8227777777778124,422,160,1.4848007927711456e-06,0.4083071700821434,1.5817250000025294e-10
2963,0.8230555555555902,422,160,1.4846422818627934e-06,0.4082844863504721,1.5827500000025315e-10
2964,0.823333333333368,422,160,1.4844851403439176e-06,0.4082618038790083,1.5837750000025338e-10
2965,0.8236111111111458,422,160,1.484329676265247e-06,0.4082391226676816,1.5848250000025366e-10
2966,0.8238888888889236,422,161,1.4841721859960285e-06,0.4082164427164223,1.585875000002539e-10
2967,0.8241666666667015,422,161,1.484019680682938e-06,0.4081937640251603,1.5869250000025412e-10
2968,0.8244444444444793,423,161,1.4838694638290957e-06,0.4081710865938256,1.587975000002544e-10
2969,0.8247222222222571,423,161,1.483717798634489e-06,0.4081484104223482,1.5890250000025463e-10
2970,0.8250000000000349,423,161,1.483559808002027e-06,0.408125735510658,1.5900750000025486e-10
2971,0.8252777777778127,423,161,1.4834117856981205e-06,0.4081030618586853,1.591175000002551e-10
2972,0.8255555555555906,422,163,1.48325286722882e-06,0.40808038946635977,1.5922750000025532e-10
2973,0.8258333333333684,423,163,1.48310093781665e-06,0.40805771833361165,1.593375000002556e-10
2974,0.8261111111111462,423,163,1.4829470033341775e-06,0.4080350484603709,1.5944500000025582e-10
2975,0.826388888888924,423,163,1.4827925664619819e-06,0.4080123798465675,1.595525000002561e-10
2976,0.8266666666667019,423,163,1.482641976969151e-06,0.40798971249213173,1.596525000002563e-10
2977,0.8269444444444797,424,163,1.4824879622272216e-06,0.4079670463969932,1.5975500000025656e-10
2978,0.8272222222222575,423,164,1.4823404502791157e-06,0.40794438156108226,1.598575000002568e-10
2979,0.8275000000000353,423,164,1.4821973136070154e-06,0.40792171798432897,1.5996250000025705e-10
2980,0.8277777777778131,422,165,1.4820478481883444e-06,0.4078990556666632,1.600675000002573e-10
2981,0.828055555555591,422,165,1.4818980680373191e-06,0.407876394608015,1.6017250000025753e-10
2982,0.8283333333333688,424,165,1.4817449841290978e-06,0.4078537348083146,1.6027750000025781e-10
2983,0.8286111111111466,424,165,1.4815907313711917e-06,0.4078310762674919,1.6038250000025802e-10
2984,0.8288888888889244,424,165,1.4814354360012667e-06,0.407808418985477,1.6048750000025827e-10
2985,0.8291666666667022,424,165,1.4812803943435033e-06,0.40778576296220015,1.6059250000025853e-10
2986,0.8294444444444801,424,165,1.481126472694012e-06,0.40776310819759104,1.6070000000025875e-10
2987,0.8297222222222579,423,166,1.4809738893779786e-06,0.40774045469158016,1.6080750000025897e-10
2988,0.8300000000000357,423,166,1.4808223508658308e-06,0.4077178024440972,1.6091500000025925e-10
2989,0.8302777777778135,423,166,1.480667852464565e-06,0.4076951514550727,1.6102250000025948e-10
2990,0.8305555555555914,424,166,1.4805168143856415e-06,0.4076725017244362,1.6113000000025973e-10
2991,0.8308333333333692,424,166,1.4803580570108709e-06,0.40764985325211817,1.6123750000026e-10
2992,0.831111111111147,424,166,1.4802047570805014e-06,0.4076272060380487,1.6134500000026023e-10
2993,0.8313888888889248,424,166,1.480049447203187e-06,0.4208556636100592,1.6145500000026047e-10
2994,0.8316666666667026,423,166,1.4799006163001393e-06,0.4208322827398587,1.6156500000026074e-10
2995,0.8319444444444805,422,167,1.4797428732771775e-06,0.4330099142060628,1.6167500000026096e-10
2996,0.8322222222222583,422,166,1.4795927261751625e-06,0.432985858099718,1.6178250000026124e-10
2997,0.8325000000000361,422,166,1.4794357689796873e-06,0.43296180332982365,1.6189000000026146e-10
2998,0.8327777777778139,422,166,1.4792880099082904e-06,0.4329377498963053,1.6199750000026171e-10
2999,0.8330555555555917,422,166,1.4791284359906881e-06,0.43291369779908884,1.62105000000262e-10
3000,0.8333333333333696,422,166,1.478974392097915e-06,0.4457789194359313,1.6221250000026221e-10
3001,0.8336111111111474,422,165,1.4788182009356835e-06,0.445754153940407,1.6231750000026244e-10
3002,0.8338888888889252,422,165,1.4786629480958759e-06,0.44572938982074367,1.6242250000026272e-10
3003,0.834166666666703,422,165,1.4785142117387712e-06,0.4457046270768648,1.6253000000026295e-10
3004,0.8344444444444808,421,166,1.4783628727932833e-06,0.45859784511298374,1.626375000002632e-10
3005,0.8347222222222587,421,165,1.4782052247523963e-06,0.4585723674549219,1.6274250000026345e-10
3006,0.8350000000000365,421,165,1.4780495943854817e-06,0.4585468912122856,1.628475000002637e-10
3007,0.8352777777778143,421,165,1.4778980356464804e-06,0.47185466251970737,1.6295250000026393e-10
3008,0.8355555555555921,422,164,1.4777499797530106e-06,0.4718284483717896,1.6306000000026418e-10
3009,0.83583333333337,421,165,1.477607343336406e-06,0.47180223568021357,1.6316750000026443e-10
3010,0.8361111111111478,421,165,1.4774520184471612e-06,0.4717760244448979,1.6327500000026468e-10
3011,0.8363888888889256,421,165,1.4772984792759025e-06,0.4717498146657622,1.6338250000026496e-10
3012,0.8366666666667034,421,165,1.4771456453487776e-06,0.4717236063427252,1.634875000002652e-10
3013,0.8369444444444812,422,165,1.4769949133948614e-06,0.47169739947570616,1.6359250000026544e-10
3014,0.8372222222222591,422,165,1.4768471885168841e-06,0.47167119406462427,1.636975000002657e-10
3015,0.8375000000000369,422,165,1.4766974491707163e-06,0.47164499010939837,1.6380250000026595e-10
3016,0.8377777777778147,422,165,1.4765466381324996e-06,0.47161878760994785,1.639050000002662e-10
3017,0.8380555555555925,422,165,1.476388961003015e-06,0.47159258656619185,1.6400500000026647e-10
3018,0.8383333333333703,422,165,1.4762347529450493e-06,0.4715663869780493,1.641050000002667e-10
3019,0.8386111111111482,423,165,1.476083484243997e-06,0.4715401888454394,1.6420500000026695e-10
3020,0.838888888888926,423,165,1.4759341001489429e-06,0.4715139921682813,1.6430500000026724e-10
3021,0.8391666666667038,423,165,1.4757781309804125e-06,0.4714877969464943,1.6440500000026745e-10
3022,0.8394444444444816,424,165,1.4756179169667683e-06,0.47146160317999714,1.6450500000026771e-10
3023,0.8397222222222595,424,165,1.4754643267109258e-06,0.47143541086870944,1.6460500000026798e-10
3024,0.8400000000000373,424,165,1.475306454504842e-06,0.4714092200125502,1.6470500000026824e-10
3025,0.8402777777778151,424,165,1.4751463998268883e-06,0.4713830306114383,1.6480750000026845e-10
3026,0.8405555555555929,424,166,1.4749943868166944e-06,0.47135684266529315,1.6491000000026873e-10
3027,0.8408333333333707,424,166,1.474838190010961e-06,0.4713306561740341,1.6501500000026896e-10
3028,0.8411111111111486,423,167,1.4746795471297973e-06,0.47130447113757984,1.6512000000026922e-10
3029,0.8413888888889264,424,167,1.474520047763227e-06,0.47127828755585005,1.6522500000026947e-10
3030,0.8416666666667042,424,167,1.4743649775299766e-06,0.4712521054287638,1.6533250000026972e-10
3031,0.841944444444482,423,168,1.4742049137911276e-06,0.47122592475624,1.6544000000027e-10
3032,0.8422222222222598,423,168,1.4740498235150858e-06,0.4711997455381978,1.6554750000027022e-10
3033,0.8425000000000377,423,168,1.47390022683624e-06,0.4711735677745569,1.6565250000027048e-10
3034,0.8427777777778155,423,168,1.4737469272267895e-06,0.47114739146523615,1.6575750000027076e-10
3035,0.8430555555555933,423,168,1.4735911904804369e-06,0.4711212166101547,1.6586500000027098e-10
3036,0.8433333333333711,422,169,1.4734375273340349e-06,0.47109504320923196,1.6597250000027126e-10
3037,0.843611111111149,422,169,1.4732921395491263e-06,0.4710688712623869,1.660800000002715e-10
3038,0.8438888888889268,422,169,1.4731414940669968e-06,0.4710427007695392,1.6618750000027176e-10
3039,0.8441666666667046,422,169,1.4729915936481602e-06,0.4710165317306075,1.66295000000272e-10
3040,0.8444444444444824,422,169,1.4728402190220008e-06,0.4709903641455114,1.6640250000027228e-10
3041,0.8447222222222602,422,169,1.4726936447905785e-06,0.47096419801416994,1.6651000000027253e-10
3042,0.845000000000038,422,169,1.472546295263433e-06,0.47093803333650247,1.6661750000027276e-10
3043,0.8452777777778159,421,170,1.4723942864094887e-06,0.47091187011242835,1.6672500000027303e-10
3044,0.8455555555555937,421,170,1.4722467574885669e-06,0.47088570834186655,1.668325000002733e-10
3045,0.8458333333333715,422,170,1.472095070304208e-06,0.47085954802473634,1.6694250000027355e-10
3046,0.8461111111111493,421,171,1.4719434064733374e-06,0.4708333891609573,1.670525000002738e-10
3047,0.8463888888889272,421,171,1.471790300251257e-06,0.4708072317504483,1.6716250000027407e-10
3048,0.846666666666705,421,171,1.4716377328754635e-06,0.47078107579312883,1.6727250000027432e-10
3049,0.8469444444444828,421,171,1.4714858256483069e-06,0.4707549212889182,1.6738000000027457e-10
3050,0.8472222222222606,421,171,1.4713309240485565e-06,0.4707287682377355,1.6748750000027484e-10
3051,0.8475000000000384,421,171,1.4711809731483185e-06,0.47070261663950014,1.675950000002751e-10
3052,0.8477777777778163,421,171,1.4710301929376983e-06,0.4706764664941312,1.6770250000027534e-10
3053,0.8480555555555941,421,171,1.4708757308756659e-06,0.4706503178015482,1.678150000002756e-10
3054,0.8483333333333719,419,173,1.470726340824557e-06,0.47062417056167033,1.6792500000027586e-10
3055,0.8486111111111497,419,173,1.4705788636121169e-06,0.470598024774417,1.680350000002761e-10
3056,0.8488888888889276,419,173,1.470431613487922e-06,0.47057188043970727,1.681450000002764e-10
3057,0.8491666666667054,419,173,1.470281657763831e-06,0.4705457375574606,1.6825500000027664e-10
3058,0.8494444444444832,419,173,1.4701305636133225e-06,0.47051959612759636,1.6836500000027692e-10
3059,0.849722222222261,419,173,1.4699851494404787e-06,0.48362716256325455,1.684750000002772e-10
3060,0.8500000000000388,419,172,1.4698333266902356e-06,0.48360029438755664,1.685850000002774e-10
3061,0.8502777777778167,420,172,1.4696829089728973e-06,0.496138672177761,1.6869500000027768e-10
3062,0.8505555555555945,420,171,1.4695320643885024e-06,0.49611110891819554,1.6880500000027795e-10
3063,0.8508333333333723,420,171,1.4693823234620152e-06,0.4960835471899223,1.6891500000027817e-10
3064,0.8511111111111501,420,171,1.4692287270089343e-06,0.4960559869928563,1.6902500000027844e-10
3065,0.8513888888889279,420,171,1.4690795938690734e-06,0.49602842832691213,1.691375000002787e-10
3066,0.8516666666667058,419,172,1.4689360995247668e-06,0.49600087119200514,1.69252500000279e-10
3067,0.8519444444444836,418,173,1.4687915650690152e-06,0.4959733155880501,1.693675000002792e-10
3068,0.8522222222222614,418,173,1.4686415988886093e-06,0.49594576151496184,1.694825000002795e-10
3069,0.8525000000000392,420,173,1.468488935738483e-06,0.49591820897265554,1.6959750000027976e-10
3070,0.852777777777817,420,173,1.4683370552127692e-06,0.495890657961046,1.6971250000028002e-10
3071,0.8530555555555949,420,173,1.468188581377879e-06,0.49586310848004816,1.6982750000028026e-10
3072,0.8533333333333727,421,173,1.4680343773699241e-06,0.495835560529577,1.6994500000028052e-10
3073,0.8536111111111505,420,174,1.4678868065910295e-06,0.4958080141095476,1.700650000002808e-10
3074,0.8538888888889283,420,175,1.467739472859952e-06,0.4957804692198749,1.7018500000028105e-10
3075,0.8541666666667062,420,175,1.4675935744553627e-06,0.4957529258604737,1.703050000002813e-10
3076,0.854444444444484,420,175,1.467442351870074e-06,0.4957253840312594,1.7042750000028158e-10
3077,0.8547222222222618,419,176,1.4672919372754884e-06,0.4956978437321464,1.7055000000028183e-10
3078,0.8550000000000396,419,176,1.4671422505110682e-06,0.49567030496305026,1.706725000002821e-10
3079,0.8552777777778174,419,176,1.4670003091825774e-06,0.49564276772388566,1.7079500000028236e-10
3080,0.8555555555555953,418,177,1.4668533689948562e-06,0.49561523201456764,1.7092000000028263e-10
3081,0.8558333333333731,417,178,1.466700657091519e-06,0.4955876978350114,1.710450000002829e-10
3082,0.8561111111111509,416,179,1.4665565595639862e-06,0.4955601651851317,1.7117250000028316e-10
3083,0.8563888888889287,415,180,1.4664109940772228e-06,0.49553263406484355,1.713000000002834e-10
3084,0.8566666666667065,415,180,1.4662622560593685e-06,0.4955051044740622,1.714275000002837e-10
3085,0.8569444444444844,415,180,1.4661140431600181e-06,0.4954775764127026,1.7155500000028394e-10
3086,0.8572222222222622,416,180,1.4659686902710092e-06,0.49545004988067964,1.716800000002842e-10
3087,0.85750000000004,416,180,1.4658203591364111e-06,0.49542252487790855,1.7180500000028448e-10
3088,0.8577777777778178,416,180,1.4656761215024679e-06,0.4953950014043042,1.7193000000028473e-10
3089,0.8580555555555957,416,180,1.4655273255385483e-06,0.49536747945978177,1.72055000000285e-10
3090,0.8583333333333735,416,180,1.46537917384748e-06,0.4953399590442562,1.7218000000028527e-10
3091,0.8586111111111513,416,180,1.4652309565419965e-06,0.5075134511942375,1.7230500000028554e-10
3092,0.8588888888889291,416,179,1.4650890067752667e-06,0.520502605371968,1.724300000002858e-10
3093,0.8591666666667069,416,178,1.4649451807507276e-06,0.5204736885605586,1.7256000000028605e-10
3094,0.8594444444444848,415,180,1.4647977952954808e-06,0.5325137999749121,1.7269250000028633e-10
3095,0.8597222222222626,414,180,1.4646569521721171e-06,0.5324842158749137,1.728250000002866e-10
3096,0.8600000000000404,414,180,1.4645090643933752e-06,0.5324546334184762,1.7295750000028687e-10
3097,0.8602777777778182,414,180,1.464361823156129e-06,0.5324250526055087,1.7309000000028713e-10
3098,0.860555555555596,415,180,1.4642140809757832e-06,0.5323954734359194,1.7322250000028739e-10
3099,0.8608333333333739,415,180,1.4640718948442121e-06,0.5323658959096175,1.7335500000028764e-10
3100,0.8611111111111517,416,180,1.4639259081807831e-06,0.5323363200265113,1.7349000000028792e-10
3101,0.8613888888889295,415,181,1.4637846348284228e-06,0.5323067457865098,1.7362500000028818e-10
3102,0.8616666666667073,415,181,1.4636450681283162e-06,0.5322771731895217,1.7376250000028843e-10
3103,0.8619444444444851,414,182,1.463506281098718e-06,0.5322476022354556,1.739000000002887e-10
3104,0.862222222222263,414,182,1.4633606062191241e-06,0.5322180329242203,1.74037500000289e-10
3105,0.8625000000000408,414,182,1.4632181357507971e-06,0.5321884652557246,1.7417500000028925e-10
3106,0.8627777777778186,414,182,1.4630716844064577e-06,0.532158899229877,1.743125000002895e-10
3107,0.8630555555555964,414,182,1.4629313603932391e-06,0.5321293348465865,1.7445000000028977e-10
3108,0.8633333333333743,414,182,1.4627921629484786e-06,0.5320997721057618,1.7459000000029004e-10
3109,0.8636111111111521,413,183,1.4626476386608407e-06,0.5320702110073114,1.747300000002903e-10
3110,0.8638888888889299,413,183,1.4625041650047266e-06,0.5458365740072009,1.7487250000029056e-10
3111,0.8641666666667077,412,183,1.4623608590338538e-06,0.5458062497530893,1.7501500000029085e-10
3112,0.8644444444444855,412,183,1.4622237956152498e-06,0.5457759271836587,1.751625000002911e-10
3113,0.8647222222222634,410,185,1.4620847342851524e-06,0.5457456062988152,1.753100000002914e-10
3114,0.8650000000000412,410,185,1.461947193805624e-06,0.5571822913301673,1.7546000000029164e-10
3115,0.865277777777819,409,185,1.4617983357679244e-06,0.5571513367584268,1.756100000002919e-10
3116,0.8655555555555968,409,185,1.4616553325778654e-06,0.5571203839063846,1.7576000000029215e-10
3117,0.8658333333333746,409,185,1.4615176236838004e-06,0.5570894327739455,1.7591000000029245e-10
3118,0.8661111111111525,409,185,1.4613791561499963e-06,0.5570584833610135,1.760600000002927e-10
3119,0.8663888888889303,409,185,1.4612420004794814e-06,0.5570275356674934,1.7621000000029298e-10
3120,0.8666666666667081,409,185,1.461091723467685e-06,0.5569965896932898,1.7636000000029326e-10
3121,0.8669444444444859,409,185,1.4609495581184002e-06,0.5569656454383068,1.7651000000029351e-10
3122,0.8672222222222637,409,185,1.4608075337815513e-06,0.5569347029024492,1.766600000002938e-10
3123,0.8675000000000416,409,185,1.4606720157433293e-06,0.5569037620856213,1.7681000000029404e-10
3124,0.8677777777778194,409,185,1.4605359705474434e-06,0.5568728229877277,1.7696000000029435e-10
3125,0.8680555555555972,409,185,1.4604002122063736e-06,0.5683003893491505,1.7710750000029463e-10
3126,0.868333333333375,409,184,1.460253651856718e-06,0.5682688171052978,1.7725500000029492e-10
3127,0.8686111111111529,409,184,1.4601150188065501e-06,0.5682372466154587,1.7740500000029514e-10
3128,0.8688888888889307,408,185,1.4599721558952544e-06,0.5682056778795356,1.7755500000029542e-10
3129,0.8691666666667085,408,185,1.4598373228845153e-06,0.5793556057328296,1.777050000002957e-10
3130,0.8694444444444863,408,184,1.4596930055758995e-06,0.579323419310289,1.7785500000029598e-10
3131,0.8697222222222641,408,184,1.4595565036594635e-06,0.5792912346758827,1.7800500000029626e-10
3132,0.870000000000042,408,184,1.4594175426764048e-06,0.5792590518295119,1.7815500000029648e-10
3133,0.8702777777778198,409,184,1.4592787214050179e-06,0.5913108234249811,1.783050000002968e-10
3134,0.8705555555555976,409,183,1.4591360109540726e-06,0.5912779728236798,1.7845500000029707e-10
3135,0.8708333333333754,409,183,1.458991841496277e-06,0.5912451240474118,1.7860500000029735e-10
3136,0.8711111111111532,409,183,1.458851389706123e-06,0.5912122770960759,1.787550000002976e-10
3137,0.8713888888889311,409,183,1.458712684939972e-06,0.5911794319695706,1.7890500000029788e-10
3138,0.8716666666667089,409,183,1.4585729161002945e-06,0.5911465886677943,1.7905500000029816e-10
3139,0.8719444444444867,409,183,1.4584356363799927e-06,0.5911137471906462,1.792050000002984e-10
3140,0.8722222222222645,409,183,1.4582942585028498e-06,0.5910809075380247,1.7935500000029871e-10
3141,0.8725000000000424,410,183,1.4581447179886579e-06,0.591048069709828,1.79505000000299e-10
3142,0.8727777777778202,410,183,1.4580048606592742e-06,0.5910152337059553,1.7965500000029927e-10
3143,0.873055555555598,410,183,1.4578653750642342e-06,0.5909823995263049,1.7980500000029955e-10
3144,0.8733333333333758,410,183,1.4577228452780796e-06,0.5909495671707757,1.799550000002998e-10
3145,0.8736111111111536,410,183,1.4575832045164445e-06,0.5909167366392664,1.8010500000030005e-10
3146,0.8738888888889315,410,183,1.4574406841325418e-06,0.5908839079316753,1.8025500000030033e-10
3147,0.8741666666667093,410,183,1.4572909293039694e-06,0.5908510810479013,1.804050000003006e-10
3148,0.8744444444444871,410,183,1.4571526212259054e-06,0.5908182559878431,1.805525000003009e-10
3149,0.8747222222222649,410,183,1.4570112977539106e-06,0.5907854327513994,1.8070000000030118e-10
3150,0.8750000000000427,410,183,1.4568752182060188e-06,0.5907526113384687,1.8085000000030146e-10
3151,0.8752777777778206,409,184,1.4567363891935878e-06,0.5907197917489501,1.810000000003017e-10
3152,0.8755555555555984,409,184,1.4565948106838645e-06,0.5906869739827416,1.8115000000030201e-10
3153,0.8758333333333762,409,184,1.4564505255524666e-06,0.5906541580397427,1.813000000003023e-10
3154,0.876111111111154,409,184,1.4563065180829794e-06,0.5906213439198515,1.8145000000030255e-10
3155,0.8763888888889318,409,184,1.4561670004302267e-06,0.5905885316229672,1.8160250000030282e-10
3156,0.8766666666667097,408,185,1.4560260616204636e-06,0.5905557211489881,1.8175500000030307e-10
3157,0.8769444444444875,408,185,1.4558838191257892e-06,0.5905229124978131,1.8190750000030342e-10
3158,0.8772222222222653,408,185,1.4557459882841559e-06,0.590490105669341,1.8206000000030367e-10
3159,0.8775000000000431,408,185,1.4556125602045347e-06,0.5904573006634707,1.8221250000030394e-10
3160,0.877777777777821,408,185,1.45547337517402e-06,0.5904244974801005,1.8236500000030424e-10
3161,0.8780555555555988,409,185,1.455335678366732e-06,0.5903916961191292,1.825175000003045e-10
3162,0.8783333333333766,409,185,1.4551919473856814e-06,0.5903588965804561,1.8267000000030477e-10
3163,0.8786111111111544,409,185,1.4550544139931942e-06,0.5903260988639794,1.8282250000030507e-10
3164,0.8788888888889322,409,185,1.4549141063689681e-06,0.590293302969598,1.8297500000030534e-10
3165,0.8791666666667101,409,185,1.454770161021977e-06,0.590260508897211,1.8313000000030564e-10
3166,0.8794444444444879,408,186,1.4546392295998437e-06,0.5902277166467167,1.8328500000030588e-10
3167,0.8797222222222657,411,186,1.4544972235857453e-06,0.5901949262180142,1.8344000000030618e-10
3168,0.8800000000000435,411,186,1.4543619909416291e-06,0.5901621376110021,1.8360000000030646e-10
3169,0.8802777777778213,409,188,1.4542211949948667e-06,0.6015454465381213,1.8376000000030672e-10
3170,0.8805555555555992,411,187,1.4540791758106753e-06,0.6015120273466469,1.83920000000307e-10
3171,0.880833333333377,411,187,1.4539386111458232e-06,0.6014786100117946,1.8408000000030732e-10
3172,0.8811111111111548,411,187,1.4537941906637692e-06,0.6014451945334603,1.8424000000030758e-10
3173,0.8813888888889326,411,187,1.4536588333933939e-06,0.601411780911542,1.844025000003079e-10
3174,0.8816666666667105,410,188,1.4535192809687865e-06,0.6013783691459358,1.8456750000030817e-10
3175,0.8819444444444883,409,189,1.4533823917315124e-06,0.6013449592365389,1.8473250000030845e-10
3176,0.8822222222222661,409,189,1.4532501140442185e-06,0.601311551183248,1.8489750000030873e-10
3177,0.8825000000000439,409,189,1.4531053113348675e-06,0.6012781449859599,1.85062500000309e-10
3178,0.8827777777778217,409,189,1.4529656312178893e-06,0.601244740644572,1.852300000003093e-10
3179,0.8830555555555996,408,190,1.4528266822059712e-06,0.6012113381589805,1.8539500000030958e-10
3180,0.8833333333333774,408,190,1.4526904598262992e-06,0.6011779375290828,1.8556000000030986e-10
3181,0.8836111111111552,409,190,1.4525477428880393e-06,0.6011445387547757,1.8572500000031014e-10
3182,0.883888888888933,409,190,1.4524087036177496e-06,0.601111141835956,1.8588750000031042e-10
3183,0.8841666666667108,409,190,1.4522619020115007e-06,0.6010777467725207,1.860475000003107e-10
3184,0.8844444444444887,409,190,1.4521209831800869e-06,0.6010443535643666,1.8620750000031102e-10
3185,0.8847222222222665,409,190,1.4519779533445395e-06,0.6010109622113908,1.8636750000031126e-10
3186,0.8850000000000443,409,190,1.451835813106817e-06,0.6009775727134903,1.8652750000031157e-10
3187,0.8852777777778221,409,190,1.4516970134384711e-06,0.6009441850705618,1.8668750000031186e-10
3188,0.8855555555556,409,190,1.4515636702566738e-06,0.6009107992825024,1.8684750000031217e-10
3189,0.8858333333333778,409,190,1.451423943657378e-06,0.6124469186887305,1.8700750000031243e-10
3190,0.8861111111111556,409,189,1.451286614539884e-06,0.6124128938599144,1.871675000003127e-10
3191,0.8863888888889334,409,189,1.4511398870727325e-06,0.6123788709213667,1.87327500000313e-10
3192,0.8866666666667112,410,189,1.4510081797895297e-06,0.6123448498729822,1.8749000000031329e-10
3193,0.886944444444489,409,190,1.450868553322282e-06,0.6123108307146559,1.876550000003136e-10
3194,0.8872222222222669,409,191,1.4507300680540563e-06,0.6122768134462829,1.8782000000031384e-10
3195,0.8875000000000447,409,191,1.4505985921554544e-06,0.612242798067758,1.8798500000031415e-10
3196,0.8877777777778225,408,192,1.4504661855349678e-06,0.6122087845789767,1.8815250000031444e-10
3197,0.8880555555556003,408,193,1.4503316774094842e-06,0.6121747729798334,1.8832000000031472e-10
3198,0.8883333333333782,408,193,1.4501969219789182e-06,0.6121407632702234,1.88487500000315e-10
3199,0.888611111111156,408,193,1.4500648906186176e-06,0.6121067554500417,1.886550000003153e-10
3200,0.8888888888889338,408,193,1.4499356644491848e-06,0.6120727495191833,1.8882000000031557e-10
3201,0.8891666666667116,409,193,1.4498041959290513e-06,0.6120387454775434,1.8898500000031585e-10
3202,0.8894444444444894,409,193,1.4496687957413254e-06,0.6256514284089835,1.8915000000031613e-10
3203,0.8897222222222673,409,192,1.4495357458115556e-06,0.6256166699962943,1.8931500000031643e-10
3204,0.8900000000000451,410,192,1.4494061531379086e-06,0.6255819135146278,1.8948500000031673e-10
3205,0.8902777777778229,408,194,1.4492697324527609e-06,0.625547158963877,1.8965500000031702e-10
3206,0.8905555555556007,408,194,1.449136184094216e-06,0.6255124063439346,1.898250000003173e-10
3207,0.8908333333333786,408,194,1.448997298600733e-06,0.6254776556546933,1.8999500000031758e-10
3208,0.8911111111111564,408,194,1.4488601141264844e-06,0.6254429068960456,1.9016500000031788e-10
3209,0.8913888888889342,409,194,1.4487227642013683e-06,0.6254081600678849,1.9033000000031818e-10
3210,0.891666666666712,409,194,1.4485831199665455e-06,0.6253734151701035,1.9049500000031846e-10
3211,0.8919444444444898,409,194,1.4484433887131793e-06,0.6369081755423059,1.9066000000031874e-10
3212,0.8922222222222677,409,193,1.4483083006772393e-06,0.6368727917547757,1.9082500000031907e-10
3213,0.8925000000000455,409,193,1.448170937625612e-06,0.6368374099330116,1.9099000000031935e-10
3214,0.8927777777778233,410,193,1.4480306347469803e-06,0.6368020300769044,1.9115500000031963e-10
3215,0.8930555555556011,410,193,1.4478948346872254e-06,0.6367666521863445,1.913200000003199e-10
3216,0.8933333333333789,410,193,1.4477524745037429e-06,0.6367312762612231,1.9148750000032023e-10
3217,0.8936111111111568,409,194,1.4476224015405482e-06,0.6366959023014308,1.9166000000032052e-10
3218,0.8938888888889346,407,196,1.44749823956058e-06,0.6366605303068585,1.918325000003208e-10
3219,0.8941666666667124,407,196,1.4473732283475192e-06,0.636625160277397,1.920050000003211e-10
3220,0.8944444444444902,407,196,1.4472398913074953e-06,0.6365897922129371,1.921775000003214e-10
3221,0.894722222222268,407,196,1.4471047323645008e-06,0.6365544261133699,1.9235000000032168e-10
3222,0.8950000000000459,407,196,1.4469698970140045e-06,0.6365190619785858,1.92527500000322e-10
3223,0.8952777777778237,405,198,1.4468379453789445e-06,0.6364836998084759,1.9270500000032225e-10
3224,0.8955555555556015,405,198,1.4467135630739674e-06,0.636448339602931,1.9288500000032258e-10
3225,0.8958333333333793,404,199,1.4465751382489469e-06,0.636412981361842,1.9306500000032288e-10
3226,0.8961111111111572,405,199,1.4464414980293321e-06,0.6500378102285227,1.9324500000032316e-10
3227,0.896388888888935,405,198,1.4463166198718324e-06,0.6500016970168434,1.9342500000032349e-10
3228,0.8966666666667128,405,198,1.446182983770135e-06,0.6499655858114536,1.9360750000032376e-10
3229,0.8969444444444906,404,199,1.4460557327775959e-06,0.6499294766122419,1.9379000000032403e-10
3230,0.8972222222222684,404,199,1.4459271390793213e-06,0.6498933694190969,1.9397500000032435e-10
3231,0.8975000000000463,403,200,1.4457912610154337e-06,0.6498572642319068,1.9416000000032465e-10
3232,0.8977777777778241,403,200,1.4456609937159847e-06,0.6498211610505608,1.9434750000032494e-10
3233,0.8980555555556019,402,201,1.4455336048643765e-06,0.6497850598749468,1.945350000003252e-10
3234,0.8983333333333797,402,201,1.4454006787210638e-06,0.6497489607049538,1.9472250000032554e-10
3235,0.8986111111111575,402,201,1.4452644757348931e-06,0.6497128635404702,1.9490750000032586e-10
3236,0.8988888888889354,402,201,1.4451282741325973e-06,0.6496767683813847,1.9509250000032613e-10
3237,0.8991666666667132,402,201,1.4449905843123591e-06,0.6496406752275856,1.9527500000032646e-10
3238,0.899444444444491,402,201,1.4448563324634637e-06,0.6496045840789619,1.9546000000032673e-10
3239,0.8997222222222688,401,202,1.444731829786975e-06,0.649568494935402,1.9564750000032702e-10
3240,0.9000000000000467,400,203,1.4446035148159745e-06,0.6495324077967946,1.9583500000032733e-10
3241,0.9002777777778245,401,203,1.4444720437917427e-06,0.649496322663028,1.9602250000032762e-10
3242,0.9005555555556023,401,203,1.444341634463765e-06,0.6494602395339913,1.962100000003279e-10
3243,0.9008333333333801,401,203,1.4442120045749937e-06,0.6494241584095727,1.9640000000032825e-10
3244,0.9011111111111579,400,204,1.444079781001798e-06,0.649388079289661,1.9659000000032854e-10
3245,0.9013888888889358,400,204,1.443947177204058e-06,0.6493520021741449,1.9678000000032882e-10
3246,0.9016666666667136,401,204,1.4438191123707217e-06,0.6493159270629131,1.9697250000032915e-10
3247,0.9019444444444914,400,205,1.4436946413606414e-06,0.6492798539558541,1.971650000003294e-10
3248,0.9022222222222692,400,205,1.4435690135909416e-06,0.6492437828528564,1.9735750000032974e-10
3249,0.902500000000047,400,205,1.4434378788800581e-06,0.6492077137538091,1.9755000000033005e-10
3250,0.9027777777778249,400,205,1.443313777043927e-06,0.6622083170312608,1.9774000000033034e-10
3251,0.9030555555556027,400,204,1.443184065917865e-06,0.6621715276803146,1.9793000000033062e-10
3252,0.9033333333333805,400,204,1.443054348745694e-06,0.6621347403732214,1.9812000000033096e-10
3253,0.9036111111111583,401,204,1.4429248614850584e-06,0.6620979551098674,1.9830750000033125e-10
3254,0.9038888888889361,401,204,1.4427960566479633e-06,0.662061171890139,1.9849500000033157e-10
3255,0.904166666666714,401,204,1.4426684931188084e-06,0.6620243907139229,1.9868250000033186e-10
3256,0.9044444444444918,403,204,1.442545603073079e-06,0.6619876115811055,1.9886750000033218e-10
3257,0.9047222222222696,403,204,1.4424182780726307e-06,0.6619508344915733,1.9905250000033244e-10
3258,0.9050000000000474,403,204,1.4422906172710157e-06,0.6619140594452126,1.9924000000033279e-10
3259,0.9052777777778253,402,205,1.4421672697581208e-06,0.6618772864419102,1.994275000003331e-10
3260,0.9055555555556031,402,205,1.4420402403910317e-06,0.6618405154815524,1.996150000003334e-10
3261,0.9058333333333809,402,205,1.4419145154077296e-06,0.6618037465640255,1.998025000003337e-10
3262,0.9061111111111587,402,205,1.4417901161846475e-06,0.6617669796892165,1.99990000000334e-10
3263,0.9063888888889365,402,205,1.4416602531538847e-06,0.6617302148570117,2.0017750000033432e-10
3264,0.9066666666667144,402,205,1.441529119385002e-06,0.6729972254525113,2.003625000003346e-10
3265,0.9069444444444922,402,204,1.4414002146784342e-06,0.6729598367177638,2.0055000000033493e-10
3266,0.90722222222227,401,205,1.441268782497846e-06,0.6729224500601685,2.0073750000033522e-10
3267,0.9075000000000478,401,205,1.4411465112705308e-06,0.6728850654796096,2.009250000003355e-10
3268,0.9077777777778256,401,205,1.4410258953809866e-06,0.6728476829759719,2.0111250000033587e-10
3269,0.9080555555556035,402,205,1.4409046889174857e-06,0.6728103025491399,2.0130000000033614e-10
3270,0.9083333333333813,402,205,1.4407844713127414e-06,0.6727729241989983,2.0148750000033643e-10
3271,0.9086111111111591,402,205,1.4406585259806988e-06,0.6727355479254317,2.0167500000033677e-10
3272,0.9088888888889369,403,205,1.4405379770949484e-06,0.6726981737283246,2.0186250000033703e-10
3273,0.9091666666667148,404,205,1.4404112214134257e-06,0.6726608016075621,2.0205000000033738e-10
3274,0.9094444444444926,404,205,1.4402886205688815e-06,0.6726234315630283,2.0224000000033771e-10
3275,0.9097222222222704,403,206,1.4401652793042853e-06,0.6725860635946082,2.02430000000338e-10
3276,0.9100000000000482,403,207,1.4400394291336192e-06,0.6725486977021864,2.026200000003383e-10
3277,0.910277777777826,403,207,1.4399126191685622e-06,0.6848092392600208,2.0281000000033862e-10
3278,0.9105555555556039,404,206,1.439780676993006e-06,0.684771194302284,2.0299750000033894e-10
3279,0.9108333333333817,404,206,1.439651145729526e-06,0.6847331514581562,2.0318500000033925e-10
3280,0.9111111111111595,404,206,1.4395260635964998e-06,0.6846951107275195,2.0337000000033955e-10
3281,0.9113888888889373,404,206,1.4393920301620874e-06,0.6846570721102571,2.0355500000033987e-10
3282,0.9116666666667151,404,206,1.4392645017922903e-06,0.7108035936710272,2.037400000003402e-10
3283,0.911944444444493,404,204,1.4391316253705203e-06,0.71076410458249,2.0392750000034048e-10
3284,0.9122222222222708,403,205,1.4390005645475518e-06,0.7107246176877909,2.041125000003408e-10
3285,0.9125000000000486,403,205,1.4388718577650905e-06,0.7106851329868085,2.0429750000034107e-10
3286,0.9127777777778264,403,205,1.4387419002798254e-06,0.7106456504794202,2.0448250000034144e-10
3287,0.9130555555556042,403,205,1.438614494457841e-06,0.7106061701655045,2.0467250000034173e-10
3288,0.9133333333333821,401,207,1.438485247093874e-06,0.71056669204494,2.0486250000034206e-10
3289,0.9136111111111599,401,207,1.4383584541623448e-06,0.7105272161176042,2.0505250000034238e-10
3290,0.9138888888889377,402,207,1.4382288981084628e-06,0.7104877423833754,2.052425000003427e-10
3291,0.9141666666667155,402,207,1.4381004885663666e-06,0.7104482708421319,2.05430000000343e-10
3292,0.9144444444444934,402,207,1.4379732768974071e-06,0.7104088014937519,2.056175000003433e-10
3293,0.9147222222222712,402,207,1.437842638987003e-06,0.721408022399309,2.058050000003436e-10
3294,0.915000000000049,402,206,1.437712578500653e-06,0.7213679441758425,2.0599250000034395e-10
3295,0.9152777777778268,402,206,1.437589882361374e-06,0.7213278681789439,2.0618000000034427e-10
3296,0.9155555555556046,401,207,1.437460526193772e-06,0.7212877944084893,2.0637000000034455e-10
3297,0.9158333333333825,400,208,1.437332734235246e-06,0.7212477228643557,2.065600000003449e-10
3298,0.9161111111111603,400,208,1.4372038515331641e-06,0.7212076535464189,2.0675000000034518e-10
3299,0.9163888888889381,400,208,1.4370804153812978e-06,0.7325865044787618,2.0694000000034551e-10
3300,0.9166666666667159,400,207,1.4369502531834913e-06,0.7325458052285129,2.0713000000034585e-10
3301,0.9169444444444937,400,207,1.4368228767509042e-06,0.7325051082393337,2.0732000000034614e-10
3302,0.9172222222222716,400,207,1.436691781206903e-06,0.732464413511098,2.0751000000034647e-10
3303,0.9175000000000494,401,207,1.4365645881218453e-06,0.7324237210436808,2.076975000003468e-10
3304,0.9177777777778272,401,207,1.4364414796534664e-06,0.7323830308369563,2.0788750000034708e-10
3305,0.918055555555605,400,208,1.4363128083958147e-06,0.7323423428907987,2.0807750000034741e-10
3306,0.9183333333333829,400,208,1.4361854476984398e-06,0.7323016572050824,2.0826750000034775e-10
3307,0.9186111111111607,400,208,1.4360594012991088e-06,0.7322609737796822,2.0846000000034803e-10
3308,0.9188888888889385,399,209,1.4359336385601883e-06,0.7322202926144722,2.0865500000034834e-10
3309,0.9191666666667163,398,210,1.435812411137862e-06,0.732179613709327,2.088500000003487e-10
3310,0.9194444444444941,398,210,1.4356945736875182e-06,0.732138937064121,2.0904500000034902e-10
3311,0.919722222222272,399,210,1.4355732091751988e-06,0.7320982626787285,2.0924000000034932e-10
3312,0.9200000000000498,399,210,1.435445881282857e-06,0.7320575905530241,2.0943500000034962e-10
3313,0.9202777777778276,399,210,1.4353205996477923e-06,0.7320169206868824,2.0963000000034998e-10
3314,0.9205555555556054,399,210,1.4351960541958007e-06,0.7319762530801777,2.098250000003503e-10
3315,0.9208333333333832,399,210,1.4350694539496225e-06,0.7319355877327843,2.100200000003506e-10
3316,0.9211111111111611,399,210,1.4349421471962399e-06,0.731894924644577,2.1021250000035092e-10
3317,0.9213888888889389,400,210,1.4348173149549601e-06,0.7318542638154301,2.1040500000035125e-10
3318,0.9216666666667167,400,210,1.4346939235667996e-06,0.7318136052452181,2.1059750000035158e-10
3319,0.9219444444444945,400,210,1.434568802708134e-06,0.7317729489338156,2.1079000000035187e-10
3320,0.9222222222222723,400,210,1.4344390060976811e-06,0.7317322948810971,2.1098250000035225e-10
3321,0.9225000000000502,400,210,1.434311529566884e-06,0.7316916430869371,2.1117500000035256e-10
3322,0.922777777777828,400,210,1.4341872698262987e-06,0.73165099355121,2.1136750000035284e-10
3323,0.9230555555556058,400,210,1.4340578784521767e-06,0.7428611543645868,2.1156000000035317e-10
3324,0.9233333333333836,400,209,1.43392994165835e-06,0.7428198843004555,2.1175250000035353e-10
3325,0.9236111111111615,400,209,1.4338037064165243e-06,0.7427786165291054,2.1194500000035386e-10
3326,0.9238888888889393,399,210,1.4336846115615736e-06,0.7427373510504093,2.1213750000035414e-10
3327,0.9241666666667171,399,210,1.4335571816740954e-06,0.7426960878642399,2.1233250000035445e-10
3328,0.9244444444444949,398,211,1.4334348148471558e-06,0.7426548269704698,2.125275000003548e-10
3329,0.9247222222222727,398,211,1.433312297875879e-06,0.7426135683689715,2.1272500000035515e-10
3330,0.9250000000000506,397,212,1.4331888629801759e-06,0.7425723120596176,2.129225000003555e-10
3331,0.9252777777778284,397,212,1.4330635521923354e-06,0.7425310580422811,2.1311500000035578e-10
3332,0.9255555555556062,397,212,1.4329418820286655e-06,0.7424898063168344,2.133075000003561e-10
3333,0.925833333333384,398,212,1.4328134408990386e-06,0.7424485568831499,2.1350000000035642e-10
3334,0.9261111111111618,398,212,1.4326865121253493e-06,0.7424073097411011,2.1369250000035676e-10
3335,0.9263888888889397,398,212,1.4325727257725852e-06,0.7423660648905599,2.138875000003571e-10
3336,0.9266666666667175,397,213,1.4324480449849446e-06,0.7423248223313993,2.140825000003574e-10
3337,0.9269444444444953,398,213,1.4323243477618025e-06,0.7422835820634921,2.1427750000035774e-10
3338,0.9272222222222731,397,214,1.4321993832281877e-06,0.7422423440867107,2.1447250000035805e-10
3339,0.927500000000051,397,214,1.4320779128350552e-06,0.7422011084009282,2.1466500000035838e-10
3340,0.9277777777778288,397,214,1.431959763424933e-06,0.7421598750060171,2.1486250000035868e-10
3341,0.9280555555556066,395,216,1.4318373141445737e-06,0.7421186439018501,2.1506000000035903e-10
3342,0.9283333333333844,395,216,1.4317169185323532e-06,0.7420774150882999,2.1525750000035938e-10
3343,0.9286111111111622,395,216,1.4315957077406826e-06,0.7539451840493093,2.154550000003597e-10
3344,0.9288888888889401,395,215,1.4314726145076823e-06,0.7539032982057511,2.1565250000036005e-10
3345,0.9291666666667179,395,215,1.4313526941357841e-06,0.753861414689184,2.1585000000036038e-10
3346,0.9294444444444957,395,215,1.4312289391003088e-06,0.7643465547144876,2.1604500000036068e-10
3347,0.9297222222222735,395,214,1.4311073057621633e-06,0.7643040910170036,2.1624000000036103e-10
3348,0.9300000000000513,396,214,1.4309902601849774e-06,0.7642616296786138,2.1643500000036134e-10
3349,0.9302777777778292,396,214,1.4308712003020175e-06,0.7642191706991872,2.1663000000036172e-10
3350,0.930555555555607,396,214,1.4307470545143918e-06,0.7641767140785929,2.1682500000036202e-10
3351,0.9308333333333848,396,214,1.4306288048192829e-06,0.7641342598166996,2.1702000000036235e-10
3352,0.9311111111111626,396,214,1.4305030995123463e-06,0.7640918079133764,2.172150000003627e-10
3353,0.9313888888889404,396,214,1.43037843668714e-06,0.7640493583684924,2.17407500000363e-10
3354,0.9316666666667183,396,214,1.430255239721258e-06,0.7640069111819164,2.1759750000036332e-10
3355,0.9319444444444961,397,214,1.4301266555998453e-06,0.7639644663535174,2.177875000003637e-10
3356,0.9322222222222739,398,214,1.429997030563623e-06,0.7639220238831645,2.1797750000036405e-10
3357,0.9325000000000517,398,214,1.4298733496461765e-06,0.7638795837707265,2.1816750000036436e-10
3358,0.9327777777778296,398,214,1.4297493741175197e-06,0.7638371460160726,2.1836000000036467e-10
3359,0.9330555555556074,397,215,1.429627077286769e-06,0.7637947106190718,2.1855250000036505e-10
3360,0.9333333333333852,397,215,1.4294989778397872e-06,0.763752277579593,2.1874750000036538e-10
3361,0.933611111111163,396,216,1.4293796892608094e-06,0.7637098468975052,2.189475000003657e-10
3362,0.9338888888889408,394,218,1.4292560355924628e-06,0.7768238704533185,2.1914750000036602e-10
3363,0.9341666666667187,394,217,1.4291337378552819e-06,0.7767807135716267,2.1934500000036637e-10
3364,0.9344444444444965,394,217,1.4290110967116195e-06,0.7767375590875393,2.1954500000036672e-10
3365,0.9347222222222743,393,218,1.4288877020654543e-06,0.7766944070009234,2.19745000000367e-10
3366,0.9350000000000521,393,218,1.428776742330241e-06,0.7766512573116456,2.1994500000036738e-10
3367,0.9352777777778299,393,218,1.4286562450924115e-06,0.7766081100195726,2.2014500000036767e-10
3368,0.9355555555556078,393,218,1.42853398557783e-06,0.7765649651245717,2.2034250000036802e-10
3369,0.9358333333333856,393,218,1.4284099621555573e-06,0.7765218226265093,2.205425000003684e-10
3370,0.9361111111111634,392,219,1.4282885685641466e-06,0.7764786825252521,2.207425000003687e-10
3371,0.9363888888889412,393,219,1.4281688349430593e-06,0.7764355448206677,2.2094250000036906e-10
3372,0.936666666666719,395,219,1.4280450631697933e-06,0.7763924095126219,2.211425000003694e-10
3373,0.9369444444444969,396,219,1.4279212371465886e-06,0.7763492766009824,2.2134250000036973e-10
3374,0.9372222222222747,396,219,1.4278000924648805e-06,0.7763061460856157,2.2154250000037007e-10
3375,0.9375000000000525,396,219,1.4276763189920911e-06,0.7762630179663887,2.2174250000037042e-10
3376,0.9377777777778303,396,219,1.4275565714023606e-06,0.7762198922431685,2.2194250000037074e-10
3377,0.9380555555556082,396,219,1.4274358283277253e-06,0.7761767689158215,2.2214250000037106e-10
3378,0.938333333333386,396,219,1.427313886106853e-06,0.7761336479842151,2.223425000003714e-10
3379,0.9386111111111638,396,219,1.4271894021291877e-06,0.7760905294482161,2.2254250000037175e-10
3380,0.9388888888889416,398,219,1.4270673154849818e-06,0.7760474133076911,2.2274250000037207e-10
3381,0.9391666666667194,398,219,1.4269438477272377e-06,0.7760042995625075,2.2294250000037242e-10
3382,0.9394444444444973,398,219,1.4268223783037624e-06,0.7759611882125319,2.2314250000037279e-10
3383,0.9397222222222751,398,219,1.4267025510614536e-06,0.7759180792576311,2.2334250000037308e-10
3384,0.9400000000000529,398,219,1.4265788290067055e-06,0.7758749726976724,2.2354500000037345e-10
3385,0.9402777777778307,397,220,1.4264485366554554e-06,0.7758318685325225,2.237450000003738e-10
3386,0.9405555555556085,397,220,1.4263201537208269e-06,0.7757887667620486,2.2394500000037417e-10
3387,0.9408333333333864,397,220,1.426195912762009e-06,0.7757456673861175,2.2414500000037446e-10
3388,0.9411111111111642,396,221,1.4260767727534117e-06,0.7757025704045959,2.2434750000037483e-10
3389,0.941388888888942,395,222,1.4259538915613973e-06,0.7756594758173513,2.245500000003752e-10
3390,0.9416666666667198,395,222,1.4258394981626334e-06,0.7756163836242503,2.247500000003755e-10
3391,0.9419444444444977,395,222,1.4257206602167578e-06,0.7896238960324584,2.2495000000037586e-10
3392,0.9422222222222755,396,221,1.425595528918563e-06,0.7895800280382345,2.251500000003762e-10
3393,0.9425000000000533,396,221,1.4254794663463984e-06,0.7895361624811211,2.2535000000037655e-10
3394,0.9427777777778311,396,221,1.4253601892349932e-06,0.7894922993609833,2.2555000000037692e-10
3395,0.9430555555556089,396,221,1.4252375803874726e-06,0.7894484386776855,2.2574750000037722e-10
3396,0.9433333333333868,397,221,1.4251215438954356e-06,0.7894045804310925,2.2594500000037762e-10
3397,0.9436111111111646,397,221,1.4250006126347055e-06,0.7893607246210685,2.2614250000037792e-10
3398,0.9438888888889424,397,221,1.424881620540906e-06,0.7893168712474784,2.2634250000037827e-10
3399,0.9441666666667202,396,222,1.424766842676604e-06,0.789273020310187,2.2654500000037863e-10
3400,0.944444444444498,395,223,1.4246497173242511e-06,0.8036956463576155,2.2674750000037895e-10
3401,0.9447222222222759,395,222,1.42453597343768e-06,0.8162972577506191,2.2695000000037932e-10
3402,0.9450000000000537,395,221,1.4244131037628572e-06,0.8162519079029664,2.271500000003796e-10
3403,0.9452777777778315,395,221,1.4242894560079472e-06,0.8162065605747496,2.2735000000038e-10
3404,0.9455555555556093,395,221,1.4241686849045592e-06,0.8161612157658288,2.2755000000038033e-10
3405,0.9458333333333871,395,221,1.4240516014777538e-06,0.816115873476064,2.2774750000038068e-10
3406,0.946111111111165,395,221,1.4239264327359664e-06,0.8160705337053155,2.2794500000038103e-10
3407,0.9463888888889428,395,221,1.4238055422743392e-06,0.816025196453443,2.2814250000038138e-10
3408,0.9466666666667206,395,221,1.4236810321704934e-06,0.8159798617203066,2.2834000000038173e-10
3409,0.9469444444444984,397,221,1.4235540516464294e-06,0.8159345295057667,2.2853750000038208e-10
3410,0.9472222222222763,397,221,1.423433869450709e-06,0.8158891998096831,2.2873500000038245e-10
3411,0.9475000000000541,397,221,1.423319917877839e-06,0.8158438726319159,2.2893250000038275e-10
3412,0.9477777777778319,397,221,1.4232000463999994e-06,0.8157985479723253,2.2913250000038312e-10
3413,0.9480555555556097,396,222,1.423087533138507e-06,0.8157532258307714,2.2933000000038347e-10
3414,0.9483333333333875,395,223,1.4229633631874354e-06,0.8157079062071141,2.2952750000038385e-10
3415,0.9486111111111654,395,223,1.422842676308356e-06,0.8156625891012137,2.2972500000038417e-10
3416,0.9488888888889432,395,223,1.4227201306293452e-06,0.8156172745129303,2.2992250000038455e-10
3417,0.949166666666721,395,223,1.4225995740201893e-06,0.815571962442124,2.301200000003849e-10
3418,0.9494444444444988,395,223,1.4224792837618984e-06,0.8155266528886552,2.3032000000038525e-10
3419,0.9497222222222766,394,224,1.4223575940680892e-06,0.8274109658046594,2.3052000000038562e-10
3420,0.9500000000000545,394,223,1.422235330961117e-06,0.839168487199622,2.307200000003859e-10
3421,0.9502777777778323,394,222,1.4221172038287886e-06,0.8391218667281112,2.309200000003863e-10
3422,0.9505555555556101,394,222,1.4219928435666819e-06,0.839075248846626,2.3112000000038663e-10
3423,0.9508333333333879,394,222,1.4218696053532886e-06,0.8390286335550236,2.3132000000038697e-10
3424,0.9511111111111658,394,222,1.4217446437982321e-06,0.8389820208531593,2.3152000000038737e-10
3425,0.9513888888889436,394,222,1.4216297930239048e-06,0.8389354107408897,2.3172250000038774e-10
3426,0.9516666666667214,392,224,1.4215109511789417e-06,0.8388888032180708,2.3192250000038808e-10
3427,0.9519444444444992,392,224,1.4213895514918214e-06,0.838842198284559,2.321250000003884e-10
3428,0.952222222222277,391,225,1.421269443254934e-06,0.8387955959402098,2.3232750000038877e-10
3429,0.9525000000000549,391,225,1.42115593981549e-06,0.8387489961848796,2.3253000000038916e-10
3430,0.9527777777778327,391,225,1.421041925420448e-06,0.8387023990184252,2.3273250000038953e-10
3431,0.9530555555556105,391,225,1.420924828936925e-06,0.8386558044407019,2.329350000003899e-10
3432,0.9533333333333883,391,225,1.420806602261018e-06,0.8386092124515663,2.3313750000039024e-10
3433,0.9536111111111661,390,226,1.420689542556184e-06,0.8491680001949322,2.333375000003906e-10
3434,0.953888888888944,390,225,1.4205694074355396e-06,0.8491208241949216,2.33537500000391e-10
3435,0.9541666666667218,390,225,1.4204496089428154e-06,0.8490736508157996,2.337375000003913e-10
3436,0.9544444444444996,390,225,1.4203327744655129e-06,0.849026480057421,2.339350000003916e-10
3437,0.9547222222222774,391,225,1.4202145144725248e-06,0.8489793119196402,2.3413500000039197e-10
3438,0.9550000000000552,391,226,1.420095159553247e-06,0.8638858283625157,2.3433500000039234e-10
3439,0.9552777777778331,391,225,1.4199775095954908e-06,0.8638378347053846,2.345325000003927e-10
3440,0.9555555555556109,391,225,1.4198601338865094e-06,0.8637898437145676,2.347275000003931e-10
3441,0.9558333333333887,391,225,1.419745036301597e-06,0.8637418553899168,2.349200000003935e-10
3442,0.9561111111111665,391,225,1.4196297586673443e-06,0.8636938697312843,2.3511250000039384e-10
3443,0.9563888888889444,390,226,1.4195175824187036e-06,0.8636458867385214,2.353050000003942e-10
3444,0.9566666666667222,392,226,1.4193956737373468e-06,0.8635979064114803,2.3549750000039456e-10
3445,0.9569444444445,392,226,1.419284649121137e-06,0.863549928750013,2.3569000000039486e-10
3446,0.9572222222222778,392,226,1.4191725730434452e-06,0.8635019537539714,2.358825000003952e-10
3447,0.9575000000000556,392,226,1.4190587143241236e-06,0.8634539814232074,2.360750000003956e-10
3448,0.9577777777778335,392,226,1.4189457800083637e-06,0.8634060117575727,2.3626750000039594e-10
3449,0.9580555555556113,392,226,1.4188311233946964e-06,0.8633580447569195,2.3646000000039635e-10
3450,0.9583333333333891,393,226,1.418717161675635e-06,0.8633100804210999,2.3665250000039666e-10
3451,0.9586111111111669,393,226,1.4186063541049402e-06,0.8632621187499654,2.368450000003971e-10
3452,0.9588888888889447,393,226,1.418488912747146e-06,0.8632141597433681,2.3703750000039743e-10
3453,0.9591666666667226,393,226,1.4183782732607185e-06,0.86316620340116,2.3722500000039774e-10
3454,0.9594444444445004,393,226,1.4182671552315534e-06,0.8772979494896467,2.3741000000039814e-10
3455,0.9597222222222782,394,225,1.4181548730771318e-06,0.8772492107146749,2.375950000003985e-10
3456,0.960000000000056,394,225,1.41804278576997e-06,0.8772004746474129,2.3778000000039884e-10
3457,0.9602777777778339,394,225,1.4179262540362504e-06,0.8771517412877103,2.379675000003992e-10
3458,0.9605555555556117,393,226,1.4178099313395132e-06,0.8771030106354166,2.3815500000039957e-10
3459,0.9608333333333895,393,226,1.417695586470927e-06,0.889594703524119,2.3834500000039996e-10
3460,0.9611111111111673,392,226,1.4175858323087844e-06,0.8895452815961454,2.385325000004003e-10
3461,0.9613888888889451,392,226,1.4174704224142267e-06,0.8894958624138346,2.3872000000040064e-10
3462,0.961666666666723,393,226,1.417354236484904e-06,0.8894464459770339,2.38907500000401e-10
3463,0.9619444444445008,392,227,1.4172382945797112e-06,0.8893970322855909,2.390950000004014e-10
3464,0.9622222222222786,392,227,1.4171271779429784e-06,0.8893476213393527,2.392825000004018e-10
3465,0.9625000000000564,392,227,1.4170105415952344e-06,0.8892982131381671,2.394725000004022e-10
3466,0.9627777777778342,391,228,1.4168921375206753e-06,0.8892488076818817,2.3966250000040247e-10
3467,0.9630555555556121,391,228,1.4167750712593626e-06,0.889199404970344,2.3985250000040286e-10
3468,0.9633333333333899,391,228,1.4166632201697648e-06,0.889150005003401,2.400400000004033e-10
3469,0.9636111111111677,391,228,1.4165449139698664e-06,0.8891006077809012,2.4022750000040365e-10
3470,0.9638888888889455,391,228,1.4164322229549658e-06,0.889051213302691,2.4041500000040397e-10
3471,0.9641666666667233,390,229,1.4163128831375591e-06,0.8890018215686185,2.4060250000040433e-10
3472,0.9644444444445012,391,229,1.41619776587028e-06,0.8889524325785316,2.407850000004047e-10
3473,0.964722222222279,391,229,1.416080439627581e-06,0.8889030463322773,2.409675000004051e-10
3474,0.9650000000000568,391,229,1.4159676930521242e-06,0.8888536628297034,2.4115000000040546e-10
3475,0.9652777777778346,390,230,1.415849038407959e-06,0.8888042820706572,2.413350000004058e-10
3476,0.9655555555556125,389,231,1.4157242139334402e-06,0.8887549040549866,2.415200000004062e-10
3477,0.9658333333333903,389,231,1.4156051846892563e-06,0.8887055287825392,2.417075000004065e-10
3478,0.9661111111111681,388,232,1.4154864278708926e-06,0.8886561562531624,2.418950000004069e-10
3479,0.9663888888889459,388,232,1.4153684473998765e-06,0.8886067864667039,2.4208250000040726e-10
3480,0.9666666666667237,388,232,1.4152561963822572e-06,0.8885574194230114,2.422700000004077e-10
3481,0.9669444444445016,388,232,1.4151386818363017e-06,0.8885080551219324,2.42457500000408e-10
3482,0.9672222222222794,388,232,1.4150206952662904e-06,0.8884586935633144,2.426475000004084e-10
3483,0.9675000000000572,387,233,1.4149069922720955e-06,0.9106070618831195,2.428375000004087e-10
3484,0.967777777777835,387,231,1.4147945386337415e-06,0.9105564726019038,2.4302750000040916e-10
3485,0.9680555555556128,387,231,1.4146824594817038e-06,0.9105058861312038,2.4321750000040945e-10
3486,0.9683333333333907,387,231,1.4145732194677737e-06,0.9104553024708631,2.434100000004099e-10
3487,0.9686111111111685,386,232,1.4144585086615992e-06,0.9104047216207258,2.4360250000041027e-10
3488,0.9688888888889463,385,233,1.4143479101547465e-06,0.9103541435806359,2.4379500000041063e-10
3489,0.9691666666667241,385,233,1.4142332542648336e-06,0.9103035683504369,2.43990000000411e-10
3490,0.969444444444502,384,234,1.414128009775699e-06,0.9102529959299731,2.4418500000041134e-10
3491,0.9697222222222798,384,234,1.4140203456719844e-06,0.9102024263190881,2.4438000000041177e-10
3492,0.9700000000000576,384,234,1.4139138080432553e-06,0.910151859517626,2.445750000004121e-10
3493,0.9702777777778354,384,234,1.413807441706006e-06,0.9101012955254306,2.447700000004125e-10
3494,0.9705555555556132,384,234,1.4137004114653595e-06,0.9100507343423458,2.4496500000041286e-10
3495,0.9708333333333911,386,234,1.4135877341861887e-06,0.9100001759682156,2.4516000000041324e-10
3496,0.9711111111111689,386,234,1.4134758100547148e-06,0.9099496204028841,2.4535500000041367e-10
3497,0.9713888888889467,386,234,1.4133698915030739e-06,0.9098990676461952,2.45552500000414e-10
3498,0.9716666666667245,385,235,1.4132633040758562e-06,0.9098485176979926,2.4575000000041437e-10
3499,0.9719444444445023,385,235,1.4131536521105358e-06,0.9097979705581207,2.459475000004147e-10
3500,0.9722222222222802,385,235,1.4130400621353308e-06,0.9097474262264228,2.461450000004151e-10
3501,0.972500000000058,385,235,1.412931277896654e-06,0.9096968847027436,2.4634250000041547e-10
3502,0.9727777777778358,385,235,1.4128256349114126e-06,0.9096463459869271,2.4654000000041587e-10
3503,0.9730555555556136,385,235,1.4127168785789964e-06,0.9095958100788166,2.4674000000041625e-10
3504,0.9733333333333914,384,236,1.412602489535418e-06,0.9095452769782565,2.469400000004166e-10
3505,0.9736111111111693,384,236,1.412493810486451e-06,0.9094947466850913,2.47140000000417e-10
3506,0.9738888888889471,384,236,1.4123908804421967e-06,0.9094442191991642,2.4734000000041736e-10
3507,0.9741666666667249,384,236,1.4122778538842897e-06,0.9093936945203199,2.475400000004178e-10
3508,0.9744444444445027,384,236,1.4121664235499347e-06,0.9093431726484023,2.4774000000041805e-10
3509,0.9747222222222806,384,236,1.4120537249249262e-06,0.9092926535832552,2.4794000000041853e-10
3510,0.9750000000000584,384,236,1.4119463331536226e-06,0.9092421373247229,2.4813750000041893e-10
3511,0.9752777777778362,384,236,1.4118355087091138e-06,0.9208443618465048,2.4833500000041923e-10
3512,0.975555555555614,384,235,1.4117239326339802e-06,0.9207932038264022,2.485325000004197e-10
3513,0.9758333333333918,384,235,1.4116141449279979e-06,0.9207420486484119,2.4873000000042003e-10
3514,0.9761111111111697,384,235,1.4115091966871782e-06,0.920690896312376,2.489300000004204e-10
3515,0.9763888888889475,383,236,1.411398361756325e-06,0.9206397468181363,2.4912750000042075e-10
3516,0.9766666666667253,383,236,1.411290091413039e-06,0.9205886001655356,2.493250000004212e-10
3517,0.9769444444445031,384,236,1.411178313641788e-06,0.920537456354415,2.4952250000042156e-10
3518,0.977222222222281,384,236,1.4110658852482043e-06,0.9204863153846178,2.4972000000042196e-10
3519,0.9775000000000588,384,236,1.4109574985636101e-06,0.9204351772559852,2.499175000004223e-10
3520,0.9777777777778366,384,236,1.4108502587073459e-06,0.92038404196836,2.501150000004227e-10
3521,0.9780555555556144,384,236,1.410737850988036e-06,0.9203329095215839,2.5031250000042306e-10
3522,0.9783333333333922,384,236,1.4106331842949862e-06,0.9202817799154993,2.5051000000042346e-10
3523,0.97861111111117,384,236,1.4105209621446503e-06,0.9202306531499486,2.5070750000042386e-10
3524,0.9788888888889479,384,236,1.4104123348003254e-06,0.9201795292247736,2.5090750000042423e-10
3525,0.9791666666667257,383,237,1.4103064762985093e-06,0.9201284081398168,2.511050000004246e-10
3526,0.9794444444445035,383,237,1.4101987794794477e-06,0.9200772898949201,2.51302500000425e-10
3527,0.9797222222222813,383,237,1.410094005875143e-06,0.9200261744899261,2.515025000004254e-10
3528,0.9800000000000592,382,238,1.4099868495693665e-06,0.9199750619246766,2.516975000004258e-10
3529,0.980277777777837,382,238,1.4098763323432471e-06,0.9199239521990141,2.5189250000042617e-10
3530,0.9805555555556148,382,238,1.4097703166765122e-06,0.9198728453127807,2.520875000004266e-10
3531,0.9808333333333926,382,238,1.4096641383498777e-06,0.9198217412658192,2.52282500000427e-10
3532,0.9811111111111704,382,238,1.409552376071892e-06,0.9197706400579709,2.524775000004273e-10
3533,0.9813888888889483,383,238,1.409442123004182e-06,0.9197195416890791,2.526700000004277e-10
3534,0.9816666666667261,383,238,1.4093301262315373e-06,0.9196684461589851,2.5286000000042806e-10
3535,0.9819444444445039,383,238,1.409219874765189e-06,0.9196173534675317,2.530500000004285e-10
3536,0.9822222222222817,383,238,1.4091114122895998e-06,0.9195662636145615,2.5324250000042886e-10
3537,0.9825000000000595,382,239,1.4090033809358068e-06,0.9195151765999164,2.5343500000042927e-10
3538,0.9827777777778374,382,239,1.4088966285076984e-06,0.9194640924234385,2.5362500000042966e-10
3539,0.9830555555556152,382,239,1.4087875112261096e-06,0.9194130110849706,2.538150000004301e-10
3540,0.983333333333393,382,239,1.4086842003457451e-06,0.9193619325843548,2.540100000004305e-10
3541,0.9836111111111708,380,241,1.4085849701442326e-06,0.9193108569214336,2.5420750000043083e-10
3542,0.9838888888889487,379,242,1.4084823156517733e-06,0.9192597840960489,2.544050000004312e-10
3543,0.9841666666667265,379,242,1.4083817306326452e-06,0.9192087141080437,2.546050000004316e-10
3544,0.9844444444445043,378,243,1.408279084831372e-06,0.9191576469572599,2.54805000000432e-10
3545,0.9847222222222821,378,243,1.4081764617445432e-06,0.9191065826435401,2.550050000004324e-10
3546,0.9850000000000599,378,243,1.4080828706800614e-06,0.9190555211667268,2.552100000004328e-10
3547,0.9852777777778378,377,245,1.4079816099177051e-06,0.9190044625266619,2.554150000004332e-10
3548,0.9855555555556156,377,245,1.4078773232120262e-06,0.9189534067231881,2.5562000000043354e-10
3549,0.9858333333333934,377,245,1.4077832882894608e-06,0.9189023537561477,2.5582500000043395e-10
3550,0.9861111111111712,377,245,1.4076821773657555e-06,0.9188513036253837,2.5603000000043437e-10
3551,0.986388888888949,377,245,1.4075813617202017e-06,0.9188002563307378,2.5623500000043473e-10
3552,0.9866666666667269,377,245,1.4074744407350254e-06,0.9187492118720529,2.564375000004351e-10
3553,0.9869444444445047,377,245,1.4073690203117908e-06,0.9186981702491713,2.5663750000043544e-10
3554,0.9872222222222825,377,245,1.4072655120253787e-06,0.9186471314619352,2.568400000004359e-10
3555,0.9875000000000603,376,246,1.4071643864568144e-06,0.9185960955101871,2.570400000004363e-10
3556,0.9877777777778382,376,246,1.4070568312592152e-06,0.9185450623937702,2.5723750000043666e-10
3557,0.988055555555616,376,246,1.4069559447803601e-06,0.9184940321125261,2.57440000000437e-10
3558,0.9883333333333938,374,248,1.4068607035101896e-06,0.9184430046662976,2.5764250000043745e-10
3559,0.9886111111111716,374,248,1.4067568117553246e-06,0.9183919800549273,2.5784500000043784e-10
3560,0.9888888888889494,374,248,1.406666067066539e-06,0.9316873943941762,2.5804750000043823e-10
3561,0.9891666666667273,374,247,1.406570384107133e-06,0.9316356339833768,2.582500000004387e-10
3562,0.9894444444445051,375,247,1.4064753753545707e-06,0.9315838764481554,2.5845250000043907e-10
3563,0.9897222222222829,375,247,1.4063763618295977e-06,0.9315321217883528,2.586550000004394e-10
3564,0.9900000000000607,376,247,1.406282874804651e-06,0.931480370003809,2.5885500000043983e-10
3565,0.9902777777778385,375,248,1.4061831125360352e-06,0.9314286210943643,2.590575000004402e-10
3566,0.9905555555556164,374,249,1.4060912640836903e-06,0.9313768750598592,2.5926000000044067e-10
3567,0.9908333333333942,374,249,1.4059913355161041e-06,0.9313251319001336,2.5946250000044096e-10
3568,0.991111111111172,374,249,1.4058890007272236e-06,0.9312733916150279,2.596650000004414e-10
3569,0.9913888888889498,374,249,1.4057899472572045e-06,0.9312216542043826,2.5986750000044185e-10
3570,0.9916666666667276,374,249,1.4056916212360399e-06,0.9311699196680382,2.6007000000044224e-10
3571,0.9919444444445055,374,249,1.4055916292523406e-06,0.9311181880058346,2.602725000004426e-10
3572,0.9922222222222833,374,249,1.4054921813531105e-06,0.9310664592176119,2.60475000000443e-10
3573,0.9925000000000611,375,249,1.405392819028716e-06,0.9310147333032109,2.6068000000044334e-10
3574,0.9927777777778389,374,250,1.405293501469016e-06,0.930963010262472,2.608850000004438e-10
3575,0.9930555555556168,375,250,1.4051942239577357e-06,0.9309112900952352,2.610900000004442e-10
3576,0.9933333333333946,375,250,1.4050976402991676e-06,0.930859572801341,2.6129250000044456e-10
3577,0.9936111111111724,375,250,1.4049973182131204e-06,0.9308078583806301,2.6149000000044496e-10
3578,0.9938888888889502,376,250,1.404898802043601e-06,0.9307561468329423,2.616875000004454e-10
3579,0.994166666666728,376,250,1.404798068626133e-06,0.9307044381581181,2.618850000004458e-10
3580,0.9944444444445059,377,250,1.4047018760590699e-06,0.9306527323559982,2.6208250000044617e-10
3581,0.9947222222222837,377,250,1.404601629492788e-06,0.930601029426423,2.6228000000044657e-10
3582,0.9950000000000615,377,250,1.4045021654464249e-06,0.9305493293692327,2.62472500000447e-10
3583,0.9952777777778393,377,250,1.4043960038184522e-06,0.9304976321842677,2.626650000004474e-10
3584,0.9955555555556171,377,250,1.4042899448597425e-06,0.9304459378713688,2.628550000004478e-10
3585,0.995833333333395,377,250,1.4041924267294359e-06,0.9303942464303756,2.630475000004482e-10
3586,0.9961111111111728,376,251,1.4040930041531227e-06,0.9303425578611297,2.6324000000044866e-10
3587,0.9963888888889506,376,251,1.4039908588851176e-06,0.9302908721634708,2.6343250000044896e-10
3588,0.9966666666667284,376,251,1.4038968940530117e-06,0.9302391893372395,2.6362500000044937e-10
3589,0.9969444444445063,375,252,1.4038010215214701e-06,0.9301875093822762,2.638175000004498e-10
3590,0.9972222222222841,375,252,1.4037020518934702e-06,0.9439795807694971,2.6400750000045017e-10
3591,0.9975000000000619,375,251,1.403603287744436e-06,0.9439271374594543,2.6419750000045056e-10
3592,0.9977777777778397,375,251,1.403501464161397e-06,0.943874697062929,2.64385000000451e-10
3593,0.9980555555556175,375,251,1.4034022532042622e-06,0.943822259579759,2.645725000004514e-10
3594,0.9983333333333954,375,251,1.4033071091701872e-06,0.9437698250097821,2.6476000000045177e-10
3595,0.9986111111111732,375,251,1.4032045703544513e-06,0.9437173933528371,2.649475000004522e-10
3596,0.998888888888951,375,251,1.4031039145580797e-06,0.9436649646087623,2.6513500000045256e-10
3597,0.9991666666667288,375,251,1.4030069070432543e-06,0.9436125387773947,2.65322500000453e-10
3598,0.9994444444445066,375,251,1.4029045049163128e-06,0.9435601158585741,2.655075000004534e-10
3599,0.9997222222222845,375,251,1.4028072577881943e-06,0.9435076958521375,2.6569250000045377e-10
3600,1.0000000000000622,374,252,1.4027049709558828e-06,0.9434552787579236,2.658775000004542e-10
